{
  "n_part": 50,
  "n_trials": 30,
  "LR_conf_group": 0.478839201852679,
  "LR_disconf_group": 0.0868264881428331,
  "inv_temp_group": 4.7573939524591,
  "initQF_group": 7.60663165547885,
  "initQU_group": 4.33349034702405,
  "mu_R_group": [
    [5],
    [5]
  ],
  "sigma_R_group": 2,
  "margin_group": 2,
  "LR_conf": [0.5246, 0.205, 0.0781, 0.5214, 0.2052, 0.5783, 0.4411, 0.7205, 0.5413, 0.7206, 0.4377, 0.7152, 0.3108, 0.6452, 0.5887, 0.4779, 0.5341, 0.4822, 0.1024, 0.3025, 0.2484, 0.3133, 0.2544, 0.4113, 0.4027, 0.6076, 0.5184, 0.6203, 0.3042, 0.3738, 0.815, 0.4987, 0.4167, 0.6451, 0.62, 0.1471, 0.7436, 0.6569, 0.7112, 0.6464, 0.9547, 0.7488, 0.6689, 0.7179, 0.7001, 0.8647, 0.3438, 0.8432, 0.0639, 0.495],
  "LR_disconf": [0.1399, 0.2159, 0.2492, 0.1634, 0.2801, 0.3046, 0.058, 0.1606, 0.1637, 0.2084, 0.0563, 0.2203, 0.1553, 0.3124, 0.1627, 0.113, 0.3043, 0.212, 0.0683, 0.0403, 0.3686, 0.1537, 0.2431, 0.2581, 0.2541, 0.2712, 0.0436, 0.2395, 0.159, 0.0454, 0.226, 0.3277, 0.161, 0.3325, 0.1505, 0.0987, 0.2551, 0.053, 0.0691, 0.0426, 0.0069, 0.1343, 0.1762, 0.1173, 0.1221, 0.4507, 0.0253, 0.1134, 0.042, 0.214],
  "inv_temp": [4.4971, 4.859, 4.2459, 4.529, 4.5653, 4.9524, 4.8062, 4.8211, 4.216, 4.7846, 4.7826, 4.1095, 4.7106, 4.9368, 4.7007, 4.9225, 4.7049, 4.3979, 4.6184, 4.163, 4.5641, 4.315, 4.2852, 4.7288, 4.9368, 4.5847, 4.7336, 4.9937, 4.9916, 4.4599, 4.3018, 4.7312, 4.5592, 4.6872, 4.3417, 4.3124, 4.881, 4.7705, 4.5557, 4.874, 4.8585, 4.5853, 4.4085, 4.9651, 4.7574, 4.3802, 4.9929, 4.6723, 4.688, 4.5024],
  "initQF": [5.138, 6.5111, 8.9103, 9.6453, 9.3557, 9.4584, 6.9998, 9.1381, 6.6064, 9.5338, 4.3891, 7.0839, 3.1764, 5.4043, 8.7477, 9.8922, 9.9244, 5.3059, 4.2372, 9.132, 7.5221, 8.4357, 9.0036, 4.8687, 9.5919, 7.0288, 8.2396, 9.0899, 8.1232, 7.0399, 8.6354, 5.3001, 5.8039, 7.3451, 9.2427, 6.0605, 4.5227, 5.4059, 7.586, 9.5074, 9.2667, 8.6488, 8.0137, 8.8722, 9.9583, 6.7643, 8.3616, 8.4876, 5.2487, 9.2047],
  "initQU": [3.2736, 1.7558, 3.9965, 2.944, 1.4047, 2.4921, 4.8031, 3.5867, 8.2789, 3.5817, 6.7824, 3.2689, 4.4141, 3.3409, 5.9154, 4.8272, 4.2321, 5.6027, 1.6636, 4.346, 3.5443, 7.9425, 3.9324, 3.9195, 4.446, 6.7283, 6.2237, 4.4243, 5.7196, 5.0443, 1.8747, 2.3374, 3.8781, 2.699, 4.3611, 6.6065, 5.9795, 3.157, 5.9842, 4.7664, 8.3166, 4.5551, 3.1675, 5.0677, 3.317, 2.9501, 1.5493, 2.511, 2.6373, 4.2332]
}
