{
  "n_part": 50,
  "n_trials": 30,
  "LR_conf_group": 0.236524256644771,
  "LR_disconf_group": 0.178935006959364,
  "inv_temp_group": 4.95741261634976,
  "initQF_group": 4.92535215802491,
  "initQU_group": 1.99307631445117,
  "mu_R_group": [
    [5],
    [5]
  ],
  "sigma_R_group": 2,
  "margin_group": 2,
  "LR_conf": [0.2507, 0.0742, 0.1289, 0.0047, 0.1436, 0.2281, 0.5756, 0.1924, 0.3358, 0.6836, 0.1054, 0.0177, 0.141, 0.3417, 0.5348, 0.1278, 0.119, 0.3547, 0.3732, 0.6217, 0.3889, 0.3155, 0.0828, 0.0928, 0.5611, 0.1824, 0.3664, 0.3747, 0.0643, 0.0614, 0.1709, 0.5286, 0.3916, 0.336, 0.3827, 0.1454, 0.081, 0.2027, 0.2258, 0.2266, 0.3301, 0.0907, 0.2418, 0.3542, 0.296, 0.1399, 0.0114, 0.356, 0.3147, 0.2988],
  "LR_disconf": [0.3453, 0.1486, 0.3324, 0.1506, 0.2961, 0.0787, 0.3984, 0.2897, 0.2604, 0.3886, 0.24, 0.2524, 0.1904, 0.2452, 0.0013, 0.0848, 0.1986, 0.1989, 0.1112, 0.021, 0.206, 0.3186, 0.3403, 0.459, 0.1517, 0.3155, 0.1245, 0.1652, 0.3585, 0.5116, 0.1386, 0.3069, 0.0845, 0.2883, 0.1035, 0.186, 0.3318, 0.5967, 0.1407, 0.4649, 0.4054, 0.2575, 0.1945, 0.2608, 0.2564, 0.2357, 0.0824, 0.1695, 0.0788, 0.0771],
  "inv_temp": [4.6936, 4.9426, 4.9394, 4.6274, 4.9781, 4.9465, 4.8457, 4.9369, 4.7222, 4.7021, 4.7644, 4.7783, 4.9873, 4.8338, 4.9058, 4.5913, 4.6293, 4.1531, 4.8429, 4.8745, 4.6873, 4.6201, 4.8191, 4.7164, 4.5781, 4.7718, 4.9593, 4.8221, 4.3903, 4.5222, 4.175, 4.585, 4.9977, 4.8683, 4.6117, 4.6799, 4.744, 4.468, 4.7642, 4.7595, 4.807, 4.5073, 4.427, 4.6772, 4.9303, 4.9249, 4.8731, 4.8294, 4.8084, 4.8359],
  "initQF": [1.9129, 3.3181, 5.4792, 3.7334, 4.092, 1.103, 2.4073, 1.7559, 3.7768, 3.0772, 4.9246, 6.262, 6.1257, 5.8097, 3.8484, 6.3252, 5.508, 3.1297, 3.4614, 3.3418, 4.0257, 5.8644, 9.4429, 6.5309, 3.2469, 6.3093, 3.8896, 3.2033, 4.8515, 3.788, 5.9666, 1.0968, 4.0318, 6.3112, 6.0823, 1.8965, 5.5581, 2.0114, 3.941, 4.3261, 3.51, 3.7126, 5.5319, 2.5946, 5.2731, 5.1374, 6.3942, 4.5482, 8.4778, 5.976],
  "initQU": [1.7477, 2.6811, 2.2662, 1.2509, 1.1347, 4.3061, 1.081, 1.1702, 2.2455, 1.3892, 1.2146, 1.3157, 3.7809, 2.6871, 2.2451, 1.6894, 1.9682, 1.6258, 5.0694, 4.0131, 2.1245, 1.1645, 1.9812, 2.26, 3.0904, 1.9825, 1.6025, 2.712, 1.3131, 2.1741, 4.1023, 5.1622, 4.3173, 2.4086, 2.8155, 1.3795, 4.6125, 1.1376, 2.1646, 2.1129, 3.0415, 2.1042, 5.1416, 1.7449, 3.4204, 5.642, 2.9995, 3.1883, 5.6314, 2.3354]
}
