{
  "n_part": 50,
  "n_trials": 30,
  "LR_conf_group": 0.0739951627328992,
  "LR_disconf_group": 0.812488740542904,
  "inv_temp_group": 0.468244646908715,
  "initQF_group": 3.96827532141469,
  "initQU_group": 2.59073793934658,
  "mu_R_group": [
    [5],
    [5]
  ],
  "sigma_R_group": 2,
  "margin_group": 2,
  "LR_conf": [0.1481, 0.1708, 0.1183, 0.2385, 0.3022, 0.4017, 0.0254, 0.3833, 0.0171, 0.127, 0.0245, 0.0548, 0.3127, 0.2174, 0.1476, 0.1094, 0.0777, 0.3142, 0.2687, 0.074, 0.5609, 0.4955, 0.3525, 0.1772, 0.0329, 0.3013, 0.1273, 0.28, 0.2599, 0.0761, 0.2178, 0.1953, 0.1318, 0.1997, 0.2115, 0.1768, 0.2223, 0.1793, 0.2458, 0.1029, 0.1474, 0.2247, 0.6565, 0.1477, 0.015, 0.0537, 0.0757, 0.1034, 0.1854, 0.089],
  "LR_disconf": [0.5946, 0.9679, 0.9648, 0.8778, 0.6752, 0.9242, 0.8927, 0.6005, 0.8833, 0.5296, 0.8711, 0.8385, 0.6675, 0.7147, 0.7318, 0.784, 0.6467, 0.483, 0.5683, 0.4559, 0.95, 0.7351, 0.9356, 0.814, 0.641, 0.7432, 0.8542, 0.8515, 0.7132, 0.4315, 0.3765, 0.6912, 0.7224, 0.6754, 0.5779, 0.695, 0.7749, 0.9262, 0.8399, 0.4257, 0.851, 0.995, 0.8763, 0.9613, 0.592, 0.7254, 0.9273, 0.9161, 0.6137, 0.5598],
  "inv_temp": [0.3589, 0.861, 1.0686, 0.7331, 0.3937, 0.1346, 0.0937, 1.2839, 1.0035, 0.0755, 0.347, 0.4693, 1.2869, 1.0981, 0.8037, 0.4402, 0.6811, 0.4097, 0.2044, 0.0436, 0.8121, 0.7421, 0.0354, 0.7933, 0.4294, 0.3826, 0.5616, 0.4732, 0.4645, 0.266, 0.6326, 0.6243, 0.831, 0.6382, 0.6001, 0.4942, 0.2372, 0.553, 0.2816, 0.2487, 0.382, 0.3118, 0.7668, 0.0427, 0.308, 0.6793, 0.6667, 0.8716, 0.1401, 0.1988],
  "initQF": [8.534, 1.4052, 4.5909, 3.8765, 2.1157, 3.5264, 1.7527, 5.0488, 3.1261, 3.2208, 3.3676, 4.629, 5.5188, 5.0918, 4.5234, 4.4172, 4.3579, 7.9023, 6.2469, 3.0559, 4.0234, 6.5078, 2.6816, 2.735, 6.5345, 3.5409, 4.2027, 5.6497, 2.3334, 4.3092, 2.0097, 2.8345, 1.0692, 4.8783, 3.5921, 4.9571, 2.1206, 4.6849, 5.1329, 2.699, 5.5614, 4.8837, 2.4582, 4.3662, 4.7093, 4.1852, 4.8674, 5.5355, 5.2491, 4.3388],
  "initQU": [2.5624, 4.5251, 2.5935, 2.7289, 2.1356, 2.7441, 1.7569, 6.4007, 1.2821, 3.6877, 2.9861, 4.0585, 5.0608, 3.2576, 2.1861, 2.0631, 4.2258, 4.5671, 4.6728, 2.4614, 4.3818, 2.4504, 6.1849, 5.3557, 3.023, 2.108, 5.8624, 3.7012, 3.2265, 2.6641, 1.3802, 5.9756, 3.2037, 2.3943, 1.9974, 1.3651, 6.3402, 4.1282, 2.4845, 6.3852, 2.7839, 3.7521, 3.2525, 1.3519, 1.6214, 4.0872, 1.7386, 3.6097, 4.6038, 2.403]
}
