{
  "n_part": 50,
  "n_trials": 30,
  "LR_conf_group": 0.985813026782125,
  "LR_disconf_group": 0.537563462043181,
  "inv_temp_group": 4.25285080331378,
  "initQF_group": 1.28634982020594,
  "initQU_group": 3.90134882950224,
  "mu_R_group": [
    [5],
    [5]
  ],
  "sigma_R_group": 2,
  "margin_group": 2,
  "LR_conf": [0.8441, 0.5889, 0.7286, 0.861, 0.8671, 0.8025, 0.9379, 0.8645, 0.7954, 0.704, 0.9665, 0.9583, 0.9861, 0.9311, 0.8098, 0.7199, 0.8313, 0.8593, 0.7474, 0.9801, 0.9934, 0.9876, 0.7544, 0.8417, 0.8769, 0.9778, 0.7662, 0.7908, 0.8801, 0.9385, 0.9752, 0.8286, 0.6888, 0.93, 0.9925, 0.9949, 0.8525, 0.7843, 0.9767, 0.9872, 0.7564, 0.9607, 0.7057, 0.8317, 0.9492, 0.68, 0.7464, 0.7829, 0.8194, 0.8725],
  "LR_disconf": [0.4747, 0.7214, 0.3824, 0.7675, 0.413, 0.6505, 0.6908, 0.4703, 0.7053, 0.6174, 0.5596, 0.4332, 0.3905, 0.0685, 0.2643, 0.1835, 0.3776, 0.4226, 0.4097, 0.7139, 0.3155, 0.5066, 0.7531, 0.739, 0.7417, 0.3656, 0.8568, 0.2916, 0.1247, 0.1479, 0.3858, 0.7898, 0.7509, 0.5947, 0.6347, 0.645, 0.4752, 0.4899, 0.2762, 0.5446, 0.8825, 0.3884, 0.3688, 0.2045, 0.5779, 0.3889, 0.5078, 0.7399, 0.5088, 0.6469],
  "inv_temp": [4.1654, 4.0531, 4.0877, 4.1201, 4.4637, 4.0629, 4.2387, 4.0688, 3.746, 4.8675, 4.6353, 4.3271, 4.2676, 4.5356, 4.2768, 4.4813, 4.1947, 4.5832, 4.2042, 4.2562, 3.9701, 3.8647, 4.4006, 4.3805, 4.5655, 4.8134, 4.3705, 4.6145, 4.3418, 4.3529, 3.6978, 4.3393, 4.0676, 4.4607, 3.8501, 4.334, 4.0574, 3.952, 4.0757, 3.9242, 4.4255, 4.4323, 3.9216, 4.6356, 4.3069, 4.2655, 4.5614, 4.1927, 4.182, 4.3541],
  "initQF": [2.711, 3.0057, 3.4773, 2.627, 3.7108, 4.9605, 2.1446, 1.8956, 5.6582, 3.1743, 1.4401, 5.5852, 2.2827, 1.3044, 2.7772, 2.7163, 1.9798, 1.3415, 2.7342, 2.313, 3.4816, 4.286, 3.6381, 1.0943, 3.8312, 2.9342, 2.4506, 1.2881, 2.0235, 1.623, 4.0698, 3.0921, 4.8887, 1.5173, 2.4062, 3.6038, 3.0952, 2.575, 3.6398, 2.7667, 3.7197, 2.1575, 1.1962, 1.2064, 2.975, 2.5953, 1.3271, 1.2199, 1.7671, 2.5143],
  "initQU": [2.6935, 5.8813, 8.2362, 3.1682, 3.5313, 6.86, 7.069, 3.9228, 2.7698, 5.9924, 2.0251, 7.3275, 4.457, 5.0806, 2.8835, 3.7341, 4.6147, 3.0875, 5.1503, 3.8476, 2.5243, 5.4875, 5.0937, 4.3447, 4.7916, 2.1555, 4.6083, 3.616, 4.2324, 4.3165, 7.9536, 4.6327, 2.1887, 4.5657, 4.7189, 4.8846, 2.606, 3.7931, 6.1099, 5.2293, 4.97, 4.7856, 4.9831, 2.045, 5.3453, 3.4247, 2.3788, 2.6997, 4.0912, 2.7767]
}
