{
  "n_part": 50,
  "n_trials": 30,
  "LR_conf_group": 0.124815721064806,
  "LR_disconf_group": 0.710053481161594,
  "inv_temp_group": 2.11203127284534,
  "initQF_group": 7.60039879893884,
  "initQU_group": 3.51084235822782,
  "mu_R_group": [
    [5],
    [5]
  ],
  "sigma_R_group": 2,
  "margin_group": 2,
  "LR_conf": [0.2446, 0.5318, 0.2091, 0.2942, 0.24, 0.2175, 0.1877, 0.1169, 0.1705, 0.2248, 0.0607, 0.3379, 0.0235, 0.0488, 0.0839, 0.0864, 0.3449, 0.1319, 0.0864, 0.3707, 0.3991, 0.1368, 0.3563, 0.281, 0.175, 0.1976, 0.2264, 0.3405, 0.425, 0.1601, 0.0421, 0.0647, 0.1269, 0.1978, 0.399, 0.0553, 0.1425, 0.4099, 0.3134, 0.2587, 0.6185, 0.2386, 0.4995, 0.1289, 0.1945, 0.2138, 0.261, 0.6552, 0.0669, 0.1269],
  "LR_disconf": [0.9726, 0.6752, 0.9647, 0.3913, 0.4866, 0.7009, 0.7253, 0.4794, 0.3867, 0.4448, 0.4518, 0.7051, 0.8303, 0.8032, 0.6727, 0.5645, 0.7549, 0.5937, 0.8262, 0.7173, 0.477, 0.8771, 0.5884, 0.6176, 0.7837, 0.8839, 0.9899, 0.7269, 0.8564, 0.9152, 0.0904, 0.6141, 0.8795, 0.5092, 0.5056, 0.7922, 0.6293, 0.9214, 0.7901, 0.862, 0.8687, 0.8825, 0.6249, 0.8048, 0.8325, 0.9758, 0.2075, 0.7916, 0.3517, 0.7741],
  "inv_temp": [2.2688, 2.5141, 2.0459, 2.0195, 2.209, 2.2614, 1.4375, 2.1059, 1.8373, 2.3965, 1.6504, 1.9467, 2.7858, 1.9982, 2.3613, 1.9503, 2.0949, 1.5998, 2.4486, 1.968, 1.8032, 2.1139, 2.2067, 2.4446, 2.251, 2.5619, 2.1362, 1.9514, 2.2085, 2.2367, 1.9199, 2.0392, 2.3397, 2.4003, 2.4497, 2.4917, 2.6991, 2.1751, 1.8775, 2.3248, 2.1565, 1.9805, 2.0892, 2.5285, 1.6571, 2.0971, 1.8423, 1.726, 2.1942, 1.4972],
  "initQF": [9.7235, 8.0758, 4.0541, 7.3357, 8.8198, 6.3164, 7.9642, 5.2017, 6.3365, 9.826, 6.2214, 9.5212, 8.6554, 8.07, 6.8712, 9.1137, 6.0469, 7.8241, 9.6275, 5.956, 9.069, 3.4761, 5.472, 6.5961, 6.9118, 3.9443, 7.724, 6.8892, 9.0173, 9.466, 9.578, 9.3254, 7.4994, 9.1001, 9.8437, 7.5738, 6.926, 8.92, 5.0375, 8.684, 5.4451, 9.077, 8.8104, 5.814, 6.3972, 5.8905, 7.6224, 4.7595, 4.3956, 8.9821],
  "initQU": [2.0616, 2.514, 3.6083, 3.7975, 4.9672, 3.6204, 3.0005, 1.3295, 3.4396, 5.3742, 3.9065, 3.527, 5.9581, 3.0147, 6.5067, 2.3162, 3.0705, 3.3558, 1.9734, 5.2218, 2.5121, 2.9324, 3.8797, 3.0856, 5.338, 1.8172, 2.5561, 4.705, 4.6575, 3.1476, 5.5268, 4.4189, 2.8748, 1.8045, 1.9971, 7.6673, 5.2586, 4.62, 1.6639, 4.7847, 3.0412, 3.9416, 1.6102, 3.4956, 1.0665, 4.4678, 3.5259, 6.5652, 1.2466, 3.2]
}
