{
  "n_part": 50,
  "n_trials": 30,
  "LR_conf_group": 0.117188357049599,
  "LR_disconf_group": 0.289655655855313,
  "inv_temp_group": 4.5638256915845,
  "initQF_group": 1.9214943877887,
  "initQU_group": 5.39208136219531,
  "mu_R_group": [
    [5],
    [5]
  ],
  "sigma_R_group": 2,
  "margin_group": 2,
  "LR_conf": [0.314, 0.238, 0.022, 0.1354, 0.2603, 0.1277, 0.3452, 0.0792, 0.2556, 0.3338, 0.1623, 0.0849, 0.1231, 0.144, 0.0143, 0.3566, 0.1587, 0.021, 0.0613, 0.1443, 0.0167, 0.36, 0.0497, 0.0092, 0.262, 0.0887, 0.0634, 0.1646, 0.3651, 0.1341, 0.2187, 0.0416, 0.1739, 0.322, 0.1677, 0.0714, 0.2584, 0.2904, 0.2805, 0.0765, 0.0824, 0.2718, 0.0316, 0.1978, 0.1717, 0.1426, 0.0703, 0.3095, 0.2111, 0.3606],
  "LR_disconf": [0.3141, 0.7687, 0.2245, 0.7199, 0.6537, 0.3898, 0.3577, 0.3691, 0.0193, 0.1893, 0.2192, 0.3225, 0.3821, 0.7727, 0.3424, 0.3154, 0.3089, 0.264, 0.0737, 0.2462, 0.0973, 0.1442, 0.3673, 0.6382, 0.2768, 0.3664, 0.6542, 0.4853, 0.1835, 0.2174, 0.402, 0.4724, 0.5375, 0.2403, 0.6213, 0.223, 0.3587, 0.3316, 0.2402, 0.1749, 0.4009, 0.1387, 0.2932, 0.419, 0.4623, 0.3282, 0.2816, 0.4248, 0.0662, 0.3884],
  "inv_temp": [4.0237, 4.1325, 4.7885, 4.3453, 4.3321, 4.4568, 4.2787, 4.9635, 4.7609, 4.4891, 4.5775, 4.5913, 4.7186, 4.4155, 3.8606, 4.65, 4.8951, 4.726, 4.7395, 3.8116, 4.6278, 4.2773, 4.5389, 4.7073, 4.7108, 4.2359, 4.0648, 4.4549, 4.7731, 4.5722, 4.6412, 4.6234, 4.3545, 4.3551, 4.6732, 4.1825, 4.3308, 4.8373, 4.4633, 4.4578, 4.6778, 4.121, 4.5747, 4.8603, 4.7801, 3.9702, 3.7097, 4.3721, 4.8538, 4.8395],
  "initQF": [4.4168, 4.2777, 2.0527, 3.6036, 1.2248, 4.3305, 3.6752, 4.8265, 1.6553, 1.297, 2.5543, 1.6791, 2.8881, 1.1901, 1.8076, 1.8159, 3.5174, 2.1443, 2.3735, 2.2487, 2.7436, 1.7966, 1.5757, 4.1582, 4.3529, 2.3077, 2.3273, 2.9336, 2.5313, 1.7855, 1.9504, 3.361, 3.5701, 1.2315, 2.6354, 4.0044, 5.2748, 1.8475, 1.6809, 2.7789, 1.2698, 3.9047, 2.9179, 2.4884, 1.4347, 2.1543, 1.4737, 1.9125, 1.399, 2.7627],
  "initQU": [5.0498, 4.1103, 7.0436, 8.5363, 6.7601, 4.8444, 4.8248, 7.5207, 6.6126, 2.6693, 8.8726, 7.0788, 7.8204, 6.4508, 8.614, 3.5216, 4.7528, 3.8735, 4.6569, 3.7615, 2.9244, 5.8151, 3.0035, 6.6125, 3.4734, 6.254, 4.8298, 8.5746, 6.5127, 6.744, 8.101, 3.005, 3.9132, 6.0843, 4.4122, 8.3155, 3.7691, 7.2055, 3.6677, 4.1773, 4.7055, 6.867, 8.5612, 7.4919, 1.7063, 7.3936, 1.7002, 5.0081, 5.0433, 2.4826]
}
