{
  "n_part": 50,
  "n_trials": 30,
  "LR_conf_group": 0.411612856434658,
  "LR_disconf_group": 0.0266095981933177,
  "inv_temp_group": 4.01692653540522,
  "initQF_group": 2.72020965837874,
  "initQU_group": 2.82623503170907,
  "mu_R_group": [
    [5],
    [5]
  ],
  "sigma_R_group": 2,
  "margin_group": 2,
  "LR_conf": [0.4205, 0.6938, 0.1764, 0.3158, 0.5764, 0.6256, 0.4208, 0.5546, 0.3968, 0.3752, 0.5885, 0.3882, 0.5386, 0.2578, 0.241, 0.5749, 0.3209, 0.453, 0.3896, 0.8148, 0.2031, 0.5073, 0.5601, 0.6378, 0.5119, 0.6648, 0.28, 0.5666, 0.5967, 0.1537, 0.6198, 0.4472, 0.4952, 0.3798, 0.3405, 0.2996, 0.4499, 0.3202, 0.6183, 0.3719, 0.5075, 0.1005, 0.7209, 0.3392, 0.1991, 0.5301, 0.4309, 0.132, 0.1918, 0.2897],
  "LR_disconf": [0.3768, 0.2537, 0.2357, 0.2756, 0.2937, 0.1291, 0.063, 0.187, 0.1012, 0.2139, 0.003, 0.0507, 0.3102, 0.2306, 0.0915, 0.3352, 0.0499, 0.1524, 0.0637, 0.2982, 0.2725, 0.2403, 0.1325, 0.2498, 0.2688, 0.0344, 0.0649, 0.0625, 0.0557, 0.1213, 0.2086, 0.2502, 0.41, 0.007, 0.0927, 0.2738, 0.0019, 0.1772, 0.2394, 0.2343, 0.1485, 0.0841, 0.3565, 0.5128, 0.1783, 0.0162, 0.1758, 0.4976, 0.2156, 0.1355],
  "inv_temp": [4.167, 4.0715, 4.1306, 3.5828, 4.4151, 4.2972, 3.2508, 3.2799, 3.8914, 3.941, 3.742, 3.4306, 4.0649, 3.7152, 4.314, 3.9763, 4.1878, 4.4121, 3.7596, 4.6115, 4.1382, 3.7674, 4.02, 4.0508, 3.9526, 4.123, 4.1569, 3.6693, 4.1496, 4.1419, 3.9575, 4.4898, 4.1271, 4.0313, 3.8995, 3.4807, 3.6733, 4.0976, 4.3652, 3.9531, 4.1748, 4.1341, 3.5964, 3.5954, 4.1795, 3.8892, 4.3245, 4.3569, 4.2306, 4.2588],
  "initQF": [3.5857, 1.235, 4.0809, 1.1065, 4.2315, 4.9561, 4.4815, 1.0433, 2.0904, 3.0431, 2.335, 1.7542, 5.3576, 3.3513, 2.5091, 2.4503, 3.7402, 3.4145, 3.425, 2.499, 4.2924, 1.3662, 4.2456, 2.7794, 3.6482, 4.0702, 4.0922, 3.8548, 1.4636, 5.5145, 1.9469, 1.9984, 1.7377, 2.3952, 4.8117, 5.8608, 5.244, 1.6258, 2.9269, 4.5542, 4.6041, 1.3117, 4.0147, 4.5293, 1.0532, 2.1785, 2.5323, 2.895, 2.9517, 2.5001],
  "initQU": [4.6412, 3.4805, 1.5077, 3.1392, 1.851, 6.3724, 2.736, 1.2225, 3.9166, 3.9201, 2.8177, 1.3135, 5.2314, 4.8189, 5.752, 2.0354, 2.2272, 5.7291, 1.3657, 4.0145, 1.6714, 3.5892, 1.6056, 2.0273, 2.1887, 5.2571, 4.6398, 2.792, 1.5309, 4.9309, 1.5531, 8.0372, 6.5965, 6.9658, 5.9106, 2.7484, 3.9195, 3.1007, 5.3205, 6.5207, 1.7546, 3.2065, 6.3906, 1.9375, 1.1224, 3.0455, 1.9516, 5.0624, 2.3233, 4.397]
}
