{
  "n_part": 50,
  "n_trials": 30,
  "LR_conf_group": 0.451574903680012,
  "LR_disconf_group": 0.458464913070202,
  "inv_temp_group": 2.12593892589211,
  "initQF_group": 6.18036197847687,
  "initQU_group": 4.40180883416906,
  "mu_R_group": [
    [5],
    [5]
  ],
  "sigma_R_group": 2,
  "margin_group": 2,
  "LR_conf": [0.0734, 0.4957, 0.2223, 0.3308, 0.0825, 0.0576, 0.1919, 0.5195, 0.6167, 0.6188, 0.4587, 0.5341, 0.3655, 0.6975, 0.4533, 0.4386, 0.4987, 0.2654, 0.5315, 0.5174, 0.6844, 0.5367, 0.6511, 0.1944, 0.9062, 0.7734, 0.4103, 0.4029, 0.6703, 0.5871, 0.4276, 0.2816, 0.6258, 0.4773, 0.7399, 0.1675, 0.4594, 0.2121, 0.4338, 0.4073, 0.6777, 0.2897, 0.3961, 0.4718, 0.7515, 0.4068, 0.3937, 0.3563, 0.5454, 0.3667],
  "LR_disconf": [0.3781, 0.2907, 0.122, 0.663, 0.5793, 0.4529, 0.3928, 0.3392, 0.451, 0.7198, 0.4072, 0.2994, 0.3804, 0.5849, 0.73, 0.3345, 0.8756, 0.2749, 0.6373, 0.865, 0.4119, 0.3446, 0.1814, 0.7195, 0.515, 0.3528, 0.5009, 0.7472, 0.6374, 0.5418, 0.4003, 0.2411, 0.3689, 0.2984, 0.6893, 0.2426, 0.0757, 0.3871, 0.5674, 0.9238, 0.5092, 0.1189, 0.2939, 0.8941, 0.7219, 0.613, 0.589, 0.7706, 0.5244, 0.2616],
  "inv_temp": [2.5026, 2.0152, 2.4757, 2.0253, 1.9694, 1.9043, 1.7968, 2.1204, 1.8936, 1.9822, 1.564, 2.7478, 2.6405, 1.9242, 2.637, 2.4033, 2.5337, 2.0447, 2.2226, 2.1181, 1.646, 1.9224, 2.5924, 2.2624, 2.0376, 2.417, 1.8412, 1.9705, 2.0373, 2.1635, 1.8706, 1.7008, 2.2904, 2.1038, 1.9632, 1.9575, 1.4561, 1.8028, 2.5848, 2.1, 2.259, 2.0235, 1.9267, 2.3802, 2.5833, 1.7113, 2.1057, 1.8922, 1.8862, 1.877],
  "initQF": [7.0575, 4.9965, 1.96, 8.2643, 9.0294, 6.8227, 7.8949, 8.8013, 6.6425, 7.6904, 5.3731, 4.9617, 8.4819, 7.1333, 5.7508, 6.5846, 5.3583, 7.4766, 6.384, 7.4622, 9.8025, 6.7544, 1.6717, 6.0632, 4.1612, 6.8696, 9.6305, 8.4225, 6.5328, 3.1674, 7.7446, 3.8571, 5.5196, 6.0869, 7.5552, 9.4345, 8.5302, 8.2442, 3.9938, 3.6267, 5.447, 7.0839, 9.0971, 2.8013, 7.4466, 5.05, 6.7696, 5.4396, 7.0121, 4.6471],
  "initQU": [4.9943, 7.4062, 4.7329, 5.0127, 5.7043, 5.276, 4.508, 6.1304, 1.7604, 8.1588, 9.3643, 7.7058, 2.6029, 1.0346, 6.7919, 3.217, 5.7244, 2.8891, 2.7801, 5.6885, 3.2942, 3.3364, 6.3357, 8.6927, 2.8052, 6.4637, 4.3939, 5.1097, 4.1625, 7.4344, 6.4424, 4.131, 1.6988, 3.5154, 2.9643, 6.9526, 2.0828, 6.8179, 6.1361, 3.3081, 4.9146, 2.1292, 2.926, 3.9244, 2.5126, 5.4526, 6.5403, 2.431, 5.2998, 5.8618]
}
