{
  "n_part": 50,
  "n_trials": 30,
  "LR_conf_group": 0.0940801443066448,
  "LR_disconf_group": 0.820962869562209,
  "inv_temp_group": 4.194330223836,
  "initQF_group": 6.582981915446,
  "initQU_group": 1.90153810940683,
  "mu_R_group": [
    [5],
    [5]
  ],
  "sigma_R_group": 2,
  "margin_group": 2,
  "LR_conf": [0.1334, 0.2076, 0.1178, 0.2977, 0.0659, 0.3669, 0.1231, 0.2568, 0.3266, 0.3518, 0.4989, 0.1201, 0.3111, 0.2394, 0.0822, 0.0321, 0.0207, 0.1065, 0.1773, 0.37, 0.406, 0.0088, 0.0359, 0.0918, 0.1957, 0.206, 0.3695, 0.1959, 0.2951, 0.108, 0.0206, 0.0579, 0.132, 0.1388, 0.2725, 0.0551, 0.376, 0.1049, 0.0435, 0.21, 0.3193, 0.293, 0.4265, 0.0211, 0.3522, 0.6134, 0.2346, 0.0148, 0.302, 0.2383],
  "LR_disconf": [0.9886, 0.6705, 0.8494, 0.7871, 0.9935, 0.8096, 0.6402, 0.6231, 0.6644, 0.59, 0.9102, 0.7926, 0.6792, 0.621, 0.891, 0.8934, 0.9161, 0.9672, 0.9779, 0.9312, 0.8568, 0.4838, 0.5025, 0.9809, 0.9994, 0.9409, 0.4033, 0.8768, 0.3631, 0.7033, 0.6289, 0.8423, 0.8537, 0.6651, 0.5574, 0.7071, 0.531, 0.5599, 0.7524, 0.9216, 0.3271, 0.8076, 0.7138, 0.7104, 0.6711, 0.8333, 0.7812, 0.6235, 0.5906, 0.8364],
  "inv_temp": [4.4638, 4.2299, 4.2317, 4.2843, 4.3084, 3.9926, 4.2372, 4.5937, 4.8254, 4.2708, 4.2987, 4.326, 4.2365, 4.3058, 4.0293, 4.2656, 4.3905, 3.5477, 3.9204, 4.7427, 3.9763, 4.5333, 4.1279, 4.3893, 3.9826, 3.925, 4.4182, 4.2679, 4.1664, 4.1904, 4.2517, 4.3999, 4.3721, 4.0968, 4.6965, 3.8997, 4.5121, 4.4533, 4.1026, 4.0622, 4.2711, 3.8969, 3.9603, 3.7358, 4.4711, 4.4125, 4.161, 3.9399, 4.0077, 4.3971],
  "initQF": [3.9769, 7.9941, 4.6914, 9.8837, 7.0159, 8.1941, 6.0193, 5.8069, 4.9575, 9.525, 5.4369, 5.0879, 8.2872, 6.1445, 6.6326, 7.6767, 5.7651, 5.0524, 5.0857, 7.1437, 8.7747, 8.9788, 6.6969, 4.8327, 8.0931, 3.3184, 7.9463, 7.2858, 2.8563, 7.4214, 5.2429, 6.0217, 6.1264, 5.3121, 5.4122, 5.8278, 6.979, 6.3594, 6.4271, 6.3598, 8.1013, 7.0256, 5.0499, 6.8172, 4.8517, 5.5156, 7.4354, 7.2425, 9.967, 6.4568],
  "initQU": [3.6635, 2.5667, 3.3977, 4.4773, 1.8597, 3.7587, 2.1549, 3.8182, 2.586, 2.913, 3.9447, 2.6006, 3.3789, 3.7492, 3.7028, 5.6294, 4.1563, 1.592, 1.3254, 2.6517, 2.4416, 3.0703, 2.3903, 4.0137, 6.3673, 5.1814, 3.9734, 3.3003, 4.265, 1.1837, 3.4728, 3.7266, 3.5802, 1.6901, 4.7398, 1.7456, 1.5938, 1.8055, 3.1758, 2.2847, 3.836, 3.3039, 2.5981, 3.8853, 4.1603, 3.3121, 1.3872, 2.1999, 3.3026, 3.7325]
}
