{
  "n_part": 50,
  "n_trials": 30,
  "LR_conf_group": 0.179984751157463,
  "LR_disconf_group": 0.974322471302003,
  "inv_temp_group": 3.40999779757112,
  "initQF_group": 4.69357486837544,
  "initQU_group": 1.17880623275414,
  "mu_R_group": [
    [5],
    [5]
  ],
  "sigma_R_group": 2,
  "margin_group": 2,
  "LR_conf": [0.1294, 0.5303, 0.2103, 0.1077, 0.1155, 0.4952, 0.0737, 0.0953, 0.4871, 0.2918, 0.0711, 0.5463, 0.1298, 0.0051, 0.0837, 0.1237, 0.2069, 0.6636, 0.2072, 0.2672, 0.2826, 0.0174, 0.5102, 0.2158, 0.2479, 0.2555, 0.1277, 0.1523, 0.1804, 0.1249, 0.1679, 0.0582, 0.2265, 0.4683, 0.5378, 0.0295, 0.1783, 0.2362, 0.2087, 0.3919, 0.2994, 0.1622, 0.2283, 0.2845, 0.3312, 0.3468, 0.3265, 0.2972, 0.1819, 0.2141],
  "LR_disconf": [0.6182, 0.7113, 0.6183, 0.8631, 0.7966, 0.9313, 0.9345, 0.8369, 0.9626, 0.9985, 0.8538, 0.8738, 0.7888, 0.6319, 0.9193, 0.8409, 0.97, 0.9308, 0.9744, 0.8694, 0.9707, 0.9931, 0.8245, 0.806, 0.8202, 0.7469, 0.7012, 0.8061, 0.7552, 0.8707, 0.9823, 0.9414, 0.8264, 0.8839, 0.636, 0.9977, 0.7703, 0.9091, 0.9601, 0.9977, 0.849, 0.9853, 0.9621, 0.8597, 0.9673, 0.7831, 0.7865, 0.801, 0.8528, 0.8126],
  "inv_temp": [3.3292, 3.7486, 3.2006, 3.8324, 3.4869, 3.1706, 3.6213, 3.5764, 3.589, 3.1812, 3.9334, 3.8046, 3.4479, 3.3121, 3.2685, 3.3332, 3.3293, 3.057, 3.1589, 4.0778, 3.4072, 3.4586, 3.6205, 3.0052, 3.7359, 3.196, 3.8395, 4.0531, 3.2316, 3.6242, 2.9775, 3.291, 3.4104, 3.6083, 3.3413, 3.0068, 3.4185, 3.1857, 3.0623, 3.5042, 3.2984, 3.881, 3.7855, 3.1012, 3.5679, 4.1128, 3.8135, 3.3002, 3.2733, 3.2292],
  "initQF": [4.9517, 4.4186, 3.9107, 6.1099, 5.6696, 6.1718, 4.2919, 6.5809, 5.3382, 3.5141, 8.2159, 3.0004, 3.4308, 6.1336, 3.5758, 4.7231, 1.8949, 5.1516, 5.5362, 6.3896, 4.0065, 3.0008, 4.3375, 5.9988, 3.0353, 5.5527, 3.3187, 2.4393, 4.7695, 5.4874, 3.4826, 8.1999, 5.4974, 4.3544, 7.0753, 7.5511, 3.9993, 3.9061, 2.9309, 3.8146, 7.3016, 6.6714, 8.4492, 7.6678, 7.0431, 7.1921, 5.1053, 3.0087, 3.7037, 7.6266],
  "initQU": [1.3738, 3.9737, 2.4188, 1.7328, 2.2742, 1.8965, 2.1937, 3.2307, 6.0965, 2.0524, 3.3117, 1.9184, 2.4229, 1.2753, 4.0229, 1.9766, 1.7064, 1.5055, 5.341, 4.9085, 1.0598, 2.7719, 2.405, 2.1536, 3.215, 1.005, 2.7087, 3.4765, 1.0998, 1.0249, 2.8048, 3.0966, 4.8251, 2.7571, 2.8758, 2.0493, 2.3564, 1.5244, 1.1653, 3.0823, 3.3487, 2.0033, 3.4951, 2.2593, 1.8895, 1.4611, 1.7671, 2.826, 3.6645, 1.8129]
}
