{
  "n_part": 50,
  "n_trials": 30,
  "LR_conf_group": 0.888381296535954,
  "LR_disconf_group": 0.922803334658965,
  "inv_temp_group": 4.53049185103737,
  "initQF_group": 1.11212183744647,
  "initQU_group": 6.90585474926047,
  "mu_R_group": [
    [5],
    [5]
  ],
  "sigma_R_group": 2,
  "margin_group": 2,
  "LR_conf": [0.9336, 0.976, 0.7273, 0.8904, 0.8305, 0.8002, 0.4007, 0.8815, 0.5931, 0.5083, 0.604, 0.4723, 0.9243, 0.6699, 0.8051, 0.9938, 0.6069, 0.864, 0.9221, 0.8492, 0.8906, 0.8247, 0.901, 0.6905, 0.8489, 0.63, 0.9378, 0.7446, 0.9469, 0.9166, 0.7758, 0.881, 0.9929, 0.9966, 0.5248, 0.8765, 0.7332, 0.9068, 0.9818, 0.8933, 0.7962, 0.7989, 0.7227, 0.8714, 0.6811, 0.965, 0.9441, 0.8384, 0.9885, 0.9099],
  "LR_disconf": [0.9202, 0.4449, 0.7728, 0.9672, 0.9135, 0.811, 0.6976, 0.8634, 0.9626, 0.7798, 0.5804, 0.8978, 0.6936, 0.964, 0.8429, 0.5227, 0.9031, 0.5286, 0.6531, 0.693, 0.7442, 0.6175, 0.8171, 0.7851, 0.9779, 0.7501, 0.8256, 0.9741, 0.6964, 0.8806, 0.9037, 0.916, 0.8186, 0.9481, 0.8562, 0.7237, 0.8377, 0.5905, 0.9767, 0.8083, 0.7965, 0.578, 0.9504, 0.9979, 0.8024, 0.9203, 0.7433, 0.8517, 0.4307, 0.7446],
  "inv_temp": [4.5909, 4.4491, 4.7562, 4.0391, 4.667, 4.649, 4.5218, 4.748, 4.3917, 3.7476, 4.2652, 4.277, 4.6591, 4.3779, 4.5816, 4.9982, 4.6223, 4.9321, 4.7016, 4.4266, 4.3114, 4.7177, 4.8052, 4.7707, 4.9248, 4.7014, 4.275, 4.9308, 4.7297, 3.8489, 4.5597, 4.2869, 4.6283, 4.5431, 4.6179, 4.7828, 4.4017, 4.6202, 4.2245, 3.9775, 4.3906, 4.3412, 4.226, 4.3028, 3.9427, 4.2067, 4.173, 4.4877, 4.9166, 4.6926],
  "initQF": [3.2262, 4.0528, 3.4738, 2.3104, 1.1639, 3.3809, 1.8486, 1.4275, 1.832, 3.5319, 2.7871, 4.2327, 1.1523, 6.0933, 1.5626, 1.8522, 3.1291, 3.093, 4.017, 3.0205, 2.3264, 1.2713, 2.9853, 1.5651, 4.2171, 1.6981, 2.6805, 1.7014, 2.9278, 2.4035, 1.9837, 4.9177, 4.0084, 2.1361, 1.8597, 4.2019, 2.0292, 1.8565, 1.5581, 1.6909, 6.6645, 2.3535, 1.8922, 1.515, 3.3466, 4.6366, 4.1803, 2.129, 2.9508, 1.4579],
  "initQU": [4.5337, 5.2292, 6.7459, 3.7497, 5.4768, 3.179, 4.5565, 5.9209, 5.0432, 6.3459, 5.7063, 8.934, 7.2705, 2.4747, 5.9461, 8.8701, 4.41, 6.5028, 9.3111, 8.9645, 9.1621, 4.2476, 6.9035, 8.2732, 9.6828, 6.1461, 6.4491, 6.5087, 6.1856, 9.1686, 6.0757, 5.3441, 8.8468, 5.3163, 5.8666, 5.6383, 7.6981, 6.5521, 8.1886, 7.2121, 6.4838, 6.0717, 5.5, 5.112, 6.2073, 3.4427, 8.5301, 7.035, 9.4462, 6.1125]
}
