{
  "n_part": 50,
  "n_trials": 30,
  "LR_conf_group": 0.287132869008929,
  "LR_disconf_group": 0.180579786887392,
  "inv_temp_group": 2.71368821966462,
  "initQF_group": 3.90608870983124,
  "initQU_group": 4.42891356209293,
  "mu_R_group": [
    [5],
    [5]
  ],
  "sigma_R_group": 2,
  "margin_group": 2,
  "LR_conf": [0.5138, 0.276, 0.1375, 0.462, 0.6226, 0.4453, 0.2589, 0.402, 0.3958, 0.0963, 0.0589, 0.1371, 0.13, 0.0033, 0.3484, 0.1271, 0.4251, 0.5454, 0.2423, 0.4459, 0.2605, 0.2728, 0.5393, 0.0499, 0.0988, 0.0012, 0.0597, 0.1866, 0.1478, 0.2237, 0.2297, 0.4691, 0.4582, 0.2388, 0.2106, 0.3141, 0.2804, 0.2571, 0.5316, 0.3869, 0.2087, 0.1488, 0.3434, 0.2275, 0.7536, 0.4309, 0.003, 0.3484, 0.3323, 0.4452],
  "LR_disconf": [0.0786, 0.1469, 0.3949, 0.6254, 0.3558, 0.0164, 0.3476, 0.1288, 0.15, 0.5553, 0.4079, 0.2321, 0.2977, 0.1727, 0.0532, 0.2951, 0.1348, 0.2913, 0.0217, 0.0723, 0.0475, 0.3209, 0.0921, 0.4078, 0.0461, 0.3632, 0.3794, 0.0131, 0.2913, 0.1332, 0.1243, 0.116, 0.0583, 0.3071, 0.4038, 0.0484, 0.2678, 0.1743, 0.1072, 0.5058, 0.1716, 0.0288, 0.2251, 0.0108, 0.5857, 0.1377, 0.2983, 0.2878, 0.3092, 0.4954],
  "inv_temp": [2.517, 2.9494, 2.7748, 2.4258, 3.3414, 2.8118, 2.8019, 2.7635, 2.2315, 2.5393, 3.062, 2.4207, 2.3122, 2.6076, 2.9108, 2.0693, 2.6532, 2.4865, 2.6975, 2.6179, 2.7065, 2.704, 3.417, 2.9638, 2.8047, 2.6406, 2.6184, 2.9254, 2.78, 2.8041, 2.58, 2.4527, 2.7918, 2.7403, 3.0877, 2.6674, 2.9766, 2.7017, 3.0661, 2.7178, 2.4206, 2.7511, 2.7954, 2.8256, 2.867, 2.3306, 3.0798, 2.6578, 2.7844, 2.8301],
  "initQF": [3.2637, 3.5684, 2.5256, 9.5734, 3.1004, 1.8025, 7.7032, 8.4945, 6.5774, 2.855, 6.0905, 2.4909, 8.79, 7.4908, 2.489, 2.9257, 2.4107, 2.9746, 5.4354, 3.6632, 5.9145, 1.5722, 5.4944, 7.4191, 2.8708, 5.723, 6.3993, 4.3612, 3.2317, 4.7437, 4.9436, 1.4342, 4.4538, 3.9874, 2.1729, 3.6479, 3.1905, 2.0398, 2.5212, 2.5673, 2.6986, 7.2858, 3.9671, 2.7584, 4.4546, 4.7234, 8.2309, 3.4643, 3.7047, 3.9508],
  "initQU": [6.1134, 3.887, 7.1397, 2.9068, 3.2764, 2.8171, 2.702, 4.6297, 3.144, 2.8273, 2.9941, 1.349, 3.3377, 3.4167, 5.1023, 1.5016, 4.5496, 4.5745, 2.9756, 4.5645, 5.6607, 4.093, 6.7139, 2.8068, 1.5053, 5.5207, 4.534, 5.441, 6.9745, 5.3041, 4.144, 4.7262, 3.3594, 7.0999, 6.6286, 4.1057, 5.5849, 1.7938, 2.8925, 1.3676, 4.9154, 5.8048, 2.8868, 4.2386, 3.35, 7.2555, 8.0209, 4.1254, 5.8863, 4.743]
}
