{
  "n_part": 50,
  "n_trials": 30,
  "LR_conf_group": 0.00508903409354389,
  "LR_disconf_group": 0.320269975112751,
  "inv_temp_group": 3.87551042367704,
  "initQF_group": 7.93784470716491,
  "initQU_group": 7.13550054188818,
  "mu_R_group": [
    [5],
    [5]
  ],
  "sigma_R_group": 2,
  "margin_group": 2,
  "LR_conf": [0.2306, 0.1679, 0.2502, 0.1062, 0.1038, 0.1265, 0.0623, 0.1089, 0.4451, 0.042, 0.2836, 0.1108, 0.1539, 0.0672, 0.0492, 0.0239, 0.0834, 0.2426, 0.01, 0.2122, 0.0532, 0.2406, 0.1254, 0.0539, 0.3362, 0.2325, 0.3984, 0.0538, 0.2211, 0.1578, 0.0389, 0.0766, 0.2003, 0.2713, 0.0267, 0.0185, 0.1657, 0.1774, 0.1198, 0.2879, 0.177, 0.2235, 0.0785, 0.0952, 0.1241, 0.1192, 0.0034, 0.3301, 0.0698, 0.0376],
  "LR_disconf": [0.4174, 0.4869, 0.2179, 0.2384, 0.3676, 0.6542, 0.6183, 0.0691, 0.1637, 0.1865, 0.1217, 0.3405, 0.4676, 0.4642, 0.249, 0.2268, 0.2694, 0.3164, 0.5199, 0.1604, 0.4004, 0.545, 0.0861, 0.5132, 0.0394, 0.3557, 0.5582, 0.3733, 0.5367, 0.2162, 0.1919, 0.2436, 0.3543, 0.4073, 0.2735, 0.2196, 0.5233, 0.3875, 0.5372, 0.3766, 0.2175, 0.1929, 0.1163, 0.362, 0.5405, 0.1343, 0.4587, 0.3543, 0.4602, 0.1334],
  "inv_temp": [3.6165, 3.7495, 3.5352, 3.8587, 3.9674, 4.5967, 3.5584, 3.7908, 3.9399, 3.7312, 3.737, 4.3454, 3.7664, 3.9223, 4.6517, 3.4951, 4.2264, 3.7161, 3.9693, 3.88, 4.0386, 3.884, 4.2229, 3.5338, 4.0795, 3.1418, 4.0779, 4.2263, 4.1426, 4.2213, 3.4498, 4.2061, 3.7084, 3.9996, 4.3817, 4.0183, 3.8774, 3.4512, 3.3713, 3.9599, 4.041, 3.7512, 3.4296, 3.2947, 3.4223, 3.9153, 3.4622, 4.2813, 4.2669, 3.7029],
  "initQF": [6.3514, 8.1546, 8.7855, 9.11, 4.8387, 9.6142, 5.8871, 6.5674, 7.8735, 7.3543, 4.2812, 7.6159, 7.7989, 6.8067, 9.5367, 4.7937, 6.6994, 9.4845, 9.9277, 6.2972, 5.5277, 8.3186, 6.9785, 6.4586, 7.8385, 6.1019, 7.3495, 8.2243, 8.2329, 9.4509, 7.3986, 6.5925, 8.7932, 8.2053, 3.3768, 8.1122, 7.9695, 7.0564, 7.3912, 7.8651, 6.2355, 6.2409, 4.53, 7.5762, 6.4101, 9.6785, 6.3656, 8.4212, 8.1303, 4.889],
  "initQU": [3.7512, 5.8823, 4.7695, 2.9414, 5.5374, 5.2232, 5.9241, 5.4963, 7.7359, 9.2675, 7.4925, 5.3665, 6.9659, 7.5786, 9.3112, 8.087, 4.8927, 7.5451, 8.6578, 7.58, 9.2058, 8.0365, 7.2461, 7.8882, 6.4932, 2.3392, 3.9632, 6.0817, 7.5874, 6.6994, 6.4935, 8.1595, 6.3302, 6.7267, 6.7827, 8.6732, 6.6212, 4.8603, 9.1484, 5.9421, 7.7303, 8.7671, 6.1504, 6.9872, 6.6839, 9.0969, 6.0109, 9.3066, 6.4496, 6.1025]
}
