{
  "n_part": 50,
  "n_trials": 30,
  "LR_conf_group": 0.731186358723789,
  "LR_disconf_group": 0.826251290505752,
  "inv_temp_group": 2.56718357326463,
  "initQF_group": 1.86330306273885,
  "initQU_group": 7.17581267654896,
  "mu_R_group": [
    [5],
    [5]
  ],
  "sigma_R_group": 2,
  "margin_group": 2,
  "LR_conf": [0.2099, 0.7195, 0.5717, 0.9644, 0.8314, 0.5786, 0.912, 0.7917, 0.6443, 0.6634, 0.6438, 0.972, 0.6766, 0.9439, 0.7303, 0.6218, 0.6438, 0.6868, 0.5154, 0.8531, 0.4945, 0.7205, 0.6548, 0.7834, 0.4642, 0.8412, 0.6366, 0.8982, 0.6936, 0.6759, 0.6598, 0.4662, 0.5545, 0.7801, 0.8267, 0.7555, 0.6888, 0.3913, 0.8002, 0.3865, 0.6857, 0.785, 0.7595, 0.7346, 0.5207, 0.5489, 0.9865, 0.6094, 0.7828, 0.7534],
  "LR_disconf": [0.7658, 0.8289, 0.9265, 0.707, 0.8975, 0.59, 0.9515, 0.824, 0.7489, 0.7781, 0.7265, 0.7084, 0.7008, 0.8049, 0.818, 0.8445, 0.5955, 0.7672, 0.8253, 0.8343, 0.3827, 0.8271, 0.828, 0.7735, 0.67, 0.6209, 0.8056, 0.6554, 0.7698, 0.7907, 0.7814, 0.8235, 0.6346, 0.9497, 0.8688, 0.7869, 0.9025, 0.7833, 0.4578, 0.9195, 0.5159, 0.6446, 0.6205, 0.9788, 0.7204, 0.7211, 0.8849, 0.802, 0.9666, 0.9407],
  "inv_temp": [3.0338, 2.1879, 2.387, 2.9119, 3.0769, 2.7998, 2.2836, 2.3466, 2.9011, 2.8978, 2.763, 2.716, 2.7048, 2.2387, 3.3912, 2.7169, 2.2985, 2.4578, 2.8576, 2.7118, 2.3837, 2.6344, 2.843, 2.6646, 2.5079, 2.4938, 2.3745, 1.913, 2.6278, 1.9867, 2.8611, 2.5701, 2.5027, 2.3895, 2.7069, 2.0639, 2.9785, 2.5695, 2.589, 2.4339, 2.3365, 2.1015, 2.4536, 2.6471, 2.4714, 2.9476, 2.5875, 2.9908, 2.4868, 2.7423],
  "initQF": [2.061, 3.2799, 5.366, 6.2836, 5.0624, 2.0267, 1.1624, 2.7099, 2.4738, 4.9511, 2.2913, 4.492, 1.5334, 1.7143, 3.3902, 4.8084, 1.2548, 3.8086, 2.5705, 1.7431, 1.9872, 4.024, 1.2898, 2.0121, 2.3564, 5.9148, 3.359, 1.3625, 5.1667, 4.2286, 4.9247, 2.8811, 5.6543, 3.3848, 2.2863, 4.2355, 1.0441, 4.1931, 4.79, 1.6583, 2.6212, 1.9644, 3.4257, 1.0553, 1.6444, 4.1459, 3.841, 4.9548, 2.1053, 1.8736],
  "initQU": [6.3419, 8.212, 6.5768, 4.3824, 4.5186, 7.9279, 8.8385, 7.9983, 4.6928, 5.9042, 9.8196, 8.4155, 7.2032, 5.0189, 3.9232, 8.2604, 6.6846, 9.007, 9.7837, 6.3332, 5.8778, 6.7417, 7.6296, 5.8684, 8.0145, 6.285, 8.817, 6.1912, 7.4607, 5.5624, 8.1797, 8.5578, 9.4177, 4.4519, 7.8229, 7.4805, 7.4276, 5.2906, 6.8241, 8.9139, 7.3336, 9.0925, 4.3789, 9.462, 6.4101, 9.733, 7.4808, 8.0819, 8.5637, 8.482]
}
