{
  "n_part": 50,
  "n_trials": 30,
  "LR_conf_group": 0.447540830355138,
  "LR_disconf_group": 0.180079893441871,
  "inv_temp_group": 0.873124103527516,
  "initQF_group": 2.7086057390552,
  "initQU_group": 9.04372188542038,
  "mu_R_group": [
    [5],
    [5]
  ],
  "sigma_R_group": 2,
  "margin_group": 2,
  "LR_conf": [0.4971, 0.7327, 0.5059, 0.6296, 0.5516, 0.4091, 0.2436, 0.7304, 0.624, 0.5027, 0.6823, 0.4713, 0.4066, 0.2189, 0.2399, 0.5697, 0.4878, 0.5639, 0.3633, 0.1738, 0.695, 0.4671, 0.6149, 0.4847, 0.4017, 0.6919, 0.2607, 0.3564, 0.3836, 0.3903, 0.5247, 0.0953, 0.3089, 0.4881, 0.252, 0.5868, 0.0096, 0.3144, 0.3737, 0.6112, 0.8864, 0.4295, 0.5632, 0.4119, 0.5721, 0.3825, 0.1081, 0.5463, 0.4924, 0.3823],
  "LR_disconf": [0.0958, 0.6187, 0.3778, 0.1001, 0.4975, 0.2134, 0.1222, 0.1846, 0.4085, 0.08, 0.0556, 0.1833, 0.2858, 0.1954, 0.3523, 0.2836, 0.0027, 0.5664, 0.1098, 0.1107, 0.1168, 0.0977, 0.2413, 0.2432, 0.4026, 0.4241, 0.2122, 0.4972, 0.2048, 0.5915, 0.3453, 0.3213, 0.4059, 0.0154, 0.4718, 0.4909, 0.3566, 0.1885, 0.0939, 0.1661, 0.1479, 0.2513, 0.1664, 0.1053, 0.0748, 0.1329, 0.4741, 0.2184, 0.4147, 0.2166],
  "inv_temp": [0.8953, 0.9381, 0.8242, 0.6019, 0.8689, 1.0089, 1.2935, 0.9179, 0.758, 0.9625, 1.1902, 1.0836, 0.7121, 0.7058, 1.0617, 0.9703, 1.0201, 1.0747, 1.133, 1.189, 0.6761, 0.467, 1.2815, 0.7519, 0.4813, 0.9261, 1.0096, 0.9744, 0.9915, 1.1115, 1.1591, 0.6294, 0.6547, 0.9625, 0.9462, 0.6431, 0.6815, 0.552, 0.2195, 0.8885, 0.8506, 1.0204, 0.6508, 0.8551, 0.7364, 0.6589, 0.7477, 0.8319, 0.7495, 1.0234],
  "initQF": [1.9018, 4.4466, 5.5969, 4.7074, 3.7193, 5.5517, 3.4408, 5.0072, 2.6775, 1.0266, 5.4923, 4.5718, 2.8918, 3.499, 4.9471, 3.3021, 1.7858, 1.6376, 3.5011, 1.5039, 1.5669, 3.53, 1.2358, 1.9075, 2.1253, 1.3536, 3.4557, 3.7526, 3.7106, 3.1438, 2.4195, 1.0783, 2.5007, 2.3388, 3.755, 6.1486, 4.974, 1.0767, 4.5843, 1.7434, 1.3244, 1.0095, 1.8484, 4.7674, 4.4617, 4.4011, 1.1612, 4.5742, 3.6368, 2.3962],
  "initQU": [9.7212, 9.3343, 8.0583, 6.8117, 6.9062, 7.295, 7.843, 5.4666, 7.7193, 9.2649, 9.7585, 7.0352, 8.4482, 9.7893, 7.3912, 7.1692, 8.5466, 7.6264, 7.751, 6.0313, 8.2819, 9.4075, 7.5213, 9.6185, 8.8866, 8.4794, 6.6604, 7.4018, 6.9302, 8.9172, 9.3467, 7.9196, 9.0721, 9.763, 7.1573, 9.0292, 9.9132, 6.5695, 8.808, 6.639, 9.3542, 6.6874, 2.9318, 8.2788, 9.6077, 6.0294, 7.553, 9.4533, 8.3414, 5.6449]
}
