{
  "n_part": 50,
  "n_trials": 30,
  "LR_conf_group": 0.453963772160932,
  "LR_disconf_group": 0.735018238890916,
  "inv_temp_group": 2.67214117571712,
  "initQF_group": 7.18938315380365,
  "initQU_group": 5.63491423544474,
  "mu_R_group": [
    [5],
    [5]
  ],
  "sigma_R_group": 2,
  "margin_group": 2,
  "LR_conf": [0.4726, 0.3996, 0.5601, 0.2517, 0.3563, 0.5071, 0.2969, 0.4246, 0.7431, 0.1969, 0.6081, 0.306, 0.7033, 0.248, 0.3656, 0.4914, 0.5235, 0.3908, 0.5238, 0.4992, 0.5818, 0.1655, 0.5434, 0.3928, 0.5367, 0.1033, 0.4577, 0.3562, 0.4436, 0.625, 0.4169, 0.5277, 0.5844, 0.691, 0.5959, 0.7216, 0.0655, 0.4668, 0.2048, 0.5975, 0.2945, 0.5274, 0.4735, 0.5866, 0.4654, 0.3262, 0.2161, 0.6175, 0.3505, 0.0478],
  "LR_disconf": [0.1637, 0.5368, 0.7528, 0.7856, 0.8681, 0.7284, 0.7373, 0.8159, 0.7526, 0.3938, 0.7392, 0.8763, 0.6913, 0.9299, 0.984, 0.47, 0.7988, 0.3375, 0.6489, 0.6704, 0.7764, 0.4414, 0.8903, 0.6656, 0.7576, 0.9876, 0.5511, 0.8615, 0.6301, 0.6906, 0.6649, 0.9036, 0.4794, 0.4605, 0.7327, 0.635, 0.5928, 0.7955, 0.9438, 0.3966, 0.7826, 0.7017, 0.7534, 0.7051, 0.9494, 0.6183, 0.62, 0.6884, 0.8241, 0.4577],
  "inv_temp": [2.3932, 2.0494, 2.6997, 2.6105, 2.8628, 2.5931, 2.8591, 2.693, 2.472, 2.4752, 2.3779, 2.4574, 2.8301, 2.6048, 2.8186, 2.7592, 3.022, 2.3225, 3.4631, 2.5962, 2.5394, 2.2385, 2.6773, 2.6112, 2.3394, 2.8014, 2.5434, 2.6947, 2.8998, 2.6117, 2.8438, 2.6285, 2.5241, 2.9637, 2.4527, 2.5466, 2.7713, 2.3376, 2.4813, 2.6534, 2.5122, 2.646, 2.6119, 2.4781, 2.212, 2.5243, 2.3174, 2.5007, 3.0097, 2.5318],
  "initQF": [7.7575, 3.7669, 6.2055, 6.5636, 7.4279, 3.7032, 6.0418, 5.582, 9.6589, 8.5894, 8.1525, 3.7246, 4.3383, 7.9255, 5.8125, 7.7094, 4.9651, 6.5562, 4.7474, 6.5356, 8.0934, 7.142, 3.395, 9.7147, 9.9669, 7.239, 3.5453, 5.7125, 9.3366, 7.1566, 5.5941, 6.8121, 7.512, 7.0027, 8.7898, 6.8582, 6.4035, 9.4643, 4.8666, 5.307, 3.6822, 3.7044, 7.7951, 6.9161, 5.6875, 6.5618, 5.455, 4.2242, 5.7968, 7.7027],
  "initQU": [2.4609, 3.0428, 5.5252, 8.1906, 4.6412, 6.0316, 6.865, 2.2847, 5.2427, 4.8747, 7.654, 4.157, 5.2806, 6.7084, 7.8218, 6.4516, 3.9642, 3.3443, 4.5192, 8.7107, 6.7774, 8.1566, 7.2855, 4.594, 5.2979, 5.8625, 3.6717, 3.001, 2.9282, 4.0725, 2.4042, 7.4756, 4.4111, 7.0913, 6.2584, 7.4627, 5.9489, 5.8155, 3.2789, 2.7786, 7.8125, 4.3751, 2.6748, 4.4393, 6.1093, 5.7237, 7.7104, 4.0842, 1.5144, 5.5062]
}
