{
  "n_part": 50,
  "n_trials": 30,
  "LR_conf_group": 0.606661282479763,
  "LR_disconf_group": 0.912617105059326,
  "inv_temp_group": 2.03224121942185,
  "initQF_group": 1.62504150345922,
  "initQU_group": 8.00043531809933,
  "mu_R_group": [
    [5],
    [5]
  ],
  "sigma_R_group": 2,
  "margin_group": 2,
  "LR_conf": [0.873, 0.2703, 0.3848, 0.7695, 0.9973, 0.4641, 0.7732, 0.5417, 0.2627, 0.5081, 0.6899, 0.6292, 0.7136, 0.5634, 0.3791, 0.7747, 0.6481, 0.4912, 0.8985, 0.6862, 0.7748, 0.4629, 0.1865, 0.6684, 0.5782, 0.7164, 0.246, 0.4639, 0.4307, 0.5482, 0.7258, 0.6069, 0.3964, 0.6178, 0.5706, 0.5458, 0.115, 0.4499, 0.6054, 0.6257, 0.698, 0.9061, 0.4201, 0.5457, 0.4706, 0.5259, 0.6739, 0.5476, 0.459, 0.5792],
  "LR_disconf": [0.8054, 0.766, 0.599, 0.7384, 0.9463, 0.9406, 0.7965, 0.8665, 0.5867, 0.9718, 0.4108, 0.9474, 0.8611, 0.7591, 0.8424, 0.9692, 0.7823, 0.7625, 0.9811, 0.8439, 0.9457, 0.8504, 0.6604, 0.7781, 0.6775, 0.9544, 0.7761, 0.5948, 0.6859, 0.704, 0.7172, 0.8694, 0.7248, 0.6548, 0.4517, 0.6432, 0.7716, 0.8827, 0.9769, 0.7101, 0.6811, 0.8608, 0.8214, 0.8703, 0.7401, 0.5878, 0.7202, 0.4444, 0.7775, 0.7517],
  "inv_temp": [2.0985, 1.8026, 2.0124, 2.0096, 2.2111, 2.1756, 1.9319, 2.3454, 1.8555, 2.0701, 2.1188, 1.8539, 1.9221, 2.3871, 1.7729, 2.3361, 1.8019, 2.2183, 2.5369, 2.9675, 1.9321, 2.2296, 2.1009, 2.1198, 2.0768, 1.9674, 2.0884, 1.8053, 2.0154, 1.9291, 2.6599, 1.8901, 2.3271, 2.1029, 2.2038, 2.0994, 2.1684, 2.1866, 2.1491, 2.6531, 2.6496, 1.7161, 2.0044, 1.8496, 2.1264, 1.8266, 2.4831, 1.9156, 1.4867, 2.5261],
  "initQF": [1.5117, 4.3799, 3.5626, 2.2275, 3.0077, 3.8994, 2.3031, 2.5204, 3.11, 2.8678, 3.8594, 2.4574, 5.4299, 1.2343, 2.446, 2.6073, 1.5224, 2.846, 3.5143, 1.399, 3.0815, 3.5767, 4.9431, 2.4853, 1.0586, 2.2794, 2.9752, 2.3621, 2.0002, 1.8532, 1.4139, 3.9445, 3.2881, 3.4095, 5.1323, 1.4028, 2.0143, 2.4061, 1.4591, 3.1224, 1.6306, 2.2049, 3.3406, 2.8222, 3.8207, 4.1359, 2.8596, 5.77, 2.8078, 4.4582],
  "initQU": [6.305, 7.98, 9.5664, 6.3342, 6.553, 7.0707, 3.2306, 5.0105, 9.3767, 9.0778, 7.6709, 6.1219, 9.1262, 9.0931, 8.3363, 7.8084, 5.9093, 8.4669, 5.4785, 7.889, 8.4586, 8.5989, 8.4857, 6.7316, 7.8418, 6.5366, 9.0643, 7.7492, 9.6613, 7.6529, 8.1626, 4.4663, 8.9804, 6.8279, 7.4494, 8.0151, 9.4272, 6.6186, 9.9759, 4.7865, 6.8818, 7.7298, 7.8044, 6.7321, 6.6564, 9.2795, 7.6871, 6.2635, 7.996, 6.6257]
}
