{
  "n_part": 50,
  "n_trials": 30,
  "LR_conf_group": 0.836310490267351,
  "LR_disconf_group": 0.422813643468544,
  "inv_temp_group": 1.3321798981633,
  "initQF_group": 3.76925487187691,
  "initQU_group": 3.43455284880474,
  "mu_R_group": [
    [5],
    [5]
  ],
  "sigma_R_group": 2,
  "margin_group": 2,
  "LR_conf": [0.85, 0.7191, 0.8501, 0.6827, 0.87, 0.9182, 0.8884, 0.5887, 0.7891, 0.6044, 0.9463, 0.703, 0.834, 0.7808, 0.6594, 0.877, 0.8224, 0.8071, 0.9311, 0.8546, 0.6483, 0.9015, 0.8121, 0.8091, 0.975, 0.6597, 0.5901, 0.9332, 0.9641, 0.8649, 0.7781, 0.856, 0.8493, 0.9158, 0.6348, 0.4907, 0.6886, 0.8572, 0.9651, 0.9576, 0.291, 0.9427, 0.4073, 0.8019, 0.7787, 0.8182, 0.8786, 0.8171, 0.6584, 0.7439],
  "LR_disconf": [0.3163, 0.2783, 0.5808, 0.3905, 0.5097, 0.3697, 0.2258, 0.2176, 0.5145, 0.5986, 0.4775, 0.683, 0.1462, 0.45, 0.0849, 0.268, 0.8474, 0.43, 0.3213, 0.4595, 0.5184, 0.4672, 0.1642, 0.4369, 0.2809, 0.4059, 0.4964, 0.3049, 0.3508, 0.3644, 0.3781, 0.295, 0.8259, 0.5695, 0.2986, 0.5998, 0.5814, 0.2285, 0.553, 0.443, 0.5714, 0.6724, 0.433, 0.5016, 0.8466, 0.3145, 0.423, 0.2186, 0.4382, 0.0621],
  "inv_temp": [0.8136, 0.66, 1.6162, 0.8252, 1.2984, 1.7134, 1.436, 1.0926, 1.2355, 1.3115, 1.2406, 1.5771, 0.9254, 1.0227, 1.0673, 1.5189, 0.8907, 1.0095, 0.876, 1.1417, 1.2559, 1.1203, 1.6671, 1.0484, 1.2926, 1.2733, 1.3277, 1.4405, 1.8639, 0.9984, 1.0161, 1.2876, 1.2437, 1.3316, 1.1355, 1.7182, 1.3208, 1.0703, 1.3812, 1.4659, 0.8058, 1.276, 1.4181, 1.6305, 1.8507, 1.2219, 1.2074, 1.3284, 1.2935, 1.1956],
  "initQF": [5.5836, 3.628, 7.6444, 5.6644, 1.8033, 3.026, 3.8189, 6.8721, 3.628, 4.4537, 6.1047, 7.0472, 5.0664, 2.6719, 4.7458, 3.0204, 3.4592, 1.556, 3.391, 3.1438, 4.5949, 1.975, 3.0267, 2.8182, 5.9125, 4.9554, 5.3756, 3.0401, 3.8246, 4.611, 7.1962, 4.2742, 5.1336, 5.2366, 2.1902, 2.7615, 3.0607, 4.7578, 1.1466, 3.8462, 3.9591, 2.8595, 2.6809, 2.0512, 4.723, 2.8001, 4.2551, 3.2387, 3.5557, 1.3622],
  "initQU": [6.2941, 2.6112, 5.3452, 5.1805, 6.7026, 4.682, 6.1872, 3.824, 3.282, 2.6921, 4.2985, 5.7458, 2.9232, 5.9888, 3.4535, 6.4612, 1.4409, 2.3698, 4.5878, 7.8987, 2.6828, 1.2833, 4.5578, 3.8906, 3.1687, 3.8666, 4.8478, 6.9794, 3.6105, 4.4189, 3.9141, 4.6644, 1.4189, 2.8198, 2.5378, 5.9149, 1.593, 1.1342, 3.6873, 1.1155, 6.0487, 2.643, 4.0048, 1.8384, 2.3537, 3.6124, 4.6683, 2.2906, 2.8558, 2.2714]
}
