{
  "n_part": 50,
  "n_trials": 30,
  "LR_conf_group": 0.241330937482417,
  "LR_disconf_group": 0.54070000955835,
  "inv_temp_group": 0.0990688032470644,
  "initQF_group": 8.6476457673125,
  "initQU_group": 9.22929862770252,
  "mu_R_group": [
    [5],
    [5]
  ],
  "sigma_R_group": 2,
  "margin_group": 2,
  "LR_conf": [0.2163, 0.0962, 0.346, 0.0235, 0.1764, 0.4259, 0.6788, 0.2887, 0.2298, 0.2975, 0.2997, 0.2903, 0.5492, 0.1348, 0.3486, 0.1893, 0.3429, 0.0881, 0.2718, 0.2595, 0.5067, 0.4044, 0.1634, 0.4872, 0.0808, 0.3385, 0.3005, 0.2916, 0.3132, 0.1468, 0.2347, 0.2141, 0.196, 0.1308, 0.632, 0.2475, 0.4765, 0.1958, 0.0329, 0.009, 0.1798, 0.2158, 0.4404, 0.4201, 0.1894, 0.3108, 0.327, 0.3851, 0.1414, 0.3662],
  "LR_disconf": [0.6522, 0.2738, 0.6546, 0.4727, 0.8838, 0.2747, 0.8359, 0.6464, 0.4704, 0.9038, 0.5387, 0.5745, 0.5811, 0.5256, 0.5908, 0.5673, 0.56, 0.5879, 0.6582, 0.45, 0.4548, 0.8255, 0.763, 0.9657, 0.9501, 0.575, 0.6577, 0.7468, 0.5281, 0.2344, 0.5691, 0.4921, 0.492, 0.4999, 0.63, 0.3296, 0.757, 0.2726, 0.6812, 0.5244, 0.471, 0.7428, 0.662, 0.5215, 0.6044, 0.7401, 0.4514, 0.0866, 0.7099, 0.7925],
  "inv_temp": [0.5506, 0.4759, 0.3287, 0.3266, 0.1259, 0.0902, 0.0704, 0.2063, 0.5795, 0.4082, 0.2526, 0.0888, 0.3297, 0.7204, 0.3629, 0.6925, 0.0678, 0.7362, 0.1835, 0.8323, 0.1871, 0.3641, 0.3692, 0.2231, 0.243, 0.0225, 0.1366, 0.064, 0.2696, 0.5195, 0.585, 0.7111, 0.5902, 0.1237, 0.06, 0.347, 0.1763, 0.5961, 0.2534, 0.428, 0.2073, 0.3087, 0.1249, 0.2641, 0.3708, 0.7354, 0.4996, 0.5025, 0.643, 0.645],
  "initQF": [7.5942, 7.2941, 8.0337, 8.7007, 8.0615, 4.9926, 6.3544, 9.0769, 8.8531, 7.4276, 9.952, 7.0033, 8.0008, 6.4742, 8.7076, 7.2698, 8.159, 8.813, 8.8023, 9.7637, 7.1315, 7.4653, 8.5592, 8.6779, 8.882, 7.36, 6.9052, 9.0454, 6.9949, 9.3365, 4.9034, 8.1805, 6.6625, 6.9527, 9.0292, 6.9641, 9.0346, 7.5528, 7.8669, 5.1759, 4.6133, 5.252, 7.5672, 9.5297, 5.8805, 6.62, 9.4131, 8.3454, 5.9775, 8.8699],
  "initQU": [7.8581, 8.0274, 9.2134, 6.4827, 8.9648, 7.698, 9.8804, 9.0904, 7.5321, 7.4863, 7.4256, 5.4304, 8.2737, 5.6629, 8.3899, 9.3736, 7.4157, 9.7672, 6.6168, 8.2117, 8.6196, 8.4033, 9.4935, 7.3439, 5.157, 9.3363, 9.9141, 8.0951, 7.7861, 7.0542, 7.1517, 8.4866, 9.8411, 8.5505, 8.1489, 9.1662, 9.7327, 9.8805, 9.8538, 8.5721, 8.7707, 9.4162, 8.3858, 6.7869, 8.0548, 9.6491, 7.9814, 9.355, 9.635, 9.4912]
}
