{
  "n_part": 50,
  "n_trials": 30,
  "LR_conf_group": 0.83447881299071,
  "LR_disconf_group": 0.44976001768373,
  "inv_temp_group": 1.77044830750674,
  "initQF_group": 2.64745756355114,
  "initQU_group": 6.64852696284652,
  "mu_R_group": [
    [5],
    [5]
  ],
  "sigma_R_group": 2,
  "margin_group": 2,
  "LR_conf": [0.8183, 0.691, 0.7829, 0.89, 0.6865, 0.5719, 0.7308, 0.8539, 0.8228, 0.7209, 0.432, 0.5187, 0.7239, 0.899, 0.5844, 0.7683, 0.6715, 0.9025, 0.4606, 0.5854, 0.815, 0.4165, 0.789, 0.5761, 0.8678, 0.7495, 0.5316, 0.7985, 0.4652, 0.8574, 0.5913, 0.3644, 0.6541, 0.9853, 0.8998, 0.9687, 0.5319, 0.7819, 0.8153, 0.509, 0.8246, 0.5205, 0.7271, 0.917, 0.7307, 0.9465, 0.8323, 0.7654, 0.735, 0.3372],
  "LR_disconf": [0.2456, 0.4156, 0.2702, 0.3073, 0.0968, 0.3907, 0.5935, 0.429, 0.527, 0.5665, 0.5871, 0.8524, 0.5063, 0.1577, 0.1257, 0.5455, 0.3255, 0.4345, 0.4433, 0.1598, 0.452, 0.3285, 0.3362, 0.5846, 0.7378, 0.1779, 0.9351, 0.7278, 0.4995, 0.3822, 0.6296, 0.7371, 0.8126, 0.7964, 0.6239, 0.6232, 0.6978, 0.4842, 0.4809, 0.459, 0.2619, 0.135, 0.4845, 0.3015, 0.3023, 0.5219, 0.4199, 0.6295, 0.6939, 0.2321],
  "inv_temp": [1.4776, 1.7462, 1.3253, 1.8699, 1.3923, 2.2943, 1.5332, 2.2943, 1.6362, 1.9358, 1.815, 1.8074, 1.525, 2.0881, 1.8137, 1.9356, 1.7076, 2.1938, 1.921, 1.8499, 1.0662, 1.3423, 1.3843, 1.0675, 1.3468, 1.8747, 1.708, 2.0774, 1.918, 1.8838, 2.1809, 1.5843, 1.6939, 2.0141, 1.5163, 1.683, 1.4823, 2.0271, 1.8052, 1.7486, 1.8526, 1.6778, 1.8212, 1.7619, 1.9572, 1.7938, 1.6476, 2.0889, 1.8542, 1.6907],
  "initQF": [1.2881, 1.7839, 2.9648, 1.8139, 4.6536, 1.9129, 3.546, 5.1257, 1.4282, 2.307, 3.0405, 5.8902, 1.367, 2.7808, 5.2016, 4.0581, 4.1137, 2.6084, 3.347, 3.4444, 3.8444, 2.1435, 3.3225, 3.6554, 4.7637, 2.5765, 1.0959, 5.5879, 4.2683, 7.1472, 2.3258, 2.1925, 3.5025, 4.662, 4.0801, 1.439, 4.7978, 3.8248, 2.0939, 1.7883, 5.4979, 2.6001, 4.4625, 3.116, 5.3598, 4.075, 3.6023, 1.6861, 3.3439, 3.6861],
  "initQU": [7.1843, 7.7362, 6.5572, 7.8042, 7.8878, 9.4237, 6.1995, 5.788, 7.6984, 9.1549, 8.7498, 6.535, 6.7944, 8.3186, 6.8058, 6.2498, 7.6688, 5.9395, 7.0246, 5.5025, 8.5039, 7.2874, 9.5954, 3.847, 7.7159, 8.8945, 6.3811, 7.282, 5.4064, 3.719, 7.4614, 4.5661, 5.2621, 6.0023, 5.7778, 6.1199, 4.3587, 5.6296, 6.8455, 9.8613, 1.4382, 8.7845, 6.8264, 8.6305, 5.3292, 3.6083, 6.144, 8.2042, 7.2703, 9.9895]
}
