{
  "n_part": 50,
  "n_trials": 30,
  "LR_conf_group": 0.755248629488051,
  "LR_disconf_group": 0.140494177117944,
  "inv_temp_group": 3.60590400290675,
  "initQF_group": 2.30727046704851,
  "initQU_group": 6.58203029073775,
  "mu_R_group": [
    [5],
    [5]
  ],
  "sigma_R_group": 2,
  "margin_group": 2,
  "LR_conf": [0.4236, 0.6789, 0.8169, 0.575, 0.9054, 0.7502, 0.6243, 0.6229, 0.4713, 0.9587, 0.332, 0.5942, 0.576, 0.6512, 0.7512, 0.8516, 0.9223, 0.2881, 0.7643, 0.8498, 0.5673, 0.7367, 0.662, 0.5712, 0.5093, 0.2868, 0.749, 0.6824, 0.6766, 0.9647, 0.6012, 0.7179, 0.6141, 0.6188, 0.6417, 0.4748, 0.9205, 0.2212, 0.5702, 0.9108, 0.5795, 0.623, 0.7299, 0.97, 0.5005, 0.7685, 0.7859, 0.4619, 0.7846, 0.9142],
  "LR_disconf": [0.3992, 0.2814, 0.1158, 0.0518, 0.0698, 0.1514, 0.2479, 0.2962, 0.2884, 0.0703, 0.3827, 0.261, 0.1153, 0.1286, 0.1205, 0.0839, 0.2383, 0.1626, 0.0252, 0.3927, 0.1084, 0.4086, 0.1078, 0.1091, 0.1647, 0.3814, 0.2372, 0.18, 0.5189, 0.1701, 0.0359, 0.2284, 0.0353, 0.1317, 0.2203, 0.0264, 0.5332, 0.0384, 0.3974, 0.0895, 0.0011, 0.3277, 0.4569, 0.0334, 0.5546, 0.0454, 0.1489, 0.0013, 0.5035, 0.1753],
  "inv_temp": [3.7549, 3.4605, 3.6808, 3.5082, 4.0493, 3.4986, 3.5038, 3.7849, 4.5085, 3.7423, 3.7183, 3.6989, 3.163, 2.8742, 3.8824, 3.2785, 4.1677, 3.4384, 3.4452, 3.3835, 3.4093, 4.1589, 3.801, 3.9118, 4.0436, 3.7818, 3.6852, 3.7168, 3.7289, 3.4553, 3.6219, 4.1257, 4.2034, 3.19, 3.627, 3.8404, 3.7801, 2.9996, 3.3441, 2.8677, 4.0658, 3.6481, 3.7024, 3.6599, 3.7041, 3.5085, 3.609, 4.2296, 3.9717, 3.4457],
  "initQF": [3.2946, 2.3236, 3.7236, 3.554, 1.153, 2.2846, 6.1194, 1.8613, 3.5351, 2.8394, 1.3158, 1.3752, 6.2971, 1.997, 3.8764, 3.9281, 1.9808, 1.7191, 4.5869, 4.2288, 3.7999, 3.8365, 1.2132, 3.8675, 2.4761, 3.2403, 2.3119, 1.8236, 3.3999, 4.0074, 1.3579, 3.6077, 2.0681, 3.3972, 3.3066, 3.3662, 1.3603, 3.7827, 3.6319, 1.8662, 2.5406, 2.2899, 5.1382, 1.0003, 4.2737, 2.9176, 2.1745, 1.1136, 2.4991, 4.7324],
  "initQU": [5.793, 5.3331, 3.2562, 9.5282, 6.9654, 9.6308, 5.5055, 8.6198, 4.3224, 3.065, 6.6583, 3.9954, 8.1556, 6.1468, 5.6712, 5.625, 5.2141, 5.3673, 8.1283, 9.2549, 5.9914, 8.4417, 8.5015, 7.3663, 6.2827, 4.7224, 2.4494, 5.6978, 5.3868, 6.6541, 5.1877, 5.0173, 9.2814, 6.6292, 7.2981, 7.5267, 6.2337, 8.4778, 7.0252, 3.7678, 6.5409, 6.0875, 7.9211, 6.593, 5.4971, 7.073, 2.8667, 5.3383, 4.9978, 6.1538]
}
