{
  "n_part": 50,
  "n_trials": 30,
  "LR_conf_group": 0.375016634585336,
  "LR_disconf_group": 0.326773735461757,
  "inv_temp_group": 3.86139973415993,
  "initQF_group": 9.13388048787601,
  "initQU_group": 8.01078169210814,
  "mu_R_group": [
    [5],
    [5]
  ],
  "sigma_R_group": 2,
  "margin_group": 2,
  "LR_conf": [0.1538, 0.6736, 0.3739, 0.3218, 0.657, 0.3877, 0.6182, 0.397, 0.531, 0.6646, 0.778, 0.3262, 0.7231, 0.1119, 0.5577, 0.4545, 0.3843, 0.4938, 0.4267, 0.3706, 0.2975, 0.212, 0.5492, 0.615, 0.0823, 0.4418, 0.3006, 0.3596, 0.288, 0.658, 0.0719, 0.3435, 0.1713, 0.1919, 0.1869, 0.2448, 0.4882, 0.2944, 0.6749, 0.3614, 0.6863, 0.4266, 0.1943, 0.4108, 0.3986, 0.3856, 0.4644, 0.1015, 0.3212, 0.4783],
  "LR_disconf": [0.4905, 0.3805, 0.4781, 0.3963, 0.0461, 0.27, 0.2602, 0.2697, 0.4863, 0.422, 0.1136, 0.3519, 0.682, 0.2615, 0.3413, 0.5956, 0.4129, 0.4501, 0.2431, 0.4483, 0.5464, 0.4298, 0.5328, 0.588, 0.2664, 0.2411, 0.3652, 0.2754, 0.4577, 0.4345, 0.5297, 0.2526, 0.2037, 0.1614, 0.3737, 0.268, 0.2985, 0.2896, 0.5165, 0.4237, 0.1548, 0.1922, 0.2443, 0.2348, 0.4453, 0.2167, 0.537, 0.2349, 0.2621, 0.2957],
  "inv_temp": [3.3992, 3.4137, 3.6878, 3.4032, 3.9789, 4.034, 4.0224, 4.3826, 4.3314, 3.3344, 4.1785, 3.7442, 3.6551, 3.6855, 4.2897, 4.1949, 3.5943, 4.4568, 3.8075, 2.8663, 3.4231, 3.8703, 4.1351, 3.7104, 3.792, 3.8646, 3.8191, 3.5861, 3.6672, 3.7469, 3.3352, 4.2202, 3.6993, 4.0363, 3.4374, 4.2138, 3.898, 4.531, 3.9734, 3.5859, 3.5136, 3.6479, 3.6326, 3.9879, 4.1923, 4.1072, 4.1538, 3.4466, 3.9236, 3.924],
  "initQF": [7.9661, 8.4591, 8.8652, 6.5719, 8.0775, 7.4869, 7.8745, 6.1291, 6.9487, 7.9731, 9.4663, 9.3276, 6.9593, 9.194, 6.391, 8.7033, 7.3717, 8.8689, 7.9885, 7.92, 8.5617, 9.2517, 9.0159, 7.0533, 8.2666, 7.4672, 9.839, 8.3917, 8.2614, 9.4605, 5.4626, 8.6624, 5.9698, 7.2579, 9.9208, 7.4375, 8.1574, 6.6848, 8.6661, 8.6237, 8.1738, 7.176, 5.9146, 8.8911, 7.6662, 6.8843, 8.8793, 8.8912, 9.226, 8.7985],
  "initQU": [9.5618, 7.832, 8.3574, 5.7135, 8.7813, 7.2974, 7.9469, 7.286, 7.5934, 6.5176, 9.5282, 5.7028, 7.3097, 9.8858, 7.9346, 4.527, 7.7162, 6.5734, 8.8782, 6.1963, 7.7699, 7.4267, 5.3056, 7.5433, 6.5788, 7.2062, 7.4017, 9.5556, 6.9967, 6.5644, 9.5922, 8.4302, 8.1775, 7.475, 9.1877, 8.7392, 4.8037, 7.4774, 9.4281, 8.4726, 9.1478, 9.8213, 9.1617, 5.9823, 9.9081, 4.3908, 5.785, 9.0339, 7.4608, 7.2771]
}
