{
  "n_part": 50,
  "n_trials": 30,
  "LR_conf_group": 0.886072295717895,
  "LR_disconf_group": 0.122136204969138,
  "inv_temp_group": 1.23228664626367,
  "initQF_group": 5.75856332923286,
  "initQU_group": 8.77271429239772,
  "mu_R_group": [
    [5],
    [5]
  ],
  "sigma_R_group": 2,
  "margin_group": 2,
  "LR_conf": [0.8663, 0.8615, 0.8473, 0.8384, 0.7544, 0.8663, 0.5605, 0.5632, 0.7298, 0.8608, 0.8804, 0.8331, 0.7362, 0.8434, 0.8273, 0.8781, 0.8536, 0.7883, 0.6872, 0.5372, 0.9071, 0.9753, 0.8818, 0.5599, 0.671, 0.7477, 0.9029, 0.6353, 0.6412, 0.7495, 0.6123, 0.6717, 0.8721, 0.9236, 0.7496, 0.8788, 0.9136, 0.7908, 0.9818, 0.8717, 0.9177, 0.854, 0.6656, 0.9963, 0.8822, 0.7799, 0.9331, 0.8651, 0.652, 0.9762],
  "LR_disconf": [0.1863, 0.1548, 0.0553, 0.178, 0.071, 0.1144, 0.0741, 0.1243, 0.2291, 0.0124, 0.2706, 0.1908, 0.4226, 0.014, 0.0246, 0.4931, 0.3298, 0.1231, 0.2107, 0.1828, 0.5308, 0.1582, 0.0204, 0.3008, 0.4498, 0.2845, 0.1681, 0.1386, 0.1003, 0.3683, 0.3004, 0.3301, 0.3021, 0.1158, 0.4481, 0.4196, 0.1872, 0.2163, 0.3134, 0.1647, 0.1431, 0.1521, 0.3026, 0.1722, 0.0567, 0.1498, 0.1041, 0.2207, 0.1771, 0.247],
  "inv_temp": [1.4006, 1.0138, 1.3728, 1.4817, 1.0741, 1.0037, 1.0095, 0.8323, 1.4787, 1.3518, 1.1618, 1.136, 0.9939, 1.2847, 1.2942, 1.4781, 1.5853, 0.9272, 0.9723, 1.4364, 1.0181, 1.0465, 1.456, 1.1285, 1.549, 1.2291, 0.8997, 1.1218, 1.4378, 0.8695, 1.1489, 1.2351, 1.4779, 1.2776, 1.288, 1.0929, 1.6002, 1.437, 1.2071, 1.0128, 1.8893, 1.3523, 1.661, 0.9587, 0.8439, 1.3183, 1.0748, 1.5005, 1.979, 1.4234],
  "initQF": [1.787, 5.5471, 4.0011, 3.9831, 6.4085, 9.5319, 3.8061, 8.7084, 4.7659, 4.2129, 5.4198, 7.0379, 7.4531, 5.3039, 5.3605, 4.6128, 1.3212, 4.203, 7.5736, 5.2974, 1.4606, 5.3818, 3.7338, 6.0425, 6.153, 7.2543, 6.2021, 4.5081, 5.8647, 4.1556, 4.286, 6.2858, 3.4669, 4.2312, 7.6453, 6.1398, 6.2763, 6.8544, 7.2068, 3.6199, 5.0042, 5.3898, 6.9937, 2.3797, 7.393, 7.521, 5.5151, 6.8279, 5.617, 7.9845],
  "initQU": [9.7003, 7.8482, 8.058, 7.4936, 8.3089, 9.3334, 8.5705, 6.9743, 8.4833, 8.2269, 4.863, 8.3404, 9.2164, 4.9631, 7.332, 6.5097, 7.7351, 4.7342, 6.6359, 6.7554, 9.7868, 9.8651, 5.8373, 9.0785, 6.4118, 6.8129, 8.4961, 7.9367, 4.3651, 7.5069, 4.4591, 7.9809, 7.6693, 4.8393, 8.6991, 6.174, 7.6283, 9.4152, 7.887, 9.7576, 8.2495, 6.0063, 8.4944, 3.2761, 9.85, 8.6772, 7.834, 9.1378, 7.0305, 7.1193]
}
