{
  "n_part": 50,
  "n_trials": 30,
  "LR_conf_group": 0.382965730270371,
  "LR_disconf_group": 0.66555674187839,
  "inv_temp_group": 1.90194663940929,
  "initQF_group": 2.0065258408431,
  "initQU_group": 3.9054815499112,
  "mu_R_group": [
    [5],
    [5]
  ],
  "sigma_R_group": 2,
  "margin_group": 2,
  "LR_conf": [0.3424, 0.0889, 0.2899, 0.4654, 0.4476, 0.3858, 0.149, 0.2548, 0.4631, 0.4359, 0.1431, 0.6261, 0.3546, 0.4012, 0.7054, 0.5014, 0.7905, 0.5539, 0.3252, 0.5209, 0.6996, 0.0957, 0.1092, 0.3169, 0.4718, 0.3404, 0.051, 0.2987, 0.4634, 0.4775, 0.2213, 0.351, 0.3648, 0.4987, 0.1715, 0.2854, 0.3954, 0.5543, 0.2095, 0.4179, 0.3981, 0.2747, 0.1362, 0.2419, 0.3511, 0.4996, 0.3678, 0.3865, 0.3639, 0.3271],
  "LR_disconf": [0.8383, 0.8781, 0.7004, 0.5992, 0.4566, 0.7275, 0.9156, 0.51, 0.4047, 0.4414, 0.9096, 0.6507, 0.5418, 0.9304, 0.5858, 0.6286, 0.926, 0.6346, 0.7505, 0.9138, 0.7743, 0.4714, 0.5046, 0.3772, 0.7402, 0.4973, 0.4853, 0.735, 0.7736, 0.5537, 0.3852, 0.8767, 0.7713, 0.3104, 0.6677, 0.5354, 0.585, 0.6204, 0.9035, 0.4476, 0.9169, 0.7458, 0.5752, 0.6989, 0.8945, 0.1733, 0.7956, 0.7057, 0.8889, 0.7121],
  "inv_temp": [2.0766, 2.3466, 2.1779, 1.8127, 2.1472, 1.8853, 2.1405, 1.927, 1.8494, 2.2649, 1.7054, 1.5766, 2.3535, 1.9221, 2.1663, 1.9469, 1.8716, 1.7395, 2.2426, 1.9922, 1.9474, 1.6421, 1.5233, 1.7868, 2.6022, 1.931, 1.7187, 2.6214, 1.6766, 1.9025, 1.8757, 2.2203, 2.1203, 2.0812, 1.5903, 1.7249, 2.1844, 2.2599, 1.2892, 1.4521, 2.3827, 1.9357, 2.236, 2.0708, 1.8252, 2.1515, 1.4139, 2.2381, 2.3671, 1.5997],
  "initQF": [3.5216, 1.5727, 2.2896, 4.329, 1.4218, 4.0079, 3.4844, 1.8148, 2.133, 2.3302, 2.0032, 1.3793, 1.631, 1.835, 1.9378, 2.6813, 2.3702, 1.1409, 2.6655, 6.3776, 2.5756, 2.1275, 1.1112, 2.2208, 1.9762, 5.0864, 2.6035, 1.0237, 1.8781, 5.289, 5.1112, 4.5993, 2.9135, 3.761, 3.1983, 4.5413, 4.1218, 3.9265, 4.1582, 1.49, 2.7095, 2.4489, 1.5187, 5.3565, 3.0583, 5.5286, 2.0493, 2.0664, 2.1333, 3.063],
  "initQU": [2.6353, 4.4909, 5.7049, 2.3303, 6.4354, 1.6502, 4.641, 3.5828, 3.9945, 7.3831, 2.6637, 5.7298, 2.2434, 1.3767, 3.7615, 2.3388, 3.2407, 3.9989, 4.3508, 3.7175, 4.594, 3.3464, 4.5978, 4.4115, 8.0712, 2.7335, 2.4795, 4.5445, 2.9181, 3.3353, 3.6747, 9.8364, 3.0837, 5.4361, 2.8859, 3.2348, 6.3177, 7.5314, 1.6987, 2.5446, 1.6238, 2.145, 5.5461, 7.0705, 6.5071, 5.04, 4.4977, 2.7297, 2.9296, 2.6711]
}
