{
  "n_part": 50,
  "n_trials": 30,
  "LR_conf_group": 0.728679978521541,
  "LR_disconf_group": 0.854102906305343,
  "inv_temp_group": 0.655967306811363,
  "initQF_group": 1.43671511346474,
  "initQU_group": 5.83953925292008,
  "mu_R_group": [
    [5],
    [5]
  ],
  "sigma_R_group": 2,
  "margin_group": 2,
  "LR_conf": [0.9348, 0.7576, 0.458, 0.5121, 0.7817, 0.6453, 0.7722, 0.847, 0.8286, 0.4682, 0.8135, 0.7513, 0.3258, 0.7432, 0.7911, 0.5533, 0.7461, 0.7275, 0.6499, 0.89, 0.6162, 0.8043, 0.6343, 0.9451, 0.9293, 0.6877, 0.9146, 0.6613, 0.7464, 0.8834, 0.9271, 0.3834, 0.5401, 0.9482, 0.7752, 0.9192, 0.6592, 0.6336, 0.7916, 0.6762, 0.4357, 0.7561, 0.6761, 0.8189, 0.4671, 0.7963, 0.3407, 0.3199, 0.7982, 0.3825],
  "LR_disconf": [0.9884, 0.7234, 0.9672, 0.4967, 0.6831, 0.9621, 0.809, 0.8979, 0.6379, 0.8032, 0.8077, 0.8148, 0.7848, 0.7326, 0.6558, 0.8221, 0.5918, 0.8228, 0.8129, 0.7714, 0.7364, 0.7245, 0.6649, 0.7448, 0.6543, 0.9161, 0.8391, 0.6883, 0.8552, 0.8009, 0.95, 0.6994, 0.529, 0.9132, 0.753, 0.8948, 0.8246, 0.969, 0.4822, 0.5406, 0.7144, 0.5161, 0.8176, 0.9567, 0.6659, 0.8764, 0.5675, 0.7554, 0.8278, 0.3989],
  "inv_temp": [0.4469, 1.0463, 0.9435, 0.1833, 0.8721, 0.5675, 0.4457, 0.4992, 0.381, 0.6789, 1.2007, 0.889, 0.756, 0.7964, 0.7885, 0.5704, 0.8158, 0.8615, 0.2026, 0.191, 1.1034, 0.614, 0.6561, 0.5882, 0.5695, 0.9383, 0.7633, 0.5491, 0.8497, 0.4363, 0.6129, 0.7962, 0.2457, 0.9795, 0.7891, 0.2278, 0.7477, 0.3184, 0.5739, 0.3164, 0.6793, 0.9002, 0.6233, 0.5022, 0.4366, 0.5053, 0.6885, 0.521, 1.0522, 0.8437],
  "initQF": [2.0981, 2.5704, 1.5652, 2.2595, 4.8582, 2.3809, 4.186, 6.5165, 1.8903, 2.9243, 3.1167, 2.2182, 2.2896, 1.1081, 1.1295, 4.2168, 2.8434, 3.6012, 3.873, 3.6439, 2.5524, 1.4657, 1.8375, 4.0977, 3.7244, 2.4191, 4.2154, 1.1944, 3.2373, 2.2859, 5.0857, 1.5957, 1.7894, 5.2136, 2.2815, 3.6613, 4.5041, 1.6249, 1.7782, 1.929, 2.2603, 3.649, 1.3029, 3.8273, 2.1576, 3.0284, 3.0266, 1.6069, 2.4171, 3.4815],
  "initQU": [2.4821, 6.2669, 5.2157, 6.838, 3.6938, 4.9556, 3.6148, 6.7129, 7.8466, 5.7352, 3.554, 1.0748, 5.3196, 4.6087, 4.6956, 3.1931, 3.5836, 3.6366, 1.0264, 4.4667, 4.1936, 2.1114, 5.7536, 6.4242, 7.648, 4.0678, 5.6056, 7.3379, 5.3269, 7.3085, 2.3166, 9.1464, 7.4355, 7.3448, 5.4232, 5.4064, 5.7259, 3.7536, 7.2564, 5.6897, 5.9242, 6.112, 6.601, 8.4616, 6.2414, 7.4955, 4.5775, 4.9739, 5.624, 4.3126]
}
