{
  "n_part": 50,
  "n_trials": 30,
  "LR_conf_group": 0.460643151309341,
  "LR_disconf_group": 0.966334364842623,
  "inv_temp_group": 2.41157225798815,
  "initQF_group": 2.85671736905351,
  "initQU_group": 7.86006768443622,
  "mu_R_group": [
    [5],
    [5]
  ],
  "sigma_R_group": 2,
  "margin_group": 2,
  "LR_conf": [0.2854, 0.4345, 0.5912, 0.5567, 0.5377, 0.0906, 0.4317, 0.3731, 0.4982, 0.4114, 0.831, 0.3789, 0.5242, 0.5214, 0.5317, 0.6382, 0.2108, 0.4755, 0.5872, 0.3799, 0.3197, 0.4635, 0.8711, 0.3876, 0.0433, 0.4897, 0.5183, 0.7222, 0.4721, 0.4102, 0.5633, 0.4752, 0.6056, 0.5285, 0.675, 0.5459, 0.5575, 0.5257, 0.2744, 0.2223, 0.6965, 0.4784, 0.5009, 0.5559, 0.1907, 0.3398, 0.4214, 0.9851, 0.4854, 0.6075],
  "LR_disconf": [0.9563, 0.9401, 0.8154, 0.9088, 0.8211, 0.9148, 0.6692, 0.6634, 0.9007, 0.7228, 0.916, 0.8273, 0.6448, 0.7935, 0.4412, 0.741, 0.971, 0.7711, 0.907, 0.8527, 0.9542, 0.954, 0.7702, 0.9944, 0.7968, 0.9546, 0.8963, 0.8739, 0.903, 0.8584, 0.5814, 0.9224, 0.9331, 0.8978, 0.6829, 0.9665, 0.7891, 0.9843, 0.9968, 0.8517, 0.6872, 0.7635, 0.8417, 0.8961, 0.893, 0.9111, 0.6342, 0.8634, 0.9129, 0.8376],
  "inv_temp": [2.0124, 2.6779, 2.4729, 2.3786, 2.4258, 2.4813, 2.3631, 2.0223, 2.5401, 2.3529, 2.248, 2.71, 1.9174, 1.896, 2.2445, 2.6315, 2.324, 2.5416, 1.9821, 2.5775, 2.4415, 2.5629, 2.2991, 2.4907, 3.0529, 2.4187, 2.3666, 2.1109, 2.4229, 2.1591, 2.19, 2.9422, 2.0807, 2.54, 2.6113, 1.9221, 2.7077, 3.0807, 2.3468, 2.7908, 2.7319, 2.8198, 2.7219, 2.6753, 2.9812, 1.9502, 2.0462, 2.2332, 2.5202, 2.4591],
  "initQF": [4.0993, 3.9696, 4.4048, 3.7223, 4.2333, 3.5874, 5.3357, 4.6456, 2.4026, 3.5314, 6.1532, 2.1332, 4.5351, 1.8658, 5.1028, 3.5368, 7.3158, 5.3864, 3.0256, 5.3195, 3.7089, 3.9506, 5.7813, 4.452, 3.7888, 4.3787, 6.7042, 5.1039, 4.3047, 5.7046, 3.3182, 2.8274, 4.6633, 2.3318, 6.2212, 3.1125, 2.0131, 4.6683, 7.7722, 3.2058, 2.9818, 3.0722, 2.422, 3.8326, 1.2859, 1.2984, 3.8942, 6.5174, 2.2847, 1.8163],
  "initQU": [5.0035, 7.7863, 8.951, 6.8351, 9.5088, 8.3287, 9.6729, 6.4186, 8.9344, 9.2753, 7.0721, 6.6017, 6.6845, 4.0936, 5.5775, 7.6137, 5.3664, 7.7922, 5.3094, 8.0032, 8.9949, 6.8431, 7.0963, 9.1299, 9.2477, 7.5417, 7.3284, 9.5235, 9.604, 5.0979, 8.3521, 8.6141, 7.8336, 7.5861, 6.5411, 8.9371, 8.7212, 9.1368, 6.5133, 5.907, 5.8436, 5.7161, 6.4667, 5.8381, 7.9048, 9.3572, 8.6293, 9.0145, 9.8142, 7.8812]
}
