{
  "n_part": 50,
  "n_trials": 30,
  "LR_conf_group": 0.245629168814048,
  "LR_disconf_group": 0.884402870433405,
  "inv_temp_group": 3.22523043607362,
  "initQF_group": 9.9738857280463,
  "initQU_group": 1.67144745355472,
  "mu_R_group": [
    [5],
    [5]
  ],
  "sigma_R_group": 2,
  "margin_group": 2,
  "LR_conf": [0.3969, 0.262, 0.1236, 0.1177, 0.3531, 0.1584, 0.5864, 0.0788, 0.4226, 0.1305, 0.2165, 0.2645, 0.3681, 0.1826, 0.1331, 0.5079, 0.342, 0.4145, 0.4087, 0.5152, 0.6716, 0.5142, 0.2111, 0.1288, 0.0389, 0.3594, 0.3157, 0.2305, 0.2518, 0.4229, 0.0552, 0.356, 0.2523, 0.3079, 0.1193, 0.3782, 0.5078, 0.3063, 0.2968, 0.0129, 0.4852, 0.3238, 0.176, 0.1841, 0.5497, 0.3167, 0.1094, 0.2328, 0.3721, 0.3747],
  "LR_disconf": [0.9871, 0.9453, 0.7856, 0.5696, 0.629, 0.659, 0.7877, 0.9077, 0.6669, 0.8811, 0.7828, 0.3873, 0.796, 0.8459, 0.9139, 0.7739, 0.8482, 0.8808, 0.8855, 0.7865, 0.9293, 0.8321, 0.8144, 0.9177, 0.6342, 0.7917, 0.8285, 0.8888, 0.7706, 0.6817, 0.6693, 0.6295, 0.8984, 0.4904, 0.9692, 0.6944, 0.8856, 0.7518, 0.7805, 0.8772, 0.9214, 0.9424, 0.9147, 0.9453, 0.9591, 0.7645, 0.7754, 0.8268, 0.8767, 0.6929],
  "inv_temp": [3.0204, 3.042, 3.2584, 3.5771, 3.188, 2.9307, 3.2137, 2.4858, 2.9663, 3.4727, 3.9099, 2.512, 2.9537, 2.9057, 3.282, 3.0044, 3.3482, 3.4808, 3.271, 3.155, 3.7, 3.1172, 3.4535, 2.8826, 2.6045, 3.2106, 3.0954, 3.0734, 2.9398, 2.9237, 3.8722, 2.9986, 3.365, 3.4463, 3.2437, 2.829, 3.0103, 3.4366, 3.8605, 3.173, 3.1365, 3.5692, 3.4376, 3.5195, 3.1448, 3.0304, 3.8886, 3.3478, 3.4377, 3.2775],
  "initQF": [9.3455, 9.5407, 7.2501, 7.5346, 9.5822, 6.2918, 9.8382, 9.4279, 9.878, 4.9908, 9.873, 9.2584, 9.8727, 9.7687, 9.0144, 7.9728, 9.823, 9.6691, 9.0935, 8.7056, 8.1497, 9.9149, 8.4587, 8.5815, 9.4195, 7.6939, 8.5912, 8.0084, 5.4184, 9.5669, 9.0689, 8.0422, 8.6053, 5.4236, 6.869, 9.7768, 6.7481, 8.2755, 9.351, 9.3497, 8.062, 9.795, 8.4351, 4.9958, 6.6875, 8.6645, 9.7321, 8.093, 7.5116, 4.8278],
  "initQU": [2.187, 1.2378, 2.3954, 2.6647, 2.2129, 1.9161, 5.0758, 4.4804, 1.2406, 2.7338, 1.4588, 1.0874, 1.6594, 2.7085, 1.8249, 3.2235, 4.107, 4.2021, 2.1936, 1.4573, 1.0752, 1.0789, 2.2074, 2.4692, 3.374, 1.3057, 6.3111, 5.205, 2.0231, 1.1545, 2.553, 1.6124, 1.3417, 2.3633, 4.1642, 1.5817, 2.5182, 2.5851, 4.277, 1.1359, 2.3172, 2.5185, 2.6691, 1.9064, 3.6339, 3.0124, 3.1968, 5.0947, 2.9253, 3.7514]
}
