{
  "n_part": 50,
  "n_trials": 30,
  "LR_conf_group": 0.633355722529814,
  "LR_disconf_group": 0.0736224348656833,
  "inv_temp_group": 4.8686738521792,
  "initQF_group": 3.87313397298567,
  "initQU_group": 9.55343137681484,
  "mu_R_group": [
    [5],
    [5]
  ],
  "sigma_R_group": 2,
  "margin_group": 2,
  "LR_conf": [0.3589, 0.7502, 0.923, 0.8862, 0.8039, 0.4517, 0.6849, 0.4023, 0.4779, 0.3469, 0.5339, 0.4508, 0.5207, 0.5075, 0.4452, 0.4199, 0.9417, 0.5471, 0.7928, 0.7056, 0.6708, 0.7873, 0.5406, 0.5835, 0.549, 0.7156, 0.5002, 0.5102, 0.6528, 0.4738, 0.5174, 0.945, 0.6392, 0.3526, 0.6599, 0.8824, 0.458, 0.6394, 0.6863, 0.7339, 0.746, 0.5729, 0.5703, 0.538, 0.3497, 0.7942, 0.5364, 0.656, 0.664, 0.8462],
  "LR_disconf": [0.2445, 0.1014, 0.12, 0.111, 0.034, 0.182, 0.1393, 0.3093, 0.4051, 0.2832, 0.0476, 0.0297, 0.2285, 0.4257, 0.131, 0.3017, 0.2449, 0.4462, 0.1775, 0.1881, 0.2033, 0.1593, 0.3611, 0.3311, 0.183, 0.1227, 0.2754, 0.3302, 0.2698, 0.1119, 0.1034, 0.1706, 0.3886, 0.0602, 0.1768, 0.2116, 0.1209, 0.2926, 0.0694, 0.038, 0.1957, 0.2958, 0.2488, 0.0818, 0.1558, 0.2042, 0.4788, 0.2299, 0.3198, 0.1905],
  "inv_temp": [4.8641, 4.6412, 4.7458, 4.4477, 4.9927, 4.8729, 4.7715, 4.578, 4.8039, 4.9181, 4.508, 4.6893, 4.7489, 4.6533, 4.7402, 4.8552, 4.4969, 4.6322, 4.7597, 4.8073, 4.9072, 4.9548, 4.6822, 4.3075, 4.5648, 4.6618, 4.5553, 4.9609, 4.5366, 4.7865, 4.4568, 4.5532, 4.6446, 4.4501, 4.5141, 4.9573, 4.7386, 4.4782, 4.4143, 4.8504, 4.9518, 4.6738, 4.5624, 4.7569, 4.4235, 4.8947, 4.8083, 4.489, 4.6245, 4.764],
  "initQF": [4.2904, 4.9021, 3.2911, 2.9051, 5.0667, 4.75, 1.9784, 4.7462, 3.9371, 5.0903, 2.6174, 5.1775, 4.1779, 2.6695, 3.7294, 2.5271, 7.3084, 3.8947, 4.8869, 3.4367, 7.0587, 4.6491, 5.1036, 2.9559, 2.2529, 1.5128, 4.4471, 2.4447, 4.9072, 6.1805, 3.3149, 4.2445, 4.8888, 7.4441, 6.0446, 7.1712, 3.9284, 5.7872, 4.3872, 3.9162, 4.8659, 3.5877, 2.0515, 1.3322, 4.0554, 3.1114, 5.0309, 3.6682, 3.9631, 6.96],
  "initQU": [4.7299, 9.1246, 9.6923, 8.5596, 9.2175, 9.038, 7.8204, 9.6978, 7.5495, 9.9992, 6.4297, 9.7813, 8.9513, 5.9265, 8.6049, 9.0129, 8.6787, 8.8224, 9.9762, 9.838, 8.5359, 9.4771, 9.8841, 9.1155, 9.0749, 9.5226, 8.3237, 8.5581, 5.4487, 6.5466, 8.4563, 9.5899, 9.1242, 7.7328, 9.3365, 8.8153, 8.711, 5.8507, 9.6517, 6.599, 7.0984, 7.6671, 9.0738, 8.1711, 7.8014, 8.8009, 9.9285, 6.3161, 9.6247, 7.7077]
}
