{
  "n_part": 50,
  "n_trials": 30,
  "LR_conf_group": 0.288934010080993,
  "LR_disconf_group": 0.955810027895495,
  "inv_temp_group": 4.37486444483511,
  "initQF_group": 4.92442650673911,
  "initQU_group": 1.24547255039215,
  "mu_R_group": [
    [5],
    [5]
  ],
  "sigma_R_group": 2,
  "margin_group": 2,
  "LR_conf": [0.3493, 0.0538, 0.227, 0.1537, 0.3953, 0.131, 0.4066, 0.2325, 0.2098, 0.4621, 0.0251, 0.1748, 0.3741, 0.2601, 0.5664, 0.0744, 0.274, 0.1321, 0.4439, 0.4959, 0.3796, 0.1841, 0.0738, 0.2247, 0.5681, 0.0025, 0.715, 0.4917, 0.137, 0.0044, 0.2403, 0.3434, 0.125, 0.3889, 0.1452, 0.1585, 0.3395, 0.4044, 0.3784, 0.2454, 0.2956, 0.2834, 0.3768, 0.3155, 0.2471, 0.4227, 0.405, 0.4235, 0.4458, 0.2947],
  "LR_disconf": [0.9868, 0.6817, 0.6485, 0.8402, 0.5929, 0.6492, 0.9776, 0.8204, 0.8674, 0.7242, 0.7561, 0.9705, 0.7936, 0.8775, 0.8147, 0.7121, 0.832, 0.7082, 0.8921, 0.9991, 0.8199, 0.8079, 0.9546, 0.6569, 0.7588, 0.9265, 0.7941, 0.4105, 0.912, 0.9784, 0.8307, 0.6683, 0.9575, 0.8399, 0.8154, 0.7061, 0.9862, 0.9515, 0.8137, 0.8878, 0.7758, 0.78, 0.8899, 0.8257, 0.9682, 0.8652, 0.6895, 0.8929, 0.9513, 0.9509],
  "inv_temp": [3.9419, 4.5961, 3.7061, 4.2978, 4.1147, 4.5093, 4.5929, 4.2243, 4.0663, 3.6593, 4.6934, 4.5122, 4.6521, 3.8147, 4.593, 3.9996, 4.0576, 4.098, 4.3264, 4.6345, 4.2821, 4.365, 4.0394, 4.1238, 4.5195, 4.1306, 3.9238, 4.5248, 4.2854, 4.4013, 4.5602, 4.089, 4.6001, 4.1327, 4.1789, 4.1407, 4.4969, 4.1084, 4.3005, 4.459, 4.3467, 4.0438, 4.568, 3.9029, 3.9598, 4.0258, 4.6784, 4.5454, 4.1977, 4.4094],
  "initQF": [7.1483, 1.8224, 6.93, 5.3639, 7.1132, 8.4617, 8.6155, 6.4429, 4.558, 6.8732, 1.6312, 6.3276, 4.2035, 6.0008, 8.2344, 5.2677, 8.3099, 7.466, 2.9594, 7.9697, 3.1812, 2.1866, 7.4373, 2.0355, 4.3992, 6.7278, 3.6677, 3.3374, 5.569, 5.376, 5.4418, 8.6352, 5.6699, 1.6395, 1.9589, 7.1763, 3.3343, 5.5874, 6.8885, 4.0882, 4.6634, 2.8633, 7.9519, 5.7427, 6.426, 4.7193, 5.5715, 3.0846, 7.6127, 9.3235],
  "initQU": [1.9753, 4.0874, 1.2831, 2.5636, 3.5492, 1.4516, 1.6428, 1.1451, 1.4948, 3.8534, 1.2959, 1.9503, 3.4466, 1.1587, 2.3952, 3.2798, 2.6479, 5.956, 2.3049, 3.6269, 5.1932, 1.3708, 2.3455, 3.38, 3.9768, 1.6105, 1.9551, 2.3328, 2.9734, 2.8164, 2.7269, 2.6395, 5.097, 2.8397, 2.0985, 3.7169, 3.3261, 1.4714, 2.1255, 1.8297, 3.4335, 1.1909, 1.268, 1.6213, 2.3774, 4.4924, 1.4697, 2.0722, 1.5633, 3.9234]
}
