{
  "n_part": 50,
  "n_trials": 30,
  "LR_conf_group": 0.287789150606841,
  "LR_disconf_group": 0.290869876742363,
  "inv_temp_group": 2.64317136839963,
  "initQF_group": 7.13346045580693,
  "initQU_group": 9.50648858677596,
  "mu_R_group": [
    [5],
    [5]
  ],
  "sigma_R_group": 2,
  "margin_group": 2,
  "LR_conf": [0.513, 0.7177, 0.0277, 0.1381, 0.0718, 0.1741, 0.4018, 0.2775, 0.2187, 0.2133, 0.4486, 0.3893, 0.1292, 0.2967, 0.0047, 0.6274, 0.1035, 0.5909, 0.2756, 0.4082, 0.5039, 0.3667, 0.6052, 0.4852, 0.6182, 0.1754, 0.3064, 0.4048, 0.5253, 0.5042, 0.1779, 0.2165, 0.5386, 0.1851, 0.4942, 0.1336, 0.3945, 0.1283, 0.3102, 0.156, 0.4573, 0.4834, 0.5636, 0.2888, 0.2353, 0.2195, 0.3238, 0.5205, 0.2726, 0.2752],
  "LR_disconf": [0.4329, 0.22, 0.1981, 0.162, 0.2794, 0.3393, 0.4662, 0.1919, 0.0409, 0.3213, 0.459, 0.0771, 0.4134, 0.4163, 0.1585, 0.3069, 0.6557, 0.5014, 0.3062, 0.4572, 0.0393, 0.058, 0.3531, 0.2587, 0.2176, 0.0176, 0.0281, 0.048, 0.4767, 0.3657, 0.0671, 0.3108, 0.2673, 0.3363, 0.5892, 0.5226, 0.0404, 0.6039, 0.2816, 0.4567, 0.537, 0.1702, 0.1209, 0.2489, 0.3648, 0.2119, 0.6012, 0.1635, 0.173, 0.2227],
  "inv_temp": [2.6847, 2.9152, 2.5489, 2.9529, 2.103, 2.5645, 2.0123, 3.0137, 2.9636, 2.6692, 2.8522, 2.5305, 2.2791, 2.6088, 2.7325, 2.8966, 2.4897, 2.8283, 2.8497, 2.421, 2.4773, 2.6637, 2.5457, 2.1098, 2.7725, 2.8577, 2.7644, 3.0313, 3.3323, 2.2436, 2.1276, 2.5072, 2.555, 2.8858, 2.4711, 2.6149, 2.8905, 2.1345, 2.8058, 3.0585, 2.2657, 2.1956, 2.2738, 2.5581, 2.7889, 2.8101, 2.7599, 2.4235, 2.5778, 2.6014],
  "initQF": [5.2806, 7.5094, 2.9084, 4.6926, 5.6455, 4.2816, 8.7395, 8.6581, 6.7302, 8.4346, 2.7666, 7.2884, 7.6795, 6.4393, 8.4947, 9.3016, 5.8589, 5.5187, 6.6797, 4.6025, 4.688, 8.0887, 7.2776, 5.4249, 6.8952, 5.3025, 5.2663, 7.2023, 8.4748, 5.8331, 7.6634, 5.2439, 7.6676, 9.0013, 6.725, 5.5475, 9.8713, 3.3784, 5.069, 9.4331, 6.5694, 9.2203, 7.9259, 7.9273, 4.7856, 9.0857, 5.6889, 6.7749, 6.516, 8.1458],
  "initQU": [5.9066, 9.6541, 7.4435, 9.1412, 6.498, 6.5948, 9.7063, 6.4282, 9.2341, 8.8338, 6.1493, 9.6885, 9.2069, 7.3384, 6.8805, 9.1038, 7.9897, 9.8765, 9.856, 8.1335, 7.7242, 6.6153, 6.3123, 9.9383, 7.8628, 9.2629, 8.3441, 7.6291, 5.0869, 8.0552, 7.9218, 9.2334, 9.5087, 6.7286, 9.0159, 9.7229, 9.5476, 7.7257, 8.0649, 9.7632, 9.5779, 5.9445, 9.8443, 8.5498, 9.4085, 8.6939, 9.2914, 8.0589, 7.8698, 8.9552]
}
