{
  "n_part": 50,
  "n_trials": 30,
  "LR_conf_group": 0.193970000138506,
  "LR_disconf_group": 0.928508795099333,
  "inv_temp_group": 4.40221271361224,
  "initQF_group": 5.92326297820546,
  "initQU_group": 8.93443074449897,
  "mu_R_group": [
    [5],
    [5]
  ],
  "sigma_R_group": 2,
  "margin_group": 2,
  "LR_conf": [0.2581, 0.1948, 0.4584, 0.1938, 0.0236, 0.2558, 0.209, 0.2871, 0.2064, 0.2101, 0.0285, 0.4601, 0.4579, 0.5208, 0.0122, 0.3599, 0.2262, 0.5126, 0.4223, 0.0854, 0.3027, 0.1881, 0.4076, 0.1595, 0.1169, 0.3053, 0.4315, 0.0929, 0.1698, 0.1546, 0.2485, 0.1275, 0.2468, 0.0751, 0.2056, 0.2169, 0.3692, 0.3711, 0.2147, 0.1579, 0.2683, 0.3215, 0.548, 0.0771, 0.1517, 0.7165, 0.1176, 0.0316, 0.2549, 0.2491],
  "LR_disconf": [0.9477, 0.9347, 0.7851, 0.7966, 0.8322, 0.8227, 0.9499, 0.8684, 0.5765, 0.8497, 0.7562, 0.8066, 0.7171, 0.9703, 0.3487, 0.909, 0.9727, 0.8179, 0.6764, 0.8182, 0.5817, 0.9545, 0.772, 0.674, 0.7345, 0.8552, 0.8442, 0.5115, 0.8471, 0.9336, 0.7823, 0.7703, 0.9502, 0.5284, 0.9042, 0.9636, 0.5467, 0.6222, 0.867, 0.8728, 0.9087, 0.9733, 0.8312, 0.9289, 0.9624, 0.9402, 0.7313, 0.6828, 0.8859, 0.5763],
  "inv_temp": [3.9778, 4.3433, 4.4753, 4.488, 4.4317, 4.0827, 4.0076, 4.8979, 4.7199, 4.9735, 4.1219, 4.432, 4.2853, 4.6417, 4.386, 4.8786, 4.4851, 4.6923, 4.2846, 4.6933, 4.4365, 4.8741, 4.2602, 4.103, 4.4201, 4.4749, 4.8805, 4.0228, 4.3012, 4.2554, 4.1095, 4.4843, 4.4845, 4.4376, 4.9271, 4.531, 4.4352, 4.2617, 4.3362, 4.2667, 4.1539, 4.5739, 3.6039, 4.0768, 4.0653, 4.0919, 3.9879, 4.1573, 4.5421, 4.5193],
  "initQF": [8.8073, 5.1341, 4.2836, 5.5087, 3.0878, 3.4595, 1.5292, 4.2959, 7.9317, 6.9016, 3.5148, 7.7811, 6.6828, 2.1619, 6.3647, 6.0167, 2.7516, 4.4339, 8.6783, 8.7579, 6.3202, 6.2362, 4.3669, 8.7123, 8.6746, 7.9692, 6.5584, 7.6633, 3.0976, 4.0612, 4.9809, 6.0939, 5.3669, 6.982, 6.1395, 4.6173, 3.6076, 4.4237, 5.2368, 5.2472, 6.267, 6.2428, 6.0574, 3.9889, 5.3771, 9.5542, 5.7993, 5.7215, 6.5146, 4.8903],
  "initQU": [7.453, 7.2066, 8.9009, 9.7023, 8.0026, 8.472, 8.3979, 6.7208, 9.4748, 9.776, 8.9877, 9.0255, 7.1981, 9.0824, 9.1844, 6.4055, 5.2088, 8.1864, 4.6644, 9.3284, 8.8963, 9.7877, 7.4705, 7.7016, 6.2508, 7.352, 5.9104, 9.614, 9.3472, 9.9923, 7.5399, 9.4976, 8.4625, 9.0553, 7.6363, 9.6048, 9.5985, 7.2806, 7.5567, 8.5618, 8.8976, 8.0073, 5.9805, 5.9894, 8.9984, 5.5376, 7.2874, 8.3314, 9.3723, 4.5279]
}
