{
  "n_part": 50,
  "n_trials": 30,
  "LR_conf_group": 0.0830526147037745,
  "LR_disconf_group": 0.646760039497167,
  "inv_temp_group": 1.62227104534395,
  "initQF_group": 1.1825487986207,
  "initQU_group": 1.57603586628102,
  "mu_R_group": [
    [5],
    [5]
  ],
  "sigma_R_group": 2,
  "margin_group": 2,
  "LR_conf": [0.1139, 0.0189, 0.0542, 0.1355, 0.1455, 0.0455, 0.1378, 0.1036, 0.2568, 0.003, 0.1314, 0.131, 0.2737, 0.1625, 0.1759, 0.072, 0.279, 0.3421, 0.0457, 0.2337, 0.3164, 0.1429, 0.3107, 0.173, 0.1145, 0.0382, 0.0348, 0.0572, 0.0728, 0.0928, 0.0561, 0.1036, 0.0271, 0.64, 0.1716, 0.2029, 0.0978, 0.2051, 0.0604, 0.2111, 0.1581, 0.4009, 0.1481, 0.0661, 0.0873, 0.0987, 0.1323, 0.416, 0.463, 0.2447],
  "LR_disconf": [0.8552, 0.3739, 0.6606, 0.34, 0.5024, 0.5757, 0.5899, 0.8961, 0.5693, 0.9534, 0.3495, 0.4747, 0.6478, 0.4101, 0.7093, 0.606, 0.5654, 0.6818, 0.6351, 0.5611, 0.5653, 0.6176, 0.6103, 0.908, 0.5185, 0.5545, 0.5657, 0.5832, 0.6428, 0.6123, 0.5846, 0.4083, 0.8684, 0.8272, 0.5799, 0.711, 0.3153, 0.6224, 0.6682, 0.6311, 0.6853, 0.6415, 0.5635, 0.4422, 0.6761, 0.6109, 0.7938, 0.7085, 0.5247, 0.8654],
  "inv_temp": [1.4285, 1.8905, 1.3222, 2.109, 1.7706, 1.8419, 1.9763, 1.6217, 1.3612, 1.1936, 1.1004, 1.5312, 1.9723, 1.5071, 2.2078, 1.2909, 1.7634, 0.831, 1.1654, 1.3141, 1.7486, 1.7752, 1.6964, 1.4045, 1.5506, 1.6739, 1.6662, 1.5118, 1.552, 0.7617, 1.4019, 1.9547, 1.8051, 1.5447, 1.4539, 1.3107, 1.457, 1.5379, 1.894, 1.2557, 1.6546, 1.7132, 1.9528, 2.1475, 1.205, 1.7327, 1.2355, 1.8672, 1.6248, 1.4005],
  "initQF": [1.4662, 1.0003, 1.4416, 1.1486, 2.8313, 2.1289, 3.2163, 2.595, 2.876, 3.5238, 1.2306, 3.203, 1.1252, 1.7289, 1.2504, 3.207, 1.9391, 3.6234, 4.5794, 1.0845, 1.5133, 3.6812, 1.5977, 1.6939, 1.1765, 2.4316, 1.5037, 1.8359, 3.877, 1.0757, 2.0808, 6.4696, 2.861, 1.2593, 2.0647, 5.9483, 3.3514, 1.2979, 4.4178, 2.8833, 2.2551, 1.8382, 1.6388, 2.428, 3.0887, 3.0189, 3.3619, 1.3028, 1.1876, 3.7652],
  "initQU": [1.9012, 1.5827, 3.3584, 2.5295, 5.1161, 3.229, 4.4801, 3.0786, 2.9258, 4.2326, 3.8964, 1.5518, 2.1308, 1, 1.4191, 2.9838, 3.6744, 4.4294, 3.6588, 1.9702, 1.852, 2.3059, 1.8902, 3.3321, 1.7529, 1.8832, 1.4441, 2.2411, 1.2531, 4.1541, 5.1943, 1.7172, 4.9153, 3.0946, 3.6482, 7.0978, 2.8444, 1.8237, 4.3154, 2.4587, 6.6507, 6.1085, 3.848, 1.5337, 3.5695, 1.6087, 1.2241, 2.1995, 4.1099, 2.4388]
}
