{
  "n_part": 50,
  "n_trials": 30,
  "LR_conf_group": 0.659397153416649,
  "LR_disconf_group": 0.248651515925303,
  "inv_temp_group": 1.59140984411351,
  "initQF_group": 3.38390693394467,
  "initQU_group": 9.39036387926899,
  "mu_R_group": [
    [5],
    [5]
  ],
  "sigma_R_group": 2,
  "margin_group": 2,
  "LR_conf": [0.5876, 0.9076, 0.6436, 0.5432, 0.6021, 0.511, 0.8056, 0.5387, 0.9522, 0.7726, 0.4577, 0.8459, 0.4569, 0.5463, 0.4341, 0.5288, 0.8748, 0.5855, 0.7971, 0.7799, 0.6357, 0.6464, 0.5265, 0.1997, 0.4663, 0.4587, 0.728, 0.5557, 0.6925, 0.9044, 0.5072, 0.5478, 0.5338, 0.9437, 0.6017, 0.5706, 0.6486, 0.7168, 0.6509, 0.5706, 0.7428, 0.6849, 0.7088, 0.6642, 0.49, 0.7524, 0.9937, 0.767, 0.8174, 0.6466],
  "LR_disconf": [0.3419, 0.4733, 0.2685, 0.2111, 0.1933, 0.3694, 0.3054, 0.2547, 0.3281, 0.2236, 0.3525, 0.0654, 0.2789, 0.4918, 0.0628, 0.5122, 0.2727, 0.2435, 0.1801, 0.5228, 0.3361, 0.2106, 0.0191, 0.3814, 0.5104, 0.1226, 0.2006, 0.1557, 0.1879, 0.1467, 0.2975, 0.6153, 0.5537, 0.1794, 0.0992, 0.3532, 0.1231, 0.3049, 0.218, 0.2121, 0.2283, 0.2629, 0.5394, 0.4198, 0.1129, 0.0799, 0.5665, 0.634, 0.4821, 0.2672],
  "inv_temp": [1.3403, 1.4346, 1.2296, 2.179, 1.2913, 1.3752, 1.5194, 1.5235, 1.8459, 1.941, 1.1803, 1.8365, 1.8358, 1.1242, 2.0856, 1.408, 1.4503, 1.6722, 1.743, 1.1913, 2.1685, 2.1031, 1.5021, 1.8874, 1.3206, 1.534, 1.4092, 2.1552, 1.6935, 1.8921, 0.8085, 1.5113, 1.598, 1.5991, 1.409, 1.7253, 1.29, 1.1757, 1.6044, 1.4673, 1.2989, 1.7744, 1.3083, 1.7822, 2.0995, 1.7461, 1.5039, 1.7565, 1.8895, 2.3204],
  "initQF": [4.1678, 1.7784, 2.7084, 4.8927, 4.5607, 5.3268, 5.0555, 3.5581, 3.2766, 3.9604, 3.3063, 4.1985, 2.6592, 3.9333, 4.4522, 1.0892, 4.3006, 6.3575, 5.5304, 3.5517, 5.5829, 1.7254, 3.6001, 6.4402, 5.3854, 6.3339, 4.2165, 5.7277, 1.1361, 3.1693, 6.1236, 3.1787, 4.0316, 1.9056, 2.2899, 1.5782, 3.4952, 5.1319, 3.0355, 4.6009, 4.8464, 4.4907, 5.8057, 4.1084, 3.0617, 3.457, 9.0215, 6.8077, 1.4764, 5.1192],
  "initQU": [8.8548, 8.5679, 8.5122, 8.0488, 6.1678, 7.8502, 9.4394, 7.6858, 9.4977, 8.1762, 7.7083, 8.4475, 9.0038, 5.7428, 7.6674, 5.2968, 5.7276, 8.9879, 9.845, 9.8027, 8.1174, 7.8756, 6.0892, 7.3346, 9.7873, 8.3319, 9.0325, 8.0263, 9.0508, 9.9661, 9.0353, 6.7115, 8.1734, 9.5662, 8.8621, 9.4012, 6.5933, 8.0399, 9.3645, 6.0849, 6.1165, 8.1565, 9.3026, 8.4987, 7.7435, 9.6111, 6.297, 9.7782, 5.1967, 7.3669]
}
