{
  "n_part": 50,
  "n_trials": 30,
  "LR_conf_group": 0.921245361678302,
  "LR_disconf_group": 0.627082212595269,
  "inv_temp_group": 2.46940720477141,
  "initQF_group": 1.66643981751986,
  "initQU_group": 8.180874890415,
  "mu_R_group": [
    [5],
    [5]
  ],
  "sigma_R_group": 2,
  "margin_group": 2,
  "LR_conf": [0.8795, 0.8387, 0.989, 0.7672, 0.9692, 0.7063, 0.8788, 0.9247, 0.6634, 0.67, 0.8891, 0.9631, 0.6503, 0.9343, 0.9469, 0.9104, 0.9547, 0.8559, 0.5537, 0.6333, 0.8361, 0.6895, 0.9548, 0.8427, 0.8337, 0.88, 0.539, 0.9142, 0.4744, 0.8368, 0.8203, 0.7583, 0.9152, 0.7127, 0.758, 0.7933, 0.7131, 0.9366, 0.4458, 0.8305, 0.8045, 0.469, 0.7276, 0.9729, 0.9114, 0.978, 0.8879, 0.8088, 0.871, 0.5835],
  "LR_disconf": [0.6254, 0.5288, 0.788, 0.6931, 0.624, 0.5944, 0.5363, 0.4637, 0.5895, 0.5398, 0.8121, 0.7988, 0.6835, 0.2394, 0.56, 0.6344, 0.8052, 0.7808, 0.6801, 0.6229, 0.8381, 0.4874, 0.4588, 0.376, 0.4604, 0.3171, 0.6215, 0.6051, 0.5916, 0.1912, 0.9101, 0.7473, 0.4426, 0.7219, 0.542, 0.8222, 0.5537, 0.7669, 0.9469, 0.4818, 0.416, 0.5643, 0.8033, 0.4943, 0.9501, 0.866, 0.7782, 0.4292, 0.8144, 0.4526],
  "inv_temp": [2.511, 2.2868, 2.3377, 2.173, 2.3002, 2.4017, 2.5335, 2.8582, 2.9137, 2.5671, 2.3225, 2.548, 2.3284, 2.616, 2.5251, 2.6734, 1.9272, 1.9661, 2.9332, 2.7795, 2.5565, 1.848, 2.6784, 2.78, 2.484, 2.5122, 2.5429, 2.5655, 1.6988, 2.4778, 2.0919, 2.7478, 2.1081, 2.4467, 2.425, 2.5649, 2.6807, 2.6357, 2.9253, 2.6126, 2.2647, 2.0306, 2.8858, 2.4255, 3.2516, 3.0737, 2.6394, 2.5097, 2.0974, 2.7329],
  "initQF": [5.1005, 6.2611, 7.2857, 2.7693, 4.7979, 3.7897, 4.0337, 5.4044, 2.6374, 2.3415, 1.051, 7.4009, 2.0217, 1.1316, 1.4281, 2.1204, 5.8656, 1.1536, 1.3218, 2.287, 4.3272, 2.5585, 4.8094, 5.0111, 1.0344, 2.5429, 1.6893, 2.1147, 5.4438, 2.4669, 1.4213, 2.9151, 4.1644, 2.6563, 1.6908, 1.7792, 4.0948, 1.4296, 2.4308, 7.2394, 3.5052, 1.7581, 3.627, 2.944, 3.3779, 1.2244, 3.306, 3.4661, 2.0346, 3.3612],
  "initQU": [9.4084, 6.5924, 7.9293, 9.0717, 6.1226, 9.6124, 9.4762, 7.8214, 8.8628, 8.1948, 5.1688, 6.6818, 7.2307, 3.45, 8.6275, 9.1549, 6.2444, 4.4662, 9.2348, 9.3221, 9.0663, 8.7379, 6.3069, 8.8478, 6.2919, 5.5639, 5.516, 5.4326, 9.8361, 6.858, 8.4993, 8.668, 8.2157, 8.1177, 6.8655, 9.6259, 5.5655, 8.6781, 9.8004, 7.0338, 7.4836, 7.3694, 7.2557, 7.8448, 8.0936, 7.1919, 8.1883, 8.63, 1.503, 9.5725]
}
