{
  "n_part": 50,
  "n_trials": 30,
  "LR_conf_group": 0.232970390003175,
  "LR_disconf_group": 0.544514572015032,
  "inv_temp_group": 0.0741800002288073,
  "initQF_group": 9.71570937871002,
  "initQU_group": 8.89442287711427,
  "mu_R_group": [
    [5],
    [5]
  ],
  "sigma_R_group": 2,
  "margin_group": 2,
  "LR_conf": [0.1468, 0.0751, 0.446, 0.1913, 0.1404, 0.2172, 0.1505, 0.0609, 0.3799, 0.0115, 0.1871, 0.3507, 0.2976, 0.6127, 0.1842, 0.3708, 0.5053, 0.4829, 0.4059, 0.4424, 0.3686, 0.2487, 0.1168, 0.7267, 0.1694, 0.0526, 0.3485, 0.4799, 0.2201, 0.031, 0.3905, 0.0381, 0.3858, 0.3673, 0.5464, 0.3423, 0.3723, 0.0641, 0.024, 0.3354, 0.187, 0.2835, 0.2953, 0.378, 0.6217, 0.0615, 0.2061, 0.0883, 0.3802, 0.6107],
  "LR_disconf": [0.471, 0.9058, 0.8047, 0.8781, 0.4044, 0.6977, 0.4993, 0.3565, 0.6391, 0.7681, 0.2859, 0.363, 0.5164, 0.5626, 0.6853, 0.9545, 0.1769, 0.4505, 0.5622, 0.3935, 0.1517, 0.5394, 0.6538, 0.3485, 0.4526, 0.5778, 0.4617, 0.7266, 0.4426, 0.5211, 0.592, 0.4663, 0.4242, 0.937, 0.3171, 0.3107, 0.046, 0.4345, 0.8471, 0.5029, 0.7096, 0.5074, 0.5658, 0.7902, 0.3457, 0.3867, 0.493, 0.7401, 0.274, 0.5604],
  "inv_temp": [0.2483, 0.0799, 0.1333, 0.1096, 0.2081, 0.0986, 0.4493, 0.081, 0.0788, 0.2529, 0.2399, 0.0636, 0.2816, 0.2672, 0.6765, 0.2846, 0.0511, 0.3434, 0.2048, 0.1894, 0.2539, 0.325, 0.2525, 0.1394, 0.2827, 0.0125, 0.1501, 0.0607, 0.0178, 0.0447, 0.4446, 0.3337, 0.4749, 0.1574, 0.1002, 0.529, 0.1475, 0.2824, 0.342, 0.2969, 0.4033, 0.2793, 0.1849, 0.0718, 0.4096, 0.4957, 0.2581, 0.3222, 0.268, 0.356],
  "initQF": [9.0796, 9.1469, 7.3756, 6.7494, 7.5904, 6.4947, 7.6275, 7.983, 7.6538, 7.1825, 9.3179, 8.9378, 7.7349, 7.7517, 6.1957, 6.7189, 6.192, 8.7372, 8.4611, 9.5642, 9.4413, 9.7248, 7.6416, 9.3437, 8.8674, 7.0937, 9.8263, 9.5404, 7.2117, 7.3015, 9.4241, 9.749, 9.1795, 9.5757, 8.6903, 9.8434, 9.6286, 8.4916, 5.8808, 6.693, 9.581, 9.8317, 6.8583, 5.1326, 8.92, 9.1819, 8.8287, 7.3086, 8.6913, 9.6434],
  "initQU": [8.2441, 7.4532, 8.9435, 7.9407, 8.431, 9.6615, 8.9139, 8.8489, 9.5169, 5.9138, 6.0948, 8.2872, 7.2744, 8.0872, 9.2727, 8.6318, 8.879, 6.3222, 6.0725, 7.0196, 9.9201, 8.793, 7.4921, 8.4608, 9.9643, 8.2132, 6.0091, 7.0536, 8.1676, 6.1931, 7.5541, 9.8429, 4.7016, 5.6777, 7.9215, 6.6193, 6.9332, 7.0033, 6.9846, 7.8938, 5.8204, 9.1398, 5.7361, 9.5518, 7.3472, 7.3732, 9.3342, 6.9052, 9.1137, 9.8248]
}
