{
  "n_part": 50,
  "n_trials": 30,
  "LR_conf_group": 0.659936407813802,
  "LR_disconf_group": 0.806150033371523,
  "inv_temp_group": 3.23502109968103,
  "initQF_group": 5.39381283079274,
  "initQU_group": 5.61045343219303,
  "mu_R_group": [
    [5],
    [5]
  ],
  "sigma_R_group": 2,
  "margin_group": 2,
  "LR_conf": [0.925, 0.7452, 0.5802, 0.7056, 0.6297, 0.7064, 0.6473, 0.5719, 0.8312, 0.7906, 0.5903, 0.906, 0.7685, 0.7885, 0.6962, 0.5018, 0.3685, 0.2833, 0.3008, 0.3789, 0.6953, 0.8898, 0.7487, 0.1579, 0.8918, 0.4938, 0.7907, 0.8493, 0.4793, 0.6702, 0.4056, 0.4672, 0.6647, 0.8713, 0.9897, 0.6649, 0.4405, 0.8478, 0.5117, 0.9351, 0.7284, 0.415, 0.4865, 0.4784, 0.4285, 0.3538, 0.7168, 0.7406, 0.7808, 0.5231],
  "LR_disconf": [0.4443, 0.9359, 0.6888, 0.8977, 0.8283, 0.9461, 0.9085, 0.4671, 0.5165, 0.7895, 0.8824, 0.9074, 0.3259, 0.962, 0.9015, 0.5553, 0.7017, 0.7878, 0.7023, 0.7158, 0.8508, 0.782, 0.9171, 0.8792, 0.9043, 0.692, 0.7134, 0.8745, 0.4682, 0.6729, 0.5303, 0.8489, 0.6061, 0.6181, 0.7284, 0.4936, 0.9364, 0.7664, 0.9072, 0.9096, 0.7258, 0.8956, 0.202, 0.6721, 0.8534, 0.8541, 0.5468, 0.9755, 0.5744, 0.7357],
  "inv_temp": [3.068, 3.3044, 3.8173, 3.1945, 3.2621, 2.8453, 2.9789, 3.2509, 3.677, 3.239, 3.1971, 3.3877, 3.1617, 2.9342, 3.2404, 3.4726, 3.2049, 3.5043, 2.9648, 3.3103, 3.5356, 3.2469, 2.6523, 3.6184, 3.5484, 3.4751, 3.2263, 3.153, 3.0585, 3.305, 3.281, 2.6631, 2.7759, 3.2187, 2.9453, 3.281, 2.5829, 3.4564, 3.6084, 3.3761, 3.8915, 3.3096, 3.0367, 3.376, 3.1076, 3.8469, 3.2126, 3.1206, 2.7782, 2.8855],
  "initQF": [3.4336, 3.6651, 4.9662, 7.2347, 6.9536, 8.774, 4.9726, 8.1468, 6.2604, 7.0141, 5.5784, 2.126, 6.4446, 6.1432, 5.2941, 2.6149, 9.0264, 5.0995, 3.4689, 3.1521, 6.0573, 4.9427, 7.0915, 7.7336, 7.9495, 2.4635, 3.0808, 3.7624, 6.6711, 5.6701, 6.6397, 3.1007, 4.1684, 5.7796, 8.0155, 4.6565, 4.1664, 6.0501, 5.3865, 2.6999, 7.2812, 7.0875, 2.9503, 3.63, 7.5779, 3.3356, 6.0758, 4.4219, 8.0738, 3.6974],
  "initQU": [5.7475, 4.5114, 8.5646, 8.9832, 8.5219, 5.7461, 7.991, 4.3103, 6.1813, 5.9724, 7.5457, 4.2832, 7.4062, 8.3515, 3.9665, 2.8249, 2.2214, 5.2606, 2.455, 4.1935, 4.6997, 7.8615, 4.5576, 5.514, 5.7646, 7.2708, 6.9053, 6.2045, 5.8466, 7.4987, 3.4626, 5.9763, 5.4534, 4.0709, 6.6484, 6.0213, 4.8489, 3.8376, 5.955, 7.4139, 4.7814, 8.4056, 7.5352, 3.9348, 6.8223, 5.713, 4.762, 6.7564, 6.5273, 5.6192]
}
