{
  "n_part": 50,
  "n_trials": 30,
  "LR_conf_group": 0.788339493563399,
  "LR_disconf_group": 0.0766193796880543,
  "inv_temp_group": 2.00003538746387,
  "initQF_group": 4.16889054328203,
  "initQU_group": 3.4443711838685,
  "mu_R_group": [
    [5],
    [5]
  ],
  "sigma_R_group": 2,
  "margin_group": 2,
  "LR_conf": [0.7428, 0.5427, 0.8592, 0.8353, 0.9702, 0.3795, 0.8627, 0.8089, 0.5149, 0.7073, 0.5223, 0.8587, 0.6466, 0.9131, 0.5943, 0.5919, 0.8005, 0.8893, 0.9174, 0.6485, 0.3914, 0.9667, 0.5702, 0.9565, 0.8814, 0.8508, 0.9692, 0.7933, 0.6606, 0.7548, 0.7459, 0.9711, 0.6643, 0.6742, 0.6772, 0.6042, 0.702, 0.5571, 0.9787, 0.6717, 0.6904, 0.936, 0.7093, 0.9598, 0.7093, 0.5489, 0.7991, 0.7904, 0.751, 0.8973],
  "LR_disconf": [0.2034, 0.3056, 0.2441, 0.0889, 0.2412, 0.2953, 0.0225, 0.1811, 0.0599, 0.0424, 0.1836, 0.1192, 0.0016, 0.0695, 0.3052, 0.1898, 0.0008, 0.3775, 0.6957, 0.3596, 0.0386, 0.3428, 0.4902, 0.0973, 0.1988, 0.1397, 0.1187, 0.1381, 0.1136, 0.0887, 0.1475, 0.2126, 0.282, 0.0827, 0.0031, 0.1051, 0.2751, 0.2112, 0.1019, 0.0815, 0.1796, 0.1416, 0.0684, 0.0282, 0.2532, 0.2942, 0.111, 0.0267, 0.0191, 0.0575],
  "inv_temp": [2.391, 2.255, 2.1178, 1.8539, 1.6935, 2.1367, 1.9545, 2.2953, 1.7432, 2.4337, 1.9047, 1.6359, 2.2261, 2.3361, 1.9341, 1.7809, 1.1828, 1.813, 1.6616, 2.3061, 2.0509, 2.0715, 1.8396, 2.0846, 2.3227, 2.5193, 1.7842, 1.6981, 2.4185, 2.0505, 1.8194, 2.2035, 2.4477, 1.5949, 1.9102, 1.8828, 2.0565, 1.4657, 2.3136, 2.027, 2.0566, 1.6077, 2.0002, 2.0809, 2.0507, 2.1416, 2.168, 2.3435, 2.5314, 1.7756],
  "initQF": [4.2702, 5.2694, 9.5224, 2.4856, 4.6419, 4.211, 7.2587, 7.6485, 3.7359, 3.9832, 6.7267, 6.8148, 2.2797, 6.9926, 2.4146, 5.9392, 1.5554, 3.5823, 1.7676, 4.9493, 4.5776, 5.4987, 5.5215, 3.7517, 2.6531, 4.3909, 5.5315, 1.9456, 4.1756, 2.2754, 6.0307, 5.7148, 6.1501, 5.892, 2.7113, 2.8669, 3.8358, 7.07, 7.1182, 5.7918, 3.7844, 3.423, 4.8938, 4.7892, 7.2173, 4.5818, 4.1682, 5.5561, 4.0587, 1.8761],
  "initQU": [2.6149, 1.5955, 5.3226, 5.7243, 2.9666, 7.1384, 1.844, 2.7529, 5.0757, 3.5265, 8.937, 6.7505, 3.5757, 2.4014, 3.5904, 4.6395, 4.3879, 4.2771, 3.9739, 5.889, 2.3693, 1.9204, 2.5819, 4.3782, 4.1491, 2.1612, 1.4546, 4.064, 2.8434, 7.3838, 2.135, 5.0361, 6.0853, 2.4974, 4.5926, 4.9579, 3.6049, 4.5495, 2.7542, 3.6662, 5.6004, 3.9214, 4.8297, 2.6332, 4.4084, 8.2356, 5.5395, 2.0093, 4.2359, 5.539]
}
