{
  "n_part": 50,
  "n_trials": 30,
  "LR_conf_group": 0.784046470886096,
  "LR_disconf_group": 0.266954967519268,
  "inv_temp_group": 0.131237369496375,
  "initQF_group": 5.58055081451312,
  "initQU_group": 4.66131736128591,
  "mu_R_group": [
    [5],
    [5]
  ],
  "sigma_R_group": 2,
  "margin_group": 2,
  "LR_conf": [0.6668, 0.7337, 0.8618, 0.8599, 0.9935, 0.7524, 0.9329, 0.7125, 0.9061, 0.722, 0.7888, 0.7287, 0.5304, 0.6454, 0.5094, 0.4769, 0.6875, 0.6322, 0.634, 0.6559, 0.8872, 0.578, 0.8293, 0.7269, 0.82, 0.6499, 0.523, 0.7111, 0.755, 0.6421, 0.7144, 0.512, 0.9885, 0.551, 0.8089, 0.5315, 0.4697, 0.6541, 0.5024, 0.6395, 0.8035, 0.7615, 0.882, 0.4689, 0.5359, 0.8728, 0.4519, 0.4615, 0.5902, 0.6817],
  "LR_disconf": [0.549, 0.1229, 0.2973, 0.2519, 0.2374, 0.1223, 0.4087, 0.4181, 0.3908, 0.4987, 0.2801, 0.4849, 0.4574, 0.1476, 0.458, 0.0602, 0.5231, 0.3097, 0.3213, 0.2645, 0.2432, 0.5083, 0.5022, 0.1745, 0.0124, 0.2513, 0.181, 0.2472, 0.3803, 0.3758, 0.3176, 0.4568, 0.0667, 0.0284, 0.3384, 0.2835, 0.0941, 0.3418, 0.2033, 0.2533, 0.232, 0.4926, 0.3021, 0.2997, 0.3794, 0.3445, 0.385, 0.5488, 0.0549, 0.1726],
  "inv_temp": [0.413, 0.5947, 0.1505, 0.0421, 0.2634, 0.0543, 0.2194, 0.2839, 0.4873, 0.3161, 0.9293, 0.4655, 0.187, 0.255, 0.0114, 0.0055, 0.5171, 0.1704, 0.1611, 0.3508, 0.2999, 0.533, 0.4171, 0.213, 0.2885, 0.3079, 0.4267, 0.1072, 0.6748, 0.4939, 0.5028, 0.5311, 0.6186, 0.1342, 0.3366, 0.0549, 0.2501, 0.2047, 0.2948, 0.7079, 0.5442, 0.2806, 0.4101, 0.2997, 0.2524, 0.33, 0.3887, 0.2313, 0.4282, 0.5778],
  "initQF": [3.3992, 6.7629, 5.8117, 6.0423, 7.2387, 5.1124, 1.6574, 8.7743, 4.4092, 4.0483, 6.6197, 7.1319, 2.742, 5.6315, 5.7562, 6.0702, 3.9928, 6.08, 5.7388, 2.5354, 5.3318, 9.5495, 2.0866, 7.5275, 8.1521, 7.7379, 3.2463, 5.354, 5.0394, 3.7678, 7.9122, 9.7802, 5.665, 6.5803, 4.8393, 4.4036, 5.1939, 3.9371, 5.1196, 6.3078, 4.6282, 4.3836, 2.6973, 5.7393, 2.9683, 3.5672, 6.7708, 5.2544, 4.0202, 4.1464],
  "initQU": [6.091, 5.7951, 3.2875, 5.353, 7.587, 6.8061, 3.297, 5.3878, 4.274, 5.9063, 3.2665, 5.1479, 6.0519, 4.473, 6.3682, 6.07, 3.8046, 5.9335, 2.4232, 5.6119, 5.7939, 1.0201, 5.0456, 2.4745, 3.9319, 5.0941, 6.8445, 6.5865, 5.0239, 4.3882, 6.4911, 4.6492, 5.718, 6.5251, 5.0068, 5.19, 5.3, 1.9646, 5.9694, 5.9764, 3.7514, 3.3541, 3.3841, 1.4432, 6.3899, 5.7842, 1.7045, 7.8539, 3.9077, 4.2483]
}
