{
  "n_part": 50,
  "n_trials": 30,
  "LR_conf_group": 0.587786294985563,
  "LR_disconf_group": 0.112210817402229,
  "inv_temp_group": 1.13062866730615,
  "initQF_group": 6.7773528562393,
  "initQU_group": 6.04461753438227,
  "mu_R_group": [
    [5],
    [5]
  ],
  "sigma_R_group": 2,
  "margin_group": 2,
  "LR_conf": [0.692, 0.575, 0.4431, 0.1731, 0.7141, 0.6386, 0.4435, 0.9566, 0.9874, 0.6232, 0.5704, 0.3391, 0.572, 0.6563, 0.8437, 0.6617, 0.5244, 0.3116, 0.4641, 0.9835, 0.4614, 0.6235, 0.3813, 0.825, 0.8964, 0.5726, 0.7603, 0.4757, 0.1913, 0.6869, 0.6966, 0.502, 0.6334, 0.8192, 0.0899, 0.5584, 0.7419, 0.7196, 0.8761, 0.5884, 0.5509, 0.5376, 0.4729, 0.2246, 0.9833, 0.7916, 0.5649, 0.7092, 0.5575, 0.6391],
  "LR_disconf": [0.1423, 0.143, 0.4202, 0.2731, 0.0217, 0.1513, 0.2077, 0.1637, 0.1154, 0.0635, 0.2454, 0.326, 0.1999, 0.1352, 0.1203, 0.1865, 0.2996, 0.3774, 0.4211, 0.3462, 0.0515, 0.3018, 0.2923, 0.0731, 0.0712, 0.0167, 0.1187, 0.0326, 0.0111, 0.1459, 0.4199, 0.014, 0.2392, 0.016, 0.2748, 0.2806, 0.2137, 0.3778, 0.4284, 0.0392, 0.1772, 0.3274, 0.2721, 0.255, 0.2285, 0.0678, 0.2281, 0.0475, 0.3451, 0.155],
  "inv_temp": [0.7412, 0.6632, 0.9857, 1.4291, 0.7993, 1.1406, 1.3273, 1.2484, 0.3428, 1.6965, 0.8518, 1.163, 1.2515, 1.1487, 1.4184, 1.3202, 1.5158, 1.5044, 1.2263, 1.2215, 1.6751, 0.8754, 1.3761, 1.0811, 1.2087, 1.3654, 1.0688, 0.7046, 0.6732, 1.1278, 1.9331, 1.5964, 0.9711, 1.4144, 0.9931, 0.7632, 1.5431, 0.9418, 0.977, 1.5103, 0.9567, 0.9403, 1.2965, 1.0603, 1.1533, 1.1372, 1.0737, 0.7511, 0.7856, 1.6927],
  "initQF": [7.1108, 5.9324, 6.5248, 8.0632, 5.0028, 5.2583, 3.5294, 3.4552, 7.6848, 2.9062, 8.4195, 7.7641, 4.7755, 7.9803, 3.8412, 7.9776, 3.7049, 6.0802, 9.0047, 8.6227, 5.2804, 6.0219, 6.0603, 7.502, 7.8175, 8.8028, 5.6988, 6.4548, 7.5845, 5.3153, 8.2643, 6.4992, 6.1976, 6.8968, 5.2433, 6.5262, 7.0034, 7.2409, 5.0553, 5.0987, 7.0188, 3.6772, 8.0972, 8.797, 7.6379, 6.571, 6.8826, 8.4404, 7.5993, 9.3728],
  "initQU": [4.8935, 6.8853, 3.2955, 4.135, 9.4965, 4.8222, 7.9591, 3.072, 6.5, 7.8902, 5.2949, 6.073, 5.3666, 2.8938, 7.9626, 6.6206, 5.3126, 6.4799, 6.859, 5.602, 4.742, 8.8718, 5.5535, 5.9965, 5.7176, 9.3087, 6.4657, 5.6205, 2.9157, 2.16, 4.1295, 5.6716, 8.4183, 6.4581, 4.9145, 4.0405, 3.1374, 8.4614, 6.3533, 5.6535, 5.1212, 6.2739, 6.5819, 9.0277, 5.4792, 4.9645, 4.6961, 7.7575, 9.5849, 2.5133]
}
