{
  "n_part": 50,
  "n_trials": 30,
  "LR_conf_group": 0.246932290028781,
  "LR_disconf_group": 0.905817548278719,
  "inv_temp_group": 4.95838289381936,
  "initQF_group": 5.73100701579824,
  "initQU_group": 9.02329004299827,
  "mu_R_group": [
    [5],
    [5]
  ],
  "sigma_R_group": 2,
  "margin_group": 2,
  "LR_conf": [0.1787, 0.3612, 0.3217, 0.2082, 0.3176, 0.142, 0.2751, 0.3997, 0.1439, 0.542, 0.1413, 0.3556, 0.236, 0.0198, 0.4592, 0.0379, 0.0456, 0.4364, 0.0166, 0.3586, 0.4766, 0.1049, 0.2813, 0.2449, 0.4343, 0.1256, 0.375, 0.0724, 0.06, 0.0776, 0.5027, 0.6323, 0.1945, 0.1391, 0.1248, 0.0016, 0.0477, 0.3215, 0.2946, 0.2068, 0.0259, 0.1697, 0.1254, 0.131, 0.6033, 0.3722, 0.3791, 0.1301, 0.4396, 0.046],
  "LR_disconf": [0.8374, 0.7115, 0.6351, 0.9411, 0.5561, 0.962, 0.6419, 0.7881, 0.6227, 0.8643, 0.667, 0.8922, 0.9459, 0.9616, 0.7465, 0.4088, 0.4995, 0.9967, 0.4929, 0.9355, 0.8987, 0.8827, 0.8392, 0.8863, 0.85, 0.6049, 0.7597, 0.9363, 0.7714, 0.9583, 0.865, 0.7076, 0.8168, 0.6944, 0.7096, 0.8871, 0.4893, 0.9833, 0.9768, 0.745, 0.773, 0.957, 0.809, 0.6467, 0.9924, 0.9092, 0.8659, 0.9946, 0.9824, 0.7687],
  "inv_temp": [4.9673, 4.8554, 4.9528, 4.5689, 4.3149, 4.453, 4.6251, 4.9253, 4.8849, 4.9025, 4.4528, 4.9318, 4.6307, 4.7859, 4.7654, 4.6331, 4.7807, 4.8948, 4.7446, 4.8632, 4.8639, 4.7348, 4.8082, 4.8558, 4.5601, 4.2166, 4.7854, 4.6156, 4.9479, 4.9475, 4.538, 4.8622, 4.933, 4.5373, 4.4059, 4.8839, 4.9022, 4.9249, 4.9516, 4.8223, 4.6997, 4.9553, 4.889, 4.9037, 4.8027, 4.6373, 4.7242, 4.2642, 4.4879, 4.6336],
  "initQF": [7.9963, 7.6208, 5.2176, 3.5094, 5.9021, 7.0108, 3.9239, 6.4544, 7.8244, 5.4041, 4.2427, 8.4453, 2.4457, 2.3692, 6.1783, 7.7565, 3.6993, 5.7911, 8.0561, 5.3615, 2.1551, 8.8146, 3.8834, 3.4718, 6.5562, 6.5731, 7.1408, 8.1494, 6.822, 2.9674, 4.9533, 5.6874, 6.9482, 5.5526, 7.628, 6.4719, 7.759, 9.5369, 3.6843, 1.9766, 5.1602, 5.1791, 7.734, 3.3899, 4.7398, 7.7525, 4.6932, 8.6988, 4.8302, 3.9967],
  "initQU": [6.7878, 7.4905, 7.3804, 7.6875, 8.3239, 9.106, 9.6047, 8.2758, 9.7662, 6.8226, 8.0231, 8.6197, 8.9392, 7.7311, 9.2436, 9.8576, 9.9485, 8.5968, 9.4163, 5.0014, 9.3747, 4.7714, 7.3918, 9.6318, 8.4255, 8.9175, 5.5081, 8.6713, 7.5582, 8.0159, 8.5083, 6.8524, 8.1765, 7.0088, 6.3094, 7.5335, 7.1005, 8.6305, 8.0879, 9.557, 8.645, 4.2841, 7.9247, 6.9286, 7.377, 8.0315, 8.4931, 7.2064, 7.8152, 6.6851]
}
