{
  "n_part": 50,
  "n_trials": 30,
  "LR_conf_group": 0.367793462937698,
  "LR_disconf_group": 0.0561843663454056,
  "inv_temp_group": 2.55925215431489,
  "initQF_group": 4.58407430769876,
  "initQU_group": 5.4012571175117,
  "mu_R_group": [
    [5],
    [5]
  ],
  "sigma_R_group": 2,
  "margin_group": 2,
  "LR_conf": [0.3307, 0.2942, 0.1501, 0.1901, 0.3131, 0.2677, 0.1283, 0.1766, 0.5263, 0.819, 0.3772, 0.2676, 0.2883, 0.0305, 0.578, 0.1264, 0.5966, 0.3287, 0.2519, 0.54, 0.2897, 0.4441, 0.6284, 0.0346, 0.7328, 0.5545, 0.7678, 0.4842, 0.5476, 0.1352, 0.6335, 0.3283, 0.2774, 0.4052, 0.2437, 0.4229, 0.3797, 0.4352, 0.4305, 0.2243, 0.4743, 0.3172, 0.1385, 0.6042, 0.4835, 0.2476, 0.4199, 0.6943, 0.4818, 0.4122],
  "LR_disconf": [0.2072, 0.0941, 0.179, 0.2482, 0.1402, 0.6286, 0.1521, 0.0902, 0.4455, 0.0461, 0.0473, 0.0491, 0.1198, 0.4424, 0.1636, 0.0517, 0.2294, 0.456, 0.2353, 0.6187, 0.3688, 0.0006, 0.22, 0.0139, 0.2219, 0.0008, 0.4381, 0.0285, 0.4758, 0.1326, 0.1359, 0.3958, 0.2226, 0.2119, 0.057, 0.2228, 0.4227, 0.2691, 0.119, 0.1767, 0.3189, 0.2508, 0.0046, 0.2005, 0.3281, 0.215, 0.0344, 0.0999, 0.1573, 0.1255],
  "inv_temp": [2.6775, 2.6877, 2.91, 1.6846, 2.6629, 2.8275, 2.429, 2.466, 2.6092, 3.1738, 2.5215, 2.6953, 2.5358, 2.5699, 2.7366, 2.2372, 2.8485, 2.1453, 2.7523, 3.2351, 2.3138, 3.2153, 2.1956, 2.2641, 3.0548, 2.7802, 2.9255, 2.799, 2.273, 2.5283, 2.7296, 2.7106, 1.7906, 2.0111, 2.4558, 2.3661, 2.2483, 3.0746, 2.2609, 2.5401, 2.5395, 2.6454, 1.6481, 2.6494, 2.7799, 2.2591, 2.5724, 2.7328, 2.6887, 2.7882],
  "initQF": [6.0451, 3.284, 4.8178, 6.6628, 4.7792, 4.1726, 3.5405, 5.3989, 5.6934, 3.7497, 8.0432, 5.7566, 5.3594, 7.8154, 6.046, 4.5939, 6.9637, 4.8913, 2.3833, 2.2969, 6.8896, 7.0183, 5.8901, 6.843, 2.9443, 3.4695, 6.4789, 4.7119, 6.9697, 3.881, 1.1763, 3.6688, 4.8495, 3.5883, 3.4393, 2.3796, 2.7873, 1.4074, 4.2156, 4.6738, 4.0924, 6.6096, 7.3948, 1.9957, 6.6171, 3.402, 8.8856, 6.5417, 2.1649, 2.9325],
  "initQU": [3.1314, 7.0773, 3.4172, 8.2398, 5.4548, 6.2062, 2.547, 6.5911, 6.8121, 1.7771, 6.9825, 7.2698, 4.8618, 6.6473, 5.9734, 2.2227, 7.4653, 5.8586, 2.4029, 7.3813, 4.8564, 2.4872, 6.0686, 4.7629, 2.8118, 6.8582, 7.6134, 3.8626, 7.396, 6.8879, 6.2264, 3.6684, 5.05, 4.5495, 7.545, 5.2072, 6.2747, 6.5813, 5.9847, 3.7253, 6.1287, 6.1554, 5.0224, 6.5382, 3.8866, 4.773, 6.9172, 7.9885, 3.7879, 3.4036]
}
