{
  "n_part": 50,
  "n_trials": 30,
  "LR_conf_group": 0.729476158041507,
  "LR_disconf_group": 0.962947959080338,
  "inv_temp_group": 1.17594620911404,
  "initQF_group": 6.86656513134949,
  "initQU_group": 1.99356716917828,
  "mu_R_group": [
    [5],
    [5]
  ],
  "sigma_R_group": 2,
  "margin_group": 2,
  "LR_conf": [0.7349, 0.6676, 0.7062, 0.9771, 0.6028, 0.8602, 0.4111, 0.8491, 0.9529, 0.5235, 0.6466, 0.8369, 0.4919, 0.6538, 0.4758, 0.4498, 0.9379, 0.7082, 0.5976, 0.785, 0.4197, 0.6212, 0.7039, 0.669, 0.6876, 0.5643, 0.3377, 0.5515, 0.524, 0.7243, 0.95, 0.6965, 0.7042, 0.6772, 0.4783, 0.9178, 0.47, 0.4369, 0.8283, 0.864, 0.4024, 0.8952, 0.465, 0.7275, 0.5968, 0.7929, 0.9611, 0.4955, 0.395, 0.6334],
  "LR_disconf": [0.9219, 0.6578, 0.8276, 0.89, 0.7845, 0.8488, 0.7223, 0.8231, 0.8355, 0.9389, 0.7776, 0.7345, 0.8779, 0.7154, 0.7435, 0.838, 0.8202, 0.4766, 0.8344, 0.9644, 0.5357, 0.8574, 0.7393, 0.804, 0.7317, 0.949, 0.8992, 0.7571, 0.9525, 0.882, 0.8804, 0.7144, 0.9084, 0.8438, 0.9026, 0.8636, 0.7328, 0.966, 0.9071, 0.7092, 0.9593, 0.5982, 0.7476, 0.9248, 0.9298, 0.6497, 0.8146, 0.6663, 0.7206, 0.7242],
  "inv_temp": [0.641, 1.0304, 1.2998, 1.2751, 1.5096, 1.3955, 0.8251, 0.8643, 1.0062, 1.4267, 1.387, 1.6575, 1.4826, 1.4451, 1.5103, 1.2589, 1.1122, 1.5183, 1.2493, 0.7819, 1.2018, 1.1953, 0.9377, 1.1572, 0.7879, 1.6727, 1.2717, 1.5219, 1.4281, 1.3092, 1.1847, 0.4995, 1.3862, 0.5939, 1.0939, 0.5247, 0.9556, 0.7516, 1.275, 1.3432, 1.1385, 0.8623, 0.9151, 0.9158, 1.0602, 0.5789, 0.9473, 0.6431, 1.1821, 0.6185],
  "initQF": [5.8834, 5.5917, 7.1045, 7.4294, 6.5293, 9.7168, 5.686, 6.0009, 7.1703, 9.0979, 6.2558, 3.4806, 5.1532, 7.0648, 8.1119, 6.2881, 8.4082, 7.5075, 6.8448, 8.737, 8.276, 5.5289, 6.8588, 8.2445, 6.9812, 7.0935, 6.9781, 6.4301, 6.2664, 4.5967, 8.8289, 6.8754, 5.8209, 6.1108, 5.8589, 9.7405, 8.3626, 7.969, 7.9563, 6.41, 7.2582, 6.0189, 6.7883, 7.9556, 8.9682, 3.0194, 5.1772, 9.587, 7.2835, 5.9342],
  "initQU": [1.9588, 3.8219, 1.4435, 2.6547, 1.2571, 3.8352, 3.5999, 2.4582, 3.7486, 1.9396, 6.373, 4.0201, 3.3295, 3.5977, 2.2217, 1.3724, 3.931, 2.4088, 3.5525, 4.108, 1.6432, 4.6345, 2.8295, 1.9181, 1.1687, 4.6034, 6.1792, 2.2259, 2.2265, 3.2774, 2.5134, 1.2464, 5.4975, 3.2479, 2.3444, 4.3787, 5.2166, 1.5492, 3.3738, 2.4113, 1.5539, 5.3943, 4.4691, 2.4288, 1.4847, 3.3783, 5.8878, 2.4343, 5.8929, 1.3776]
}
