{
  "n_part": 50,
  "n_trials": 30,
  "LR_conf_group": 0.201011589029804,
  "LR_disconf_group": 0.104120642179623,
  "inv_temp_group": 1.54222611221485,
  "initQF_group": 6.20286588394083,
  "initQU_group": 5.55773199046962,
  "mu_R_group": [
    [5],
    [5]
  ],
  "sigma_R_group": 2,
  "margin_group": 2,
  "LR_conf": [0.3471, 0.4378, 0.2397, 0.1302, 0.3766, 0.1785, 0.2811, 0.2341, 0.1765, 0.3207, 0.6197, 0.3258, 0.3863, 0.355, 0.2916, 0.0859, 0.4159, 0.3593, 0.4756, 0.0672, 0.3278, 0.2982, 0.1209, 0.3317, 0.4761, 0.2357, 0.0696, 0.3649, 0.1193, 0.1877, 0.2786, 0.1359, 0.2631, 0.3248, 0.1093, 0.0769, 0.1924, 0.3134, 0.0659, 0.127, 0.3626, 0.7479, 0.2401, 0.2959, 0.3999, 0.425, 0.123, 0.2491, 0.2096, 0.3371],
  "LR_disconf": [0.0579, 0.5723, 0.245, 0.1594, 0.0557, 0.3191, 0.1226, 0.1881, 0.519, 0.0098, 0.098, 0.2727, 0.1687, 0.0899, 0.0129, 0.15, 0.3009, 0.5678, 0.3188, 0.3774, 0.1676, 0.5542, 0.0792, 0.0418, 0.3268, 0.45, 0.3253, 0.0533, 0.1217, 0.317, 0.2699, 0.0922, 0.0229, 0.1309, 0.3556, 0.3876, 0.0985, 0.1422, 0.2826, 0.0358, 0.0158, 0.2281, 0.1959, 0.0965, 0.2376, 0.0713, 0.3949, 0.3762, 0.299, 0.0442],
  "inv_temp": [1.8307, 1.2917, 1.397, 2.1947, 1.7279, 1.2542, 1.8666, 1.3382, 0.6687, 1.87, 1.0069, 1.2418, 1.6136, 1.7277, 1.2099, 1.1248, 1.4841, 1.7761, 1.7967, 1.0465, 1.6057, 1.2396, 1.7378, 2.2357, 1.6108, 1.4612, 1.4083, 1.3537, 1.3761, 1.1758, 1.6269, 1.1828, 1.5444, 1.3597, 1.1563, 1.2962, 1.3265, 1.8821, 1.614, 1.3538, 1.6538, 2.1305, 1.7624, 1.853, 1.19, 1.5613, 1.6283, 1.4028, 1.8581, 1.3851],
  "initQF": [9.8373, 3.7088, 8.765, 2.3986, 4.052, 6.3657, 9.4524, 8.7702, 6.3591, 6.0459, 7.4131, 6.2163, 3.8711, 3.6558, 7.1062, 4.91, 8.4107, 9.4347, 5.5307, 3.2803, 3.0137, 5.045, 5.0512, 4.0574, 4.9542, 7.447, 7.6353, 2.6444, 2.7285, 4.5235, 6.0848, 6.4289, 6.8944, 7.163, 5.1496, 4.0707, 3.1567, 5.9618, 7.3636, 6.5206, 6.8353, 7.8613, 6.1511, 7.6304, 2.0146, 8.1654, 7.7267, 5.3218, 7.3338, 4.3574],
  "initQU": [4.9912, 5.6195, 5.9125, 5.8955, 6.0929, 2.9186, 5.8323, 3.1495, 4.4424, 4.6915, 7.8538, 1.1062, 3.3471, 4.205, 4.2719, 9.1794, 1.5077, 4.7896, 3.8088, 5.9543, 5.8473, 5.5557, 6.5434, 4.1544, 8.3492, 3.5481, 6.8978, 8.3069, 7.1671, 5.6778, 4.5348, 4.7194, 7.6438, 2.9475, 2.0048, 4.2643, 5.4236, 8.15, 7.3716, 4.601, 7.9949, 1.8373, 5.207, 6.2535, 5.3087, 8.4881, 6.1112, 5.4293, 5.111, 6.6992]
}
