{
  "n_part": 50,
  "n_trials": 30,
  "LR_conf_group": 0.639676163904369,
  "LR_disconf_group": 0.0801967277657241,
  "inv_temp_group": 2.41760377772152,
  "initQF_group": 7.90269886539318,
  "initQU_group": 6.18976002396084,
  "mu_R_group": [
    [5],
    [5]
  ],
  "sigma_R_group": 2,
  "margin_group": 2,
  "LR_conf": [0.6154, 0.386, 0.6168, 0.5525, 0.5799, 0.6707, 0.6618, 0.8692, 0.7979, 0.7989, 0.4581, 0.6393, 0.3367, 0.8402, 0.9175, 0.7674, 0.685, 0.7783, 0.6497, 0.4086, 0.656, 0.8936, 0.5517, 0.7112, 0.5311, 0.5811, 0.5907, 0.9198, 0.6067, 0.3357, 0.9023, 0.488, 0.7223, 0.3129, 0.4382, 0.5767, 0.9513, 0.8202, 0.8776, 0.5368, 0.7362, 0.583, 0.4962, 0.236, 0.4261, 0.3456, 0.8202, 0.4383, 0.6629, 0.6931],
  "LR_disconf": [0.2542, 0.1257, 0.2271, 0.1058, 0.3095, 0.1374, 0.2991, 0.0411, 0.1451, 0.006, 0.3152, 0.2048, 0.1531, 0.1584, 0.0395, 0.0828, 0.4111, 0.2288, 0.0392, 0.5002, 0.2057, 0.1857, 0.1961, 0.0772, 0.1986, 0.0434, 0.3478, 0.0568, 0.3726, 0.2497, 0.0282, 0.0282, 0.285, 0.0228, 0.2388, 0.1696, 0.2561, 0.1031, 0.1948, 0.2885, 0.0677, 0.1896, 0.0952, 0.1319, 0.0028, 0.0813, 0.3009, 0.1506, 0.3197, 0.0679],
  "inv_temp": [2.0801, 2.2978, 2.783, 2.3654, 2.6273, 2.4737, 2.3776, 2.6598, 2.3558, 2.192, 2.5488, 2.3666, 1.8522, 1.9175, 2.7238, 2.3438, 1.9719, 2.1462, 2.4028, 2.3203, 1.967, 2.6129, 2.4699, 2.7514, 2.43, 2.2773, 2.7539, 2.1072, 2.5068, 1.8649, 2.3266, 2.7498, 2.2526, 2.9815, 2.9031, 2.2772, 2.5052, 2.1363, 2.3463, 2.8031, 2.458, 2.0269, 2.1963, 2.0817, 2.5126, 2.2901, 2.4807, 2.4593, 2.2964, 2.5585],
  "initQF": [5.4328, 3.7658, 7.4617, 5.5695, 3.1017, 7.9839, 5.9979, 7.1793, 5.0767, 7.5705, 6.6817, 8.2155, 8.2811, 8.2077, 6.9027, 9.7821, 7.8055, 7.3324, 9.4784, 7.7997, 4.9704, 6.3249, 6.1704, 8.8212, 6.1647, 9.1547, 7.5638, 5.3554, 9.969, 7.8031, 7.9083, 9.4667, 9.6254, 7.5834, 9.956, 4.8792, 7.1318, 9.7393, 7.2526, 6.8821, 8.4289, 3.2695, 8.7652, 9.0254, 6.2939, 9.1439, 5.1841, 7.7225, 7.4473, 7.0596],
  "initQU": [6.1175, 7.0936, 2.8701, 2.1263, 4.2722, 6.7168, 3.4396, 5.366, 7.243, 7.6038, 7.5207, 6.1054, 9.6994, 8.3441, 3.177, 7.9138, 3.0608, 7.9042, 3.7962, 6.8542, 7.9734, 7.0967, 8.3717, 9.5214, 6.5486, 6.9548, 7.1768, 4.3548, 8.8124, 5.3657, 1.6805, 6.754, 8.8345, 8.892, 4.8322, 5.8606, 2.3129, 4.1785, 2.7861, 2.8684, 2.724, 6.5685, 5.2328, 6.3638, 4.3933, 4.901, 4.8303, 8.5794, 4.8424, 4.5159]
}
