{
  "n_part": 50,
  "n_trials": 30,
  "LR_conf_group": 0.27013468532823,
  "LR_disconf_group": 0.364683511666954,
  "inv_temp_group": 0.720105923246592,
  "initQF_group": 3.48758929083124,
  "initQU_group": 5.54819900472648,
  "mu_R_group": [
    [5],
    [5]
  ],
  "sigma_R_group": 2,
  "margin_group": 2,
  "LR_conf": [0.0107, 0.2715, 0.3234, 0.4956, 0.2725, 0.3779, 0.2807, 0.0479, 0.237, 0.073, 0.302, 0.4591, 0.1915, 0.339, 0.3612, 0.2426, 0.3894, 0.4328, 0.4888, 0.182, 0.3159, 0.3083, 0.1163, 0.4285, 0.3718, 0.1065, 0.482, 0.1083, 0.4569, 0.2601, 0.5938, 0.385, 0.0355, 0.2471, 0.2599, 0.5229, 0.3374, 0.3853, 0.8304, 0.0967, 0.3547, 0.219, 0.5721, 0.6787, 0.6771, 0.4313, 0.3729, 0.1295, 0.4131, 0.3837],
  "LR_disconf": [0.3089, 0.1688, 0.2106, 0.5891, 0.5143, 0.4509, 0.5706, 0.4053, 0.0527, 0.4365, 0.1179, 0.4387, 0.3248, 0.3235, 0.7412, 0.1205, 0.3483, 0.1677, 0.4471, 0.2037, 0.4835, 0.3963, 0.6855, 0.3598, 0.4989, 0.1462, 0.7273, 0.3363, 0.3895, 0.3353, 0.4364, 0.3242, 0.2034, 0.2351, 0.3475, 0.626, 0.243, 0.8695, 0.4107, 0.5267, 0.5312, 0.2704, 0.4137, 0.4113, 0.4661, 0.1499, 0.5127, 0.3145, 0.2211, 0.2051],
  "inv_temp": [0.4788, 0.3625, 0.844, 1.1001, 0.4221, 1.0087, 1.1526, 0.6538, 0.322, 1.1276, 0.384, 0.774, 0.7155, 1.0462, 1.3231, 0.5292, 0.7113, 0.6908, 0.3137, 0.841, 0.7426, 1.3374, 0.1785, 0.6023, 0.4916, 0.6114, 0.5884, 0.6576, 1.1099, 0.462, 0.5237, 0.7356, 0.5437, 0.7815, 1.0873, 1.0073, 0.2673, 1.0354, 0.5668, 0.647, 0.5303, 1.1483, 0.5412, 0.6128, 1.0119, 0.7448, 0.5096, 0.945, 0.432, 0.965],
  "initQF": [6.1422, 5.4469, 4.248, 1.8565, 1.0714, 2.4055, 1.8863, 2.7419, 1.2614, 4.8544, 3.2972, 5.6271, 3.5948, 4.1029, 7.3991, 4.5282, 5.7898, 5.673, 4.3663, 3.1041, 2.111, 3.6357, 3.338, 3.6614, 4.8143, 1.0503, 1.3441, 5.7659, 2.0799, 3.4056, 5.8316, 2.7342, 3.8557, 2.3567, 4.9099, 3.3036, 6.8876, 2.283, 2.1666, 2.4027, 2.5387, 3.5828, 3.9622, 5.3338, 3.9983, 3.1042, 2.2862, 3.445, 1.7607, 2.2543],
  "initQU": [1.863, 6.9813, 9.7671, 5.2059, 6.7207, 4.6977, 3.3575, 3.6913, 5.8557, 6.9558, 5.8114, 1.1394, 4.8539, 6.9925, 4.4997, 6.5642, 5.913, 5.0958, 4.6569, 8.0485, 2.814, 7.2778, 4.1525, 6.4514, 5.0242, 6.2342, 4.3278, 5.5052, 3.6432, 5.9761, 5.9246, 4.612, 3.3639, 5.2393, 3.821, 5.4639, 7.6375, 5.7091, 2.3618, 4.0007, 3.3714, 5.4964, 8.0494, 7.7297, 6.1397, 6.1223, 4.526, 4.9004, 5.748, 1.4508]
}
