{
  "n_part": 50,
  "n_trials": 30,
  "LR_conf_group": 0.862632408970967,
  "LR_disconf_group": 0.521465196274221,
  "inv_temp_group": 3.65542208193801,
  "initQF_group": 7.21019813721068,
  "initQU_group": 6.50285804574378,
  "mu_R_group": [
    [5],
    [5]
  ],
  "sigma_R_group": 2,
  "margin_group": 2,
  "LR_conf": [0.4763, 0.7727, 0.8535, 0.8669, 0.6489, 0.989, 0.9753, 0.6916, 0.7344, 0.8076, 0.5522, 0.7573, 0.7156, 0.9558, 0.6394, 0.725, 0.8165, 0.8363, 0.8663, 0.9269, 0.8527, 0.815, 0.9997, 0.8023, 0.8094, 0.921, 0.8039, 0.8663, 0.7076, 0.9445, 0.6877, 0.6039, 0.4665, 0.9337, 0.9229, 0.5446, 0.9997, 0.7814, 0.8368, 0.87, 0.8654, 0.79, 0.7347, 0.6356, 0.8538, 0.847, 0.8002, 0.8341, 0.7584, 0.8316],
  "LR_disconf": [0.7285, 0.0467, 0.5041, 0.8153, 0.337, 0.6162, 0.471, 0.701, 0.7652, 0.5307, 0.3895, 0.7322, 0.4587, 0.755, 0.2888, 0.6604, 0.3412, 0.3159, 0.6009, 0.4119, 0.6385, 0.8012, 0.5235, 0.4265, 0.2228, 0.6706, 0.6652, 0.5497, 0.6219, 0.8664, 0.2404, 0.6219, 0.6676, 0.4746, 0.7162, 0.4974, 0.4361, 0.8403, 0.4397, 0.6349, 0.699, 0.359, 0.4471, 0.3606, 0.1413, 0.4677, 0.0679, 0.5121, 0.7716, 0.7622],
  "inv_temp": [3.8928, 3.575, 3.3934, 3.6161, 3.7863, 3.2066, 3.9488, 3.5095, 3.7216, 3.5523, 3.1158, 3.4729, 3.9754, 4.0377, 3.6454, 3.9635, 3.8291, 3.5454, 3.4444, 3.4375, 3.6461, 3.9103, 3.4185, 3.6612, 3.6195, 3.6995, 3.5615, 3.4969, 3.3878, 3.4154, 3.7995, 4.2039, 4.078, 3.802, 4.4519, 3.5758, 3.6377, 3.7481, 3.6939, 3.4557, 3.7686, 3.7903, 3.0877, 3.5884, 4.0107, 3.8133, 3.7101, 3.378, 3.6507, 3.7115],
  "initQF": [7.4464, 8.5175, 7.2862, 9.2645, 8.7045, 4.9069, 9.4379, 6.1645, 9.6632, 5.4817, 3.3075, 9.0754, 7.0904, 7.011, 5.2515, 2.4763, 8.7221, 8.6468, 5.4323, 9.4204, 4.2184, 6.6785, 7.6123, 8.9355, 8.2141, 7.6872, 5.8038, 8.4371, 7.5494, 7.6105, 8.6818, 9.4808, 9.4708, 6.8353, 7.6624, 4.4033, 5.5604, 6.0652, 6.1284, 7.4563, 2.515, 4.8456, 8.051, 7.3906, 4.2448, 3.6073, 5.9302, 7.6873, 7.7555, 6.8041],
  "initQU": [9.2028, 4.1007, 9.3211, 6.4056, 3.0899, 8.5778, 6.2475, 3.0759, 9.213, 7.2148, 7.2352, 4.4924, 4.1564, 5.7533, 7.802, 5.3359, 7.9878, 4.3625, 6.602, 5.7154, 5.5263, 7.0946, 3.0557, 6.6444, 5.0966, 7.1838, 7.5216, 8.3244, 6.663, 7.3106, 8.0387, 6.8586, 8.0413, 6.1981, 4.6818, 8.6783, 4.2633, 6.495, 7.2815, 7.5764, 6.0209, 9.4745, 2.0907, 4.8145, 8.0373, 5.0732, 4.5266, 4.9339, 5.035, 6.3815]
}
