{
  "n_part": 50,
  "n_trials": 30,
  "LR_conf_group": 0.139929597266018,
  "LR_disconf_group": 0.789566857041791,
  "inv_temp_group": 4.96073945541866,
  "initQF_group": 8.86433600843884,
  "initQU_group": 6.24180282070301,
  "mu_R_group": [
    [5],
    [5]
  ],
  "sigma_R_group": 2,
  "margin_group": 2,
  "LR_conf": [0.2184, 0.4409, 0.1821, 0.3062, 0.4922, 0.2558, 0.2035, 0.1788, 0.2117, 0.1642, 0.0219, 0.0025, 0.31, 0.1762, 0.0354, 0.3014, 0.0728, 0.0821, 0.2167, 0.1789, 0.1686, 0.3939, 0.1857, 0.3884, 0.0295, 0.1872, 0.39, 0.2918, 0.2933, 0.0294, 0.1001, 0.2865, 0.4336, 0.4013, 0.3364, 0.2366, 0.0472, 0.1797, 0.4901, 0.1747, 0.5315, 0.0635, 0.1626, 0.1573, 0.1161, 0.0437, 0.0266, 0.4029, 0.0727, 0.4781],
  "LR_disconf": [0.9238, 0.662, 0.899, 0.8175, 0.7348, 0.7356, 0.6049, 0.8174, 0.6899, 0.8535, 0.6591, 0.25, 0.7601, 0.9175, 0.6361, 0.6135, 0.6887, 0.9422, 0.8769, 0.7822, 0.6722, 0.601, 0.5569, 0.6541, 0.5134, 0.8748, 0.7285, 0.6741, 0.7019, 0.6759, 0.5592, 0.9453, 0.9953, 0.8125, 0.6449, 0.8641, 0.4298, 0.8462, 0.7739, 0.9947, 0.5359, 0.9326, 0.5438, 0.4875, 0.9908, 0.8815, 0.9556, 0.8365, 0.7651, 0.7982],
  "inv_temp": [4.7109, 4.9437, 4.7048, 4.929, 4.7682, 4.8322, 4.4531, 4.9733, 4.8647, 4.8408, 4.8536, 4.9063, 4.6828, 4.7412, 4.8623, 4.5786, 4.6006, 4.9182, 4.8472, 4.959, 4.8654, 4.6943, 4.7913, 4.4268, 4.9235, 4.781, 4.5944, 4.6973, 4.6331, 4.9121, 4.7763, 4.6332, 4.3418, 4.6197, 4.9555, 4.8728, 4.8205, 4.9382, 4.6452, 4.2846, 4.3274, 4.4044, 4.9705, 4.8896, 4.849, 4.8238, 4.7475, 4.9234, 4.7018, 4.7663],
  "initQF": [9.3611, 8.3107, 8.9981, 8.7397, 9.4844, 8.8671, 7.6851, 7.2859, 8.0309, 6.2173, 6.2279, 8.7628, 9.7057, 8.6701, 6.1947, 9.7179, 8.2978, 8.0451, 9.8963, 8.289, 8.5079, 9.495, 8.2801, 7.4358, 4.227, 5.9534, 7.9639, 6.28, 6.2081, 9.7059, 4.8028, 7.9886, 7.9193, 9.8761, 9.9963, 8.3987, 7.5565, 8.0514, 9.547, 8.4735, 5.0174, 6.2701, 9.4131, 4.3305, 9.2048, 5.2958, 9.1376, 7.5985, 7.5771, 9.0847],
  "initQU": [5.8189, 5.1454, 3.8888, 6.7113, 7.377, 6.3376, 5.2163, 4.3509, 4.9423, 5.1357, 5.2601, 6.4047, 5.6741, 6.0029, 5.4602, 7.1754, 9.4387, 8.5174, 5.3814, 5.574, 5.1832, 8.7211, 8.1065, 7.2007, 4.4198, 8.63, 4.755, 3.9475, 9.1093, 6.0945, 6.0036, 4.657, 4.0043, 5.6748, 3.6409, 8.7196, 9.223, 6.9058, 3.8331, 7.6526, 5.7677, 7.6945, 8.6536, 4.3383, 3.5692, 7.533, 4.567, 6.4694, 7.9591, 7.7411]
}
