{
  "n_part": 50,
  "n_trials": 30,
  "LR_conf_group": 0.932865059236065,
  "LR_disconf_group": 0.662992529338226,
  "inv_temp_group": 2.20297230174765,
  "initQF_group": 6.30006488692015,
  "initQU_group": 1.79838055395521,
  "mu_R_group": [
    [5],
    [5]
  ],
  "sigma_R_group": 2,
  "margin_group": 2,
  "LR_conf": [0.9842, 0.7038, 0.9652, 0.9867, 0.8653, 0.9889, 0.7303, 0.7599, 0.9131, 0.9701, 0.8754, 0.9609, 0.8644, 0.841, 0.6925, 0.852, 0.8621, 0.8844, 0.7437, 0.9831, 0.7325, 0.6918, 0.8578, 0.7814, 0.9692, 0.9298, 0.5632, 0.6538, 0.5067, 0.7801, 0.9353, 0.8161, 0.882, 0.8216, 0.6792, 0.9729, 0.8385, 0.7071, 0.6836, 0.907, 0.7863, 0.8441, 0.6935, 0.5445, 0.9351, 0.9242, 0.899, 0.86, 0.9495, 0.9692],
  "LR_disconf": [0.6999, 0.9232, 0.5898, 0.6344, 0.526, 0.7824, 0.8774, 0.6118, 0.5296, 0.6074, 0.7377, 0.676, 0.7558, 0.679, 0.455, 0.6021, 0.5747, 0.9685, 0.8128, 0.8408, 0.753, 0.9266, 0.6034, 0.8102, 0.5089, 0.617, 0.4582, 0.6873, 0.5447, 0.5579, 0.4175, 0.2512, 0.2171, 0.4731, 0.9677, 0.6526, 0.4778, 0.7911, 0.5389, 0.7437, 0.6429, 0.3673, 0.5999, 0.5074, 0.5592, 0.9113, 0.4591, 0.8072, 0.767, 0.9577],
  "inv_temp": [1.9132, 2.488, 2.7492, 2.2604, 2.2946, 2.8811, 2.4158, 2.3453, 2.0902, 1.9711, 2.3901, 2.3038, 2.6396, 2.4762, 2.1872, 1.8512, 2.0875, 2.481, 2.8304, 2.3349, 2.4851, 2.4368, 2.3988, 2.2066, 2.5235, 2.2787, 2.301, 2.4173, 2.0626, 2.6255, 2.7413, 1.8651, 1.6958, 2.5218, 2.8708, 2.2348, 2.7135, 2.5302, 2.1363, 2.4332, 2.1237, 2.1851, 2.3078, 2.1961, 2.3626, 2.0649, 1.8188, 3.3433, 1.9436, 2.4135],
  "initQF": [4.9054, 3.6019, 6.7689, 6.0811, 8.41, 6.3929, 8.5011, 5.5217, 7.8284, 8.4001, 7.7892, 3.3716, 4.3338, 4.8302, 7.2103, 7.2371, 6.8921, 6.3125, 9.363, 6.2947, 6.0825, 9.1998, 4.2053, 4.8195, 6.39, 5.8087, 7.4126, 2.6458, 3.9625, 4.2938, 4.3604, 3.582, 6.5793, 9.7068, 7.5528, 4.8602, 5.4857, 3.6408, 7.6504, 6.2671, 2.9674, 2.8383, 4.1558, 6.3125, 4.9383, 9.1146, 6.4555, 6.9293, 6.6157, 9.436],
  "initQU": [4.7201, 3.1836, 1.1714, 3.6204, 3.0652, 2.5322, 3.0251, 2.6514, 1.2083, 4.2866, 5.8228, 1.0723, 2.5292, 2.2252, 1.9255, 1.9331, 3.1289, 2.2401, 1.4777, 1.1361, 2.9895, 5.198, 1.522, 3.5251, 2.1875, 3.4339, 3.0355, 3.4539, 3.4428, 2.0432, 1.0824, 2.4841, 4.4199, 1.0404, 3.6022, 3.2572, 2.0658, 1.9147, 1.3885, 5.5125, 1.2513, 2.818, 2.7559, 2.423, 1.8507, 5.1037, 1.9248, 1.989, 3.3691, 1.5527]
}
