{
  "n_part": 50,
  "n_trials": 30,
  "LR_conf_group": 0.687700566602871,
  "LR_disconf_group": 0.978407026268542,
  "inv_temp_group": 3.19167581037618,
  "initQF_group": 5.17785121384077,
  "initQU_group": 7.51364456303418,
  "mu_R_group": [
    [5],
    [5]
  ],
  "sigma_R_group": 2,
  "margin_group": 2,
  "LR_conf": [0.2659, 0.5244, 0.9417, 0.6178, 0.6545, 0.3903, 0.5211, 0.6114, 0.7668, 0.9838, 0.7192, 0.5795, 0.7921, 0.4495, 0.9673, 0.808, 0.5444, 0.1412, 0.8198, 0.5239, 0.8117, 0.7735, 0.986, 0.9197, 0.7512, 0.4791, 0.607, 0.7724, 0.9093, 0.9979, 0.8518, 0.5617, 0.8858, 0.8383, 0.8474, 0.8808, 0.4955, 0.7177, 0.8997, 0.669, 0.53, 0.6608, 0.5116, 0.428, 0.5214, 0.7332, 0.6895, 0.6911, 0.699, 0.5848],
  "LR_disconf": [0.9904, 0.9717, 0.7518, 0.8906, 0.679, 0.6875, 0.6686, 0.8005, 0.4251, 0.8872, 0.8989, 0.8746, 0.8655, 0.8363, 0.9312, 0.7544, 0.929, 0.885, 0.7011, 0.9883, 0.7637, 0.9228, 0.8357, 0.6093, 0.7442, 0.8541, 0.9969, 0.9406, 0.8486, 0.8838, 0.9312, 0.9038, 0.8948, 0.7775, 0.8938, 0.9345, 0.522, 0.8284, 0.8626, 0.9545, 0.916, 0.742, 0.7579, 0.9199, 0.701, 0.9404, 0.8496, 0.6068, 0.9888, 0.7993],
  "inv_temp": [3.1768, 3.274, 2.5932, 3.4509, 3.1031, 3.21, 3.2199, 2.965, 3.5581, 2.8669, 3.1454, 3.1427, 3.0648, 3.3992, 3.684, 3.0714, 3.0904, 3.5333, 3.4794, 3.0984, 3.0424, 2.9848, 3.1644, 2.8232, 3.5895, 2.8959, 2.7421, 3.913, 3.088, 3.2384, 2.6553, 2.6406, 2.9908, 2.7701, 3.5583, 2.7216, 2.9967, 3.0937, 3.4646, 3.0123, 2.8042, 2.6707, 3.2355, 3.1822, 2.5611, 3.5535, 2.8408, 3.0743, 2.7013, 3.2319],
  "initQF": [5.3556, 6.8712, 5.1795, 4.9326, 5.7688, 3.0425, 7.2764, 4.4081, 7.0945, 4.242, 5.5704, 4.3032, 7.5196, 2.5223, 5.3366, 2.4706, 1.2333, 3.1942, 4.4374, 4.5512, 6.1951, 3.9106, 7.9314, 3.9121, 2.2702, 5.0288, 3.4577, 8.449, 3.0433, 7.8298, 4.276, 5.2014, 4.6668, 9.4569, 6.7187, 4.8176, 5.8538, 3.5648, 5.7418, 7.0777, 4.1061, 7.0111, 5.0093, 6.0128, 1.2716, 6.2833, 8.2078, 3.9878, 7.8102, 2.729],
  "initQU": [7.3482, 4.9505, 8.9158, 6.6197, 8.9967, 5.8175, 4.8718, 7.026, 6.579, 6.5758, 6.8514, 6.3995, 9.5518, 7.924, 4.3651, 4.875, 9.0963, 4.1123, 8.5157, 4.2838, 5.3727, 5.3798, 6.8626, 7.9506, 9.945, 8.7602, 7.9615, 4.7767, 6.0274, 8.3735, 5.4894, 7.5778, 4.9112, 9.0104, 5.3936, 5.7552, 7.9535, 8.4207, 8.6427, 5.4565, 8.551, 5.2018, 9.7472, 6.7771, 6.4203, 5.8579, 8.869, 5.2577, 9.8702, 8.8051]
}
