{
  "n_part": 50,
  "n_trials": 30,
  "LR_conf_group": 0.782218523556367,
  "LR_disconf_group": 0.702952303923666,
  "inv_temp_group": 4.29104598006234,
  "initQF_group": 8.75978090264834,
  "initQU_group": 8.68851641332731,
  "mu_R_group": [
    [5],
    [5]
  ],
  "sigma_R_group": 2,
  "margin_group": 2,
  "LR_conf": [0.7405, 0.7813, 0.8308, 0.3833, 0.5958, 0.8465, 0.6977, 0.6116, 0.9809, 0.4708, 0.8147, 0.8852, 0.7608, 0.7069, 0.5306, 0.4121, 0.9783, 0.6132, 0.9793, 0.8154, 0.9132, 0.8929, 0.6082, 0.6832, 0.7977, 0.8995, 0.4676, 0.7837, 0.8214, 0.8324, 0.7597, 0.5946, 0.5313, 0.6812, 0.7931, 0.791, 0.4399, 0.9159, 0.6796, 0.8117, 0.7303, 0.9464, 0.5415, 0.6285, 0.9392, 0.8191, 0.6457, 0.714, 0.8287, 0.8884],
  "LR_disconf": [0.9762, 0.6844, 0.6251, 0.623, 0.3808, 0.7812, 0.518, 0.4962, 0.4497, 0.6089, 0.4039, 0.586, 0.7357, 0.3737, 0.6108, 0.9796, 0.5613, 0.4737, 0.5697, 0.6467, 0.4625, 0.6456, 0.6694, 0.4649, 0.7626, 0.5938, 0.8051, 0.4591, 0.7976, 0.7123, 0.3772, 0.9107, 0.8688, 0.7514, 0.9329, 0.115, 0.757, 0.9126, 0.8264, 0.6589, 0.7432, 0.818, 0.7381, 0.7534, 0.8251, 0.8277, 0.9741, 0.2684, 0.4224, 0.85],
  "inv_temp": [4.1138, 3.9921, 4.3862, 4.1373, 4.6354, 4.4597, 4.2584, 3.4417, 4.4688, 4.1917, 4.259, 3.9304, 4.2391, 4.7741, 4.232, 4.1673, 4.4239, 4.1242, 4.583, 3.7725, 4.148, 4.0732, 4.2422, 3.8619, 4.2047, 4.5372, 4.7572, 4.4867, 4.4173, 4.1456, 4.6636, 4.101, 3.5255, 4.4311, 3.9405, 4.371, 4.1338, 3.9261, 4.5311, 4.0345, 4.331, 4.1278, 4.0323, 3.9708, 4.794, 4.0947, 4.4675, 4.4021, 4.4776, 3.9618],
  "initQF": [6.6712, 8.0308, 7.6185, 9.951, 8.1358, 8.1345, 9.8457, 8.016, 7.1494, 8.299, 9.5984, 9.7223, 6.5607, 8.3707, 8.9266, 9.1937, 6.4039, 9.836, 5.9422, 8.3816, 6.5186, 4.8063, 6.3156, 7.8918, 7.532, 8.0986, 9.2182, 7.3246, 6.7697, 8.2857, 9.9094, 9.4154, 9.3009, 7.5462, 7.287, 7.7786, 8.4909, 9.7505, 7.7249, 7.682, 9.6558, 7.09, 8.8385, 9.3305, 3.7425, 8.3633, 6.3612, 9.5622, 9.8973, 7.3469],
  "initQU": [9.6247, 7.8955, 9.8709, 8.2068, 9.4245, 7.2122, 9.0888, 4.3596, 7.1537, 7.0412, 7.8535, 7.7235, 7.6709, 6.8982, 7.9031, 5.2385, 6.294, 5.3438, 5.402, 9.0449, 7.1082, 7.0967, 7.7599, 8.132, 9.7465, 7.5092, 9.6786, 8.889, 6.2512, 5.844, 9.8187, 6.9997, 8.5069, 7.9175, 8.9633, 8.6842, 5.7856, 8.6273, 7.9911, 9.4724, 6.2806, 7.7788, 9.5611, 9.5158, 8.3622, 8.7357, 8.177, 8.8324, 9.0085, 9.4973]
}
