{
  "n_part": 50,
  "n_trials": 30,
  "LR_conf_group": 0.500557031948119,
  "LR_disconf_group": 0.645123225869611,
  "inv_temp_group": 1.68913352419622,
  "initQF_group": 9.78692663181573,
  "initQU_group": 1.44955789274536,
  "mu_R_group": [
    [5],
    [5]
  ],
  "sigma_R_group": 2,
  "margin_group": 2,
  "LR_conf": [0.3874, 0.5007, 0.7458, 0.4851, 0.7575, 0.4552, 0.4137, 0.2925, 0.6611, 0.6341, 0.5008, 0.6693, 0.4741, 0.6255, 0.1538, 0.6622, 0.5266, 0.5907, 0.1899, 0.4327, 0.5914, 0.6803, 0.5298, 0.4539, 0.4757, 0.2847, 0.5326, 0.5532, 0.4838, 0.2781, 0.336, 0.5425, 0.956, 0.8939, 0.8062, 0.6939, 0.4371, 0.4172, 0.7232, 0.1851, 0.0827, 0.832, 0.9144, 0.456, 0.7809, 0.2956, 0.3435, 0.3937, 0.4223, 0.9621],
  "LR_disconf": [0.7606, 0.6918, 0.3243, 0.9089, 0.4963, 0.7426, 0.7655, 0.561, 0.8208, 0.7161, 0.7582, 0.5211, 0.3779, 0.8063, 0.8816, 0.817, 0.5556, 0.6483, 0.7408, 0.5447, 0.6075, 0.5741, 0.8805, 0.8233, 0.7684, 0.4206, 0.7985, 0.5678, 0.5427, 0.9421, 0.8205, 0.9753, 0.5323, 0.7795, 0.5873, 0.7888, 0.8435, 0.8609, 0.7139, 0.6027, 0.3072, 0.4025, 0.8471, 0.2674, 0.2672, 0.8552, 0.775, 0.6652, 0.2635, 0.6097],
  "inv_temp": [1.9498, 1.4561, 1.5631, 1.2359, 1.952, 1.8356, 1.4932, 1.3806, 1.294, 1.6231, 2.0386, 1.443, 1.8559, 1.4136, 1.4634, 1.8435, 1.769, 2.398, 1.2073, 1.83, 2.1665, 1.8348, 1.4452, 1.1611, 1.381, 1.8152, 1.9309, 1.1901, 1.7563, 1.6589, 1.4889, 1.9819, 2.2305, 1.3336, 1.9399, 1.0674, 1.7502, 0.9309, 1.2283, 2.0486, 1.7819, 2.1691, 1.983, 2.1213, 1.6919, 1.4328, 1.6926, 1.4136, 1.8169, 1.5916],
  "initQF": [8.0008, 7.0603, 9.7715, 7.7655, 9.6249, 8.6459, 6.2464, 8.719, 8.5714, 8.4332, 9.1988, 7.2285, 9.6591, 8.352, 9.9474, 7.8207, 9.547, 8.7481, 6.9114, 7.9443, 7.6254, 7.1087, 9.8494, 8.0946, 9.9054, 8.8513, 9.8855, 8.315, 9.8296, 9.3512, 9.6459, 8.8024, 9.1392, 8.7786, 9.7944, 9.6941, 8.1972, 8.0264, 8.8261, 9.0526, 8.2309, 8.6614, 9.0393, 7.121, 7.4727, 8.9336, 6.9388, 9.8027, 9.978, 7.7584],
  "initQU": [1.4543, 3.6722, 3.9886, 3.4044, 1.5784, 2.9407, 1.308, 2.2963, 2.3709, 4.2335, 1.4139, 2.1834, 3.4031, 2.3022, 1.152, 2.9238, 2.1693, 2.996, 4.7041, 2.6285, 3.9183, 4.4729, 2.2444, 4.106, 4.5143, 3.9257, 4.0275, 1.621, 2.3311, 3.0688, 4.2403, 2.5362, 3.4043, 5.2356, 4.5534, 2.8467, 1.9934, 2.9219, 3.8639, 2.8867, 1.5491, 3.0152, 2.3342, 2.3888, 2.9496, 1.5615, 6.0314, 4.5413, 2.2382, 2.5838]
}
