{
  "n_part": 50,
  "n_trials": 30,
  "LR_group": 0.462624846491963,
  "inv_temp_group": 2.67744952230714,
  "initQF_group": 6.58823944954202,
  "initQU_group": 3.69237333186902,
  "mu_R_group": [
    [5],
    [5]
  ],
  "sigma_R_group": 2,
  "LR": [0.4789, 0.4088, 0.5319, 0.228, 0.5139, 0.2214, 0.5397, 0.1929, 0.3972, 0.2876, 0.3947, 0.4757, 0.4228, 0.5148, 0.2512, 0.6485, 0.6513, 0.8821, 0.2986, 0.5329, 0.6395, 0.5603, 0.3957, 0.6218, 0.5198, 0.3329, 0.33, 0.3688, 0.5825, 0.5315, 0.6958, 0.3404, 0.166, 0.146, 0.4447, 0.3915, 0.5159, 0.5163, 0.3985, 0.4946, 0.7943, 0.7104, 0.3289, 0.3669, 0.4744, 0.5375, 0.3677, 0.6422, 0.5353, 0.3842],
  "inv_temp": [2.8252, 1.9032, 2.3056, 2.4713, 2.828, 2.8711, 2.3774, 2.3546, 2.4893, 2.2628, 2.5925, 2.638, 2.9271, 2.9177, 2.2636, 3.2064, 2.7848, 2.9599, 2.5545, 2.4862, 2.7537, 2.6278, 2.4345, 2.5053, 2.7076, 2.7233, 2.8346, 3.2205, 3.1097, 2.0349, 2.6357, 2.3509, 2.5761, 1.9318, 2.6479, 2.9352, 2.4903, 2.5538, 2.5841, 2.8711, 2.3123, 3.2663, 3.0305, 1.8263, 2.7363, 2.2062, 2.7436, 2.0319, 2.6523, 3.1044],
  "initQF": [8.7956, 7.3881, 9.5622, 3.8072, 4.5456, 9.2248, 4.8948, 8.6022, 6.6458, 3.5291, 5.6791, 4.6832, 6.5378, 6.9509, 7.3329, 7.8791, 4.8837, 3.0283, 6.816, 9.7201, 7.2047, 7.5319, 9.4773, 5.0364, 5.9441, 8.7159, 5.7804, 6.9432, 5.2515, 5.9547, 8.1784, 8.131, 4.5156, 7.1672, 5.23, 6.804, 5.4684, 3.1593, 4.5964, 7.6424, 7.816, 7.3728, 4.2383, 6.2887, 4.2488, 9.9234, 4.6968, 7.6477, 9.2267, 6.9274],
  "initQU": [5.5319, 1.7015, 2.9849, 1.4601, 1.3567, 3.1665, 4.6691, 6.6597, 2.1701, 4.3477, 3.604, 1.6009, 2.2811, 5.1432, 4.5844, 2.4469, 4.4746, 5.2612, 2.9007, 4.9985, 1.2458, 6.0931, 3.9688, 3.4565, 3.7512, 3.795, 2.6702, 3.6803, 4.5206, 3.6486, 3.6105, 1.8867, 4.2507, 3.7688, 4.1631, 4.3978, 5.3883, 6.1657, 2.6191, 4.0615, 6.1457, 3.897, 4.0995, 5.4262, 3.6026, 3.9678, 2.3422, 1.8977, 7.3918, 5.7247]
}
