{
  "n_part": 50,
  "n_trials": 30,
  "LR_group": 0.811654488090426,
  "inv_temp_group": 1.42182556912303,
  "initQF_group": 2.91724965698086,
  "initQU_group": 8.52265801862814,
  "mu_R_group": [
    [5],
    [5]
  ],
  "sigma_R_group": 2,
  "LR": [0.762, 0.8146, 0.8948, 0.6166, 0.7627, 0.6429, 0.7733, 0.7574, 0.9185, 0.8674, 0.6528, 0.6303, 0.7769, 0.7149, 0.3589, 0.9191, 0.9968, 0.8399, 0.769, 0.675, 0.8859, 0.7732, 0.8447, 0.9335, 0.8115, 0.9269, 0.5096, 0.7629, 0.714, 0.9109, 0.9308, 0.7824, 0.5543, 0.7019, 0.804, 0.8958, 0.6716, 0.7127, 0.808, 0.3955, 0.6992, 0.7541, 0.8884, 0.8448, 0.7009, 0.7242, 0.4696, 0.8088, 0.8221, 0.5528],
  "inv_temp": [1.088, 1.3252, 1.2018, 1.2068, 1.274, 1.2015, 1.4908, 1.4726, 1.3859, 1.1666, 1.3375, 1.5555, 1.6289, 0.8772, 0.9963, 1.3686, 2.0117, 0.7711, 1.3623, 1.6437, 1.6383, 1.2866, 0.5687, 1.3957, 1.3238, 1.565, 1.5024, 1.5069, 1.5242, 1.8139, 1.1611, 2.0918, 1.7139, 0.9693, 1.0348, 1.6244, 1.3613, 1.2004, 1.3211, 1.2977, 2.0542, 1.578, 1.5046, 1.976, 1.885, 1.6819, 1.2387, 1.2404, 1.6318, 1.0589],
  "initQF": [1.9859, 1.1778, 3.9662, 4.5515, 3.0849, 3.3232, 2.7339, 3.6922, 4.0218, 1.3309, 1.2285, 4.6951, 2.4864, 4.1883, 3.1478, 2.7169, 4.8277, 1.5283, 2.5321, 3.6247, 3.8372, 3.8118, 4.6782, 3.2356, 3.4844, 2.5288, 3.8994, 5.0502, 4.7174, 3.4824, 1.2835, 1.569, 5.8157, 5.5725, 3.8506, 2.7177, 6.2851, 5.3813, 2.3191, 2.2917, 1.2924, 2.5716, 2.8419, 6.9074, 1.4439, 3.6956, 3.6914, 2.3151, 2.286, 4.2172],
  "initQU": [8.7965, 9.0235, 6.8567, 7.038, 7.6501, 7.3392, 8.8252, 7.7442, 6.8161, 9.5414, 9.778, 6.2479, 4.1574, 9.2399, 9.0395, 7.617, 5.9115, 6.3866, 8.9074, 6.4411, 9.5559, 8.0407, 8.6444, 7.5705, 8.0916, 9.4974, 9.7841, 7.7538, 7.5722, 6.382, 7.6209, 9.7624, 7.3739, 4.4219, 4.4219, 8.1426, 9.9559, 8.0106, 9.9515, 6.2944, 5.3479, 7.4068, 6.7829, 6.636, 5.7135, 9.4102, 5.5056, 7.0986, 4.1966, 9.1217]
}
