{
  "n_part": 50,
  "n_trials": 30,
  "LR_group": 0.239508850965649,
  "inv_temp_group": 3.85362321743742,
  "initQF_group": 8.96844642492943,
  "initQU_group": 1.71386885643005,
  "mu_R_group": [
    [5],
    [5]
  ],
  "sigma_R_group": 2,
  "LR": [0.3654, 0.3266, 0.5912, 0.0149, 0.2218, 0.0801, 0.1983, 0.2635, 0.3275, 0.4128, 0.1475, 0.2734, 0.6774, 0.0034, 0.1602, 0.3408, 0.0051, 0.0877, 0.2242, 0.1709, 0.2398, 0.0566, 0.2965, 0.132, 0.2265, 0.0706, 0.1454, 0.0928, 0.4492, 0.6395, 0.1757, 0.2938, 0.206, 0.5824, 0.4006, 0.1486, 0.4108, 0.3251, 0.2919, 0.5119, 0.0284, 0.2273, 0.1997, 0.5325, 0.5472, 0.3968, 0.2115, 0.4022, 0.539, 0.5826],
  "inv_temp": [3.7573, 3.845, 3.7873, 3.8087, 3.9297, 3.7432, 4.0077, 3.971, 3.8766, 4.1673, 3.872, 3.8874, 3.4917, 3.6434, 3.7003, 3.791, 4.1637, 4.2784, 3.7061, 4.155, 3.8735, 4.158, 3.8632, 3.1919, 4.5372, 4.4482, 3.9176, 3.738, 3.8804, 3.7881, 3.8635, 4.2368, 4.0686, 3.7849, 4.4447, 3.7949, 4.3486, 4.1782, 3.5343, 4.1585, 3.6187, 3.4299, 4.1839, 3.8605, 3.5992, 3.7986, 4.3368, 3.8193, 3.8132, 4.6616],
  "initQF": [8.8652, 9.3509, 9.8711, 8.5837, 8.6863, 9.946, 7.892, 9.5894, 8.9053, 8.7113, 8.1453, 6.8991, 9.2068, 6.1242, 4.9264, 9.383, 6.5055, 8.0206, 9.3054, 9.2875, 6.2567, 7.5335, 8.9847, 9.8101, 7.6972, 7.36, 6.2903, 7.1992, 7.1745, 9.6037, 9.2552, 6.4155, 9.8915, 9.9376, 9.0997, 8.9599, 6.3095, 9.6111, 7.5214, 5.3085, 9.057, 9.955, 9.4816, 5.3068, 9.831, 7.0092, 9.5219, 8.5875, 7.5069, 7.7036],
  "initQU": [2.031, 3.0568, 1.7626, 2.6245, 3.1178, 5.9458, 3.6852, 2.2151, 4.6464, 1.2683, 1.8959, 4.0956, 3.5488, 3.1454, 2.4705, 4.9958, 4.2566, 4.3308, 2.2877, 1.26, 2.7999, 1.4654, 4.7501, 3.21, 5.2756, 2.5668, 3.0851, 3.2264, 5.9991, 5.4611, 3.4749, 2.6642, 4.3538, 1.3824, 2.0576, 3.7855, 1.6015, 5.9636, 2.0661, 1.7012, 2.8798, 2.0831, 1.7914, 2.2914, 3.4652, 1.3114, 2.9512, 1.8096, 4.0618, 2.4814]
}
