{
  "n_part": 50,
  "n_trials": 30,
  "LR_group": 0.878842581762001,
  "inv_temp_group": 2.81213596812449,
  "initQF_group": 3.21260027075186,
  "initQU_group": 2.20155434403569,
  "mu_R_group": [
    [5],
    [5]
  ],
  "sigma_R_group": 2,
  "LR": [0.7522, 0.9191, 0.826, 0.7344, 0.4351, 0.9127, 0.8383, 0.907, 0.6539, 0.7432, 0.8831, 0.5841, 0.8765, 0.788, 0.7233, 0.6266, 0.9413, 0.7342, 0.9112, 0.5556, 0.9998, 0.5245, 0.7751, 0.8868, 0.7959, 0.8838, 0.6746, 0.8224, 0.7713, 0.3832, 0.8179, 0.9777, 0.6818, 0.9437, 0.8895, 0.6726, 0.8301, 0.677, 0.6832, 0.4546, 0.6674, 0.9797, 0.5815, 0.9685, 0.9508, 0.9217, 0.8737, 0.5834, 0.6326, 0.9945],
  "inv_temp": [2.7271, 2.815, 2.444, 3.1477, 2.5165, 2.8667, 3.0499, 2.5838, 2.4655, 2.487, 2.8518, 2.8388, 2.9791, 2.76, 2.3515, 2.7504, 3.4376, 3.1207, 3.0341, 2.3028, 2.5922, 2.8891, 2.6158, 2.7767, 2.6857, 2.659, 2.7885, 2.5677, 2.8415, 2.8185, 2.7669, 2.7952, 2.7676, 3.1319, 2.9488, 2.2899, 2.7164, 3.3935, 1.9704, 2.7597, 2.4799, 3.1576, 2.8453, 2.7334, 3.0792, 2.7784, 2.934, 2.3583, 3.2337, 2.6263],
  "initQF": [7.1705, 3.6455, 4.6927, 4.1149, 1.2123, 3.1385, 2.0762, 3.2634, 4.5074, 5.423, 2.7314, 3.2523, 3.0064, 4.8415, 2.9781, 3.9291, 4.4361, 1.0631, 4.7797, 3.1793, 3.5945, 5.1334, 4.7951, 3.3312, 5.0735, 4.4278, 4.3683, 2.1515, 6.6955, 4.906, 3.1205, 4.2477, 2.9547, 1.756, 2.9637, 4.0231, 4.5438, 2.7673, 2.1267, 2.4746, 5.9473, 5.0648, 3.1636, 6.2384, 5.1107, 3.7304, 4.7559, 3.358, 1.9794, 1.833],
  "initQU": [6.6349, 4.7421, 3.792, 5.1783, 3.9447, 1.3878, 2.4197, 5.5327, 4.6963, 1.5018, 3.047, 3.5246, 3.5242, 4.9386, 1.3522, 3.3947, 3.5348, 1.8461, 2.4985, 5.3706, 3.0133, 4.1331, 5.917, 4.013, 3.3417, 4.2245, 1.6269, 1.6317, 3.4192, 2.6299, 1.8276, 2.1753, 3.9014, 5.0966, 6.1858, 4.015, 3.1596, 2.3312, 2.6706, 4.0749, 1.1957, 4.1413, 3.4392, 1.2401, 5.2146, 1.5527, 4.7454, 1.7057, 1.7517, 2.2935]
}
