{
  "n_part": 50,
  "n_trials": 30,
  "LR_group": 0.600190989673138,
  "inv_temp_group": 2.43169537861831,
  "initQF_group": 1.70855111302808,
  "initQU_group": 3.31646216171794,
  "mu_R_group": [
    [5],
    [5]
  ],
  "sigma_R_group": 2,
  "LR": [0.4176, 0.7169, 0.4946, 0.6665, 0.6001, 0.8829, 0.6294, 0.4254, 0.6969, 0.2547, 0.4974, 0.0875, 0.5601, 0.527, 0.7366, 0.399, 0.8577, 0.6134, 0.2065, 0.6545, 0.6249, 0.6136, 0.3658, 0.6487, 0.4259, 0.658, 0.5329, 0.3364, 0.4906, 0.6003, 0.4843, 0.561, 0.8007, 0.2787, 0.9658, 0.7933, 0.1983, 0.4808, 0.6504, 0.5486, 0.8792, 0.4643, 0.8732, 0.8441, 0.6783, 0.5854, 0.4847, 0.3625, 0.767, 0.4432],
  "inv_temp": [2.1101, 2.541, 2.4895, 1.6895, 2.697, 2.7087, 2.3423, 2.3551, 2.267, 2.8049, 2.9825, 2.4932, 2.5945, 1.9235, 2.1574, 2.3225, 2.5033, 2.1531, 2.3077, 2.7163, 2.264, 2.7388, 2.6073, 2.6145, 2.5544, 2.1799, 1.9878, 2.5406, 2.8282, 2.3484, 2.8849, 2.3057, 2.4729, 3.0127, 2.3981, 2.2134, 2.4065, 2.2463, 2.3365, 1.6155, 2.303, 2.2245, 2.7077, 1.9894, 2.8113, 2.8345, 2.3477, 3.2397, 1.8014, 2.2726],
  "initQF": [1.8954, 3.4243, 1.364, 2.5243, 2.6514, 5.5354, 3.4877, 2.2257, 1.9507, 2.4485, 3.2922, 2.5098, 3.2349, 3.237, 1.3425, 4.2612, 5.8243, 5.4166, 2.5276, 5.0386, 2.8176, 2.7384, 4.8912, 4.816, 1.5399, 2.0386, 1.4375, 4.2865, 2.5367, 3.9628, 1.2376, 4.8617, 2.1018, 2.4679, 1.1868, 5.2093, 1.799, 1.5542, 3.0772, 3.0316, 3.6735, 3.5907, 1.0767, 6.5463, 3.7778, 2.0008, 1.0239, 1.9161, 2.3782, 5.9902],
  "initQU": [3.7508, 2.2745, 2.9636, 4.6446, 4.7076, 3.8238, 5.0693, 3.9021, 4.8755, 3.2338, 4.5944, 4.1912, 3.1574, 2.0127, 4.9829, 9.8203, 4.4163, 1.2789, 3.8019, 1.8437, 1.2425, 7.6497, 3.2022, 1.1376, 5.6878, 6.7383, 2.7719, 2.858, 3.4655, 4.295, 5.0753, 4.7277, 3.6167, 7.1106, 4.2199, 4.749, 2.087, 2.6619, 3.4488, 9.6976, 1.9413, 3.7101, 2.8113, 4.0367, 4.9603, 4.9178, 4.2706, 4.3322, 2.8012, 1.8284]
}
