{
  "n_part": 50,
  "n_trials": 30,
  "LR_group": 0.468805170152336,
  "inv_temp_group": 3.91324469586834,
  "initQF_group": 2.54003015975468,
  "initQU_group": 3.65989796654321,
  "mu_R_group": [
    [5],
    [5]
  ],
  "sigma_R_group": 2,
  "LR": [0.2069, 0.7335, 0.4618, 0.3893, 0.4185, 0.5875, 0.3299, 0.675, 0.6297, 0.3358, 0.6154, 0.6855, 0.6728, 0.3309, 0.1025, 0.0442, 0.5686, 0.5026, 0.4039, 0.3751, 0.4117, 0.0859, 0.5882, 0.3994, 0.5076, 0.7403, 0.1688, 0.4528, 0.5939, 0.5774, 0.3364, 0.4135, 0.8564, 0.4117, 0.591, 0.6732, 0.2278, 0.3717, 0.821, 0.2033, 0.2363, 0.2214, 0.2561, 0.4771, 0.6411, 0.3587, 0.1713, 0.6086, 0.5093, 0.4815],
  "inv_temp": [3.8231, 3.7089, 4.1524, 3.998, 3.8731, 3.9556, 3.5484, 3.8231, 3.8834, 3.9767, 4.063, 3.3528, 3.5859, 4.4122, 4.0277, 3.7667, 3.9185, 4.2045, 3.7606, 3.6115, 3.9778, 3.2691, 3.9688, 3.5612, 3.9101, 3.8307, 3.4732, 3.7951, 3.4388, 3.6763, 3.4712, 3.4469, 4.3061, 3.834, 4.2417, 4.1446, 3.2246, 3.96, 3.812, 3.2006, 3.8696, 3.3787, 4.1869, 4.0419, 4.0157, 3.7137, 3.7898, 4.1039, 4.5125, 3.7194],
  "initQF": [3.1073, 4.467, 3.1074, 5.4213, 3.0946, 6.3472, 2.9304, 8.5216, 3.2345, 2.9165, 1.6111, 3.1541, 4.6094, 5.4994, 1.0056, 2.3138, 4.009, 7.5609, 5.0625, 3.9791, 7.1217, 1.2512, 3.3798, 2.8799, 4.0356, 1.6195, 4.4921, 3.1657, 4.0378, 3.5252, 1.6115, 1.4812, 2.4968, 5.5554, 1.4361, 1.8514, 1.9437, 3.6576, 7.9499, 3.1723, 2.1652, 3.822, 4.1553, 2.1135, 4.6952, 1.8464, 3.6793, 2.6604, 4.3397, 3.5382],
  "initQU": [2.9706, 4.5928, 4.9449, 3.272, 4.1208, 4.4862, 2.9982, 4.2691, 5.9217, 2.5024, 4.7331, 2.2284, 4.1229, 6.0748, 4.5357, 2.2377, 1.7789, 6.037, 7.3672, 3.8673, 4.0025, 1.0991, 2.579, 5.8797, 7.7964, 2.0765, 1.6787, 3.7027, 5.2662, 2.9249, 3.4881, 4.6459, 2.06, 4.5145, 6.6562, 2.8108, 3.2831, 1.4203, 3.1744, 2.3409, 2.5642, 2.6686, 4.2505, 6.5283, 8.2022, 5.5801, 2.3163, 2.8163, 3.1198, 6.0527]
}
