{
  "n_part": 50,
  "n_trials": 30,
  "LR_group": 0.608476953348145,
  "inv_temp_group": 3.18819528096355,
  "initQF_group": 6.77838623174466,
  "initQU_group": 7.29363216715865,
  "mu_R_group": [
    [5],
    [5]
  ],
  "sigma_R_group": 2,
  "LR": [0.8695, 0.8486, 0.378, 0.3833, 0.9863, 0.933, 0.6008, 0.3745, 0.7008, 0.535, 0.9455, 0.6336, 0.6092, 0.6924, 0.3583, 0.6455, 0.2877, 0.5471, 0.7059, 0.6089, 0.7422, 0.5187, 0.7311, 0.6299, 0.6831, 0.8481, 0.9275, 0.5728, 0.8148, 0.7445, 0.6361, 0.7319, 0.2161, 0.5735, 0.7811, 0.6721, 0.7042, 0.4978, 0.407, 0.6721, 0.2859, 0.8316, 0.322, 0.2392, 0.4917, 0.2398, 0.7141, 0.3407, 0.4066, 0.4769],
  "inv_temp": [3.6183, 3.3281, 3.0718, 3.095, 3.4612, 3.1168, 3.172, 3.3778, 3.6289, 3.2795, 2.9419, 3.8443, 3.1737, 3.2284, 2.8974, 3.2838, 3.2879, 4.2604, 2.9537, 3.3955, 2.8183, 3.2602, 2.8449, 3.2618, 3.4428, 3.2976, 3.6428, 3.2948, 3.505, 2.4459, 3.2687, 3.0282, 3.9472, 2.9603, 2.9872, 3.0784, 3.1855, 2.7665, 2.8123, 3.5497, 2.6735, 3.2696, 3.27, 3.4276, 3.4495, 2.9175, 3.0937, 2.7421, 2.7014, 2.9894],
  "initQF": [9.0641, 7.2932, 5.8948, 6.3618, 6.2817, 7.5753, 8.2255, 7.0784, 9.4419, 5.1804, 5.7747, 7.8638, 5.723, 6.7653, 6.0749, 4.9638, 8.4263, 6.9406, 5.5292, 5.2963, 7.5077, 1.7251, 6.4606, 4.8592, 3.445, 9.6314, 5.293, 4.8865, 7.231, 3.7585, 2.6003, 9.7169, 3.2061, 9.7205, 6.3389, 9.8626, 5.9666, 7.3045, 4.8188, 8.688, 6.896, 6.061, 3.6829, 7.1987, 8.503, 9.1758, 5.2101, 6.0002, 8.0559, 3.9668],
  "initQU": [9.0828, 8.9915, 5.9578, 6.9214, 6.063, 9.354, 7.1592, 7.3435, 5.1062, 7.5696, 9.4313, 6.5944, 2.4009, 4.8323, 9.6306, 6.7827, 3.4248, 5.3254, 8.7685, 3.5678, 7.2405, 1.9151, 6.7374, 8.8603, 4.7318, 7.5146, 4.1693, 4.1601, 5.4115, 7.3084, 6.2283, 7.5279, 7.8554, 7.1555, 4.1879, 7.3696, 7.767, 6.7406, 9.6783, 5.099, 8.9876, 7.1538, 9.4901, 6.8656, 4.5869, 7.5529, 7.2714, 8.6365, 6.3904, 6.3915]
}
