{
  "n_part": 50,
  "n_trials": 30,
  "LR_group": 0.855731018818915,
  "inv_temp_group": 4.34707939624786,
  "initQF_group": 1.57432090165094,
  "initQU_group": 5.73102311114781,
  "mu_R_group": [
    [5],
    [5]
  ],
  "sigma_R_group": 2,
  "LR": [0.7645, 0.9699, 0.3921, 0.6833, 0.9575, 0.8796, 0.4992, 0.9998, 0.7869, 0.8305, 0.9183, 0.9953, 0.6901, 0.8451, 0.8122, 0.6737, 0.7755, 0.9354, 0.4661, 0.8082, 0.6798, 0.9552, 0.7649, 0.7679, 0.9471, 0.5584, 0.9756, 0.931, 0.9447, 0.9005, 0.9932, 0.4815, 0.7063, 0.8782, 0.6546, 0.8711, 0.954, 0.8721, 0.7215, 0.8101, 0.9413, 0.9444, 0.9427, 0.8962, 0.7926, 0.7472, 0.6597, 0.7547, 0.7182, 0.7322],
  "inv_temp": [4.0717, 4.0017, 4.4261, 4.347, 4.5475, 4.2054, 4.3901, 3.8398, 4.3783, 4.2217, 4.1715, 4.1735, 4.7629, 4.1881, 4.5252, 4.647, 4.3513, 4.1089, 4.1864, 4.8382, 4.558, 4.1578, 4.1302, 4.3042, 4.7462, 3.9685, 4.4529, 4.5913, 4.652, 4.4602, 4.1914, 3.9943, 4.187, 4.2108, 4.5945, 4.0843, 4.6154, 3.7543, 3.7497, 4.3349, 4.4628, 4.5304, 4.1341, 4.0743, 3.9548, 4.3203, 4.5868, 4.7311, 4.5423, 4.1065],
  "initQF": [3.7262, 4.8592, 2.6857, 5.4947, 1.7167, 4.572, 1.4108, 4.6059, 1.7611, 4.1073, 2.5021, 2.1739, 3.3989, 2.1243, 3.2315, 2.0929, 1.2892, 1.6454, 3.1987, 1.7769, 2.3372, 2.5169, 5.8342, 2.6596, 4.3542, 4.0307, 1.0897, 2.576, 4.8579, 4.0151, 3.4743, 2.9735, 2.6626, 4.2334, 3.1882, 2.6834, 1.0061, 2.8067, 1.1493, 1.4104, 3.2862, 1.1535, 5.1213, 1.5011, 2.9099, 3.5424, 2.7555, 2.7547, 2.1144, 1.6937],
  "initQU": [4.5591, 8.3801, 6.7542, 4.6564, 3.8243, 4.8413, 5.0075, 6.6722, 5.8709, 7.2563, 7.298, 3.9188, 7.2562, 4.1916, 5.9932, 5.9579, 2.7917, 5.7757, 8.6562, 5.7376, 5.759, 3.687, 7.7627, 4.4307, 6.091, 1.4893, 6.4746, 2.6115, 2.7333, 5.6903, 4.5302, 7.0954, 5.0329, 9.8521, 5.2378, 4.3869, 1.2146, 6.9351, 4.1312, 6.5911, 1.9785, 7.4968, 6.7221, 6.357, 4.9023, 4.56, 8.6059, 4.6701, 6.917, 4.0312]
}
