{
  "n_part": 50,
  "n_trials": 30,
  "LR_group": 0.149630526546389,
  "inv_temp_group": 3.90905378269963,
  "initQF_group": 7.65656162169762,
  "initQU_group": 1.144699026132,
  "mu_R_group": [
    [5],
    [5]
  ],
  "sigma_R_group": 2,
  "LR": [0.0109, 0.1359, 0.3312, 0.1057, 0.0572, 0.1773, 0.2194, 0.0849, 0.3208, 0.2458, 0.12, 0.2108, 0.2945, 0.2012, 0.0901, 0.1318, 0.4002, 0.049, 0.512, 0.4687, 0.0763, 0.3259, 0.0857, 0.093, 0.2694, 0.0709, 0.1049, 0.5211, 0.0275, 0.0075, 0.3185, 0.497, 0.0366, 0.3375, 0.03, 0.3116, 0.4863, 0.3049, 0.1739, 0.2848, 0.4108, 0.1782, 0.2664, 0.1385, 0.3539, 0.2595, 0.2969, 0.2464, 0.3517, 0.0975],
  "inv_temp": [3.1661, 4.1316, 3.7435, 3.9407, 3.943, 3.9846, 3.5318, 4.3283, 4.2226, 3.8445, 3.909, 3.6519, 3.5867, 4.152, 3.6969, 3.9002, 4.3148, 4.3071, 3.8608, 3.7209, 3.9209, 3.5135, 4.1409, 3.5753, 4.3169, 3.7594, 3.7174, 3.7279, 4.0462, 3.758, 4.1289, 3.7095, 3.4333, 3.8442, 3.4413, 3.4761, 3.5949, 3.739, 4.3382, 3.8871, 4.0505, 2.9865, 4.126, 3.8707, 3.7097, 3.9488, 3.9514, 4.2596, 3.928, 3.382],
  "initQF": [8.0603, 4.1171, 4.938, 5.8156, 8.9652, 5.9203, 9.3291, 6.5624, 8.8979, 5.6611, 4.2439, 1.6072, 6.8669, 8.1656, 5.6001, 5.965, 7.2075, 5.8144, 8.2063, 4.8434, 8.6892, 5.9122, 5.1107, 5.6952, 7.3356, 6.3581, 4.0977, 5.3148, 7.5878, 8.0279, 7.5507, 8.769, 4.7345, 7.6108, 8.4785, 6.3618, 8.6095, 9.9893, 9.9983, 8.4868, 7.9819, 7.6543, 7.1434, 4.567, 6.7853, 8.3231, 6.2577, 5.414, 7.9163, 9.4946],
  "initQU": [3.9457, 1.5147, 1.1862, 1.3959, 3.2054, 1.8267, 2.0584, 1.4176, 2.4273, 1.9779, 2.1777, 4.1726, 1.056, 3.3584, 2.2032, 1.4802, 2.1132, 4.3076, 2.4501, 3.3719, 1.007, 3.0532, 2.2249, 2.9887, 1.096, 2.9264, 3.377, 2.3121, 2.2394, 2.2392, 1.299, 4.2584, 1.7546, 2.2619, 2.9282, 1.2044, 1.0251, 5.2244, 1.3202, 3.0392, 1.5449, 4.4298, 5.9178, 2.1883, 2.8078, 1.1028, 2.1223, 2.1285, 1.0315, 1.7402]
}
