{
  "n_part": 50,
  "n_trials": 30,
  "LR_group": 0.829488495597616,
  "inv_temp_group": 2.44959406438284,
  "initQF_group": 3.88744508568197,
  "initQU_group": 2.25384426442906,
  "mu_R_group": [
    [5],
    [5]
  ],
  "sigma_R_group": 2,
  "LR": [0.5854, 0.807, 0.842, 0.7342, 0.6217, 0.8058, 0.5723, 0.5088, 0.7765, 0.7654, 0.9987, 0.8597, 0.8748, 0.7371, 0.7871, 0.8555, 0.7638, 0.6499, 0.6558, 0.9205, 0.936, 0.9378, 0.9895, 0.628, 0.7818, 0.7581, 0.9869, 0.7545, 0.5003, 0.6169, 0.8085, 0.8598, 0.8316, 0.7858, 0.8765, 0.8719, 0.7801, 0.8006, 0.9594, 0.5162, 0.9596, 0.6188, 0.9056, 0.3618, 0.7932, 0.8893, 0.9805, 0.7787, 0.8274, 0.7908],
  "inv_temp": [2.6995, 2.9328, 2.4575, 3.0682, 1.9713, 2.4558, 1.6396, 2.4612, 2.6247, 2.88, 2.3888, 1.7748, 2.3971, 3.1023, 2.3481, 1.941, 2.7805, 2.5523, 2.2619, 1.9422, 2.7596, 2.7041, 2.2305, 2.6166, 2.3035, 2.3098, 2.3635, 2.2949, 2.1576, 2.1815, 2.7923, 2.4759, 2.4807, 2.0247, 2.2663, 2.6364, 2.0231, 2.5784, 2.544, 1.9271, 2.539, 2.7617, 2.6481, 3.1812, 2.4357, 2.8175, 2.9515, 2.4363, 2.5824, 2.957],
  "initQF": [3.7489, 5.7595, 4.571, 4.3228, 3.9451, 1.4707, 7.7554, 2.2311, 4.5828, 4.877, 2.8392, 1.3805, 1.0841, 4.703, 3.4379, 1.4424, 4.1944, 2.3789, 4.241, 5.3846, 5.5083, 5.9086, 5.2902, 5.7388, 5.8099, 2.9363, 6.6653, 1.5011, 3.643, 5.0909, 4.9825, 3.9239, 5.0001, 3.2756, 6.5338, 1.6847, 2.7976, 5.5626, 3.8213, 1.3386, 4.8013, 7.6551, 2.7283, 7.0134, 3.4101, 2.9254, 6.41, 6.2711, 4.9284, 2.4453],
  "initQU": [1.862, 4.7663, 4.073, 1.9761, 2.4487, 3.2455, 1.4699, 4.2839, 1.1406, 2.3944, 1.5308, 4.8184, 2.3396, 1.1894, 3.9045, 4.0691, 4.5518, 5.7564, 3.403, 1.9444, 3.709, 1.3559, 1.0609, 2.4712, 1.7855, 5.1553, 3.8486, 1.506, 3.6007, 3.0041, 3.6514, 3.2373, 3.065, 3.7517, 2.0075, 2.082, 4.0657, 2.7036, 3.3393, 3.9106, 3.5215, 1.6564, 1.5023, 5.539, 2.2115, 3.5985, 5.3591, 3.4815, 1.6331, 2.9526]
}
