{
  "n_part": 50,
  "n_trials": 30,
  "LR_group": 0.398942649597302,
  "inv_temp_group": 2.99675178714097,
  "initQF_group": 6.06555358180776,
  "initQU_group": 6.71729520405643,
  "mu_R_group": [
    [5],
    [5]
  ],
  "sigma_R_group": 2,
  "LR": [0.5772, 0.298, 0.5322, 0.6384, 0.6004, 0.1463, 0.3024, 0.6396, 0.0616, 0.5491, 0.3927, 0.3869, 0.587, 0.2617, 0.8327, 0.2787, 0.3116, 0.5939, 0.194, 0.6478, 0.3834, 0.0099, 0.7205, 0.645, 0.4492, 0.0887, 0.6334, 0.2621, 0.3173, 0.6872, 0.2604, 0.111, 0.4733, 0.3173, 0.2687, 0.6492, 0.4426, 0.5877, 0.2744, 0.3197, 0.3042, 0.7931, 0.633, 0.3558, 0.4167, 0.3054, 0.2796, 0.4274, 0.4167, 0.6395],
  "inv_temp": [2.9174, 3.0002, 2.9276, 2.6325, 2.8182, 2.9254, 3.5884, 3.5041, 3.0551, 3.7309, 3.1988, 2.2886, 2.6085, 3.303, 2.8363, 2.998, 3.0673, 2.7925, 2.999, 2.8753, 2.9451, 3.1328, 2.699, 2.9236, 2.8866, 2.4896, 3.0746, 3.1558, 2.2547, 3.3467, 2.744, 2.2954, 3.0118, 2.8544, 3.1222, 3.0237, 3.0179, 3.3947, 2.5191, 2.9283, 3.1327, 2.443, 2.7878, 3.076, 2.4288, 3.0724, 2.8006, 3.0409, 3.4082, 3.1247],
  "initQF": [4.1364, 5.0164, 8.8394, 4.7508, 9.1466, 8.2337, 7.3029, 6.6597, 6.2299, 7.3292, 6.1762, 5.5648, 4.89, 9.391, 6.3219, 5.0898, 6.3311, 5.4904, 6.7965, 7.8083, 3.5068, 6.3149, 6.6405, 4.9707, 6.0593, 8.1301, 6.9207, 4.2491, 2.7306, 5.1958, 5.8801, 7.3198, 3.3666, 2.6773, 4.9511, 7.7031, 7.614, 4.5006, 5.9884, 1.442, 5.7909, 6.8109, 4.5282, 8.9815, 6.8719, 5.4809, 5.269, 7.924, 5.3498, 4.2725],
  "initQU": [4.6361, 8.5639, 6.2088, 5.0755, 5.9206, 7.9191, 6.6593, 8.091, 7.2847, 6.3833, 8.7481, 9.4277, 5.2157, 6.7809, 9.4541, 8.3335, 4.737, 4.0921, 6.3283, 6.969, 8.741, 4.4073, 6.2311, 5.8993, 7.3304, 7.2972, 5.6076, 6.8857, 8.3139, 4.7249, 8.3416, 6.3457, 5.5917, 4.8114, 7.2455, 7.9941, 6.2108, 4.5292, 6.4311, 7.6814, 4.2061, 3.7735, 3.7609, 8.9836, 8.295, 3.6389, 8.8147, 5.9097, 8.5816, 6.1177]
}
