{
  "n_part": 50,
  "n_trials": 30,
  "LR_group": 0.292625050060451,
  "inv_temp_group": 3.1162280915305,
  "initQF_group": 3.15795345138758,
  "initQU_group": 6.63285815366544,
  "mu_R_group": [
    [5],
    [5]
  ],
  "sigma_R_group": 2,
  "LR": [0.3459, 0.5073, 0.2654, 0.4483, 0.4509, 0.14, 0.2073, 0.2002, 0.0411, 0.2593, 0.1413, 0.1198, 0.5236, 0.1366, 0.2402, 0.5544, 0.5636, 0.4938, 0.4143, 0.1992, 0.1516, 0.0484, 0.2161, 0.4379, 0.2162, 0.5009, 0.2263, 0.2411, 0.4738, 0.553, 0.2242, 0.1313, 0.5584, 0.1045, 0.4746, 0.2338, 0.0764, 0.0931, 0.2918, 0.0082, 0.0114, 0.1726, 0.1188, 0.1305, 0.4188, 0.2449, 0.4091, 0.3408, 0.3322, 0.3851],
  "inv_temp": [2.7727, 3.0415, 3.7144, 2.982, 3.0094, 3.2255, 3.1587, 3.4337, 2.7746, 3.1398, 2.9651, 3.5959, 2.6527, 4.0794, 3.122, 2.3873, 3.1629, 2.7037, 3.6168, 2.9911, 2.8293, 3.3238, 2.9534, 3.3683, 2.9574, 3.2429, 2.991, 3.3806, 2.7813, 3.4613, 2.6767, 3.6535, 3.1903, 2.8835, 3.8514, 3.2004, 3.1055, 3.2226, 3.0914, 3.0642, 3.0319, 3.217, 3.3875, 3.394, 2.9454, 3.0604, 3.3548, 2.7401, 2.9719, 2.9139],
  "initQF": [5.5696, 3.9635, 4.2392, 3.1131, 3.0835, 3.5332, 4.9727, 1.2102, 4.0277, 4.7003, 4.4897, 3.9811, 7.758, 2.1041, 4.7819, 3.0774, 2.8191, 4.3041, 2.5811, 4.9874, 5.0735, 2.0498, 2.2623, 4.7816, 2.1661, 4.8601, 7.1288, 5.3818, 2.1042, 9.2732, 2.5522, 4.5106, 3.009, 2.1573, 1.9044, 3.1647, 3.1005, 3.837, 3.5569, 4.8015, 1.7941, 1.6306, 1.8889, 1.3928, 2.4721, 4.2536, 3.7867, 2.609, 1.1307, 3.4747],
  "initQU": [4.4832, 8.389, 7.5902, 6.5394, 9.0346, 8.9049, 6.2101, 6.4099, 7.102, 2.2958, 4.499, 4.8629, 9.0413, 3.6074, 8.0227, 7.3084, 7.9445, 8.1495, 7.995, 5.788, 7.3702, 5.8181, 8.3837, 5.6614, 5.9193, 9.1269, 8.2442, 7.8835, 5.5329, 8.3448, 9.0935, 7.1002, 5.5525, 5.6689, 6.7453, 6.6118, 7.3113, 5.1691, 9.6482, 7.4084, 5.1068, 4.6663, 7.3264, 5.0171, 9.2815, 5.282, 5.9367, 8.1923, 7.8991, 6.988]
}
