{
  "n_part": 50,
  "n_trials": 30,
  "LR_group": 0.770809296518564,
  "inv_temp_group": 3.67850854876451,
  "initQF_group": 5.62100246176124,
  "initQU_group": 5.83183409203775,
  "mu_R_group": [
    [5],
    [5]
  ],
  "sigma_R_group": 2,
  "LR": [0.885, 0.5958, 0.7129, 0.9796, 0.5544, 0.7478, 0.2995, 0.8329, 0.5095, 0.5355, 0.4485, 0.6951, 0.872, 0.5768, 0.8423, 0.6043, 0.6913, 0.836, 0.6196, 0.4979, 0.6571, 0.7334, 0.915, 0.5645, 0.4262, 0.8949, 0.7965, 0.5851, 0.294, 0.8767, 0.9464, 0.8191, 0.7243, 0.7137, 0.7119, 0.3452, 0.8517, 0.9149, 0.8849, 0.9336, 0.9324, 0.6008, 0.921, 0.1849, 0.8479, 0.5877, 0.8419, 0.8621, 0.5649, 0.8874],
  "inv_temp": [3.974, 3.4988, 3.7583, 3.962, 4.1774, 3.66, 3.1492, 3.5901, 3.7555, 3.2505, 3.421, 4.2425, 3.667, 3.3836, 3.4655, 3.9329, 3.911, 3.5641, 3.7307, 3.5077, 3.6966, 3.4171, 4.0998, 3.32, 3.8252, 3.715, 3.7452, 3.937, 3.9531, 3.4851, 3.7961, 3.3109, 3.748, 3.7262, 3.3591, 4.1839, 3.2552, 3.1608, 3.9213, 3.2331, 3.5804, 3.6697, 3.422, 3.416, 3.1307, 3.7111, 4.1184, 3.7845, 3.7771, 3.3466],
  "initQF": [6.6708, 4.3704, 6.7186, 7.7071, 7.4404, 3.2667, 2.9731, 5.4395, 5.5778, 4.6009, 5.9254, 4.48, 5.0848, 7.7112, 3.8626, 8.0361, 3.9386, 7.0718, 5.1387, 5.3467, 4.16, 4.5762, 6.953, 3.165, 3.1854, 5.4443, 3.2837, 5.6775, 7.9011, 5.3937, 4.7502, 4.981, 3.9082, 5.1081, 6.3581, 6.3093, 6.5468, 6.7302, 5.8003, 5.899, 5.5703, 4.7901, 4.8567, 8.6665, 9.6874, 6.5498, 3.194, 6.6493, 2.6517, 4.7636],
  "initQU": [6.6647, 4.9868, 7.0912, 7.3049, 5.8074, 5.5924, 6.6086, 8.7851, 6.3008, 7.3147, 6.891, 7.8612, 6.6344, 6.1023, 8.4123, 6.085, 5.0561, 3.7339, 6.2817, 3.7625, 7.4707, 4.0832, 7.0623, 7.0141, 4.937, 5.5827, 7.0834, 7.9444, 5.553, 4.8847, 4.8737, 5.8886, 4.133, 6.2821, 6.4647, 9.1935, 7.64, 8.2059, 5.1443, 6.4533, 7.1141, 5.4591, 4.6583, 5.6263, 4.9088, 2.4024, 7.6846, 6.8913, 3.9591, 3.367]
}
