{
  "n_part": 50,
  "n_trials": 30,
  "LR_group": 0.991363536566496,
  "inv_temp_group": 0.106720717158169,
  "initQF_group": 2.83251649700105,
  "initQU_group": 1.4212537878193,
  "mu_R_group": [
    [5],
    [5]
  ],
  "sigma_R_group": 2,
  "LR": [0.9244, 0.6972, 0.9221, 0.9469, 0.9981, 0.4837, 0.8037, 0.8459, 0.841, 0.963, 0.9656, 0.8778, 0.9525, 0.6808, 0.9406, 0.9857, 0.9878, 0.7289, 0.5121, 0.9009, 0.9355, 0.7283, 0.8485, 0.8998, 0.8669, 0.7045, 0.7462, 0.7146, 0.9211, 0.9837, 0.9304, 0.7236, 0.9972, 0.5862, 0.8614, 0.9762, 0.8009, 0.8074, 0.7851, 0.8604, 0.819, 0.7717, 0.9534, 0.9933, 0.91, 0.8633, 0.8434, 0.7081, 0.9674, 0.7985],
  "inv_temp": [0.2118, 0.1727, 0.0779, 0.1564, 0.6075, 0.3925, 0.0801, 0.6243, 0.4364, 0.1477, 0.009, 0.2977, 0.1778, 0.206, 0.4537, 0.4542, 0.2594, 0.0266, 0.5563, 0.0082, 0.1476, 0.181, 0.1255, 0.0107, 0.6881, 0.1099, 0.659, 0.0542, 0.3547, 0.3201, 0.3022, 0.6026, 0.0563, 0.4271, 0.3909, 0.3839, 0.0252, 0.525, 0.2619, 0.0547, 0.231, 0.0659, 0.0889, 0.26, 0.122, 0.1366, 0.1849, 0.3796, 0.0163, 0.0401],
  "initQF": [2.1692, 3.1262, 2.812, 1.5511, 4.0052, 1.78, 3.3214, 2.8627, 5.4441, 1.086, 2.4437, 1.459, 1.9312, 4.7354, 3.8451, 4.8704, 4.5031, 3.9567, 5.1107, 3.2245, 4.0711, 3.5291, 4.5494, 5.0276, 4.9217, 4.4971, 2.3944, 4.2734, 2.5161, 3.7563, 3.7933, 2.9695, 5.7465, 2.7137, 2.2721, 4.5279, 4.3622, 4.3632, 3.2141, 1.6534, 2.0973, 2.9582, 3.1067, 2.4538, 1.9357, 4.1401, 2.3815, 4.6189, 2.8123, 3.109],
  "initQU": [2.8207, 1.7983, 1.8039, 2.1795, 1.7985, 2.2213, 1.5015, 3.344, 4.7054, 4.1784, 5.1462, 1.8269, 1.7862, 3.6983, 2.9619, 1.5759, 3.1085, 5.2638, 4.5169, 5.4722, 3.5312, 1.0772, 2.7677, 1.917, 4.2418, 2.5196, 2.0292, 2.5617, 2.744, 3.4314, 1.1921, 3.1654, 3.475, 2.5971, 4.8215, 1.4526, 4.7857, 2.9079, 2.6272, 1.5938, 2.284, 2.7433, 1.399, 3.5055, 1.7359, 1.1895, 2.7598, 2.6823, 1.5341, 3.7614]
}
