{
  "n_part": 50,
  "n_trials": 30,
  "LR_group": 0.392116162460297,
  "inv_temp_group": 0.55932414601557,
  "initQF_group": 3.4335216274485,
  "initQU_group": 6.71899787453003,
  "mu_R_group": [
    [5],
    [5]
  ],
  "sigma_R_group": 2,
  "LR": [0.5385, 0.7527, 0.1624, 0.4276, 0.6109, 0.1679, 0.2944, 0.5596, 0.3128, 0.2637, 0.4293, 0.4226, 0.3883, 0.2928, 0.847, 0.0906, 0.1986, 0.6914, 0.2575, 0.4022, 0.2428, 0.3127, 0.4609, 0.4124, 0.4795, 0.3462, 0.3215, 0.352, 0.6602, 0.0936, 0.4328, 0.5589, 0.4389, 0.4742, 0.67, 0.6933, 0.7119, 0.4952, 0.5354, 0.1656, 0.4978, 0.6748, 0.1585, 0.7477, 0.5652, 0.3648, 0.7054, 0.525, 0.3642, 0.3822],
  "inv_temp": [0.4549, 0.7581, 0.5749, 1.3688, 0.5771, 0.728, 0.7328, 0.6409, 0.487, 0.5782, 0.6317, 0.6316, 0.7631, 0.741, 0.6138, 1.4028, 0.6581, 0.6323, 0.4754, 1.0812, 0.765, 0.9777, 0.6564, 0.2824, 0.694, 0.6348, 0.6503, 0.5709, 0.5399, 0.7677, 0.132, 0.6685, 0.1692, 0.6278, 0.1058, 0.7818, 0.393, 1.1575, 0.177, 0.2354, 0.6263, 0.2195, 0.741, 0.7475, 0.6628, 0.657, 0.2646, 0.5514, 0.5485, 1.1128],
  "initQF": [3.1411, 6.9141, 1.2608, 5.7467, 3.7298, 4.1191, 5.3026, 3.5102, 7.1127, 5.7659, 7.1683, 4.6811, 1.6818, 4.2455, 4.0517, 4.3899, 4.7231, 2.7047, 3.1344, 4.4303, 8.5623, 5.4292, 6.7889, 3.6104, 2.4495, 3.7641, 2.9913, 3.4155, 5.0009, 1.4849, 4.0621, 4.6111, 4.0328, 1.1037, 6.2849, 3.8828, 4.412, 4.3612, 4.7242, 2.9632, 5.5271, 4.5015, 5.3994, 5.1167, 7.7348, 3.5862, 3.828, 5.3932, 4.1598, 5.5606],
  "initQU": [6.5713, 4.5437, 7.8833, 6.1834, 7.5998, 6.2224, 9.0628, 6.3591, 8.4476, 7.2533, 8.5738, 5.7174, 6.7567, 7.1707, 7.6795, 7.7649, 6.8642, 7.743, 8.1512, 7.6513, 4.1341, 4.0939, 2.4039, 7.5877, 3.9789, 5.7732, 7.9777, 6.5358, 9.1806, 5.9463, 6.3249, 5.6098, 5.1613, 9.8847, 5.6768, 6.253, 6.0723, 6.6888, 7.64, 9.2347, 6.0717, 3.0148, 6.2378, 3.3678, 4.4003, 7.3502, 4.2759, 7.0157, 9.3667, 4.6061]
}
