{
  "n_part": 50,
  "n_trials": 30,
  "LR_group": 0.707565228221938,
  "inv_temp_group": 4.32861084933393,
  "initQF_group": 9.6621970331762,
  "initQU_group": 2.91295442823321,
  "mu_R_group": [
    [5],
    [5]
  ],
  "sigma_R_group": 2,
  "LR": [0.6115, 0.478, 0.7234, 0.6787, 0.7689, 0.8749, 0.4968, 0.7566, 0.8838, 0.6105, 0.8744, 0.5514, 0.9347, 0.8139, 0.6178, 0.9867, 0.8056, 0.4557, 0.4144, 0.1563, 0.6662, 0.849, 0.6042, 0.6253, 0.5634, 0.5637, 0.6683, 0.3608, 0.9808, 0.6699, 0.7704, 0.6103, 0.6084, 0.8497, 0.8332, 0.3414, 0.8696, 0.6958, 0.6088, 0.3642, 0.651, 0.7323, 0.8422, 0.4971, 0.5746, 0.8793, 0.8077, 0.7042, 0.3353, 0.5152],
  "inv_temp": [4.3863, 4.4927, 4.0389, 3.9563, 4.1992, 4.8389, 4.1495, 4.5509, 4.6846, 4.3311, 4.4132, 4.488, 4.6187, 3.9943, 3.985, 4.0703, 4.7842, 4.3149, 3.9955, 4.8442, 4.2421, 4.9065, 4.5909, 4.5195, 4.2719, 4.3777, 4.7144, 4.8966, 4.5281, 4.2751, 4.6102, 4.7056, 4.9011, 4.3835, 4.5229, 4.2985, 4.2683, 4.7021, 4.6024, 4.859, 4.6708, 4.3698, 4.0555, 4.1686, 4.4702, 4.455, 4.6605, 4.2827, 4.5985, 4.3924],
  "initQF": [9.5909, 8.9129, 9.2687, 6.3507, 9.3404, 9.5555, 9.5455, 8.5013, 6.0555, 6.0566, 9.8104, 8.4968, 9.6841, 8.3564, 9.6943, 9.7193, 9.0399, 9.4799, 9.7351, 5.6273, 9.0672, 7.6018, 7.5855, 8.4968, 7.2057, 7.3065, 9.2026, 8.7965, 7.5335, 8.8393, 9.0611, 5.0376, 7.8374, 8.6423, 8.001, 8.8741, 8.4711, 8.9902, 9.1829, 9.3844, 7.8309, 9.6579, 7.2353, 7.8221, 8.7195, 7.2589, 9.2987, 6.7035, 9.4345, 8.1128],
  "initQU": [4.3296, 4.8957, 3.8295, 3.5359, 2.563, 2.254, 1.853, 2.3369, 3.7828, 2.0377, 5.6845, 4.8416, 5.7467, 2.4712, 2.5101, 5.5816, 2.985, 5.0047, 2.7325, 4.596, 3.2289, 1.2914, 6.4868, 5.1297, 2.0228, 3.2639, 5.163, 2.6765, 4.4787, 4.2916, 2.2495, 2.0394, 5.3438, 2.3113, 4.5146, 2.0723, 2.8795, 3.2196, 1.5808, 1.1699, 1.8425, 2.4886, 6.4406, 5.3437, 5.3447, 3.2534, 3.0877, 2.7932, 3.1383, 4.1419]
}
