{
  "n_part": 50,
  "n_trials": 30,
  "LR_group": 0.228191901231185,
  "inv_temp_group": 0.454493928700686,
  "initQF_group": 4.58331306325272,
  "initQU_group": 8.48221391928382,
  "mu_R_group": [
    [5],
    [5]
  ],
  "sigma_R_group": 2,
  "LR": [0.2145, 0.3328, 0.4585, 0.3772, 0.4466, 0.2363, 0.2836, 0.1513, 0.0246, 0.4621, 0.192, 0.0695, 0.1987, 0.4125, 0.5433, 0.5971, 0.3289, 0.2903, 0.2999, 0.2526, 0.2338, 0.1971, 0.5027, 0.1258, 0.2098, 0.6837, 0.3273, 0.1025, 0.128, 0.1473, 0.422, 0.5548, 0.0653, 0.3705, 0.0457, 0.5996, 0.174, 0.1089, 0.1693, 0.4858, 0.4084, 0.2653, 0.2814, 0.5277, 0.1233, 0.2893, 0.048, 0.3238, 0.0788, 0.4962],
  "inv_temp": [0.4792, 0, 0.7668, 0.6062, 0.3964, 0.5369, 0.0761, 0.8896, 0.8038, 1.1596, 0.1208, 0.3148, 0.641, 0.4385, 0.1176, 0.4307, 0.4131, 0.7372, 0.3109, 0.6074, 0.4752, 0.5303, 0.155, 0.6925, 0.2926, 0.2901, 0.102, 0.1534, 0.103, 0.6214, 0.1797, 0.5903, 0.378, 0.2825, 1.0193, 0.5774, 0.5597, 0.2339, 0.4618, 0.2121, 0.946, 0.4794, 0.3696, 0.6091, 0.2782, 0.3249, 0.7176, 1.1745, 0.1435, 0.7757],
  "initQF": [5.7402, 3.0942, 4.782, 2.2901, 6.4457, 6.5448, 6.7803, 3.8585, 3.7509, 4.1163, 3.1242, 4.482, 1.9435, 5.5756, 4.384, 2.0189, 3.7598, 7.439, 4.9673, 4.6747, 5.8206, 4.7165, 1.7262, 4.4773, 5.4355, 3.6322, 3.3707, 3.0612, 5.562, 6.8119, 4.8291, 6.1206, 2.55, 5.2597, 1.5351, 5.3904, 4.1586, 4.8836, 3.7321, 6.6974, 3.0637, 5.3332, 4.601, 6.4656, 5.3411, 6.391, 7.0181, 3.9651, 4.9684, 5.5257],
  "initQU": [8.5594, 9.2332, 5.3766, 4.7933, 8.07, 9.7245, 7.0836, 5.6814, 8.2615, 9.0877, 8.4173, 7.2143, 8.0557, 9.1985, 7.8468, 8.2418, 4.2059, 8.8539, 7.5456, 5.2053, 6.5355, 9.0791, 7.8067, 6.3445, 7.1464, 7.2162, 4.9993, 8.2985, 9.9946, 8.7187, 7.5278, 7.8891, 6.2954, 7.7069, 8.0756, 7.6664, 9.9412, 8.1724, 7.7425, 8.3433, 7.0969, 5.042, 6.6922, 7.7521, 7.4839, 7.8864, 8.503, 6.7685, 6.4557, 7.5201]
}
