{
  "n_part": 50,
  "n_trials": 30,
  "LR_group": 0.274358994094655,
  "inv_temp_group": 1.51330622262321,
  "initQF_group": 5.63175793550909,
  "initQU_group": 1.32961112330668,
  "mu_R_group": [
    [5],
    [5]
  ],
  "sigma_R_group": 2,
  "LR": [0.3641, 0.2016, 0.5638, 0.2377, 0.1617, 0.1663, 0.5134, 0.1396, 0.3553, 0.2947, 0.1216, 0.3898, 0.7058, 0.3373, 0.4715, 0.5749, 0.3535, 0.1295, 0.4225, 0.2757, 0.3218, 0.4354, 0.5184, 0.8188, 0.0299, 0.1153, 0.3177, 0.0972, 0.3603, 0.1178, 0.5633, 0.2042, 0.2636, 0.1355, 0.4274, 0.0658, 0.5724, 0.3432, 0.3766, 0.4665, 0.2689, 0.2757, 0.028, 0.0521, 0.4383, 0.0944, 0.1573, 0.0703, 0.4324, 0.3153],
  "inv_temp": [1.7435, 1.8654, 1.4104, 1.6624, 0.9555, 2.0975, 0.7013, 0.8296, 1.9396, 2.1271, 1.8249, 1.701, 1.4977, 0.6569, 2.1529, 1.8745, 1.8787, 1.2404, 1.5925, 1.2526, 1.2314, 1.7254, 1.593, 1.2972, 1.6799, 1.4562, 1.4229, 1.5184, 1.5148, 1.3818, 0.7907, 1.5881, 1.8158, 1.6402, 1.9232, 1.4802, 1.5635, 1.3518, 1.6158, 0.6251, 1.7198, 1.2292, 0.9561, 1.3885, 1.1737, 1.2861, 1.587, 1.618, 1.4038, 1.6379],
  "initQF": [3.2459, 5.0588, 4.8832, 4.7407, 4.2793, 4.005, 9.3717, 4.7959, 6.4302, 5.7144, 4.1812, 5.8977, 1.2529, 4.6469, 6.4484, 4.5838, 6.7355, 4.1576, 4.6177, 5.8703, 6.6809, 4.7526, 2.4167, 2.7108, 8.6836, 3.8254, 4.4617, 5.7879, 5.7119, 5.8164, 5.1883, 6.0659, 5.3609, 6.3232, 5.5936, 4.2689, 7.0408, 5.7617, 6.8888, 6.2704, 7.0677, 4.8456, 4.6521, 4.7639, 5.0396, 6.8351, 5.2902, 7.9125, 8.0566, 3.8448],
  "initQU": [1.0937, 1.4243, 3.4196, 2.6348, 2.4168, 1.7116, 1.6478, 1.8112, 4.5148, 2.1885, 3.8527, 1.7126, 2.7044, 3.8048, 1.0583, 1.1378, 1.7741, 3.0709, 2.0899, 1.2129, 1.4502, 6.3039, 2.0003, 1.5288, 1.8709, 2.4664, 3.5226, 1.5683, 2.7567, 3.4942, 5.3321, 3.3917, 1.1112, 1.2078, 3.2486, 1.4653, 1.8842, 3.6173, 1.5183, 4.9364, 1.0491, 4.1376, 4.643, 2.9841, 2.619, 3.3473, 2.1556, 6.1783, 1.4043, 3.0152]
}
