{
  "n_part": 50,
  "n_trials": 30,
  "LR_group": 0.268437131075189,
  "inv_temp_group": 1.04717891779728,
  "initQF_group": 4.34185247938149,
  "initQU_group": 8.58307548495941,
  "mu_R_group": [
    [5],
    [5]
  ],
  "sigma_R_group": 2,
  "LR": [0.8661, 0.1702, 0.4541, 0.2086, 0.3431, 0.2953, 0.6071, 0.4717, 0.0342, 0.2167, 0.2637, 0.073, 0.4438, 0.12, 0.0923, 0.223, 0.257, 0.3098, 0.444, 0.1139, 0.3763, 0.149, 0.182, 0.158, 0.6574, 0.2028, 0.3436, 0.239, 0.1918, 0.0349, 0.1993, 0.344, 0.2958, 0.0668, 0.3338, 0.4836, 0.2408, 0.4353, 0.3732, 0.4361, 0.2461, 0.2658, 0.463, 0.4704, 0.6061, 0.2599, 0.5184, 0.5079, 0.0984, 0.2121],
  "inv_temp": [0.9298, 0.7282, 1.0967, 1.2658, 1.5227, 0.724, 1.0621, 1.4916, 1.3617, 1.205, 1.2037, 1.1471, 1.6234, 1.1397, 1.2027, 1.1712, 1.277, 1.2007, 1.2958, 0.8054, 1.1472, 0.9029, 1.0838, 0.4993, 0.8075, 0.5107, 1.042, 0.6038, 1.3124, 1.5044, 1.3314, 1.0051, 0.6623, 1.3807, 1.3657, 1.2991, 0.7048, 0.6953, 1.3458, 0.983, 1.2431, 1.341, 0.4066, 0.8944, 1.3375, 1.3402, 1.2758, 1.0975, 1.238, 1.0422],
  "initQF": [3.7264, 6.5706, 7.5528, 2.5309, 4.9222, 4.6782, 1.7034, 3.3226, 2.8547, 4.2487, 4.2493, 3.0006, 5.3818, 5.6643, 6.5354, 5.8118, 5.1885, 1.5736, 5.7999, 3.9397, 7.5652, 5.1872, 8.5371, 2.4762, 2.7726, 5.0929, 5.2005, 4.4073, 5.4095, 6.2423, 6.2893, 2.3786, 4.3651, 7.2823, 3.3162, 1.5468, 3.8067, 3.9254, 3.5212, 3.9196, 5.2038, 5.4159, 6.8519, 3.7576, 5.6686, 3.894, 8.6702, 5.3198, 4.5749, 6.0865],
  "initQU": [6.7152, 8.7792, 9.7878, 9.374, 6.2465, 7.9779, 9.8569, 9.6896, 8.7462, 7.5764, 6.648, 6.6605, 8.0389, 8.8293, 9.2089, 6.7734, 8.0416, 5.5229, 6.599, 8.535, 7.1525, 9.1194, 7.8964, 6.6423, 7.8074, 4.4567, 6.8414, 9.1557, 7.3646, 8.5059, 8.0574, 9.9856, 9.5662, 8.3478, 7.3992, 9.687, 8.6071, 6.9699, 8.89, 7.5685, 9.185, 9.2169, 7.7002, 7.3319, 7.232, 7.2802, 9.0637, 7.0938, 5.954, 9.1841]
}
