{
  "n_part": 50,
  "n_trials": 30,
  "LR_group": 0.875854585552588,
  "inv_temp_group": 2.03009261167608,
  "initQF_group": 4.03499706857838,
  "initQU_group": 3.13470847881399,
  "mu_R_group": [
    [5],
    [5]
  ],
  "sigma_R_group": 2,
  "LR": [0.9057, 0.6296, 0.7197, 0.8343, 0.8362, 0.5089, 0.7761, 0.7913, 0.5905, 0.9161, 0.9545, 0.9298, 0.7716, 0.8472, 0.7966, 0.6736, 0.7839, 0.8428, 0.7367, 0.8764, 0.7692, 0.7775, 0.7722, 0.6783, 0.6972, 0.9428, 0.6161, 0.4797, 0.5797, 0.7485, 0.8789, 0.356, 0.7464, 0.9624, 0.7858, 0.8515, 0.6564, 0.662, 0.6735, 0.7413, 0.7838, 0.81, 0.9144, 0.7884, 0.8558, 0.5109, 0.6613, 0.8828, 0.5664, 0.7743],
  "inv_temp": [2.0425, 2.3077, 2.4713, 1.8421, 2.4586, 1.9838, 1.8258, 2.4901, 2.3616, 2.3601, 1.9717, 2.3242, 1.9022, 1.7373, 2.1456, 1.6094, 1.572, 1.6978, 2.2045, 1.7493, 2.5899, 1.5563, 1.5798, 2.097, 2.8281, 1.7976, 2.3395, 2.1779, 2.2588, 2.2787, 1.9882, 2.0664, 2.0751, 2.1346, 1.7889, 1.277, 1.6316, 1.9204, 1.8831, 2.254, 1.9424, 1.7962, 1.7894, 2.1309, 1.6494, 1.8963, 1.9868, 2.4039, 1.9069, 1.405],
  "initQF": [7.0292, 4.9981, 3.2211, 3.202, 3.3356, 3.8166, 5.591, 2.0261, 1.7877, 3.8806, 2.8411, 3.361, 3.8521, 1.3916, 5.9263, 3.94, 1.8927, 5.3945, 7.0372, 3.5493, 5.4171, 4.9948, 3.1227, 2.7815, 4.2509, 4.086, 5.1947, 4.8047, 9.8892, 3.1686, 8.3277, 4.849, 2.3508, 8.0666, 6.254, 2.494, 1.1189, 4.4613, 3.759, 6.3613, 5.6624, 4.9817, 8.7574, 6.7205, 2.3974, 6.4682, 6.0729, 5.8107, 8.3038, 3.7509],
  "initQU": [2.6255, 3.5962, 1.1373, 6.7325, 1.5878, 5.2187, 5.6854, 3.9275, 7.0269, 1.5397, 3.8197, 4.8407, 2.1644, 8.4089, 1.508, 1.0805, 6.0316, 2.4786, 5.0432, 2.4582, 4.4834, 5.637, 2.7204, 2.9269, 6.637, 1.9699, 7.7259, 7.3437, 2.7725, 3.2607, 3.0672, 1.6527, 2.9416, 4.1685, 4.4574, 4.8804, 4.5792, 7.2306, 5.1149, 5.9784, 1.2496, 6.824, 1.3338, 2.9682, 1.8792, 3.7703, 4.4568, 2.7399, 2.813, 7.2035]
}
