{
  "n_part": 50,
  "n_trials": 30,
  "LR_group": 0.706618944415823,
  "inv_temp_group": 2.62828561477363,
  "initQF_group": 5.77382931672037,
  "initQU_group": 7.10765918926336,
  "mu_R_group": [
    [5],
    [5]
  ],
  "sigma_R_group": 2,
  "LR": [0.7721, 0.8311, 0.5239, 0.796, 0.78, 0.4319, 0.7179, 0.4997, 0.6068, 0.9221, 0.4425, 0.7496, 0.884, 0.6964, 0.3977, 0.3496, 0.7134, 0.7289, 0.5547, 0.9511, 0.826, 0.9757, 0.8262, 0.5587, 0.5224, 0.7477, 0.6515, 0.4358, 0.7341, 0.7596, 0.8665, 0.7227, 0.5037, 0.6124, 0.8841, 0.4028, 0.4642, 0.809, 0.5685, 0.6497, 0.6958, 0.7959, 0.6124, 0.6176, 0.429, 0.8374, 0.2868, 0.707, 0.7771, 0.4495],
  "inv_temp": [2.2504, 2.461, 3.0567, 2.5136, 2.6871, 2.7642, 2.8109, 2.4922, 2.6581, 2.8656, 3.1028, 2.7176, 3.0454, 2.562, 2.2093, 2.2807, 2.1613, 2.7905, 2.9608, 3.1604, 2.1064, 2.5272, 2.6122, 2.5966, 2.4557, 2.506, 2.4574, 3.1576, 2.7136, 2.7693, 2.2864, 2.9017, 2.7176, 2.5873, 3.0333, 2.4021, 2.8882, 3.042, 2.5562, 2.7833, 2.6158, 2.462, 2.7616, 2.4881, 2.4613, 3.2642, 2.3865, 2.639, 2.3615, 2.7857],
  "initQF": [9.0104, 6.8969, 5.1083, 4.8613, 7.7846, 6.1045, 8.1455, 5.7226, 5.422, 7.6793, 6.9095, 6.084, 2.3121, 5.2573, 4.1791, 5.5597, 4.8351, 3.31, 4.5115, 2.8857, 5.0872, 7.2132, 7.9194, 2.1082, 7.5733, 7.104, 8.5682, 6.6368, 4.0488, 3.6434, 2.7255, 7.0443, 7.1487, 6.7687, 8.1854, 7.0038, 1.9781, 3.2915, 7.9279, 8.0059, 7.3875, 7.5548, 5.559, 6.1178, 6.9096, 5.9235, 4.6682, 8.0596, 2.5725, 8.3425],
  "initQU": [4.9703, 6.9011, 4.6513, 5.6832, 7.8382, 5.7302, 8.0248, 6.4434, 6.854, 6.3718, 6.8994, 9.3736, 7.4807, 4.2292, 8.7331, 4.1632, 8.1208, 7.6643, 9.9103, 5.464, 9.3782, 7.6682, 8.7491, 9.1711, 5.7612, 6.1327, 6.5752, 6.654, 7.7875, 7.5277, 9.1728, 6.073, 4.0021, 4.3146, 6.012, 3.6425, 7.9189, 7.9597, 5.6121, 6.6672, 7.5986, 7.798, 7.6601, 8.0853, 9.3961, 5.8259, 6.0768, 7.5931, 4.7397, 6.9542]
}
