{
  "n_part": 50,
  "n_trials": 30,
  "LR_group": 0.589791431790218,
  "inv_temp_group": 2.40697815432213,
  "initQF_group": 5.67475613486022,
  "initQU_group": 7.10586310247891,
  "mu_R_group": [
    [5],
    [5]
  ],
  "sigma_R_group": 2,
  "LR": [0.3612, 0.4517, 0.5047, 0.7533, 0.7841, 0.5683, 0.5873, 0.8715, 0.5885, 0.3262, 0.5261, 0.497, 0.7136, 0.5163, 0.3798, 0.8478, 0.591, 0.2808, 0.9357, 0.5224, 0.6077, 0.733, 0.8417, 0.5845, 0.8881, 0.395, 0.5955, 0.6253, 0.7628, 0.6116, 0.5613, 0.4309, 0.5457, 0.5522, 0.6088, 0.6046, 0.325, 0.6848, 0.7576, 0.5672, 0.6668, 0.4413, 0.4775, 0.7962, 0.3418, 0.3478, 0.4041, 0.52, 0.4123, 0.3663],
  "inv_temp": [2.3068, 2.6612, 2.6009, 2.4448, 2.5765, 1.8612, 2.6283, 2.2308, 3.009, 2.6704, 2.5511, 2.8719, 2.6532, 2.4545, 2.1868, 2.8734, 2.1036, 2.7402, 2.2012, 2.3768, 2.6799, 2.5589, 2.1588, 1.5338, 2.598, 2.314, 2.751, 2.5663, 2.455, 2.2489, 2.684, 2.507, 2.1635, 2.4823, 2.2271, 2.1616, 2.2048, 2.4766, 2.7885, 2.8011, 2.0825, 2.5113, 2.4194, 2.259, 2.9453, 2.2867, 2.5226, 1.9514, 2.2454, 2.627],
  "initQF": [9.24, 3.6739, 6.5501, 8.952, 4.7941, 8.6414, 8.9296, 7.0387, 7.9262, 2.2201, 6.0787, 3.8239, 3.922, 6.7692, 3.7296, 1.9274, 7.2136, 1.7959, 6.3608, 3.3407, 7.8684, 4.9127, 8.7457, 6.1953, 2.0016, 4.2197, 5.8624, 7.688, 7.6751, 8.184, 5.7466, 6.015, 6.3567, 7.0226, 3.5908, 7.0096, 5.7465, 6.8196, 4.5024, 5.0135, 6.5595, 6.297, 4, 4.98, 4.2764, 5.9702, 4.8328, 2.5461, 3.7319, 4.4767],
  "initQU": [7.7331, 6.9509, 8.4679, 4.012, 6.6787, 7.4968, 5.0715, 9.1412, 9.9977, 6.6356, 5.5644, 3.8057, 8.5746, 6.3922, 5.8468, 3.2171, 4.6261, 7.2928, 9.3759, 5.9205, 7.0159, 8.0508, 6.2998, 8.4099, 8.054, 6.8848, 6.1478, 4.4245, 5.0075, 5.9753, 6.7646, 9.5278, 9.3818, 6.7808, 6.7788, 7.8036, 9.722, 5.7281, 8.909, 8.2313, 6.6944, 6.6896, 8.6445, 8.5416, 6.92, 5.8648, 9.4764, 8.9484, 5.3053, 6.9125]
}
