{
  "n_part": 50,
  "n_trials": 30,
  "LR_group": 0.51468041096814,
  "inv_temp_group": 0.971268464345485,
  "initQF_group": 9.22429634560831,
  "initQU_group": 6.40151855652221,
  "mu_R_group": [
    [5],
    [5]
  ],
  "sigma_R_group": 2,
  "LR": [0.5497, 0.38, 0.4167, 0.6082, 0.4868, 0.8238, 0.6133, 0.6683, 0.5707, 0.5841, 0.5876, 0.5398, 0.4628, 0.9159, 0.6003, 0.5942, 0.2877, 0.5687, 0.411, 0.6105, 0.5325, 0.6358, 0.725, 0.6853, 0.4444, 0.2919, 0.3297, 0.4009, 0.7415, 0.4187, 0.7042, 0.6291, 0.2695, 0.6136, 0.5769, 0.6571, 0.7677, 0.5532, 0.4809, 0.5317, 0.1579, 0.4726, 0.5608, 0.3364, 0.1341, 0.7914, 0.4881, 0.4909, 0.6148, 0.6004],
  "inv_temp": [0.9585, 0.865, 1.7063, 1.1494, 0.6353, 0.5993, 0.9154, 1.0189, 1.0902, 0.7409, 0.8966, 0.549, 1.7149, 1.2729, 0.7185, 1.4213, 1.3816, 1.2768, 1.1311, 1.0503, 0.8986, 0.875, 0.9022, 1.0455, 0.6894, 1.4191, 1.0312, 1.4915, 1.3158, 0.9539, 0.3786, 1.0628, 1.0403, 0.8386, 0.9964, 0.7213, 0.8884, 1.2384, 0.6408, 1.5101, 1.1842, 1.0725, 1.0464, 0.8318, 0.9968, 0.4494, 1.084, 1.196, 1.1943, 0.735],
  "initQF": [6.3538, 8.7119, 9.5062, 8.2633, 9.8035, 9.3704, 7.7996, 6.3973, 8.1274, 7.3719, 8.2299, 7.4603, 9.7369, 6.4919, 8.0302, 9.9555, 9.7322, 6.5889, 9.624, 8.6822, 6.3519, 6.2551, 9.5086, 9.2107, 7.6848, 7.1397, 8.3479, 8.1733, 8.8932, 7.2269, 9.7206, 4.9242, 9.1548, 7.346, 8.3004, 8.9501, 6.6059, 6.2025, 4.7669, 9.4487, 8.0617, 4.8695, 9.1866, 8.4921, 8.1501, 9.5909, 5.4362, 6.4675, 6.3062, 8.7071],
  "initQU": [4.155, 7.574, 7.1454, 3.9005, 2.4391, 3.9025, 8.0426, 6.901, 5.5498, 4.3588, 7.2066, 7.0683, 6.5566, 2.6355, 9.4945, 5.7324, 4.4166, 8.9306, 6.5288, 4.0231, 4.433, 4.9601, 6.0906, 8.3379, 4.3452, 7.8662, 4.1079, 5.4731, 4.5343, 7.0926, 4.1616, 4.2456, 5.2138, 4.0227, 5.8782, 8.3469, 9.7668, 6.8406, 6.6554, 9.5827, 7.5396, 5.7009, 5.2257, 6.9607, 7.1912, 1.7864, 6.4717, 6.887, 5.3074, 7.2137]
}
