{
  "n_part": 50,
  "n_trials": 30,
  "mu_R_group": [
    [5],
    [5]
  ],
  "sigma_R_group": 2,
  "LR_group": 0.472690859111026,
  "inv_temp_group": 0.0561167439445853,
  "initQF_group": 7.06932740285993,
  "initQU_group": 4.51333088148385,
  "LR": [0.6565, 0.4927, 0.4107, 0.418, 0.7046, 0.2807, 0.5622, 0.3776, 0.6096, 0.2711, 0.2895, 0.4119, 0.7235, 0.48, 0.7388, 0.2066, 0.8214, 0.2635, 0.4963, 0.9568, 0.2645, 0.1807, 0.558, 0.5347, 0.608, 0.3649, 0.4729, 0.3897, 0.5725, 0.7187, 0.6958, 0.4487, 0.2887, 0.6211, 0.8569, 0.6745, 0.3027, 0.2596, 0.8954, 0.2597, 0.2595, 0.5113, 0.2899, 0.3812, 0.4292, 0.6954, 0.55, 0.3692, 0.5293, 0.355],
  "inv_temp": [0.5307, 0.002, 0.0978, 0.6195, 0.2588, 0.2308, 0.6201, 0.5021, 0.0716, 0.0591, 0.6123, 0.3591, 0.1019, 0.0337, 0.5613, 0.2953, 0.5894, 0.0785, 0.0145, 0.6579, 0.0378, 0.2524, 0.1863, 0.5262, 0.1341, 0.4253, 0.1914, 0.0023, 0.0414, 0.109, 0.055, 0.3339, 0.0452, 0.1256, 0.3062, 0.3388, 0.1011, 0.346, 0.4187, 0.1142, 0.2422, 0.2448, 0.4189, 0.0559, 0.1588, 0.4609, 0.0811, 0.0014, 0.0996, 0.3134],
  "initQF": [6.2857, 4.106, 6.088, 9.7746, 2.9095, 4.4432, 6.5754, 6.6813, 9.6149, 8.7986, 5.9804, 2.7127, 8.9388, 6.011, 8.5026, 5.6691, 6.3113, 4.4489, 6.5733, 5.3131, 3.7909, 9.5234, 5.8376, 8.0539, 4.6566, 6.2644, 3.6535, 7.4367, 8.8566, 5.8737, 5.9046, 8.3163, 9.9055, 7.2492, 6.2003, 8.9785, 7.5589, 6.5492, 6.2917, 5.8986, 7.2745, 5.8534, 8.5925, 7.6776, 3.5935, 4.8469, 5.456, 3.3576, 7.8817, 8.3445],
  "initQU": [6.935, 8.0781, 3.5598, 4.5289, 7.1408, 3.5887, 3.6371, 4.4643, 3.4805, 2.8759, 2.3024, 4.0136, 4.1998, 5.5817, 4.9233, 7.9376, 5.5631, 4.5961, 4.3506, 2.3307, 4.7413, 5.728, 6.4804, 2.4642, 4.5719, 5.7837, 5.1857, 1.9246, 7.556, 6.5615, 7.6871, 6.0232, 4.9831, 4.5896, 4.7379, 3.642, 2.9396, 2.1665, 7.2412, 3.0159, 4.4122, 5.8145, 3.6145, 2.7564, 8.0183, 4.4927, 5.9443, 7.3752, 2.4149, 5.017]
}
