{
  "n_part": 50,
  "n_trials": 30,
  "mu_R_group": [
    [5],
    [5]
  ],
  "sigma_R_group": 2,
  "LR_group": 0.183810396818444,
  "inv_temp_group": 3.83881462854333,
  "initQF_group": 8.33622263418511,
  "initQU_group": 5.21951952157542,
  "LR": [0.4391, 0.448, 0.162, 0.4489, 0.1165, 0.3995, 0.0923, 0.1428, 0.5049, 0.1148, 0.4074, 0.3112, 0.4912, 0.4236, 0.0422, 0.3051, 0.0418, 0.1683, 0.4118, 0.3665, 0.0483, 0.1445, 0.3257, 0.4153, 0.1845, 0.2374, 0.3479, 0.0982, 0.4178, 0.2024, 0.1413, 0.1568, 0.3753, 0.4297, 0.3515, 0.2164, 0.197, 0.1187, 0.2903, 0.0912, 0.1889, 0.5424, 0.4775, 0.3486, 0.7184, 0.2026, 0.0715, 0.0427, 0.272, 0.3348],
  "inv_temp": [3.7061, 3.8091, 3.4135, 3.6184, 3.2459, 3.745, 3.8228, 3.9722, 4.1393, 4.229, 3.6153, 3.6376, 3.072, 3.5215, 3.9653, 3.7781, 3.9061, 3.4889, 3.9215, 4.0447, 4.3419, 3.9926, 3.4582, 4.1088, 4.0704, 4.4184, 4.1146, 3.7745, 3.363, 4.4464, 4.2638, 3.8687, 3.5645, 3.3446, 4.1178, 4.0992, 3.8247, 3.8015, 3.7307, 4.0577, 3.5679, 3.3373, 3.6284, 4.1375, 3.3862, 3.9227, 3.5889, 4.2013, 4.0759, 3.6787],
  "initQF": [7.0677, 6.1401, 9.5547, 8.4959, 6.4924, 9.7391, 4.611, 7.2265, 7.2882, 4.26, 6.9206, 9.4507, 6.6763, 7.6657, 7.5737, 7.2886, 9.8739, 7.5728, 8.3379, 9.0906, 8.0399, 5.1391, 7.7031, 8.0767, 8.8103, 6.7956, 6.9396, 5.9328, 6.7148, 7.2193, 4.1789, 6.7153, 5.7587, 8.4778, 8.3976, 8.226, 4.8589, 8.3446, 8.4593, 9.528, 6.7734, 7.3912, 8.1731, 9.2409, 7.9427, 5.9425, 8.8764, 9.5856, 7.7086, 5.1163],
  "initQU": [6.1758, 4.1486, 7.1164, 5.435, 7.1665, 5.0011, 8.7333, 1.0617, 4.6198, 6.3807, 7.3724, 4.4624, 4.0883, 3.9339, 7.5915, 5.9229, 8.2842, 1.4688, 4.2774, 3.5136, 2.1796, 3.2935, 6.371, 7.5733, 2.8534, 4.0365, 5.9318, 3.366, 5.167, 4.4897, 5.7024, 4.5891, 8.262, 2.5758, 8.1615, 8.369, 6.3363, 5.4658, 3.481, 2.9504, 5.4565, 3.4035, 6.9335, 7.6989, 4.6064, 4.6389, 3.9251, 5.4712, 8.8897, 3.6899]
}
