{
  "n_part": 50,
  "n_trials": 30,
  "mu_R_group": [
    [5],
    [5]
  ],
  "sigma_R_group": 2,
  "LR_group": 0.415057135280222,
  "inv_temp_group": 4.72038001520559,
  "initQF_group": 4.29455396556295,
  "initQU_group": 8.11164764361456,
  "LR": [0.2543, 0.7389, 0.3347, 0.6809, 0.4883, 0.2272, 0.4197, 0.3139, 0.8202, 0.5194, 0.5021, 0.3169, 0.481, 0.5726, 0.3077, 0.409, 0.177, 0.5166, 0.4313, 0.691, 0.6722, 0.5752, 0.3839, 0.1249, 0.5807, 0.6734, 0.4667, 0.6697, 0.4937, 0.6531, 0.1579, 0.2495, 0.0355, 0.3193, 0.4885, 0.4155, 0.2428, 0.7872, 0.0638, 0.1941, 0.6437, 0.4159, 0.3503, 0.3796, 0.7097, 0.4564, 0.5572, 0.5385, 0.3775, 0.4768],
  "inv_temp": [4.6725, 4.2597, 4.5113, 4.5639, 4.8614, 4.8477, 4.5574, 4.4277, 4.5895, 4.8717, 4.5531, 4.827, 4.9185, 4.9983, 4.414, 4.9512, 4.9629, 4.4007, 4.294, 4.8329, 4.3265, 4.7591, 4.7451, 4.4986, 4.8953, 4.9623, 4.3939, 4.7308, 4.4089, 4.2687, 4.9346, 4.9561, 4.8107, 4.451, 4.3074, 4.907, 4.9295, 4.7188, 4.6186, 4.5663, 4.8137, 4.8947, 4.9083, 4.6154, 4.6053, 4.3113, 4.9003, 4.3514, 4.8073, 4.8489],
  "initQF": [3.1466, 6.0044, 7.2753, 3.6962, 2.4656, 7.0601, 1.0067, 1.2566, 5.3036, 6.1191, 3.1584, 5.2998, 5.0075, 2.889, 3.1548, 1.6474, 4.8101, 1.0214, 4.2799, 3.8184, 3.141, 3.3957, 6.4235, 6.8288, 2.5472, 1.2199, 6.0662, 1.4546, 3.375, 6.6677, 1.9307, 5.051, 5.7184, 3.192, 5.7261, 4.8006, 3.5502, 3.892, 5.3141, 3.4822, 4.7315, 4.7037, 3.9082, 3.9783, 3.4175, 2.8519, 2.7249, 1.5656, 4.2408, 5.7063],
  "initQU": [6.8308, 6.9578, 9.9879, 8.596, 3.2716, 6.1783, 5.4527, 6.8878, 7.4073, 9.4117, 4.5421, 8.6586, 9.8876, 6.1404, 7.814, 4.6549, 7.7797, 8.7723, 9.7628, 9.1302, 5.8027, 8.36, 7.7809, 8.1577, 9.2741, 7.2663, 8.0881, 2.7988, 9.6637, 5.8075, 6.8331, 4.8533, 5.3788, 6.9503, 8.5687, 9.7129, 7.7467, 8.3811, 6.9598, 9.0108, 9.6655, 9.3564, 4.7009, 7.5199, 9.5915, 6.1601, 7.7479, 7.9145, 5.6097, 7.8282]
}
