{
  "n_part": 50,
  "n_trials": 30,
  "mu_R_group": [
    [5],
    [5]
  ],
  "sigma_R_group": 2,
  "LR_group": 0.411720380187035,
  "inv_temp_group": 1.0932480962947,
  "initQF_group": 5.50883804215118,
  "initQU_group": 1.03180493251421,
  "LR": [0.2817, 0.3642, 0.3735, 0.645, 0.4517, 0.2811, 0.1932, 0.2877, 0.1353, 0.1678, 0.6317, 0.4136, 0.4009, 0.1958, 0.3062, 0.1554, 0.2356, 0.2455, 0.2674, 0.5151, 0.6323, 0.3683, 0.7525, 0.4443, 0.328, 0.6705, 0.2295, 0.1259, 0.5547, 0.3306, 0.7775, 0.4443, 0.6167, 0.5047, 0.3933, 0.486, 0.9455, 0.7809, 0.0641, 0.6492, 0.3804, 0.4439, 0.4137, 0.1911, 0.3309, 0.2696, 0.1075, 0.249, 0.7064, 0.5046],
  "inv_temp": [1.6043, 1.4475, 1.2706, 1.2292, 1.4296, 1.2464, 1.6996, 0.918, 1.3522, 0.5397, 1.2253, 1.0783, 1.1397, 1.154, 1.1872, 0.8868, 1.4432, 1.0089, 1.3288, 1.2805, 1.138, 0.9734, 1.2923, 0.6415, 1.4264, 0.9329, 0.7316, 1.3805, 1.7052, 1.4786, 1.4533, 1.3882, 0.9383, 0.8372, 1.3266, 0.4156, 0.8017, 0.6127, 0.7813, 1.2222, 1.1046, 0.6604, 1.345, 1.4901, 0.6429, 1.1358, 0.5345, 1.2889, 1.3059, 1.4458],
  "initQF": [5.5677, 4.7968, 7.6602, 7.1495, 4.1091, 7.3471, 8.2593, 4.397, 6.9008, 3.3167, 4.3259, 5.8681, 5.5753, 6.5221, 5.2437, 6.6327, 6.4869, 5.2094, 7.4123, 5.7282, 5.3373, 7.1535, 6.1809, 3.6831, 5.75, 3.0838, 3.0867, 3.9072, 6.8757, 4.9247, 8.3274, 4.4091, 8.346, 8.2036, 4.454, 6.7958, 5.3231, 8.7657, 2.0547, 6.1943, 5.9371, 3.3852, 7.6286, 9.7404, 6.0792, 3.1168, 6.903, 5.3021, 6.9578, 2.039],
  "initQU": [6.2528, 3.4454, 3.0271, 2.8384, 3.6021, 2.3085, 1.4887, 2.4572, 2.2503, 4.27, 4.2425, 1.428, 2.17, 1.5325, 3.3684, 2.6854, 2.9267, 1.5992, 4.0977, 1.1693, 1.8113, 4.2554, 2.1415, 2.4699, 1.0675, 3.1309, 1.606, 1.0965, 1.8473, 3.1906, 1.7558, 1.6515, 2.1235, 2.0076, 1.0928, 1.1391, 3.1419, 4.4644, 2.601, 1.8822, 1.7418, 1.9987, 4.4416, 2.85, 1.4069, 1.0756, 1.4502, 2.4572, 1.691, 2.8437]
}
