{
  "n_part": 50,
  "n_trials": 30,
  "mu_R_group": [
    [5],
    [5]
  ],
  "sigma_R_group": 2,
  "LR_group": 0.603190782479942,
  "inv_temp_group": 3.23774739750661,
  "initQF_group": 8.58304692991078,
  "initQU_group": 3.99150169454515,
  "LR": [0.9196, 0.657, 0.2831, 0.5623, 0.5675, 0.5091, 0.6022, 0.6082, 0.4167, 0.5538, 0.4795, 0.6433, 0.7218, 0.7166, 0.3289, 0.4929, 0.5007, 0.9442, 0.5307, 0.432, 0.2541, 0.3661, 0.5101, 0.2642, 0.6476, 0.7885, 0.6646, 0.7274, 0.572, 0.639, 0.5323, 0.4082, 0.6723, 0.6696, 0.6376, 0.6443, 0.4655, 0.5058, 0.1483, 0.2066, 0.3065, 0.7985, 0.7429, 0.4655, 0.4583, 0.7723, 0.6258, 0.8034, 0.6624, 0.4579],
  "inv_temp": [3.2604, 3.6942, 3.7258, 2.6856, 3.0689, 3.4058, 3.2914, 3.0653, 3.0448, 3.3295, 3.2464, 2.9565, 2.7351, 3.1845, 3.0745, 3.4808, 2.9193, 3.2643, 4.0014, 3.7802, 3.5233, 3.153, 2.8998, 3.3124, 2.5139, 3.2618, 3.0878, 3.4339, 2.6671, 3.1098, 3.2016, 2.9658, 2.7211, 3.5262, 3.1476, 3.3753, 3.3345, 3.1814, 3.0833, 3.4225, 2.9816, 3.2188, 3.1387, 3.1229, 2.7824, 3.1737, 3.8042, 2.9198, 3.0241, 3.3064],
  "initQF": [6.9503, 6.2113, 8.7363, 7.9417, 8.8815, 7.4964, 9.8824, 7.4178, 9.7321, 8.84, 4.8497, 8.1356, 8.0662, 8.3752, 8.869, 9.018, 9.2277, 5.6579, 6.7577, 8.962, 8.7473, 8.5744, 9.6653, 8.2576, 8.0724, 8.1668, 9.176, 8.3778, 5.4519, 6.6755, 7.8672, 7.7695, 8.678, 6.3521, 5.9657, 9.7921, 6.3938, 9.0236, 4.6661, 8.3359, 5.2536, 8.0131, 8.3312, 8.7671, 7.304, 7.4754, 6.8661, 6.384, 6.6057, 9.4809],
  "initQU": [7.0205, 4.8002, 2.9273, 6.295, 3.0134, 4.1111, 5.925, 4.0109, 5.3751, 5.9981, 2.9995, 5.5841, 3.2032, 6.0913, 5.1408, 4.4462, 7.1318, 4.7992, 1.8151, 3.8592, 7.6137, 1.3602, 4.2124, 3.376, 2.2324, 4.1419, 1.4739, 1.7884, 4.8104, 2.0653, 2.2021, 1.7134, 3.3585, 5.8017, 4.1351, 4.6928, 2.6499, 4.7076, 1.9874, 2.5508, 3.1946, 7.0102, 3.8813, 3.5674, 5.5998, 6.2514, 2.1106, 6.1619, 2.2058, 8.2258]
}
