{
  "n_part": 50,
  "n_trials": 30,
  "mu_R_group": [
    [5],
    [5]
  ],
  "sigma_R_group": 2,
  "LR_group": 0.660282770870253,
  "inv_temp_group": 3.60013820696622,
  "initQF_group": 4.88449140684679,
  "initQU_group": 9.3624260823708,
  "LR": [0.8203, 0.7914, 0.8404, 0.5185, 0.9687, 0.449, 0.9885, 0.5484, 0.4838, 0.6624, 0.4312, 0.6356, 0.5523, 0.3441, 0.5881, 0.859, 0.5884, 0.6139, 0.8295, 0.9495, 0.5914, 0.7474, 0.5941, 0.7949, 0.3108, 0.971, 0.6966, 0.5933, 0.4718, 0.6325, 0.8659, 0.7913, 0.8139, 0.8653, 0.5366, 0.7178, 0.84, 0.6586, 0.7376, 0.9641, 0.7361, 0.8783, 0.691, 0.8668, 0.7844, 0.5893, 0.63, 0.765, 0.7521, 0.5484],
  "inv_temp": [3.7513, 3.855, 3.3343, 3.2084, 3.7727, 3.4355, 3.7951, 3.2804, 4.0396, 3.7364, 3.3425, 3.6867, 3.2676, 3.5851, 3.5688, 3.7452, 3.5657, 3.7145, 4.0323, 3.8868, 3.6718, 3.8193, 3.509, 3.2835, 3.317, 3.3775, 3.5189, 3.8961, 3.568, 3.4149, 3.7602, 3.4871, 3.7231, 3.6372, 3.4692, 3.1914, 4.4097, 3.6792, 3.6109, 3.2518, 3.8075, 3.759, 3.5162, 3.4337, 3.1385, 3.6828, 4.0906, 4.1933, 3.499, 3.7263],
  "initQF": [5.124, 3.6118, 7.1917, 5.2651, 2.2029, 9.4328, 2.5944, 4.5668, 6.4876, 2.9599, 6.623, 4.5481, 7.1577, 6.068, 2.1338, 5.9715, 2.2306, 6.3852, 2.8096, 6.2093, 6.3485, 5.9877, 4.4895, 4.3332, 5.2395, 6.2911, 4.8103, 5.7964, 2.6218, 5.4138, 8.8512, 5.9055, 6.8313, 6.3981, 7.6127, 7.8482, 3.9325, 3.1605, 5.0751, 1.6646, 4.2188, 5.7642, 6.3619, 5.1222, 4.8837, 5.1442, 4.267, 3.6972, 4.3501, 2.9244],
  "initQU": [8.8479, 9.0095, 9.968, 9.8936, 6.9703, 7.351, 9.4381, 7.2791, 9.9633, 9.8233, 9.8493, 6.4033, 7.2933, 9.9849, 8.3113, 4.9579, 8.3993, 6.6855, 6.1011, 8.2251, 7.6954, 5.6551, 7.2207, 7.5344, 7.0966, 9.5794, 8.829, 9.324, 8.3253, 8.1389, 6.961, 9.1352, 6.6346, 7.3878, 7.4659, 9.7757, 6.1597, 5.7095, 5.6099, 9.535, 7.9575, 8.1958, 7.8032, 9.1747, 8.7223, 5.9709, 5.5065, 9.809, 9.3646, 9.0393]
}
