{
  "n_part": 50,
  "n_trials": 30,
  "mu_R_group": [
    [5],
    [5]
  ],
  "sigma_R_group": 2,
  "LR_group": 0.505838829092681,
  "inv_temp_group": 1.44748744554818,
  "initQF_group": 5.04518937808461,
  "initQU_group": 2.65272906818427,
  "LR": [0.2569, 0.6171, 0.4843, 0.1333, 0.6758, 0.7061, 0.3535, 0.6687, 0.5093, 0.3716, 0.4106, 0.2168, 0.1806, 0.2144, 0.3127, 0.5654, 0.8207, 0.5583, 0.4889, 0.3209, 0.7913, 0.322, 0.6937, 0.5759, 0.5209, 0.5686, 0.7826, 0.392, 0.7609, 0.3771, 0.2137, 0.5144, 0.6138, 0.6035, 0.4028, 0.9999, 0.3866, 0.5159, 0.4478, 0.7447, 0.5357, 0.6844, 0.2935, 0.4854, 0.5277, 0.6059, 0.2867, 0.1745, 0.6881, 0.2696],
  "inv_temp": [0.9811, 1.2707, 1.6958, 1.6633, 1.7605, 1.1082, 1.6902, 1.9799, 1.4671, 1.767, 1.5124, 1.3156, 1.7803, 1.3554, 1.6801, 1.1635, 1.4693, 0.7604, 1.5117, 1.2603, 1.4375, 1.7608, 1.2737, 1.6385, 1.1126, 1.5268, 1.4278, 1.5505, 1.2797, 1.4413, 2.0942, 1.6837, 1.2893, 1.3081, 1.2739, 1.6473, 1.1995, 1.395, 1.1427, 1.7958, 1.9073, 1.7648, 1.6462, 1.0312, 1.4146, 1.2679, 1.4583, 1.4065, 1.9869, 1.3991],
  "initQF": [6.6715, 8.291, 5.4144, 6.1842, 6.3253, 5.2545, 7.0207, 4.3604, 6.2784, 4.3219, 5.6446, 6.9531, 4.7449, 1.1478, 5.513, 8.8127, 3.5572, 2.164, 4.8681, 4.7132, 8.1134, 4.1351, 9.0654, 3.1456, 6.7487, 3.7288, 3.2189, 6.9478, 4.8777, 6.1812, 6.5535, 6.1915, 9.1277, 6.2254, 5.1427, 7.872, 3.0557, 4.0283, 7.1524, 6.053, 2.768, 6.2304, 5.2724, 4.047, 6.8043, 6.5833, 3.815, 3.4747, 3.1802, 5.224],
  "initQU": [1.4943, 1.7113, 1.5467, 5.8768, 3.5108, 3.0257, 1.986, 3.2163, 2.8268, 3.2007, 3.5335, 1.9943, 6.0864, 3.3897, 4.3878, 4.0253, 5.3259, 2.272, 8.2903, 2.2341, 1.3444, 2.0808, 2.6041, 2.7289, 3.5761, 2.7361, 3.8988, 2.4953, 4.7304, 2.5291, 2.4989, 2.8552, 2.2112, 3.5162, 6.3204, 2.5959, 2.3609, 1.6984, 2.3836, 4.3156, 3.5687, 3.2316, 2.2189, 1.3242, 3.4546, 4.0447, 3.6569, 4.1999, 1.416, 1.2403]
}
