{
  "n_part": 50,
  "n_trials": 30,
  "mu_R_group": [
    [5],
    [5]
  ],
  "sigma_R_group": 2,
  "LR_group": 0.82500302279368,
  "inv_temp_group": 1.949465458747,
  "initQF_group": 3.66622160747647,
  "initQU_group": 9.98156959679909,
  "LR": [0.6369, 0.6302, 0.4291, 0.6789, 0.8569, 0.65, 0.6321, 0.9721, 0.8472, 0.5972, 0.8214, 0.9158, 0.6549, 0.7415, 0.9014, 0.7869, 0.8791, 0.7007, 0.874, 0.6767, 0.9027, 0.7858, 0.7879, 0.7497, 0.4983, 0.6549, 0.8428, 0.5859, 0.6885, 0.645, 0.9217, 0.9005, 0.8431, 0.8843, 0.5583, 0.7479, 0.3615, 0.9281, 0.6614, 0.968, 0.7103, 0.7245, 0.8229, 0.5335, 0.866, 0.5326, 0.6411, 0.9117, 0.4279, 0.8616],
  "inv_temp": [1.8456, 2.4304, 1.5934, 1.9684, 2.1894, 1.4462, 1.8406, 1.3399, 1.412, 1.829, 1.7846, 1.6632, 1.9394, 1.76, 1.9816, 2.521, 2.2209, 1.95, 2.5559, 2.2133, 1.9727, 2.1739, 1.9403, 1.9024, 2.0442, 1.2549, 1.9109, 2.1259, 2.3065, 1.9808, 1.7578, 2.2931, 1.7787, 2.2503, 2.7544, 1.3737, 2.2651, 2.0524, 2.1015, 1.8596, 2.417, 1.9983, 2.5897, 2.0582, 1.6156, 1.6851, 2.504, 1.4695, 2.3258, 1.8963],
  "initQF": [5.1331, 4.6078, 5.1752, 4.3118, 2.6495, 3.9624, 3.2368, 6.0018, 6.8437, 5.9911, 3.7843, 2.2392, 4.4965, 3.1727, 4.9201, 5.0702, 3.8993, 6.2632, 4.4096, 7.2959, 3.2041, 5.4535, 7.824, 7.3228, 5.5662, 2.7236, 2.4803, 3.9422, 4.3127, 4.7282, 2.421, 5.7646, 3.1548, 6.9727, 1.8784, 5.2781, 5.9029, 4.0537, 3.3032, 2.6897, 3.9237, 5.1169, 1.9023, 1.6712, 2.3639, 3.6093, 2.5016, 6.4583, 3.5235, 4.4852],
  "initQU": [9.0636, 7.403, 9.1462, 9.5961, 8.1674, 8.5072, 7.5396, 9.7296, 9.1677, 9.8713, 9.2294, 8.1208, 8.1685, 9.2131, 8.2273, 8.9847, 8.8856, 9.1378, 8.7666, 9.7289, 8.9492, 8.0445, 7.9783, 5.5666, 8.3938, 5.3764, 8.777, 7.5908, 9.2669, 8.764, 9.3795, 8.3293, 9.3274, 8.9056, 6.921, 8.5709, 6.6033, 9.2315, 7.2915, 9.027, 9.3098, 6.7463, 9.9719, 5.3064, 8.6528, 9.6036, 8.1688, 8.6268, 8.1946, 7.4986]
}
