{
  "n_part": 50,
  "n_trials": 30,
  "mu_R_group": [
    [5],
    [5]
  ],
  "sigma_R_group": 2,
  "LR_group": 0.712623940780759,
  "inv_temp_group": 2.35293203615583,
  "initQF_group": 9.92841328307986,
  "initQU_group": 9.6098358896561,
  "LR": [0.6675, 0.7153, 0.754, 0.7288, 0.8101, 0.6493, 0.869, 0.8881, 0.6033, 0.6917, 0.8258, 0.7871, 0.5596, 0.5498, 0.8645, 0.5171, 0.7748, 0.7543, 0.4975, 0.906, 0.7506, 0.8122, 0.5987, 0.6582, 0.5497, 0.8227, 0.7575, 0.6265, 0.8809, 0.9495, 0.8096, 0.6811, 0.6943, 0.695, 0.3132, 0.871, 0.571, 0.5752, 0.6241, 0.7334, 0.8657, 0.4938, 0.8166, 0.3426, 0.7701, 0.5778, 0.7776, 0.522, 0.7351, 0.4818],
  "inv_temp": [2.1893, 1.8275, 2.4675, 2.0577, 2.1184, 1.6726, 1.8946, 2.4274, 2.2483, 2.664, 2.1374, 2.1984, 2.2353, 2.3569, 2.3422, 2.1488, 2.1716, 2.2097, 1.9674, 2.4736, 2.6343, 2.3836, 1.6865, 1.8316, 2.8382, 2.3614, 2.5455, 2.2949, 2.2584, 2.653, 2.58, 2.9638, 2.4437, 2.1001, 2.5132, 2.1475, 1.9642, 2.5076, 2.5606, 1.9904, 2.2258, 2.5089, 2.4116, 2.4207, 2.7621, 2.4376, 2.2669, 1.6586, 2.8139, 2.5696],
  "initQF": [7.0361, 9.5776, 8.4138, 9.9704, 8.6792, 7.859, 8.0238, 6.4001, 7.31, 9.8933, 7.025, 9.6047, 9.7533, 7.9034, 9.5188, 9.002, 5.7503, 9.9091, 9.6942, 9.5512, 8.4056, 8.0035, 8.1055, 5.3754, 9.883, 8.3881, 8.0304, 9.4706, 9.7758, 9.1611, 9.7065, 9.4469, 7.923, 9.027, 8.8246, 8.3161, 8.8424, 5.463, 9.0034, 7.0893, 8.2601, 9.8037, 9.5135, 8.3094, 9.3051, 8.4826, 9.1825, 7.6841, 7.0295, 8.2664],
  "initQU": [8.5859, 8.4551, 6.487, 9.5162, 9.1867, 6.4359, 8.4707, 6.0296, 6.6102, 8.4444, 6.0381, 9.7025, 7.4191, 9.4573, 9.3838, 7.1974, 8.5445, 9.692, 6.0841, 5.9359, 8.5948, 8.0985, 9.8769, 8.8894, 5.2491, 7.9787, 7.7715, 7.9871, 7.5707, 7.3584, 7.6365, 8.5919, 9.2178, 8.4375, 9.5667, 8.3127, 8.0321, 7.2075, 9.4114, 7.485, 9.6598, 9.8696, 7.1484, 7.4446, 8.347, 8.4565, 7.2956, 7.4711, 9.2373, 8.343]
}
