{
  "n_part": 50,
  "n_trials": 30,
  "mu_R_group": [
    [5],
    [5]
  ],
  "sigma_R_group": 2,
  "LR_group": 0.602488439762965,
  "inv_temp_group": 4.04984405264258,
  "initQF_group": 3.71741471393034,
  "initQU_group": 6.01517648925073,
  "LR": [0.4794, 0.6264, 0.4597, 0.7245, 0.2685, 0.6408, 0.7178, 0.7116, 0.5082, 0.439, 0.7501, 0.4474, 0.623, 0.526, 0.7417, 0.3091, 0.5978, 0.8794, 0.5568, 0.5801, 0.6313, 0.5952, 0.4717, 0.6214, 0.7979, 0.7299, 0.7132, 0.3056, 0.8373, 0.5652, 0.4306, 0.5297, 0.8371, 0.4295, 0.602, 0.6537, 0.4029, 0.7763, 0.767, 0.4195, 0.5307, 0.4414, 0.58, 0.4808, 0.7655, 0.5932, 0.6985, 0.5261, 0.7061, 0.7399],
  "inv_temp": [3.9568, 3.9433, 4.098, 4.2779, 3.9143, 3.988, 4.1817, 3.995, 3.9384, 4.2383, 3.4675, 3.8684, 3.9677, 3.8765, 4.0451, 3.9099, 4.3072, 4.1154, 3.8535, 3.7077, 3.6231, 4.2357, 4.2664, 3.4921, 4.1422, 3.7993, 4.2128, 3.9992, 3.7945, 3.8205, 4.2539, 4.1473, 4.8044, 3.8717, 4.1112, 3.7233, 3.1922, 3.6337, 3.72, 4.4659, 3.9941, 4.2589, 4.3396, 3.8438, 3.9334, 3.689, 4.0454, 3.4011, 4.2004, 3.2976],
  "initQF": [1.3301, 1.9507, 1.5019, 3.8812, 1.9696, 4.3014, 3.4178, 3.6072, 2.6823, 4.3177, 3.0022, 5.9859, 3.8621, 4.4128, 5.5813, 4.5432, 5.887, 2.8401, 4.7511, 5.6269, 2.1021, 3.2274, 1.9561, 6.0636, 4.5454, 6.4458, 2.3129, 2.5309, 5.8318, 2.5722, 4.4806, 3.0353, 2.7815, 5.303, 3.6192, 3.5368, 3.6627, 1.22, 4.0098, 3.0024, 6.4806, 6.6923, 2.1768, 3.4215, 2.7129, 4.6665, 2.4743, 2.4334, 2.6426, 2.9027],
  "initQU": [7.0399, 7.8698, 7.5376, 7.6778, 2.8561, 7.7782, 6.9736, 7.8965, 3.9098, 5.0244, 4.1063, 4.0606, 8.9306, 8.1747, 4.7257, 8.1589, 7.1428, 6.4461, 6.3016, 7.6823, 6.522, 4.1274, 4.7199, 5.9079, 4.1938, 6.9086, 3.315, 5.5915, 7.3549, 7.2848, 7.177, 4.2339, 2.5156, 5.2325, 5.7546, 9.9137, 5.9573, 5.2627, 5.624, 4.1828, 4.2961, 7.8079, 2.229, 6.2347, 8.156, 1.4487, 7.5389, 4.177, 2.5014, 8.7734]
}
