{
  "n_part": 50,
  "n_trials": 30,
  "mu_R_group": [
    [5],
    [5]
  ],
  "sigma_R_group": 2,
  "LR_group": 0.294926955597475,
  "inv_temp_group": 1.62443132256158,
  "initQF_group": 5.46446517086588,
  "initQU_group": 8.53304925467819,
  "LR": [0.2967, 0.5919, 0.5148, 0.1709, 0.3004, 0.0996, 0.1974, 0.2732, 0.183, 0.1327, 0.1106, 0.422, 0.5814, 0.3091, 0.2821, 0.0578, 0.4468, 0.0309, 0.1324, 0.5301, 0.3675, 0.2771, 0.1611, 0.2974, 0.575, 0.6033, 0.6244, 0.3011, 0.1482, 0.264, 0.3574, 0.4764, 0.2797, 0.5303, 0.0997, 0.2258, 0.5325, 0.0759, 0.3566, 0.3017, 0.3487, 0.2272, 0.098, 0.0556, 0.5057, 0.2986, 0.2656, 0.3037, 0.2166, 0.1601],
  "inv_temp": [1.8168, 1.6331, 1.6025, 1.9081, 1.4826, 1.8658, 1.8511, 1.6867, 1.7163, 1.1888, 1.6161, 1.8931, 1.9401, 1.8249, 1.9598, 1.8052, 1.0598, 1.8861, 1.9445, 2.0582, 1.6619, 1.8858, 1.5523, 2.3074, 1.871, 1.6442, 1.6169, 1.4962, 2.4074, 1.6972, 1.6529, 1.9024, 2.0064, 1.69, 1.5307, 1.7966, 1.5138, 2.3269, 1.921, 1.6772, 1.67, 1.7793, 2.3008, 1.3541, 1.9162, 1.9519, 0.9634, 1.875, 1.3446, 1.7468],
  "initQF": [5.8844, 4.1084, 6.1234, 4.8714, 7.6519, 7.6708, 7.7852, 6.8704, 3.0344, 4.0812, 5.4374, 5.1676, 4.5944, 4.9584, 4.8591, 3.8271, 6.9753, 7.4572, 8.0215, 4.2467, 7.7075, 5.6852, 6.8381, 6.8786, 4.7233, 5.3399, 6.1689, 4.6692, 9.1892, 3.8521, 5.7805, 5.7092, 8.4225, 8.0498, 7.0389, 7.4371, 4.0634, 3.1623, 9.0435, 2.2505, 7.6917, 5.562, 2.5044, 3.8001, 5.7189, 6.1864, 6.7462, 4.1318, 6.3104, 5.2276],
  "initQU": [9.6576, 5.5029, 7.6741, 8.8036, 8.5557, 6.8033, 5.9128, 9.529, 8.7053, 8.2692, 7.8645, 7.8718, 7.1222, 6.3209, 5.2619, 5.5852, 4.9311, 7.9579, 8.5478, 7.1757, 9.676, 8.694, 5.1976, 5.3874, 9.4782, 6.7796, 8.0578, 7.3479, 7.7783, 8.2614, 7.3433, 7.0813, 8.9636, 7.3352, 6.9771, 6.8963, 8.5128, 6.1614, 7.3386, 7.4581, 8.5742, 9.6422, 5.4934, 5.4191, 3.6471, 9.3592, 6.9155, 8.1207, 6.7849, 9.6641]
}
