{
  "n_part": 50,
  "n_trials": 30,
  "mu_R_group": [
    [5],
    [5]
  ],
  "sigma_R_group": 2,
  "LR_group": 0.405051242327318,
  "inv_temp_group": 0.578577624401078,
  "initQF_group": 1.75674317544326,
  "initQU_group": 6.33628336084075,
  "LR": [0.7315, 0.6106, 0.6842, 0.1254, 0.6406, 0.4201, 0.2187, 0.7913, 0.5016, 0.4953, 0.1013, 0.404, 0.1838, 0.5147, 0.2588, 0.2833, 0.4072, 0.3297, 0.7837, 0.638, 0.1761, 0.3759, 0.5929, 0.3624, 0.501, 0.3766, 0.7905, 0.4551, 0.352, 0.091, 0.6864, 0.2356, 0.3799, 0.6076, 0.6141, 0.7172, 0.4113, 0.8796, 0.2352, 0.4147, 0.0856, 0.1125, 0.4908, 0.4335, 0.2461, 0.4826, 0.2069, 0.5675, 0.7933, 0.1465],
  "inv_temp": [0.7213, 0.6502, 0.4693, 1.0676, 0.3636, 0.7718, 0.6917, 1.0649, 0.6236, 1.0966, 0.7554, 0.4505, 0.9169, 0.1766, 0.8121, 0.4811, 1.0652, 0.5544, 0.1553, 0.7076, 0.3496, 0.3376, 1.104, 0.4477, 0.8576, 1.0999, 0.1459, 0.4192, 1.2406, 0.5805, 0.1752, 1.095, 0.3268, 0.835, 0.815, 0.8377, 0.8229, 0.562, 0.7607, 0.8562, 0.2949, 0.5003, 1.1011, 0.8392, 0.7145, 0.7897, 0.7605, 0.2566, 0.2554, 0.6039],
  "initQF": [2.5507, 2.6164, 2.8587, 1.5349, 2.7195, 4.8593, 3.1079, 4.4421, 1.3922, 2.6213, 1.9899, 1.0401, 4.3428, 4.0745, 2.5197, 1.4213, 2.3951, 1.1663, 1.4526, 2.1087, 2.2931, 2.6157, 1.0546, 1.1013, 1.5782, 3.4486, 5.9041, 3.314, 1.6346, 1.7959, 4.3845, 2.687, 4.1309, 3.491, 2.6123, 1.1633, 1.1222, 4.1293, 3.8292, 1.0571, 3.4082, 5.4, 3.1976, 1.6487, 3.1032, 2.0003, 1.3203, 4.0192, 2.3473, 2.147],
  "initQU": [7.2635, 6.6461, 4.1376, 8.0862, 4.8296, 6.6802, 5.5891, 9.9487, 6.8281, 6.0724, 3.1362, 6.8701, 4.7078, 3.23, 1.9625, 7.4182, 6.5952, 7.4506, 7.907, 6.8777, 9.1838, 8.9307, 6.3691, 4.1705, 9.6226, 7.9316, 8.8366, 5.838, 4.7944, 7.4361, 6.2137, 4.2337, 5.8445, 4.5871, 5.1434, 7.1253, 4.8714, 5.9677, 6.6469, 6.2168, 5.0493, 5.1239, 6.8166, 8.1413, 5.1327, 6.2178, 8.9984, 4.829, 5.3806, 9.4717]
}
