{
  "n_part": 50,
  "n_trials": 30,
  "mu_R_group": [
    [5],
    [5]
  ],
  "sigma_R_group": 2,
  "LR_group": 0.932823823066428,
  "inv_temp_group": 4.70145124359988,
  "initQF_group": 3.11635882058181,
  "initQU_group": 4.55996813438833,
  "LR": [0.7902, 0.4469, 0.8143, 0.8362, 0.972, 0.897, 0.9474, 0.6312, 0.9633, 0.8402, 0.8357, 0.9375, 0.6331, 0.7895, 0.706, 0.8597, 0.7596, 0.7515, 0.9348, 0.7803, 0.6692, 0.837, 0.8808, 0.8015, 0.6344, 0.7087, 0.7493, 0.7285, 0.932, 0.9514, 0.828, 0.7493, 0.752, 0.866, 0.9383, 0.8706, 0.9421, 0.9127, 0.6917, 0.8305, 0.9749, 0.5354, 0.7295, 0.9486, 0.9026, 0.9504, 0.9382, 0.9624, 0.8614, 0.6335],
  "inv_temp": [4.5706, 4.621, 4.7611, 4.8254, 4.6089, 4.6702, 4.3526, 4.6634, 4.8111, 4.5348, 4.4446, 4.5337, 4.6365, 4.7316, 4.4213, 4.9697, 4.8781, 4.482, 4.3782, 4.9662, 4.7975, 4.6397, 4.5426, 4.9025, 4.1511, 4.5656, 4.2655, 4.9371, 4.5128, 4.8967, 4.6087, 4.6278, 4.6833, 4.8957, 4.2661, 4.4797, 4.6563, 4.6126, 4.4658, 4.2705, 4.7709, 4.3889, 4.4549, 4.6226, 4.5321, 4.3743, 4.5371, 4.7803, 4.4369, 4.4723],
  "initQF": [2.7594, 2.9762, 2.5897, 5.7493, 3.5989, 1.8161, 5.6197, 2.8988, 1.6398, 1.7765, 5.9309, 5.4818, 6.7859, 2.2152, 1.8006, 2.0429, 4.6959, 2.6641, 5.5378, 3.979, 5.9516, 4.9261, 4.3514, 6.7624, 4.2236, 4.4301, 3.0918, 6.1686, 5.6536, 3.8511, 1.612, 4.6508, 3.8222, 3.2749, 6.0344, 2.4755, 5.7243, 3.6105, 5.1961, 3.8673, 4.6193, 1.7685, 6.4863, 1.1039, 3.109, 4.8802, 2.4151, 2.4198, 2.649, 1.4988],
  "initQU": [6.8401, 7.3276, 3.0425, 5.6847, 4.2693, 1.1945, 7.6691, 6.8, 7.5755, 5.0137, 5.2627, 3.0246, 3.815, 4.6513, 7.3742, 4.5459, 4.1108, 4.3913, 7.3661, 5.025, 2.9001, 3.8156, 6.7463, 1.4038, 4.9412, 5.8999, 8.0313, 6.0768, 2.9325, 3.8446, 1.7525, 3.0627, 4.6208, 5.6968, 3.8612, 1.411, 9.4667, 2.3405, 3.6478, 4.7206, 4.5172, 4.2126, 7.738, 5.4209, 3.9341, 3.1177, 8.4928, 4.4216, 6.5582, 6.3957]
}
