{
  "n_part": 50,
  "n_trials": 30,
  "mu_R_group": [
    [5],
    [5]
  ],
  "sigma_R_group": 2,
  "LR_group": 0.242249008268118,
  "inv_temp_group": 0.93251769663766,
  "initQF_group": 9.8753277650103,
  "initQU_group": 3.8340102978982,
  "LR": [0.3244, 0.8218, 0.1875, 0.1633, 0.5999, 0.1349, 0.1935, 0.4526, 0.2915, 0.1504, 0.5467, 0.0664, 0.2658, 0.4591, 0.0293, 0.1149, 0.2345, 0.4583, 0.1001, 0.2572, 0.1535, 0.3662, 0.3444, 0.4918, 0.0979, 0.0661, 0.4178, 0.2768, 0.3019, 0.279, 0.2897, 0.2505, 0.3234, 0.161, 0.3414, 0.4909, 0.19, 0.8697, 0.5831, 0.1164, 0.1143, 0.1521, 0.1651, 0.3116, 0.258, 0.3128, 0.2525, 0.4019, 0.4535, 0.3371],
  "inv_temp": [0.8721, 0.6578, 1.0565, 1.1725, 0.6884, 1.1634, 1.1252, 0.5401, 0.848, 0.993, 0.8798, 0.2246, 0.5418, 0.9657, 0.6434, 0.7851, 0.9709, 1.2855, 1.5585, 0.3253, 1.2069, 1.0204, 0.6546, 0.9677, 1.287, 0.8106, 1.0419, 1.0859, 0.9207, 0.7924, 1.3907, 0.7316, 1.0841, 0.535, 1.1552, 1.1317, 0.7404, 0.7077, 1.1354, 0.9934, 0.9688, 0.9093, 1.2072, 0.8747, 1.0542, 1.5062, 1.2048, 0.3226, 1.2475, 1.0777],
  "initQF": [6.0052, 6.1805, 6.4601, 8.7106, 9.2338, 7.9829, 8.2933, 9.8433, 9.1156, 9.0761, 9.6529, 8.8998, 8.9199, 8.3071, 8.243, 6.4158, 8.1713, 6.4096, 7.4534, 9.4936, 5.7202, 8.1915, 9.8338, 9.559, 8.7431, 7.9033, 8.4541, 9.3502, 8.5833, 8.5936, 9.8833, 9.4397, 8.9971, 5.6868, 8.5361, 7.944, 9.2308, 8.5804, 9.1584, 7.1527, 9.1813, 8.643, 7.2645, 9.2689, 5.7104, 9.9812, 7.8817, 7.595, 9.8586, 9.01],
  "initQU": [3.2964, 8.0109, 4.3539, 1.9317, 5.7755, 1.8065, 4.7237, 3.5298, 5.0888, 3.0289, 4.4426, 4.2739, 4.7216, 4.5652, 3.8574, 7.2574, 4.6937, 1.3841, 3.6759, 2.6203, 4.625, 5.2087, 7.7472, 8.4084, 3.8932, 1.4169, 3.0448, 8.7742, 7.5696, 6.7434, 7.8148, 3.7573, 3.8643, 1.4275, 2.9343, 2.5072, 4.243, 2.9432, 3.5456, 3.545, 2.1895, 4.8271, 3.7453, 5.6648, 2.3264, 5.4955, 4.8677, 5.9055, 2.9396, 1.5747]
}
