{
  "n_part": 50,
  "n_trials": 30,
  "mu_R_group": [
    [5],
    [5]
  ],
  "sigma_R_group": 2,
  "LR_group": 0.725926853017882,
  "inv_temp_group": 3.65859202342108,
  "initQF_group": 9.17997126374394,
  "initQU_group": 4.03762130415998,
  "LR": [0.721, 0.6122, 0.5511, 0.9055, 0.5196, 0.3813, 0.6107, 0.87, 0.4942, 0.9141, 0.6203, 0.7877, 0.7719, 0.7329, 0.863, 0.9268, 0.4665, 0.7036, 0.8243, 0.6933, 0.9477, 0.6359, 0.7392, 0.9721, 0.9736, 0.6855, 0.5289, 0.6185, 0.3829, 0.52, 0.8425, 0.8647, 0.7968, 0.9697, 0.666, 0.9489, 0.5643, 0.9688, 0.5383, 0.8011, 0.6553, 0.685, 0.6304, 0.7863, 0.3558, 0.8161, 0.5817, 0.7324, 0.8157, 0.8422],
  "inv_temp": [3.4219, 3.6767, 3.5105, 3.7572, 3.3, 3.8053, 4.0013, 3.6574, 3.7045, 3.3593, 3.3547, 3.8876, 3.3338, 3.5981, 3.5959, 3.3108, 3.8499, 4.0847, 4.413, 3.7619, 3.3154, 4.0745, 3.5283, 3.9311, 4.1189, 3.9599, 3.6935, 3.9876, 3.4434, 3.7572, 3.3267, 3.6283, 3.4196, 3.0677, 4.0879, 3.4186, 3.6246, 3.9169, 3.7804, 4.2683, 4.1197, 3.9254, 4.0122, 3.7135, 3.8878, 3.8454, 3.6866, 3.3514, 3.0221, 3.9556],
  "initQF": [7.0713, 7.7189, 7.7493, 8.6417, 6.7239, 6.7443, 5.584, 8.7167, 9.2776, 5.2896, 7.4592, 8.0451, 4.8216, 8.0194, 7.1476, 6.988, 9.4297, 7.6564, 9.4657, 5.9517, 9.4966, 8.5262, 7.6193, 9.5804, 9.2752, 8.284, 8.4102, 9.9056, 9.8864, 6.2106, 8.3226, 8.4518, 8.0057, 7.6657, 6.1031, 6.7207, 9.2267, 7.0687, 8.1958, 6.7564, 7.9979, 8.9959, 8.0135, 8.6893, 9.4271, 9.5535, 9.3398, 9.7676, 9.5513, 8.9425],
  "initQU": [5.0153, 5.6765, 6.538, 5.5573, 5.2198, 3.1427, 5.2784, 7.0871, 4.0401, 1.7952, 2.7238, 5.5331, 3.4368, 5.8134, 6.9908, 7.968, 5.1564, 1.8587, 3.5467, 6.0719, 2.2679, 3.9869, 5.5729, 1.0077, 4.9473, 4.2922, 1.987, 4.7869, 5.0659, 2.1649, 1.5727, 4.8621, 2.9511, 2.9901, 2.0328, 6.3965, 2.5096, 3.4136, 2.7088, 8.1585, 2.4986, 6.905, 4.1478, 4.1699, 6.5763, 5.9482, 9.5572, 5.3077, 3.0066, 4.8309]
}
