{
  "n_part": 50,
  "n_trials": 30,
  "mu_R_group": [
    [5],
    [5]
  ],
  "sigma_R_group": 2,
  "LR_group": 0.288396699354053,
  "inv_temp_group": 0.976242636097595,
  "initQF_group": 4.48508699634112,
  "initQU_group": 3.95993106346577,
  "LR": [0.4866, 0.5236, 0.2627, 0.2805, 0.4789, 0.3442, 0.4895, 0.4565, 0.2288, 0.3384, 0.352, 0.2902, 0.2024, 0.7559, 0.5004, 0.3475, 0.0477, 0.5491, 0.1214, 0.215, 0.2362, 0.1348, 0.5418, 0.2398, 0.1492, 0.4413, 0.0006, 0.2224, 0.3244, 0.5828, 0.2548, 0.3752, 0.0866, 0.8142, 0.0624, 0.273, 0.0096, 0.2714, 0.4106, 0.4944, 0.4002, 0.7702, 0.4517, 0.4326, 0.3583, 0.8783, 0.3068, 0.3276, 0.5272, 0.377],
  "inv_temp": [0.5019, 0.4031, 1.3195, 0.7942, 1.1856, 1.2653, 0.8055, 0.7631, 1.0455, 1.4851, 1.1858, 0.9347, 1.0461, 1.1544, 1.7899, 0.6747, 1.0434, 1.005, 1.0678, 0.8927, 1.2149, 0.5086, 0.9689, 1.4134, 0.8817, 1.5294, 0.5888, 0.688, 0.6728, 0.898, 1.2448, 0.7257, 1.2208, 0.8507, 0.9735, 0.9934, 0.7042, 0.9227, 1.4647, 1.022, 0.4456, 0.7219, 1.5233, 1.2642, 0.8895, 1.0289, 1.2026, 0.9586, 0.5918, 1.2069],
  "initQF": [8.4125, 2.5743, 5.7369, 4.7378, 5.2391, 5.9333, 1.2489, 3.1294, 2.6498, 5.0751, 5.782, 2.7329, 5.8001, 7.0426, 6.4742, 4.7195, 2.7841, 5.3897, 5.3152, 3.9676, 5.4008, 5.1406, 3.9917, 6.0139, 2.4286, 8.1243, 3.1984, 1.4777, 2.985, 2.5505, 5.3848, 6.347, 3.6069, 3.2127, 2.6677, 7.6221, 7.636, 3.8527, 2.5038, 2.4842, 3.3653, 5.9456, 6.3692, 5.5822, 1.4803, 2.3063, 1.5189, 3.513, 3.8732, 5.8506],
  "initQU": [2.6249, 2.8733, 6.8875, 1.0639, 4.2521, 4.1547, 6.3557, 6.5776, 4.4533, 3.5346, 4.3014, 5.0361, 4.8817, 3.4964, 5.451, 3.156, 5.6292, 3.3211, 1.9897, 4.3964, 6.2092, 1.7981, 4.1735, 6.0012, 1.7119, 3.3259, 2.8962, 7.1973, 6.5125, 7.7333, 1.3808, 5.4435, 6.2312, 6.6664, 7.5623, 4.0995, 3.2844, 7.0193, 4.7894, 4.0843, 4.5268, 4.1561, 3.8196, 5.4119, 1.3784, 4.5196, 4.4763, 5.4064, 4.6629, 4.8181]
}
