{
  "n_part": 50,
  "n_trials": 30,
  "mu_R_group": [
    [5],
    [5]
  ],
  "sigma_R_group": 2,
  "LR_group": 0.0988664294127375,
  "inv_temp_group": 0.521497667068616,
  "initQF_group": 2.0636315124575,
  "initQU_group": 5.39498984487727,
  "LR": [0.1922, 0.2675, 0.2558, 0.5912, 0.2239, 0.186, 0.0858, 0.2388, 0.2445, 0.0764, 0.182, 0.4762, 0.3541, 0.0226, 0.4467, 0.146, 0.3056, 0.5317, 0.3215, 0.0973, 0.2106, 0.0026, 0.216, 0.1513, 0.1342, 0.0406, 0.1651, 0.1093, 0.1328, 0.0805, 0.1307, 0.0982, 0.509, 0.2349, 0.3045, 0.1825, 0.263, 0.1623, 0.1365, 0.4209, 0.1885, 0.1203, 0.4693, 0.2982, 0.2951, 0.3079, 0.1951, 0.2002, 0.0339, 0.4936],
  "inv_temp": [0.5207, 0.1774, 0.9237, 0.148, 0.2974, 0.2462, 1.0978, 0.6719, 0.174, 0.4501, 0.6274, 0.4762, 1.2055, 0.0866, 0.5144, 0.0128, 0.5746, 0.2657, 0.4545, 0.6714, 0.6226, 0.8689, 0.5286, 0.7051, 0.5705, 0.3552, 0.2294, 0.8784, 0.5109, 1.0802, 0.5256, 0.8788, 1.0158, 0.6694, 1.1222, 0.7271, 0.9582, 1.1948, 0.124, 0.6526, 0.2349, 0.5387, 0.1631, 0.5816, 0.7785, 0.9279, 0.457, 0.7219, 0.5832, 0.0614],
  "initQF": [4.5318, 1.5802, 1.7234, 2.8494, 2.3654, 4.1782, 1.0759, 3.7204, 4.7417, 1.4779, 6.3302, 1.3469, 4.8822, 4.4746, 1.1942, 2.759, 3.7838, 1.2631, 2.9617, 3.8493, 4.1375, 1.2818, 3.1131, 2.3099, 3.2901, 3.1926, 4.2937, 3.4533, 2.2206, 2.0157, 4.6237, 2.2562, 1.9749, 2.7944, 3.7801, 2.0748, 1.4696, 3.1767, 3.6911, 2.9398, 3.1802, 5.8609, 3.8708, 3.0172, 3.0474, 3.305, 1.7531, 4.7376, 1.7766, 3.6471],
  "initQU": [1.9587, 8.7619, 3.8018, 5.2844, 3.2411, 3.915, 4.7617, 1.5901, 7.9794, 5.4564, 6.0022, 5.8163, 3.7913, 3.5554, 3.4204, 8.9888, 4.3951, 6.8916, 8.1455, 4.3755, 3.6636, 5.9373, 5.9951, 5.9897, 7.7086, 2.779, 5.0018, 5.8507, 5.0439, 9.38, 3.6031, 6.8627, 4.2814, 3.9369, 5.9592, 5.3062, 4.2137, 4.8954, 2.9163, 8.3831, 1.8815, 7.8725, 3.0706, 4.7662, 5.4312, 6.6775, 6.2282, 4.6326, 1.4727, 7.3552]
}
