{
  "n_part": 50,
  "n_trials": 30,
  "mu_R_group": [
    [5],
    [5]
  ],
  "sigma_R_group": 2,
  "LR_group": 0.412942734546959,
  "inv_temp_group": 3.696587436134,
  "initQF_group": 5.17752241063863,
  "initQU_group": 1.07967043179087,
  "LR": [0.5045, 0.659, 0.7374, 0.5915, 0.6444, 0.5424, 0.2922, 0.2962, 0.236, 0.6162, 0.2523, 0.643, 0.7336, 0.3363, 0.325, 0.2685, 0.3331, 0.3049, 0.2475, 0.3054, 0.257, 0.2726, 0.4288, 0.3681, 0.309, 0.175, 0.5499, 0.1281, 0.277, 0.5645, 0.3859, 0.3365, 0.2584, 0.2888, 0.5104, 0.4908, 0.4818, 0.1839, 0.8572, 0.6898, 0.4366, 0.4769, 0.4985, 0.6619, 0.4916, 0.0439, 0.4224, 0.2414, 0.4542, 0.2678],
  "inv_temp": [3.6983, 3.7474, 3.9554, 3.6285, 3.4865, 3.9732, 3.6835, 2.7889, 3.7416, 4.1106, 3.6747, 3.1875, 3.6362, 3.9246, 3.2944, 4.0186, 4.0838, 3.911, 4.1838, 3.7946, 3.8211, 4.0392, 4.1278, 4.0583, 3.0731, 3.8854, 3.8271, 3.7772, 4.0173, 3.8135, 3.4362, 3.812, 3.6449, 3.699, 3.5813, 3.4781, 4.09, 3.6847, 3.285, 3.5689, 3.7804, 3.7235, 3.0821, 3.3729, 3.7386, 3.7337, 4.0195, 4.1376, 3.9945, 4.1454],
  "initQF": [3.753, 6.6929, 4.1665, 3.767, 5.827, 2.8659, 4.2841, 4.8125, 7.046, 8.1979, 1.0459, 3.1069, 4.9733, 4.0224, 4.4051, 6.0627, 2.3914, 2.1709, 4.7977, 8.9449, 4.4037, 3.1552, 7.8909, 8.4712, 7.4975, 2.9461, 4.792, 2.7586, 8.7141, 3.6771, 7.0469, 4.8088, 2.1353, 3.8553, 7.0134, 7.2323, 2.6056, 2.9982, 7.7123, 3.927, 3.3956, 1.5526, 7.586, 3.9148, 4.6577, 4.0632, 6.2864, 1.5568, 5.8276, 5.4045],
  "initQU": [1.9978, 2.4651, 1.1551, 1.6574, 1.0151, 1.2166, 1.4484, 2.8654, 1.3431, 1.5922, 2.672, 1.2237, 3.9033, 5.6467, 2.3347, 3.9978, 1.3233, 2.2463, 1.4371, 4.3353, 1.0683, 2.4487, 3.9068, 1.2692, 2.5133, 4.3593, 2.9555, 2.0314, 3.1554, 2.5552, 2.2366, 5.1166, 1.9305, 2.945, 1.2795, 2.0962, 3.6532, 1.3396, 1.0086, 3.2306, 1.975, 1.6137, 3.1954, 1.184, 2.4255, 4.3855, 2.8871, 1.1005, 4.0961, 1.2058]
}
