{
  "n_part": 50,
  "n_trials": 30,
  "mu_R_group": [
    [5],
    [5]
  ],
  "sigma_R_group": 2,
  "LR_group": 0.399221357656643,
  "inv_temp_group": 2.24047997966409,
  "initQF_group": 3.01364980591461,
  "initQU_group": 8.94497938430868,
  "LR": [0.3235, 0.6175, 0.0319, 0.4822, 0.3475, 0.456, 0.5707, 0.7688, 0.3715, 0.8232, 0.3973, 0.5508, 0.3748, 0.4118, 0.3671, 0.4634, 0.67, 0.5314, 0.477, 0.2341, 0.3262, 0.269, 0.6556, 0.575, 0.4074, 0.1616, 0.5668, 0.1292, 0.3161, 0.8013, 0.56, 0.3193, 0.238, 0.1699, 0.119, 0.4336, 0.5209, 0.2061, 0.6688, 0.7496, 0.6185, 0.3187, 0.5472, 0.2551, 0.1669, 0.0759, 0.6525, 0.3605, 0.7301, 0.4596],
  "inv_temp": [2.0904, 2.6903, 2.5695, 1.6376, 2.0131, 1.9296, 2.0058, 2.0242, 2.0468, 2.3522, 2.3645, 2.2119, 2.0708, 1.999, 2.3302, 2.5712, 1.9688, 2.1768, 2.0196, 2.2536, 1.5776, 1.9571, 2.2122, 2.5357, 2.0685, 2.7327, 2.2325, 2.3196, 2.0465, 2.1892, 2.7474, 1.8951, 2.5511, 2.2561, 2.5039, 2.9221, 2.0112, 2.4209, 1.9941, 2.6213, 2.058, 2.2181, 2.872, 2.3309, 2.4686, 2.4947, 2.4234, 2.1868, 2.4366, 2.2936],
  "initQF": [1.2598, 2.3907, 3.1895, 6.0577, 1.3302, 1.2128, 2.9098, 2.2953, 1.3703, 3.9296, 1.794, 5.096, 1.2504, 4.5072, 1.8086, 2.3153, 5.8843, 4.3365, 3.9539, 5.8687, 4.4553, 2.8755, 4.844, 2.0546, 2.4045, 4.289, 1.4156, 3.9368, 1.5068, 3.5708, 3.7084, 3.6453, 5.1476, 4.4164, 5.853, 4.2602, 2.1847, 2.1124, 3.4601, 6.6547, 3.271, 2.2763, 2.1398, 4.8374, 2.5696, 5.0688, 2.1785, 2.2394, 5.9564, 2.3274],
  "initQU": [5.7204, 9.0315, 7.976, 6.4414, 9.3244, 7.1776, 8.1245, 8.0858, 8.2869, 9.1136, 8.2074, 8.5833, 9.638, 6.7394, 7.8125, 9.8397, 7.9961, 7.6048, 5.6757, 8.5244, 7.5516, 9.6884, 9.4874, 9.8407, 7.7106, 9.2093, 8.1523, 7.9925, 6.8682, 8.5097, 8.9326, 5.8996, 9.7475, 7.4769, 9.3552, 8.9226, 9.0504, 7.5707, 7.8245, 9.8805, 9.2975, 8.6726, 7.677, 8.9802, 6.5464, 9.0501, 9.1425, 8.9662, 9.5855, 6.6751]
}
