{
  "n_part": 50,
  "n_trials": 30,
  "mu_R_group": [
    [5],
    [5]
  ],
  "sigma_R_group": 2,
  "LR_group": 0.143673305632547,
  "inv_temp_group": 4.11111997906119,
  "initQF_group": 8.86494898120873,
  "initQU_group": 8.72550388704985,
  "LR": [0.421, 0.1491, 0.2082, 0.2841, 0.4334, 0.2783, 0.3391, 0.2967, 0.3389, 0.1512, 0.0635, 0.3813, 0.2932, 0.434, 0.0839, 0.1576, 0.1989, 0.1635, 0.2748, 0.4088, 0.2545, 0.1772, 0.1815, 0.0754, 0.1046, 0.2945, 0.207, 0.0299, 0.3389, 0.247, 0.2611, 0.2619, 0.5357, 0.2408, 0.156, 0.485, 0.2426, 0.1544, 0.3856, 0.0997, 0.2331, 0.2267, 0.2051, 0.1337, 0.1437, 0.0774, 0.1468, 0.043, 0.449, 0.1476],
  "inv_temp": [3.8539, 4.2658, 4.1151, 3.831, 3.8616, 3.8046, 3.868, 4.0267, 4.2651, 3.3592, 3.8466, 4.0271, 3.7597, 4.2855, 4.3149, 4.3298, 3.4782, 3.9184, 4.1775, 4.7772, 4.2465, 3.7723, 4.1363, 3.7721, 4.7164, 4.4527, 4.545, 4.6544, 4.1268, 3.9459, 4.2515, 3.996, 3.7809, 4.7282, 4.3167, 4.3207, 4.0264, 3.9435, 3.7568, 3.5408, 3.7161, 3.7688, 4.0827, 4.4196, 3.7952, 3.907, 4.3527, 4.1658, 3.9306, 4.2601],
  "initQF": [7.2696, 8.6634, 8.9223, 8.7156, 8.3941, 7.4013, 8.2456, 7.5379, 5.9864, 9.3897, 6.601, 6.1619, 9.6051, 8.1796, 7.2827, 7.9096, 6.8676, 9.9103, 9.7798, 7.4975, 9.7027, 9.0528, 9.9599, 9.9758, 8.8505, 9.0704, 7.365, 9.4099, 7.6945, 5.9111, 6.1934, 7.1064, 8.4305, 7.3707, 8.8897, 3.5304, 4.169, 4.7912, 4.0289, 8.0907, 8.5636, 9.5051, 7.9803, 8.4954, 8.2232, 7.7607, 5.166, 8.1027, 8.1526, 8.9754],
  "initQU": [9.3352, 6.9478, 9.2283, 8.7048, 9.1569, 7.1677, 7.8735, 7.1655, 8.705, 8.3955, 8.9928, 8.1467, 7.0425, 7.3126, 9.8157, 7.6909, 9.7124, 7.8944, 5.5192, 6.5372, 8.4396, 3.5158, 9.565, 8.9573, 7.7297, 7.5844, 7.9717, 5.4062, 9.0282, 6.549, 7.5673, 7.9681, 7.6046, 9.1073, 9.6318, 6.8438, 8.7389, 8.9908, 8.0657, 7.4998, 9.4841, 9.6957, 7.5925, 9.0512, 7.7361, 9.7425, 6.4479, 8.3637, 8.5869, 9.811]
}
