{
  "n_part": 50,
  "n_trials": 30,
  "mu_R_group": [
    [5],
    [5]
  ],
  "sigma_R_group": 2,
  "LR_group": 0.526342377532274,
  "inv_temp_group": 2.01636141631752,
  "initQF_group": 5.00985436933115,
  "initQU_group": 2.87087359046564,
  "LR": [0.5837, 0.5491, 0.1339, 0.2055, 0.3914, 0.3601, 0.5689, 0.4606, 0.4902, 0.5053, 0.3776, 0.4403, 0.6036, 0.2562, 0.5205, 0.4744, 0.763, 0.3822, 0.4705, 0.1739, 0.6403, 0.3289, 0.8691, 0.3466, 0.2993, 0.3604, 0.2519, 0.7664, 0.4384, 0.5182, 0.5808, 0.8378, 0.2688, 0.5704, 0.6101, 0.7223, 0.3673, 0.4475, 0.2939, 0.7273, 0.6068, 0.2502, 0.446, 0.4942, 0.3738, 0.3134, 0.6462, 0.4955, 0.2484, 0.3582],
  "inv_temp": [1.9727, 2.1032, 1.7773, 2.2701, 1.801, 1.953, 1.8101, 1.7498, 2.4224, 2.3071, 1.89, 2.4146, 1.6204, 1.5698, 1.9682, 2.1013, 1.9365, 1.9144, 1.7443, 1.6621, 1.9402, 1.8664, 1.5677, 2.2062, 2.1735, 2.2446, 2.4003, 1.9073, 2.3853, 2.2438, 1.8284, 1.9036, 1.8995, 1.8548, 2.2668, 2.4477, 2.2355, 2.0664, 2.2563, 2.1088, 2.3639, 1.8986, 2.308, 2.3396, 1.9281, 1.8038, 2.4406, 1.4729, 1.9096, 1.7058],
  "initQF": [5.0346, 4.777, 7.0328, 7.3732, 5.9507, 7.2894, 7.2457, 4.3769, 5.9688, 1.5424, 2.2708, 3.732, 1.6096, 2.8394, 7.1456, 5.9358, 5.6934, 6.8356, 4.9836, 5.2127, 5.3137, 3.5119, 7.3628, 6.1526, 6.8125, 4.8395, 5.4837, 6.0914, 3.3823, 6.9924, 2.2332, 5.6727, 6.2974, 1.8473, 8.3031, 7.2357, 1.6164, 6.396, 5.9513, 4.2157, 4.7106, 3.4498, 4.9653, 5.0058, 3.4409, 3.632, 5.1947, 1.4566, 7.0986, 2.7239],
  "initQU": [2.1901, 4.6249, 2.0361, 7.9803, 3.9264, 2.1013, 2.4385, 3.1208, 2.4478, 8.3616, 8.2533, 2.7734, 2.723, 3.6275, 4.3325, 5.7099, 2.1476, 3.9273, 1.2194, 3.0755, 2.582, 4.4084, 3.3941, 1.0335, 2.1508, 2.0275, 2.4771, 3.8229, 3.0769, 2.9549, 1.8824, 5.2871, 5.1932, 4.3189, 3.0906, 1.5295, 1.4227, 3.9135, 5.3942, 4.7433, 3.9138, 1.0711, 5.5972, 3.5815, 4.1785, 6.6062, 1.7325, 4.0561, 1.0082, 3.8047]
}
