{
  "n_part": 50,
  "n_trials": 30,
  "mu_R_group": [
    [5],
    [5]
  ],
  "sigma_R_group": 2,
  "LR_group": 0.609124991344288,
  "inv_temp_group": 3.22870200267062,
  "initQF_group": 1.90388360270299,
  "initQU_group": 8.18823066633195,
  "LR": [0.6823, 0.8844, 0.2233, 0.4677, 0.6099, 0.3115, 0.6622, 0.8314, 0.609, 0.7987, 0.7382, 0.7803, 0.6695, 0.6003, 0.3714, 0.641, 0.583, 0.7891, 0.606, 0.6594, 0.8015, 0.6524, 0.8108, 0.2652, 0.6334, 0.4323, 0.6637, 0.2788, 0.3696, 0.7948, 0.7013, 0.5439, 0.3556, 0.7731, 0.4511, 0.7195, 0.9463, 0.5319, 0.8118, 0.4708, 0.5238, 0.9585, 0.6691, 0.8455, 0.8132, 0.3235, 0.3328, 0.668, 0.6301, 0.7922],
  "inv_temp": [3.009, 2.9794, 2.9226, 3.6712, 3.2914, 3.6132, 3.1768, 3.6467, 3.7083, 2.9992, 3.9048, 3.6659, 3.0608, 3.9629, 3.163, 3.3392, 2.1617, 2.965, 3.1795, 4.0698, 3.4987, 3.2563, 3.512, 3.4893, 3.8307, 3.4191, 3.4768, 3.3966, 3.3377, 2.9635, 3.8997, 3.6442, 2.7534, 3.1014, 2.8911, 2.9161, 3.0217, 3.3338, 3.4674, 2.9132, 3.2412, 3.3042, 3.3702, 2.8779, 3.3669, 2.9554, 2.9366, 2.9689, 2.9544, 2.9106],
  "initQF": [7.2318, 3.2291, 2.9038, 4.0401, 3.3122, 3.2049, 3.4373, 4.2502, 2.1746, 5.8735, 5.2326, 3.1842, 1.738, 4.0355, 3.9919, 1.6463, 2.1605, 2.626, 1.4351, 1.7273, 3.4053, 1.4516, 1.1295, 5.2454, 1.5379, 3.5102, 3.7391, 1.2165, 1.9244, 1.5409, 3.9172, 3.1361, 4.1034, 2.299, 4.5357, 3.9433, 1.8406, 1.8453, 3.7881, 2.0521, 2.7737, 4.2675, 1.9627, 1.6591, 3.8821, 1.8308, 3.5502, 4.6988, 2.7695, 3.2759],
  "initQU": [8.1543, 5.466, 8.4545, 8.8106, 5.3196, 5.8624, 8.4544, 7.0503, 6.7901, 8.6216, 7.061, 3.5298, 7.6224, 9.783, 6.303, 9.9266, 7.3354, 6.7137, 7.6403, 8.6902, 8.4195, 7.8629, 6.7573, 6.4326, 6.4395, 7.9283, 9.7413, 8.4983, 6.7552, 4.5602, 4.5042, 7.7013, 8.0717, 7.9746, 6.7483, 9.7454, 4.2473, 8.0778, 9.5225, 9.3239, 7.9125, 8.5807, 6.4635, 7.6572, 5.0815, 8.3015, 6.6844, 7.5978, 6.0391, 8.3114]
}
