{
  "n_part": 50,
  "n_trials": 30,
  "mu_R_group": [
    [5],
    [5]
  ],
  "sigma_R_group": 2,
  "LR_group": 0.364327397430316,
  "inv_temp_group": 0.439671833300963,
  "initQF_group": 9.83006921363994,
  "initQU_group": 3.88163589453325,
  "LR": [0.2858, 0.3497, 0.5511, 0.6499, 0.8098, 0.5375, 0.2062, 0.5118, 0.2521, 0.4669, 0.4828, 0.5118, 0.2861, 0.3891, 0.6049, 0.3553, 0.263, 0.4903, 0.0606, 0.1532, 0.218, 0.3962, 0.0363, 0.4836, 0.3493, 0.711, 0.6137, 0.7165, 0.271, 0.3782, 0.5256, 0.4885, 0.6068, 0.1769, 0.435, 0.3296, 0.3936, 0.4123, 0.3897, 0.4736, 0.1666, 0.3848, 0.408, 0.4491, 0.2294, 0.2426, 0.1537, 0.3605, 0.1854, 0.2132],
  "inv_temp": [0.4038, 0.3159, 0.2931, 0.6113, 0.4665, 0.5485, 0.331, 0.5504, 0.654, 0.7158, 0.1314, 0.6059, 0.1853, 0.3627, 0.5463, 0.75, 0.1657, 0.4087, 0.4585, 0.4176, 0.4481, 0.5743, 0.5631, 0.0157, 0.712, 0.1504, 0.2287, 0.2664, 0.3559, 0.2526, 0.1373, 0.4908, 0.4273, 0.1319, 0.4021, 0.9967, 0.6556, 0.545, 0.0864, 0.458, 0.8923, 0.1236, 0.2971, 0.9319, 0.3091, 0.9946, 0.5896, 0.6434, 0.5719, 0.5068],
  "initQF": [9.3588, 7.6801, 9.7856, 9.88, 8.9893, 9.8026, 7.2871, 9.4307, 8.6275, 7.731, 9.0175, 8.2346, 9.8807, 9.884, 6.451, 8.8812, 8.7029, 7.4574, 9.1362, 3.2764, 9.0085, 4.9952, 8.1995, 8.0793, 9.5512, 8.1332, 9.3471, 7.5698, 8.4305, 9.7485, 8.8854, 9.9109, 9.8103, 8.5052, 7.8776, 9.698, 9.7673, 8.7103, 9.7513, 8.0664, 8.805, 8.8527, 6.7987, 9.0369, 8.6182, 9.5966, 8.8285, 8.0783, 8.8595, 4.0086],
  "initQU": [7.5994, 6.2771, 3.1667, 5.871, 2.0503, 5.9038, 7.7362, 3.8791, 1.0688, 2.2254, 7.1624, 1.9383, 1.2721, 3.0139, 3.1671, 4.7172, 4.6285, 6.8849, 6.0268, 3.8718, 3.6992, 6.7226, 4.2229, 4.9675, 4.654, 3.8779, 2.9196, 7.2635, 5.3725, 4.9484, 5.5761, 5.6756, 4.8017, 4.5421, 3.5913, 7.0878, 1.3128, 6.3725, 1.8404, 2.8471, 6.4149, 5.0379, 4.7233, 3.3995, 2.2999, 8.3428, 5.2369, 3.9193, 2.2933, 4.8422]
}
