{
  "n_part": 50,
  "n_trials": 30,
  "mu_R_group": [
    [5],
    [5]
  ],
  "sigma_R_group": 2,
  "LR_group": 0.449117881245911,
  "inv_temp_group": 4.08482698025182,
  "initQF_group": 8.05177761195228,
  "initQU_group": 1.76161670102738,
  "LR": [0.7379, 0.4315, 0.338, 0.2417, 0.1462, 0.5757, 0.5013, 0.2414, 0.5881, 0.4267, 0.4526, 0.679, 0.5262, 0.2365, 0.5263, 0.4449, 0.6713, 0.6223, 0.3194, 0.643, 0.7156, 0.2133, 0.2289, 0.2823, 0.4794, 0.5278, 0.3525, 0.7087, 0.5608, 0.5871, 0.1992, 0.5271, 0.6012, 0.4825, 0.5072, 0.5044, 0.2428, 0.6506, 0.3618, 0.5744, 0.2458, 0.5872, 0.5238, 0.2477, 0.2037, 0.4933, 0.8051, 0.2908, 0.4322, 0.681],
  "inv_temp": [3.6757, 3.9725, 4.2728, 3.879, 4.2134, 4.2097, 4.0069, 3.886, 4.252, 3.7723, 3.6357, 4.4599, 4.1471, 3.5613, 4.0103, 3.979, 3.8678, 4.4113, 4.371, 4.501, 3.9135, 3.6481, 4.692, 3.7664, 4.3436, 3.6794, 4.3147, 4.2199, 4.4187, 4.413, 3.6897, 4.1337, 4.055, 4.3345, 3.8828, 4.0672, 4.1124, 4.823, 4.111, 3.796, 3.9466, 3.8158, 3.4683, 4.2404, 4.0388, 4.0629, 4.0721, 3.8178, 3.6873, 3.8718],
  "initQF": [8.9236, 5.1927, 8.97, 7.0765, 7.9384, 9.0011, 8.7359, 6.7856, 7.1096, 9.7424, 8.1128, 9.5422, 7.1293, 9.0525, 5.0408, 7.099, 9.8748, 7.7379, 6.5097, 8.9968, 8.621, 7.8708, 8.0663, 6.1268, 8.959, 6.8138, 5.5733, 9.5606, 5.3045, 8.727, 8.7014, 8.2139, 9.2059, 8.9093, 5.5524, 6.3502, 6.2993, 7.5914, 8.9221, 9.0049, 6.3172, 6.956, 9.1247, 8.3179, 5.9959, 3.0532, 9.5355, 9.8218, 9.4736, 6.267],
  "initQU": [5.1401, 1.594, 4.4099, 1.0423, 2.7147, 3.1062, 4.3859, 2.3085, 1.174, 3.4982, 2.1725, 2.5025, 1.1428, 1.0756, 5.2997, 2.9636, 5.0205, 2.786, 4.1501, 2.8558, 1.3933, 3.9541, 4.8556, 4.0594, 1.8823, 2.2908, 1.8, 6.6794, 1.9457, 2.0353, 1.5339, 4.6595, 1.6146, 6.5631, 1.4402, 3.8958, 2.3445, 1.1986, 2.354, 2.9368, 3.8925, 1.3662, 3.1571, 1.3538, 2.5665, 3.2034, 1.0975, 3.6969, 1.5084, 1.767]
}
