{
  "n_part": 50,
  "n_trials": 30,
  "mu_R_group": [
    [5],
    [5]
  ],
  "sigma_R_group": 2,
  "LR_group": 0.880978761473671,
  "inv_temp_group": 4.00568236014806,
  "initQF_group": 2.67196803796105,
  "initQU_group": 9.50988864083774,
  "LR": [0.9219, 0.78, 0.5725, 0.6097, 0.8718, 0.725, 0.7501, 0.5084, 0.8896, 0.6818, 0.8748, 0.9593, 0.5521, 0.851, 0.8113, 0.826, 0.5071, 0.7357, 0.7828, 0.9122, 0.735, 0.883, 0.6714, 0.8702, 0.4854, 0.839, 0.9498, 0.8026, 0.8323, 0.8173, 0.6583, 0.5093, 0.9147, 0.7559, 0.7576, 0.7364, 0.7094, 0.9016, 0.9555, 0.6824, 0.3399, 0.8927, 0.9623, 0.8042, 0.8704, 0.7662, 0.6493, 0.9754, 0.9843, 0.7131],
  "inv_temp": [4.2321, 3.7103, 3.8663, 4.1737, 3.6834, 4.4291, 3.8424, 4.1647, 3.9479, 4.2586, 3.5037, 3.7853, 4.3375, 4.2168, 4.3075, 3.9143, 3.9758, 3.2126, 4.4265, 4.1466, 4.2473, 3.3626, 3.4979, 4.2901, 4.1843, 4.1166, 3.8406, 3.2847, 3.9675, 4.4445, 4.2487, 4.1691, 4.2409, 3.7564, 3.7656, 3.7912, 3.6607, 3.6972, 4.0479, 4.7798, 3.4199, 4.5638, 3.9834, 4.1124, 3.6234, 3.8707, 4.1864, 3.7221, 4.0487, 3.6836],
  "initQF": [1.4063, 2.3709, 2.057, 2.433, 2.9689, 1.9477, 2.1272, 2.7003, 2.2536, 5.278, 3.9272, 2.8018, 3.4281, 4.3905, 1.1694, 3.991, 3.5258, 4.0546, 2.7473, 2.4451, 4.3351, 2.4827, 2.0965, 6.6531, 4.9902, 5.9378, 2.8103, 2.782, 6.6312, 4.357, 2.9074, 2.7867, 2.5276, 1.3404, 3.7323, 3.2324, 3.0798, 5.0961, 1.933, 3.7746, 1.2677, 2.8197, 2.9096, 3.7862, 1.1119, 2.802, 2.4879, 3.1737, 3.9171, 3.7444],
  "initQU": [9.8551, 9.5514, 9.7722, 8.2621, 6.929, 8.1162, 9.1297, 9.7602, 5.4791, 6.7383, 8.3577, 8.9925, 7.5735, 8.438, 7.8881, 6.8699, 7.1715, 9.1496, 5.4712, 8.9068, 8.3232, 6.3337, 7.8362, 9.8174, 4.9526, 9.9539, 9.1741, 8.2005, 7.3674, 7.3009, 9.275, 9.107, 7.0395, 8.7079, 7.7054, 6.8518, 8.8605, 9.7812, 9.546, 8.1671, 6.915, 9.4159, 8.4957, 8.8092, 9.0123, 9.8664, 9.6274, 8.3481, 7.4022, 9.5346]
}
