{
  "n_part": 50,
  "n_trials": 30,
  "mu_R_group": [
    [5],
    [5]
  ],
  "sigma_R_group": 2,
  "LR_group": 0.448327460093424,
  "inv_temp_group": 1.97730839485303,
  "initQF_group": 3.82366902008653,
  "initQU_group": 7.20834069489501,
  "LR": [0.5244, 0.5186, 0.4665, 0.317, 0.2032, 0.2479, 0.3045, 0.2049, 0.5216, 0.589, 0.0578, 0.615, 0.2994, 0.3998, 0.3989, 0.602, 0.3432, 0.374, 0.5649, 0.5475, 0.5673, 0.0336, 0.7064, 0.6547, 0.3348, 0.2657, 0.624, 0.4567, 0.7601, 0.6403, 0.3423, 0.6953, 0.3414, 0.4877, 0.5965, 0.269, 0.4134, 0.6553, 0.5387, 0.3903, 0.7977, 0.5457, 0.265, 0.7123, 0.3941, 0.4705, 0.3097, 0.2152, 0.3879, 0.6112],
  "inv_temp": [2.0202, 1.9007, 1.7969, 2.5457, 2.3443, 2.2594, 1.7425, 1.8297, 1.4346, 1.8595, 2.3046, 1.5442, 2.2193, 1.7823, 2.4399, 1.8239, 1.6112, 2.1931, 1.964, 2.0196, 1.9952, 1.1436, 1.8198, 1.7962, 2.0983, 1.607, 2.6467, 1.8917, 1.5882, 1.9833, 1.4428, 2.0173, 2.0909, 1.6671, 2.2004, 2.3199, 1.9447, 1.5397, 2.0727, 2.0029, 2.0193, 2.4749, 1.7155, 1.5133, 1.4268, 1.7198, 2.1032, 1.9418, 1.4766, 1.7514],
  "initQF": [4.1426, 2.1777, 2.3766, 5.2373, 1.9893, 4.3104, 3.4746, 3.9268, 7.3183, 3.8626, 4.3134, 3.2358, 7.3978, 4.3439, 5.4079, 1.1729, 1.3396, 4.1265, 3.6603, 5.2873, 3.7768, 3.3871, 7.4761, 6.0376, 3.9837, 3.4664, 2.7219, 2.4065, 8.9577, 3.1165, 3.2358, 6.5448, 2.1393, 7.0133, 4.1204, 6.6917, 4.2139, 5.576, 5.0974, 5.082, 7.2828, 6.9951, 2.8751, 7.4667, 6.6408, 3.3863, 4.7367, 1.402, 3.6002, 3.515],
  "initQU": [7.0007, 6.7053, 6.6982, 7.6564, 5.8345, 8.3259, 5.9707, 6.5231, 6.5746, 4.2504, 7.4125, 5.8015, 2.547, 8.0455, 5.8752, 9.8692, 5.3448, 7.8359, 6.1567, 7.622, 8.623, 5.2882, 9.9595, 6.521, 4.1868, 8.5079, 6.907, 4.3496, 5.5821, 8.4932, 7.7199, 7.3029, 7.5913, 2.4541, 9.4616, 8.7336, 4.3827, 6.3072, 6.0527, 6.6323, 5.6816, 5.4205, 3.7423, 6.0512, 6.916, 9.3999, 3.2114, 7.3287, 6.3963, 6.1076]
}
