{
  "n_part": 50,
  "n_trials": 30,
  "mu_R_group": [
    [5],
    [5]
  ],
  "sigma_R_group": 2,
  "LR_group": 0.189099350245669,
  "inv_temp_group": 1.52230116305873,
  "initQF_group": 1.07235341588967,
  "initQU_group": 5.37354795797728,
  "LR": [0.4287, 0.0509, 0.1857, 0.017, 0.1833, 0.1827, 0.2183, 0.016, 0.691, 0.2701, 0.4456, 0.0577, 0.1269, 0.093, 0.0444, 0.1465, 0.4181, 0.0578, 0.4885, 0.4996, 0.222, 0.5592, 0.1814, 0.0252, 0.1684, 0.0972, 0.1683, 0.1713, 0.0736, 0.6238, 0.0879, 0.2807, 0.0297, 0.0473, 0.2283, 0.2676, 0.3566, 0.4262, 0.0174, 0.1871, 0.2557, 0.3829, 0.4679, 0.1744, 0.1889, 0.2671, 0.398, 0.1241, 0.4455, 0.097],
  "inv_temp": [1.7788, 1.4732, 1.4579, 1.6612, 1.7901, 1.1986, 1.331, 1.7214, 1.6918, 1.8095, 1.9166, 1.2618, 0.9806, 1.7921, 1.5667, 1.4465, 1.4674, 1.4171, 1.9695, 1.4786, 1.8765, 1.4667, 1.7973, 1.5581, 1.848, 1.4853, 1.249, 1.6787, 1.4927, 1.6707, 1.2842, 1.7174, 1.6762, 1.6801, 1.2734, 1.7616, 1.4539, 1.4083, 1.6033, 1.8572, 1.1945, 1.4988, 1.8557, 1.7167, 1.4449, 1.6648, 0.6583, 1.1584, 1.4296, 1.5836],
  "initQF": [2.2727, 4.5612, 2.2056, 1.1318, 3.8358, 2.7245, 1.9498, 1.5451, 2.1838, 2.5202, 2.5132, 1.1425, 4.2944, 1.2972, 1.4289, 1.2051, 1.5084, 3.5437, 2.0282, 2.1624, 1.7044, 1.7146, 2.4302, 1.2471, 1.6961, 1.3987, 1.6778, 1.7075, 1.425, 2.3816, 1.8254, 1.1616, 2.8518, 1.552, 3.7621, 2.6583, 4.1939, 2.0111, 3.5901, 1.1185, 1.2684, 1.805, 2.0179, 1.9574, 1.7192, 1.774, 2.0334, 1.1388, 1.2334, 2.7475],
  "initQU": [5.3931, 5.2734, 6.6253, 6.1195, 4.6961, 5.461, 6.4878, 5.6564, 7.4163, 2.2682, 5.0584, 3.5603, 6.2861, 8.4897, 4.3212, 2.5479, 4.623, 8.6436, 9.0526, 4.9941, 6.1919, 6.5056, 4.0899, 3.776, 5.4941, 5.5625, 7.6263, 5.886, 7.882, 4.3211, 7.9524, 6.3838, 3.3878, 5.1491, 4.5123, 7.1355, 6.5614, 5.6824, 8.9867, 7.1958, 5.5033, 1.9378, 5.4324, 1.8128, 4.3318, 4.6782, 5.0533, 3.7158, 5.1085, 1.7173]
}
