{
  "n_part": 50,
  "n_trials": 30,
  "mu_R_group": [
    [5],
    [5]
  ],
  "sigma_R_group": 2,
  "LR_group": 0.00769305531866848,
  "inv_temp_group": 0.124252203386277,
  "initQF_group": 4.90117102535442,
  "initQU_group": 2.74025571323,
  "LR": [0.2886, 0.0736, 0.2267, 0.0854, 0.0867, 0.0475, 0.2148, 0.0958, 0.1759, 0.1822, 0.0995, 0.1336, 0.0579, 0.0387, 0.0809, 0.0892, 0.0913, 0.0901, 0.3674, 0.1809, 0.3436, 0.131, 0.4294, 0.0148, 0.0681, 0.3765, 0.0963, 0.4038, 0.2858, 0.2513, 0.1046, 0.1981, 0.0406, 0.0525, 0.097, 0.0856, 0.1248, 0.0423, 0.0712, 0.2762, 0.163, 0.0724, 0.2834, 0.0385, 0.1013, 0.1429, 0.1628, 0.2642, 0.2087, 0.0964],
  "inv_temp": [0.3508, 0.3942, 0.1989, 0.2159, 0.017, 0.172, 0.3972, 0.2046, 0.4749, 0.1105, 0.0219, 0.3206, 0.1333, 0.2793, 0.7783, 0.1448, 0.2952, 0.3482, 0.1485, 0.3451, 0.1217, 0.3126, 0.4506, 0.2163, 0.2466, 0.8806, 0.7469, 0.0653, 0.2946, 0.2194, 0.707, 0.0903, 0.4332, 0.2181, 0.27, 0.167, 0.0398, 0.1067, 0.0478, 0.6566, 0.3361, 0.5142, 0.1038, 0.0003, 0.5407, 0.2757, 0.2392, 0.1735, 0.1694, 0.2699],
  "initQF": [4.6999, 4.0142, 4.3066, 8.7081, 9.1226, 5.4542, 6.5642, 6.6873, 4.0857, 4.5363, 6.3628, 7.2632, 7.3526, 1.968, 4.1585, 4.3525, 3.443, 4.1501, 5.0264, 4.0525, 5.1749, 7.8864, 6.2351, 2.5077, 2.5777, 6.0806, 8.8334, 5.6697, 5.0926, 5.1755, 7.258, 6.0974, 1.9778, 6.5723, 2.9534, 6.9017, 3.1094, 1.7606, 5.2519, 2.16, 6.9441, 4.3416, 5.8164, 5.0819, 4.966, 4.4642, 5.7732, 6.9756, 8.3676, 5.2846],
  "initQU": [4.0814, 1.5206, 4.2559, 3.4621, 3.4774, 3.5661, 3.7882, 2.0557, 7.2657, 6.1509, 1.2704, 4.7954, 3.3294, 3.1064, 4.3116, 1.5793, 2.4088, 1.2078, 2.5382, 3.2802, 2.2741, 1.7077, 7.6856, 4.4313, 3.3361, 3.9079, 2.1861, 3.3134, 4.8444, 1.2354, 1.381, 3.555, 2.57, 6.0814, 1.8773, 4.0016, 1.1566, 2.3535, 6.3067, 1.2583, 1.044, 4.167, 2.1212, 1.6075, 2.5633, 2.4198, 1.4263, 3.696, 3.5801, 3.2766]
}
