{
  "n_part": 50,
  "n_trials": 30,
  "mu_R_group": [
    [5],
    [5]
  ],
  "sigma_R_group": 2,
  "LR_group": 0.390424775192514,
  "inv_temp_group": 1.77728280425072,
  "initQF_group": 8.00012652250007,
  "initQU_group": 1.67258757259697,
  "LR": [0.3155, 0.5364, 0.0949, 0.6047, 0.3211, 0.4919, 0.6125, 0.4642, 0.6055, 0.5333, 0.8018, 0.453, 0.4928, 0.3031, 0.3309, 0.516, 0.3147, 0.4486, 0.1593, 0.7705, 0.5212, 0.3416, 0.4416, 0.6982, 0.1037, 0.3677, 0.3745, 0.24, 0.4741, 0.6714, 0.3136, 0.1373, 0.2572, 0.6017, 0.4274, 0.1872, 0.4431, 0.6411, 0.4384, 0.5309, 0.3719, 0.1936, 0.2433, 0.3398, 0.2783, 0.6517, 0.2585, 0.5814, 0.2141, 0.5313],
  "inv_temp": [1.8643, 2.0666, 1.7079, 2.1986, 1.7413, 1.6341, 1.8162, 1.6866, 1.7454, 1.2344, 1.6017, 1.5629, 2.0648, 1.4449, 2.3222, 2.0133, 2.1494, 1.5139, 1.2589, 1.8567, 1.6091, 1.9164, 1.6098, 2.0388, 2.6024, 1.9157, 1.4734, 1.4516, 1.6287, 1.9733, 1.9088, 1.8077, 2.2735, 1.5942, 1.6155, 1.2009, 1.741, 1.7791, 1.8239, 1.1863, 2.347, 1.9802, 2.045, 1.7974, 2.058, 1.6021, 1.3601, 1.5954, 1.3572, 1.9805],
  "initQF": [6.5486, 6.6749, 8.1532, 7.8467, 6.7473, 6.8112, 7.5534, 8.7372, 9.1898, 9.079, 6.4438, 4.9258, 3.4182, 7.2969, 5.9782, 6.8821, 8.6927, 8.5217, 9.9274, 7.4597, 8.6865, 9.5692, 8.0667, 7.236, 7.0375, 8.6693, 4.0816, 3.0008, 8.9001, 8.6605, 5.9164, 9.1851, 9.7362, 6.4834, 6.8315, 7.2098, 8.7169, 7.5634, 8.2342, 7.814, 6.2095, 6.353, 7.4333, 5.7815, 6.8929, 4.1593, 6.7634, 7.6726, 2.6129, 8.5186],
  "initQU": [2.7358, 3.6397, 6.6381, 2.8683, 1.7772, 2.0324, 3.0251, 4.71, 4.3894, 2.8675, 2.8504, 1.9179, 5.1842, 2.7988, 3.0528, 3.6422, 1.156, 1.4611, 3.0367, 3.0856, 1.5365, 2.7828, 3.9302, 2.6684, 3.3929, 3.4453, 1.4964, 1.3873, 2.0211, 1.8564, 3.4892, 2.5761, 1.0097, 1.8312, 2.4239, 5.1168, 2.3217, 1.8161, 1.8831, 1.9983, 4.0994, 2.3645, 3.3594, 2.8739, 5.1172, 4.0007, 5.5991, 4.3838, 4.2938, 1.2875]
}
