{
  "n_part": 50,
  "n_trials": 30,
  "mu_R_group": [
    [5],
    [5]
  ],
  "sigma_R_group": 2,
  "LR_group": 0.564546058420092,
  "inv_temp_group": 4.08536135801114,
  "initQF_group": 2.72953629423864,
  "initQU_group": 2.87101737153716,
  "LR": [0.4189, 0.3552, 0.9561, 0.4832, 0.4892, 0.2884, 0.9719, 0.3472, 0.8548, 0.5417, 0.3865, 0.4361, 0.7565, 0.5953, 0.732, 0.8334, 0.9525, 0.4652, 0.986, 0.8178, 0.2384, 0.5676, 0.4532, 0.7014, 0.6011, 0.4316, 0.3789, 0.4907, 0.622, 0.7123, 0.6209, 0.7107, 0.4093, 0.5813, 0.6365, 0.5293, 0.4269, 0.6113, 0.5074, 0.6705, 0.2733, 0.4232, 0.5468, 0.7614, 0.6914, 0.2347, 0.5806, 0.8376, 0.6451, 0.6897],
  "inv_temp": [4.0018, 4.5316, 4.5066, 4.2856, 4.2856, 3.8522, 4.2656, 3.944, 4.0028, 3.7855, 3.6743, 4.2885, 3.3405, 3.7417, 4.0787, 4.8779, 4.1977, 4.7561, 3.6068, 4.1036, 3.6913, 4.0042, 4.0021, 3.6333, 3.7847, 3.8292, 4.2474, 3.848, 4.272, 4.4298, 4.0396, 3.9187, 4.1707, 3.9545, 3.7528, 3.8462, 3.7892, 4.0243, 4.3245, 4.1644, 3.5661, 3.8086, 3.8277, 4.2748, 3.9883, 4.5081, 3.9927, 4.2476, 4.0719, 3.8225],
  "initQF": [3.6006, 2.1685, 4.9842, 1.0277, 1.4199, 4.6223, 2.4205, 3.0483, 3.6036, 1.0919, 3.01, 1.5412, 5.2785, 5.291, 1.6864, 1.1247, 2.5655, 4.957, 3.145, 2.8376, 4.3702, 6.8056, 2.4736, 1.2342, 1.8363, 1.4784, 2.9476, 3.9077, 2.084, 1.9233, 3.0221, 4.2892, 5.3809, 3.178, 1.0424, 2.5347, 3.0931, 3.5116, 1.2562, 2.1599, 2.7288, 1.9953, 4.6743, 4.0375, 4.9701, 2.4562, 6.3703, 4.2904, 4.1477, 3.7004],
  "initQU": [5.9256, 4.4859, 4.4911, 4.2387, 5.6064, 4.2291, 5.8005, 3.8358, 3.8013, 1.7526, 5.0377, 1.52, 5.94, 4.7081, 6.1106, 1.0388, 2.0306, 3.5315, 2.8586, 2.2605, 4.433, 2.037, 4.6659, 2.9637, 2.1345, 4.0018, 1.14, 1.9994, 5.9906, 4.4207, 2.9613, 3.9658, 3.8361, 6.5512, 1.4019, 4.3725, 2.0811, 1.9539, 4.2662, 3.6294, 4.0469, 3.1888, 3.8741, 2.1876, 2.595, 2.5048, 2.842, 3.9947, 4.0596, 4.8452]
}
