{
  "n_part": 50,
  "n_trials": 30,
  "mu_R_group": [
    [5],
    [5]
  ],
  "sigma_R_group": 2,
  "LR_group": 0.990027592517436,
  "inv_temp_group": 2.9760230332613,
  "initQF_group": 5.56678084586747,
  "initQU_group": 1.93130950210616,
  "LR": [0.9941, 0.8175, 0.9144, 0.9406, 0.9276, 0.5225, 0.9591, 0.5615, 0.9239, 0.8472, 0.94, 0.8037, 0.976, 0.6121, 0.7972, 0.7134, 0.9108, 0.957, 0.9945, 0.6881, 0.9791, 0.9099, 0.942, 0.9317, 0.8319, 0.8591, 0.559, 0.8287, 0.9754, 0.6951, 0.7202, 0.8935, 0.9582, 0.7629, 0.9924, 0.8801, 0.7397, 0.9988, 0.5285, 0.8466, 0.9489, 0.9306, 0.9891, 0.9828, 0.8667, 0.78, 0.825, 0.6407, 0.9421, 0.3929],
  "inv_temp": [2.8074, 2.4727, 2.4716, 3.1085, 2.4098, 2.8171, 3.1487, 2.5267, 2.4412, 3.0104, 2.7079, 2.5777, 2.7325, 2.6194, 2.9585, 3.1389, 2.639, 3.0535, 3.0252, 3.0708, 2.904, 3.2117, 3.1423, 3.3168, 3.2782, 2.5538, 2.9889, 3.3842, 2.5102, 2.6643, 2.8878, 3.4523, 2.9148, 3.5938, 2.6447, 2.9248, 2.4543, 3.2534, 3.1692, 2.6949, 3.3936, 2.9117, 3.3972, 3.1707, 2.6076, 2.4152, 3.0225, 2.9199, 3.2024, 2.9727],
  "initQF": [4.4839, 4.9983, 2.4906, 8.017, 4.4034, 6.2095, 2.7913, 6.4277, 6.0873, 4.6273, 8.8758, 4.6699, 4.8128, 4.9108, 2.5997, 4.522, 9.7092, 7.9269, 3.7327, 5.3892, 3.4505, 6.8311, 8.0398, 5.7939, 7.2043, 8.0402, 5.8824, 5.2457, 5.781, 8.4394, 5.0065, 5.0124, 6.457, 7.5287, 5.7037, 4.7334, 4.6267, 7.3246, 7.2348, 5.5611, 4.3375, 4.1374, 1.1506, 4.6201, 4.4013, 7.9457, 9.489, 7.6819, 5.2992, 6.7943],
  "initQU": [2.9196, 3.2133, 1.5204, 4.1368, 2.0714, 2.0413, 3.4625, 4.9732, 4.4585, 2.5634, 2.8411, 3.0782, 1.2062, 3.4078, 2.6328, 1.6328, 2.0551, 2.272, 1.0454, 2.2437, 1.0821, 2.52, 5.5506, 4.4202, 2.6604, 2.5174, 1.5306, 1.969, 1.222, 2.5286, 4.2537, 3.5102, 2.1314, 4.9481, 1.551, 1.3685, 3.8277, 2.8111, 4.1787, 4.7972, 6.2945, 5.8706, 2.3074, 3.4413, 6.9605, 4.7423, 4.839, 3.3815, 1.4511, 3.2809]
}
