{
  "n_part": 50,
  "n_trials": 30,
  "mu_R_group": [
    [5],
    [5]
  ],
  "sigma_R_group": 2,
  "LR_group": 0.804691220168024,
  "inv_temp_group": 1.59596766112372,
  "initQF_group": 3.08535222453065,
  "initQU_group": 2.65332693466917,
  "LR": [0.5008, 0.8259, 0.7644, 0.738, 0.6131, 0.7102, 0.4908, 0.8666, 0.9668, 0.8591, 0.8794, 0.8787, 0.8119, 0.738, 0.9585, 0.773, 0.5975, 0.5076, 0.7363, 0.6036, 0.9179, 0.97, 0.9901, 0.6488, 0.5533, 0.8815, 0.5207, 0.7733, 0.8023, 0.7619, 0.7404, 0.5579, 0.8294, 0.5199, 0.843, 0.6175, 0.8941, 0.9059, 0.7465, 0.8877, 0.777, 0.4796, 0.9752, 0.4929, 0.9302, 0.6366, 0.6536, 0.5145, 0.5043, 0.6208],
  "inv_temp": [1.8095, 1.6497, 1.5458, 1.1269, 1.7896, 1.6932, 1.8075, 1.8675, 1.155, 1.5116, 2.0013, 2.208, 1.9017, 1.5902, 1.4137, 1.8045, 1.7153, 1.9348, 1.3213, 1.3065, 1.9352, 1.4844, 1.434, 1.7163, 1.7378, 1.2554, 1.3194, 1.9702, 1.6782, 1.5384, 1.1503, 1.2781, 1.7154, 1.4869, 1.5113, 1.8676, 1.4679, 1.7205, 1.9399, 2.0772, 2.6909, 1.5181, 2.1978, 1.2998, 1.9684, 1.8213, 1.8465, 1.7758, 1.5355, 1.4201],
  "initQF": [3.7521, 1.1061, 3.3101, 2.109, 4.421, 7.3241, 2.4899, 3.1235, 2.4747, 1.4471, 5.4481, 4.7916, 3.5096, 3.916, 4.7001, 1.5369, 5.5115, 4.6631, 4.2419, 6.2663, 3.3336, 4.0913, 5.479, 5.3227, 6.0597, 2.2124, 2.693, 6.337, 1.9308, 2.3965, 4.1871, 3.1413, 3.1323, 4.3554, 6.2102, 2.5554, 4.7383, 2.459, 3.0484, 5.8571, 3.3361, 8.0429, 5.0963, 3.9763, 3.5731, 6.1766, 3.6254, 1.2718, 3.5267, 1.4157],
  "initQU": [6.9789, 1.8432, 2.9171, 2.9308, 2.0978, 4.5985, 2.2576, 2.2708, 2.3225, 3.5493, 4.1168, 3.4918, 1.8153, 1.0651, 3.3596, 3.4224, 1.6391, 2.1118, 3.0736, 2.8418, 2.5282, 6.4839, 2.5104, 3.2299, 2.6343, 6.3657, 5.0861, 1.8115, 4.7418, 3.0782, 2.4458, 7.0439, 3.3243, 2.6281, 1.2929, 1.0642, 3.7587, 1.28, 3.3479, 1.6589, 4.7576, 3.1659, 4.2411, 5.0369, 3.8647, 4.3687, 4.6901, 4.4144, 4.0813, 4.1029]
}
