{
  "n_part": 50,
  "n_trials": 30,
  "mu_R_group": [
    [5],
    [5]
  ],
  "sigma_R_group": 2,
  "LR_group": 0.825122505193576,
  "inv_temp_group": 3.96877708728425,
  "initQF_group": 4.4280817755498,
  "initQU_group": 1.41311767138541,
  "LR": [0.7361, 0.8806, 0.6361, 0.6893, 0.8648, 0.6493, 0.9101, 0.828, 0.6025, 0.924, 0.8092, 0.7958, 0.9066, 0.7507, 0.5112, 0.6953, 0.783, 0.9644, 0.8365, 0.6475, 0.824, 0.6783, 0.4927, 0.7498, 0.6847, 0.8512, 0.4769, 0.9195, 0.8278, 0.9308, 0.823, 0.9312, 0.4834, 0.8346, 0.5893, 0.8052, 0.5973, 0.614, 0.7717, 0.7434, 0.8712, 0.5246, 0.6798, 0.7885, 0.9697, 0.7227, 0.7432, 0.5914, 0.7495, 0.9102],
  "inv_temp": [4.045, 3.9143, 4.4329, 3.8236, 3.8945, 3.9714, 3.9597, 3.7421, 4.3221, 3.8349, 3.5271, 3.681, 3.9218, 3.9099, 3.8148, 4.4635, 3.7903, 3.6155, 4.4151, 3.9073, 3.966, 4.1284, 4.1443, 4.4291, 4.0603, 4.0587, 3.8714, 3.4743, 4.0943, 4.068, 3.908, 4.609, 4.1562, 4.8314, 3.2994, 3.5295, 3.8087, 4.368, 3.8194, 4.3736, 4.1007, 3.8025, 4.259, 3.5672, 4.1199, 3.8312, 3.7705, 3.9832, 4.1054, 4.3289],
  "initQF": [5.2278, 1.5691, 3.8432, 7.2514, 4.8758, 3.5879, 3.3376, 6.367, 4.8182, 3.8515, 6.829, 4.5596, 3.5463, 5.0909, 3.4517, 6.181, 3.6676, 5.2393, 3.2367, 2.947, 1.9425, 2.0511, 2.443, 1.6568, 3.2073, 4.9754, 2.5802, 5.4595, 3.0107, 5.3862, 2.3988, 4.1769, 5.712, 1.4762, 4.2507, 2.46, 4.326, 6.9123, 2.478, 1.4869, 6.0339, 1.6234, 3.6308, 3.5415, 4.6961, 9.212, 5.915, 5.8019, 7.1615, 3.5986],
  "initQU": [2.3783, 3.9111, 3.376, 2.1046, 1.0704, 1.8185, 4.2775, 1.6583, 5.4959, 1.2297, 5.3634, 1.6134, 3.5495, 1.3997, 4.6213, 2.4654, 1.4286, 4.6457, 1.3563, 2.6047, 1.0654, 3.4602, 2.4849, 2.4013, 4.3318, 2.8522, 1.6297, 1.4413, 4.5098, 2.3235, 2.1639, 1.5475, 5.1126, 1.7743, 3.3273, 2.0779, 1.1314, 3.0855, 2.7854, 1.4325, 4.6537, 2.2144, 3.2844, 2.5499, 8.1121, 3.8124, 3.2542, 1.4948, 3.0833, 2.0224]
}
