{
  "n_part": 50,
  "n_trials": 30,
  "mu_R_group": [
    [5],
    [5]
  ],
  "sigma_R_group": 2,
  "LR_group": 0.281984340632334,
  "inv_temp_group": 2.02274906565435,
  "initQF_group": 9.76253580278717,
  "initQU_group": 9.79838800011203,
  "LR": [0.3712, 0.2762, 0.9309, 0.2158, 0.4321, 0.4851, 0.2629, 0.0231, 0.2504, 0.0974, 0.3442, 0.5732, 0.1131, 0.3482, 0.1901, 0.5371, 0.004, 0.1247, 0.3436, 0.3762, 0.4306, 0.2094, 0.4413, 0.3485, 0.5153, 0.2634, 0.1758, 0.1525, 0.2429, 0.3967, 0.4971, 0.6413, 0.4253, 0.1629, 0.2899, 0.2404, 0.2279, 0.1249, 0.6309, 0.6733, 0.2054, 0.621, 0.2158, 0.3415, 0.3584, 0.364, 0.3272, 0.453, 0.4245, 0.4025],
  "inv_temp": [1.6438, 2.4388, 1.8356, 1.6665, 2.7569, 2.3875, 1.6784, 1.8464, 2.0363, 2.035, 2.0896, 1.3613, 1.7651, 1.6324, 1.8124, 1.9319, 2.013, 1.8798, 2.4142, 1.2379, 1.9975, 2.2009, 2.1556, 2.1351, 1.8923, 2.2664, 2.1322, 1.6577, 2.2664, 1.8419, 1.8617, 1.9655, 1.7198, 1.6928, 1.3633, 1.9366, 2.305, 2.0088, 2.0421, 2.2298, 2.1747, 2.0479, 2.3964, 2.1105, 2.0963, 2.418, 1.5003, 1.6402, 2.0798, 1.7124],
  "initQF": [9.2872, 8.8488, 9.1392, 8.9194, 9.4286, 7.8184, 9.021, 8.261, 7.6418, 8.4244, 9.0593, 9.6183, 8.5286, 9.4038, 8.9199, 9.0163, 9.5301, 9.8954, 8.8985, 9.2753, 7.9554, 9.6395, 8.4375, 8.3426, 7.7701, 8.9345, 8.264, 8.841, 9.4487, 7.6522, 9.1077, 9.6929, 8.2275, 8.6323, 8.0207, 8.815, 8.1634, 9.4417, 9.1016, 6.7923, 9.9429, 9.5619, 7.5273, 9.952, 7.4557, 9.9376, 9.9885, 6.3325, 9.556, 8.8908],
  "initQU": [5.3679, 8.8506, 8.5369, 8.6424, 7.8933, 7.6097, 9.6778, 5.7031, 8.9234, 6.56, 9.9895, 9.1946, 9.1724, 8.228, 7.2239, 7.0556, 9.7465, 8.9104, 8.9133, 7.4668, 8.3407, 8.6803, 8.0776, 5.3148, 9.1549, 9.7196, 9.4274, 9.9864, 7.8939, 9.3212, 6.0368, 8.4071, 8.2334, 7.6504, 8.7811, 9.5237, 6.1067, 8.8777, 8.5261, 7.3642, 8.8629, 8.1844, 7.6926, 7.8456, 9.729, 7.7716, 8.3661, 9.1329, 8.7357, 8.8267]
}
