{
  "n_part": 50,
  "n_trials": 30,
  "mu_R_group": [
    [5],
    [5]
  ],
  "sigma_R_group": 2,
  "LR_group": 0.590891160769388,
  "inv_temp_group": 1.59944026730955,
  "initQF_group": 8.83816271740943,
  "initQU_group": 5.96421923278831,
  "LR": [0.7914, 0.2628, 0.4507, 0.6837, 0.444, 0.72, 0.611, 0.3863, 0.7251, 0.3255, 0.3171, 0.1804, 0.7737, 0.6229, 0.4312, 0.4599, 0.5794, 0.7859, 0.9809, 0.6692, 0.6838, 0.4121, 0.5288, 0.3625, 0.726, 0.7356, 0.8935, 0.5986, 0.769, 0.4522, 0.5168, 0.6674, 0.6507, 0.4705, 0.6459, 0.9297, 0.7367, 0.781, 0.5415, 0.2488, 0.6364, 0.806, 0.2122, 0.4019, 0.1982, 0.4854, 0.5037, 0.6376, 0.9735, 0.6013],
  "inv_temp": [1.9443, 1.837, 1.961, 2.0618, 1.4629, 1.9915, 1.9093, 1.7599, 1.6673, 1.2791, 1.8576, 1.8061, 1.7101, 1.6832, 0.9021, 1.3445, 1.1734, 1.2933, 1.6344, 2.0034, 1.5922, 1.3912, 2.0124, 1.2604, 1.8227, 1.9937, 1.2984, 1.3282, 1.3391, 1.5752, 1.8033, 1.676, 1.5034, 1.1499, 1.4811, 1.7295, 1.4357, 1.5772, 1.0842, 1.4744, 1.9633, 1.5136, 2.1186, 2.0161, 1.7804, 2.1383, 1.617, 1.9566, 2.0241, 1.9503],
  "initQF": [8.9751, 6.3992, 8.7074, 8.1996, 9.1526, 8.3862, 7.9805, 8.9584, 7.4491, 9.9602, 8.5836, 9.7755, 9.374, 7.9402, 6.4827, 9.4352, 8.826, 4.7764, 9.5174, 5.4856, 8.4366, 4.6844, 7.5034, 9.9619, 6.8069, 6.7425, 6.9363, 6.0174, 8.7103, 8.7249, 6.393, 9.4973, 7.5235, 5.8508, 8.1759, 4.599, 8.1641, 8.4583, 8.7054, 6.496, 6.91, 9.803, 8.8341, 8.5012, 6.6962, 4.6511, 8.4337, 7.7083, 9.3481, 7.7789],
  "initQU": [7.2585, 4.3821, 3.9451, 3.7613, 6.5805, 7.3363, 7.3005, 5.1063, 6.5569, 4.6982, 4.7355, 6.9606, 3.1129, 6.2188, 6.7168, 5.5165, 5.545, 6.9285, 8.0665, 5.925, 4.8323, 7.5475, 4.4236, 5.5278, 2.9924, 4.204, 6.5963, 7.8722, 7.2516, 2.7021, 4.7288, 8.6432, 4.1026, 3.0426, 8.6092, 8.1299, 6.3631, 2.8615, 6.2877, 7.2526, 9.0868, 5.5014, 9.1504, 6.8414, 7.4126, 6.7293, 7.1002, 8.1325, 5.6157, 4.6253]
}
