{
  "n_part": 50,
  "n_trials": 30,
  "mu_R_group": [
    [5],
    [5]
  ],
  "sigma_R_group": 2,
  "LR_group": 0.120099047431722,
  "inv_temp_group": 0.139136529760435,
  "initQF_group": 4.06890748278238,
  "initQU_group": 4.38111585564911,
  "LR": [0.013, 0.109, 0.4115, 0.3161, 0.1064, 0.3326, 0.0939, 0.3255, 0.048, 0.2845, 0.2562, 0.2595, 0.3066, 0.0417, 0.0715, 0.5485, 0.2654, 0.2428, 0.2399, 0.0113, 0.1555, 0.2343, 0.0839, 0.1327, 0.1231, 0.366, 0.1501, 0.3198, 0.0593, 0.1416, 0.6359, 0.5297, 0.2688, 0.3119, 0.409, 0.2425, 0.1217, 0.1156, 0.2802, 0.0323, 0.1014, 0.0663, 0.345, 0.1298, 0.0853, 0.3776, 0.2126, 0.2968, 0.0739, 0.4458],
  "inv_temp": [0.0812, 0.0044, 0.2199, 0.2706, 0.3651, 0.4624, 0.1654, 0.0105, 0.2874, 0.9171, 0.2593, 0.2629, 0.4957, 0.4617, 0.0991, 0.1381, 0.1902, 0.2055, 0.7113, 0.7067, 0.0122, 0.1438, 0.3582, 0.3706, 0.0973, 0.1754, 0.1102, 0.1737, 0.4701, 0.0635, 0.6321, 0.2692, 0.4193, 0.6301, 0.659, 0.3679, 0.1731, 0.1234, 0.4863, 0.3279, 0.5721, 0.1719, 0.2131, 0.2868, 0.5171, 0.2887, 0.1382, 0.1857, 0.0615, 0.3804],
  "initQF": [2.969, 3.3597, 2.2509, 3.8999, 5.9952, 2.4772, 5.7934, 4.0305, 4.4006, 2.5264, 1.7741, 3.8173, 4.073, 5.7343, 4.5254, 5.7452, 6.9229, 3.9266, 4.1597, 3.6213, 5.3292, 5.3157, 6.1148, 3.3148, 8.3616, 4.8829, 2.9785, 3.8395, 4.8644, 7.113, 7.242, 4.2473, 1.6611, 4.4838, 7.7337, 1.5265, 1.0812, 3.1184, 3.6029, 1.0083, 5.975, 2.2873, 2.7213, 4.0032, 2.5131, 3.7533, 3.6806, 2.7611, 2.6189, 4.9893],
  "initQU": [7.6689, 3.3208, 2.7192, 3.308, 2.1142, 8.6837, 5.3412, 3.9074, 3.1591, 4.5152, 1.6313, 3.9043, 4.3459, 3.2395, 6.7184, 6.1934, 2.0724, 4.5993, 3.9123, 4.3955, 2.5051, 4.4317, 4.5546, 6.7864, 4.3136, 2.8991, 7.4245, 4.6278, 4.6879, 4.6529, 2.1864, 4.3669, 2.8113, 7.3771, 3.1758, 5.5516, 2.0182, 5.8446, 5.4145, 6.4545, 6.0176, 6.3683, 6.7145, 4.8927, 5.4936, 7.1492, 3.0498, 4.1184, 5.1916, 2.4839]
}
