{
  "n_part": 50,
  "n_trials": 30,
  "mu_R_group": [
    [5],
    [5]
  ],
  "sigma_R_group": 2,
  "LR_group": 0.536857867380604,
  "inv_temp_group": 3.14866547472775,
  "initQF_group": 6.65352828521281,
  "initQU_group": 2.73465548502281,
  "LR": [0.3026, 0.673, 0.1852, 0.7504, 0.5753, 0.6968, 0.7473, 0.3727, 0.5819, 0.6968, 0.6788, 0.402, 0.8867, 0.6483, 0.4523, 0.5667, 0.8342, 0.2324, 0.5607, 0.3141, 0.5687, 0.5044, 0.3507, 0.3106, 0.4895, 0.7527, 0.2271, 0.2884, 0.5536, 0.6385, 0.5292, 0.8854, 0.7432, 0.7896, 0.1915, 0.7862, 0.4531, 0.3799, 0.7018, 0.3692, 0.5243, 0.6783, 0.3643, 0.6621, 0.3007, 0.3621, 0.9299, 0.376, 0.3942, 0.5316],
  "inv_temp": [3.054, 3.6841, 2.6092, 2.77, 2.7966, 3.3775, 2.8701, 3.229, 2.3948, 3.2176, 2.8294, 3.0098, 2.7988, 3.194, 2.7992, 3.8244, 2.9871, 3.2831, 3.1593, 3.6267, 3.0644, 2.6508, 2.4253, 2.9508, 3.2869, 3.3336, 2.9887, 3.5431, 3.4031, 2.9769, 3.2108, 3.2849, 3.3163, 3.3385, 2.8412, 3.0883, 3.1339, 3.2739, 3.7962, 2.6313, 3.4747, 3.1173, 2.9718, 3.0831, 3.0008, 3.5312, 2.9184, 3.0632, 3.0296, 3.3234],
  "initQF": [7.5587, 7.4305, 7.0832, 3.0368, 8.0862, 6.0288, 3.5217, 7.0857, 3.6066, 6.8498, 5.8256, 7.2392, 7.1004, 6.8112, 6.2225, 7.0241, 7.5562, 7.7356, 3.62, 2.2824, 3.192, 6.2856, 8.8694, 3.288, 4.2292, 4.8064, 5.3951, 9.7251, 4.0232, 5.0399, 6.7306, 9.5378, 8.8558, 3.2425, 7.5269, 6.6141, 8.0854, 8.9207, 7.4222, 6.3326, 7.1678, 7.1428, 4.6621, 3.9124, 4.6299, 7.8487, 5.1526, 7.3734, 9.7717, 8.3031],
  "initQU": [4.7571, 2.3273, 4.2462, 2.3071, 3.8016, 3.6383, 3.5468, 5.3792, 5.1258, 2.9943, 3.1267, 1.7671, 4.0545, 4.2045, 2.1327, 3.0009, 2.1788, 3.4071, 3.7121, 4.4927, 1.4149, 5.6704, 1.0547, 1.691, 3.7237, 1.0421, 1.9464, 5.7943, 1.6363, 2.9419, 1.2827, 4.5232, 2.6795, 2.5698, 2.216, 3.7602, 1.6109, 1.8233, 3.8748, 2.0482, 2.3445, 1.2956, 3.9062, 1.4433, 4.8011, 3.3862, 3.2196, 3.191, 3.4468, 2.0404]
}
