{
  "n_part": 50,
  "n_trials": 30,
  "mu_R_group": [
    [5],
    [5]
  ],
  "sigma_R_group": 2,
  "LR_group": 0.617500568041578,
  "inv_temp_group": 2.11478927871212,
  "initQF_group": 4.13671957096085,
  "initQU_group": 9.80807457794435,
  "LR": [0.5208, 0.6077, 0.6287, 0.3877, 0.2848, 0.5448, 0.7745, 0.38, 0.4875, 0.9252, 0.3579, 0.6143, 0.658, 0.7919, 0.5626, 0.4137, 0.5089, 0.5295, 0.4209, 0.489, 0.8299, 0.8292, 0.2572, 0.4731, 0.8266, 0.6536, 0.5349, 0.4415, 0.5988, 0.8437, 0.6006, 0.5515, 0.388, 0.863, 0.6464, 0.6325, 0.2288, 0.6106, 0.5559, 0.0197, 0.6526, 0.8797, 0.4929, 0.2687, 0.7688, 0.756, 0.3081, 0.7802, 0.9568, 0.6603],
  "inv_temp": [2.2585, 1.8964, 2.1826, 1.9327, 2.5929, 1.5899, 2.1257, 2.2269, 2.7603, 1.9345, 1.956, 2.2316, 1.9819, 1.6255, 1.9734, 2.0141, 2.2826, 1.6042, 2.2153, 2.2508, 2.6972, 2.1873, 2.1826, 1.9432, 2.2491, 2.1096, 1.9823, 2.1652, 2.2024, 2.0995, 1.9214, 2.1611, 2.3332, 1.976, 1.7712, 2.0546, 1.9328, 2.1627, 2.0827, 1.7161, 2.4453, 2.3129, 1.9224, 1.418, 2.1744, 2.1301, 2.2699, 1.8646, 1.5555, 2.132],
  "initQF": [4.076, 3.3988, 2.3145, 1.4759, 4.4143, 5.9764, 2.2235, 7.2417, 3.977, 5.3796, 6.2836, 1.56, 5.931, 5.9592, 1.3819, 1.8359, 8.6906, 5.2908, 6.252, 3.7433, 4.1034, 5.1018, 4.7666, 4.9297, 2.1969, 3.9, 3.9454, 8.0599, 6.6262, 2.5723, 5.4378, 3.5927, 7.2992, 3.4611, 6.7073, 4.5575, 5.8663, 5.4141, 2.0733, 5.5957, 5.9449, 7.4213, 4.5606, 4.1236, 5.6551, 4.2435, 6.293, 1.9812, 5.4396, 6.2774],
  "initQU": [8.6094, 7.2017, 8.9181, 9.2529, 9.765, 9.8478, 9.4133, 8.2922, 9.3953, 3.3118, 9.3187, 9.6788, 9.7504, 8.9418, 6.5963, 6.5255, 7.3655, 9.677, 6.4786, 9.5067, 7.3479, 7.5336, 9.5766, 7.7593, 8.4047, 8.8572, 8.7365, 8.8649, 9.4304, 7.935, 7.7061, 6.7383, 7.0937, 8.8066, 9.0222, 9.4793, 5.3868, 9.109, 7.1792, 7.6491, 6.0781, 9.4271, 8.1554, 7.9131, 9.4928, 9.9458, 7.8614, 9.2761, 8.8262, 7.632]
}
