{
  "n_part": 50,
  "n_trials": 30,
  "mu_R_group": [
    [5],
    [5]
  ],
  "sigma_R_group": 2,
  "LR_group": 0.855981114553288,
  "inv_temp_group": 1.30362343741581,
  "initQF_group": 7.17489144043066,
  "initQU_group": 1.93740046140738,
  "LR": [0.9316, 0.987, 0.9898, 0.9186, 0.6047, 0.7863, 0.9767, 0.9944, 0.8371, 0.794, 0.9627, 0.5154, 0.2324, 0.8387, 0.7886, 0.6083, 0.3939, 0.4141, 0.9527, 0.8238, 0.816, 0.8343, 0.8918, 0.5682, 0.7777, 0.7794, 0.9852, 0.8417, 0.896, 0.8942, 0.7436, 0.8956, 0.8668, 0.4617, 0.7938, 0.7527, 0.7978, 0.5267, 0.9012, 0.5776, 0.8903, 0.6637, 0.5406, 0.6821, 0.7744, 0.7384, 0.9166, 0.6275, 0.619, 0.7548],
  "inv_temp": [1.1981, 1.4159, 1.0926, 1.5501, 0.6354, 1.0454, 1.1768, 1.9079, 1.4003, 1.7677, 1.6671, 1.7597, 1.5419, 1.66, 1.3919, 0.9345, 1.3288, 1.973, 1.0049, 1.4185, 1.8881, 0.9993, 1.4166, 0.8914, 0.9358, 1.7869, 1.2347, 1.1625, 1.4038, 1.0774, 1.1329, 1.2374, 1.0672, 1.0832, 1.7096, 1.4105, 1.2302, 1.4196, 1.1447, 1.2289, 1.3668, 0.948, 1.3679, 1.1681, 1.4279, 0.9718, 1.2532, 1.1036, 0.9298, 0.8542],
  "initQF": [4.3774, 6.7168, 6.6339, 8.1483, 5.2237, 3.7683, 8.4071, 5.5589, 8.7637, 6.1074, 8.7452, 9.2609, 4.4633, 8.2906, 6.5154, 8.7884, 8.7263, 9.9577, 7.039, 6.2025, 9.1812, 5.6338, 8.2325, 7.2232, 6.8793, 8.3945, 7.1647, 6.8429, 7.8579, 4.3664, 6.6802, 8.7387, 7.94, 8.8024, 5.6252, 4.2741, 6.7503, 7.7055, 6.35, 7.3173, 3.4388, 7.715, 8.5777, 7.3561, 7.0224, 6.5276, 9.4234, 7.1482, 4.0472, 6.0738],
  "initQU": [1.2842, 5.7081, 1.9772, 5.3702, 1.8976, 3.6693, 1.5424, 2.5895, 1.5556, 4.4548, 2.4022, 1.2603, 1.0882, 4.8078, 1.6947, 2.3638, 1.903, 2.3857, 1.8141, 3.4407, 1.7466, 1.9454, 2.3092, 2.6954, 4.655, 1.8975, 6.1347, 6.4958, 5.2177, 1.6986, 2.2332, 3.428, 2.8961, 1.0277, 4.5735, 2.5245, 3.3314, 1.225, 1.0059, 3.4637, 2.5083, 1.4053, 2.3664, 2.3331, 1.3031, 3.3223, 3.2415, 3.9282, 2.4647, 1.6414]
}
