{
  "n_part": 50,
  "n_trials": 30,
  "mu_R_group": [
    [5],
    [5]
  ],
  "sigma_R_group": 2,
  "LR_group": 0.741010530851781,
  "inv_temp_group": 3.95061812130734,
  "initQF_group": 9.39631816535257,
  "initQU_group": 3.02617252222262,
  "LR": [0.9945, 0.9848, 0.7641, 0.6549, 0.5317, 0.8066, 0.7476, 0.5049, 0.908, 0.8139, 0.7641, 0.3934, 0.2034, 0.8561, 0.8742, 0.6634, 0.792, 0.6923, 0.6771, 0.5051, 0.5425, 0.593, 0.6653, 0.5318, 0.7516, 0.7583, 0.6905, 0.5302, 0.9429, 0.8485, 0.9433, 0.9617, 0.5007, 0.5661, 0.3046, 0.6221, 0.8993, 0.4847, 0.8711, 0.9175, 0.7786, 0.4314, 0.5892, 0.7767, 0.4605, 0.8864, 0.4051, 0.6631, 0.6415, 0.7362],
  "inv_temp": [4.2694, 3.7298, 4.5641, 4.1149, 3.5385, 4.3494, 4.241, 3.9891, 3.8443, 4.006, 3.7637, 3.5819, 3.8397, 4.1054, 4.6053, 3.9194, 3.6754, 3.7009, 3.9097, 3.9592, 3.6332, 4.0456, 4.2529, 3.8642, 4.0289, 3.64, 3.6913, 3.5794, 3.2379, 3.9668, 3.7163, 4.103, 4.1592, 3.892, 3.9869, 4.0535, 4.1558, 4.3526, 4.0669, 4.2753, 4.0661, 3.878, 4.1339, 3.7249, 4.2407, 3.8238, 3.5371, 4.2264, 3.8872, 4.1576],
  "initQF": [8.0167, 8.9804, 8.9079, 3.9698, 5.0131, 7.5541, 9.9898, 6.6181, 9.2734, 4.5523, 6.8536, 7.531, 9.2871, 8.7858, 8.5152, 9.1299, 8.3917, 9.2005, 8.9793, 7.4919, 7.1519, 9.7298, 7.4152, 8.703, 8.0363, 5.3358, 5.7553, 9.2798, 7.2853, 9.1576, 7.407, 8.7693, 7.449, 9.5212, 7.9766, 5.8481, 9.8089, 9.3686, 9.2187, 6.3579, 9.7531, 6.5117, 6.8847, 7.4946, 6.7902, 9.6123, 9.7139, 6.8603, 8.1589, 8.7452],
  "initQU": [4.1246, 1.1874, 3.471, 3.2266, 5.3708, 5.6436, 1.3185, 3.0612, 1.4956, 4.0139, 1.4698, 3.0216, 6.2058, 1.5152, 3.3546, 7.1046, 3.1148, 4.3457, 3.6954, 5.882, 3.9991, 7.8351, 6.3569, 3.1578, 1.7631, 6.2751, 2.7182, 2.5983, 4.1555, 4.209, 2.9193, 2.5747, 3.2891, 2.8289, 1.9171, 6.0226, 2.1427, 4.3241, 4.0968, 6.2525, 6.4486, 3.6239, 4.1701, 4.1463, 4.0089, 5.4903, 4.7337, 5.7536, 1.9807, 1.902]
}
