{
  "n_part": 50,
  "n_trials": 30,
  "mu_R_group": [
    [5],
    [5]
  ],
  "sigma_R_group": 2,
  "LR_group": 0.806839482625946,
  "inv_temp_group": 2.29179350775667,
  "initQF_group": 9.40257436130196,
  "initQU_group": 6.38722385140136,
  "LR": [0.6826, 0.8558, 0.7502, 0.8621, 0.9937, 0.5975, 0.6572, 0.6313, 0.7804, 0.6895, 0.5018, 0.7708, 0.9484, 0.6362, 0.5782, 0.6515, 0.8327, 0.6322, 0.7873, 0.9669, 0.8153, 0.934, 0.8258, 0.8159, 0.8689, 0.8496, 0.9685, 0.937, 0.7567, 0.8618, 0.9453, 0.9098, 0.7405, 0.8954, 0.5614, 0.556, 0.8403, 0.7752, 0.817, 0.9054, 0.4613, 0.9175, 0.8975, 0.5901, 0.7132, 0.9454, 0.7288, 0.6154, 0.7877, 0.6563],
  "inv_temp": [2.3872, 2.1703, 2.2075, 2.7092, 1.9052, 1.6212, 2.1193, 2.9708, 2.4326, 2.6071, 2.2887, 1.3588, 2.3265, 2.483, 1.8361, 2.448, 2.3066, 2.4676, 2.4966, 1.844, 2.4128, 2.4411, 2.4278, 2.7208, 2.3358, 2.1137, 2.5113, 2.1504, 2.0487, 2.314, 2.6299, 1.8371, 2.5001, 2.1325, 2.2142, 2.4193, 2.2115, 2.318, 2.1911, 2.4251, 2.2625, 2.1393, 2.3149, 2.3851, 2.017, 2.1441, 2.2262, 2.0048, 1.8785, 2.0851],
  "initQF": [9.6489, 8.5972, 9.8244, 8.9679, 9.8301, 7.5165, 9.8075, 9.3113, 8.2947, 9.6493, 9.1507, 8.8739, 9.2035, 9.017, 6.6539, 9.5806, 6.2604, 7.3733, 8.3494, 3.9403, 6.2685, 9.3506, 8.7343, 8.7686, 9.3719, 7.9557, 9.7195, 9.5281, 8.5093, 9.9586, 7.4083, 8.8754, 8.1739, 8.6794, 5.8031, 5.7161, 9.4304, 7.2689, 8.6422, 8.5951, 9.5444, 8.6965, 9.0119, 8.6068, 8.2342, 7.8222, 8.7286, 7.2476, 8.9607, 6.3662],
  "initQU": [6.1385, 7.4905, 6.7331, 4.7365, 6.9752, 8.1268, 7.1941, 4.8144, 7.2492, 2.8381, 6.8081, 5.0679, 9.281, 9.7255, 4.588, 8.1326, 5.2578, 5.7228, 8.3675, 6.4828, 4.9301, 9.4068, 6.3846, 1.7558, 7.5082, 6.6856, 3.4625, 7.5256, 5.5292, 6.6674, 6.2978, 6.9629, 6.7215, 4.7455, 6.859, 4.4215, 5.3504, 6.8554, 4.9657, 8.6275, 6.0815, 7.4251, 3.7288, 8.2409, 8.4072, 6.0194, 7.8996, 3.8775, 5.8085, 5.9875]
}
