{
  "n_part": 50,
  "n_trials": 30,
  "mu_R_group": [
    [5],
    [5]
  ],
  "sigma_R_group": 2,
  "LR_group": 0.860101157333702,
  "inv_temp_group": 2.43725314969197,
  "initQF_group": 8.44204250839539,
  "initQU_group": 7.9415079948958,
  "LR": [0.9924, 0.7633, 0.8674, 0.9342, 0.6458, 0.599, 0.7437, 0.8041, 0.7264, 0.8386, 0.8562, 0.7488, 0.8535, 0.8443, 0.6641, 0.5942, 0.9321, 0.9676, 0.6669, 0.6312, 0.8474, 0.5691, 0.846, 0.4909, 0.8986, 0.7759, 0.7257, 0.9605, 0.8448, 0.5221, 0.8118, 0.6364, 0.6264, 0.8399, 0.8483, 0.878, 0.8506, 0.9564, 0.8365, 0.6228, 0.6289, 0.8459, 0.7814, 0.8468, 0.6664, 0.5978, 0.5726, 0.5199, 0.7592, 0.9881],
  "inv_temp": [2.5426, 2.946, 2.5933, 2.6827, 1.8884, 2.3031, 1.8622, 2.5772, 3.107, 2.21, 2.2641, 2.7175, 2.4513, 2.4159, 2.4912, 3.0242, 2.8298, 2.5528, 2.1724, 1.8932, 2.1778, 2.4031, 1.9524, 2.5083, 2.0164, 2.6899, 2.3565, 2.2217, 2.0478, 2.7822, 2.1721, 2.2288, 2.3676, 2.5374, 2.5335, 2.1931, 2.3418, 2.9894, 2.911, 2.2876, 2.5583, 1.9732, 2.5596, 3.0697, 2.7186, 2.3089, 2.1081, 2.7573, 2.7137, 2.1803],
  "initQF": [8.7484, 6.4941, 8.3828, 7.9234, 7.7117, 7.4329, 6.411, 9.7683, 9.2923, 8.0305, 8.1663, 6.1111, 9.2835, 7.3876, 7.7314, 9.8846, 9.2929, 8.6731, 8.9313, 5.622, 9.3284, 6.4851, 7.9804, 7.0049, 9.5119, 8.3263, 9.5917, 8.9511, 9.5233, 7.3347, 7.1013, 9.6644, 7.9465, 7.2832, 9.5619, 8.4714, 8.9325, 6.3542, 6.9583, 8.5223, 8.872, 9.7505, 7.3814, 6.7963, 7.4403, 8.0989, 8.7423, 7.907, 8.0082, 9.2306],
  "initQU": [8.0542, 6.5304, 7.3273, 6.1882, 7.3165, 5.5963, 9.1922, 6.8864, 8.7731, 6.9175, 8.0944, 6.9658, 8.6037, 6.6695, 7.9759, 9.3897, 7.7828, 9.0548, 8.2156, 3.8769, 5.7542, 7.5463, 8.4805, 3.2827, 9.007, 6.8185, 7.1359, 6.3194, 7.3001, 8.4406, 7.1859, 7.3166, 3.4253, 8.197, 6.7938, 7.8275, 6.3915, 8.912, 9.6556, 3.0769, 5.8938, 6.4846, 9.6729, 7.2191, 4.6714, 9.33, 8.8248, 7.1352, 8.7568, 7.1706]
}
