{
  "n_part": 50,
  "n_trials": 30,
  "mu_R_group": [
    [5],
    [5]
  ],
  "sigma_R_group": 2,
  "LR_group": 0.149498490616679,
  "inv_temp_group": 1.13187722978182,
  "initQF_group": 2.15123521443456,
  "initQU_group": 4.68625477422029,
  "LR": [0.1113, 0.5578, 0.4552, 0.4478, 0.1906, 0.0834, 0.1661, 0.5529, 0.0273, 0.2419, 0.0929, 0.0543, 0.1075, 0.0998, 0.0402, 0.0185, 0.2324, 0.3568, 0.2789, 0.2334, 0.173, 0.0782, 0.2686, 0.046, 0.341, 0.2816, 0.3892, 0.2101, 0.2471, 0.0141, 0.2058, 0.3014, 0.3829, 0.2252, 0.2846, 0.3421, 0.3858, 0.089, 0.1524, 0.2988, 0.1515, 0.0549, 0.3098, 0.1784, 0.0357, 0.5033, 0.4552, 0.07, 0.0212, 0.2454],
  "inv_temp": [1.1939, 1.0891, 1.3752, 1.3307, 0.7715, 1.1602, 0.9811, 1.3553, 1.2442, 1.6933, 1.1799, 1.4698, 0.492, 1.1814, 1.3136, 0.9444, 0.9439, 1.2049, 0.7027, 1.604, 1.4936, 1.073, 1.1551, 0.9609, 1.0775, 0.7617, 1.1523, 1.3276, 1.2904, 1.0533, 1.7574, 0.9413, 0.8479, 1.4926, 1.3181, 1.19, 1.261, 0.8098, 1.3351, 1.1117, 1.1705, 1.1692, 1.2744, 1.0317, 0.815, 1.0549, 1.0862, 0.7912, 1.3985, 1.2369],
  "initQF": [5.8824, 3.895, 3.481, 5.3146, 2.5812, 2.6659, 6.0101, 1.3759, 3.4363, 3.2647, 1.0823, 3.0878, 2.2478, 1.4271, 1.5423, 2.1192, 3.3212, 1.9635, 3.2741, 4.3513, 3.5335, 2.8876, 4.0078, 5.769, 1.6543, 4.318, 1.0423, 3.1887, 3.702, 1.8258, 2.2479, 1.2954, 3.0438, 1.2092, 2.7786, 2.8293, 1.6305, 2.6071, 3.6332, 2.8627, 3.1376, 4.747, 1.3303, 3.7927, 1.7883, 3.6188, 2.2844, 3.177, 4.8543, 1.8864],
  "initQU": [7.482, 1.1264, 6.1029, 5.8219, 5.2816, 2.2227, 7.0178, 7.6921, 4.8877, 8.2258, 4.5127, 9.1483, 4.9933, 4.1246, 2.6713, 3.2978, 3.2507, 5.097, 7.4505, 6.6148, 2.4801, 4.0883, 5.3601, 3.6652, 4.1108, 4.5667, 6.311, 9.513, 2.8828, 6.1272, 3.706, 5.3959, 3.5777, 5.5748, 4.1837, 5.4109, 4.1783, 2.9885, 7.9376, 2.5733, 4.3854, 3.7624, 4.4522, 2.82, 6.2501, 4.6263, 3.0018, 5.4299, 4.6415, 5.9563]
}
