{
  "n_part": 50,
  "n_trials": 30,
  "mu_R_group": [
    [5],
    [5]
  ],
  "sigma_R_group": 2,
  "LR_group": 0.297723296796903,
  "inv_temp_group": 4.68018877669238,
  "initQF_group": 7.54241243656725,
  "initQU_group": 6.58472704025917,
  "LR": [0.2482, 0.01, 0.2485, 0.6782, 0.5459, 0.6394, 0.0897, 0.4372, 0.1392, 0.3564, 0.3739, 0.154, 0.4969, 0.1864, 0.2555, 0.2421, 0.1119, 0.461, 0.3896, 0.3081, 0.6321, 0.2719, 0.6489, 0.2895, 0.2834, 0.2828, 0.5597, 0.1226, 0.2421, 0.0898, 0.1226, 0.5505, 0.1314, 0.3157, 0.0582, 0.4048, 0.2778, 0.5361, 0.333, 0.3813, 0.4615, 0.2228, 0.3188, 0.5268, 0.1524, 0.4228, 0.1285, 0.4087, 0.0529, 0.4444],
  "inv_temp": [4.7791, 4.6281, 4.6864, 4.7777, 4.9601, 4.4953, 4.4994, 4.4662, 4.6797, 4.9215, 4.9633, 4.9838, 4.6929, 4.6207, 4.988, 4.7315, 4.9307, 4.2832, 4.9988, 4.3464, 4.7979, 4.8998, 4.4182, 4.3614, 4.1665, 4.5584, 4.5729, 4.7305, 4.9652, 4.4378, 4.838, 4.3238, 4.679, 4.7028, 4.7755, 4.4085, 4.2233, 4.9303, 4.6026, 4.9097, 4.8175, 4.6245, 4.4451, 4.9938, 4.6611, 4.6426, 4.8847, 4.3142, 4.6762, 4.5928],
  "initQF": [9.5833, 3.1843, 9.5375, 7.131, 6.7732, 6.0671, 9.4236, 9.7806, 7.3702, 5.5416, 8.7409, 3.8821, 4.8844, 5.5584, 8.1539, 8.8377, 8.3937, 7.9514, 7.1277, 5.4925, 5.2156, 6.4264, 9.2352, 4.4182, 5.802, 3.9611, 3.6882, 4.9859, 8.1504, 4.5167, 7.6432, 8.38, 9.5121, 4.9733, 6.5323, 7.8192, 6.7911, 6.9257, 7.5794, 6.8745, 9.221, 7.9977, 8.946, 8.9773, 6.3753, 2.8947, 6.2663, 6.1825, 5.6466, 6.2169],
  "initQU": [4.102, 6.2526, 8.2437, 1.7875, 8.4481, 5.7421, 3.0673, 9.0389, 7.6911, 4.757, 6.9128, 5.2411, 4.7941, 7.008, 6.9061, 4.8122, 2.7538, 5.6375, 6.9941, 6.664, 6.4397, 3.461, 7.5111, 7.4571, 7.886, 6.6589, 7.2208, 6.8761, 7.6532, 6.0263, 5.8635, 8.8858, 8.3367, 9.3848, 7.3338, 7.8012, 6.0651, 9.3299, 8.8361, 4.9544, 6.49, 6.7246, 9.0947, 7.2257, 8.1858, 1.431, 3.0816, 4.9154, 3.8804, 5.6786]
}
