{
  "n_part": 50,
  "n_trials": 30,
  "mu_R_group": [
    [5],
    [5]
  ],
  "sigma_R_group": 2,
  "LR_group": 0.611666644224897,
  "inv_temp_group": 2.37541121081449,
  "initQF_group": 4.69559820741415,
  "initQU_group": 8.04275036929175,
  "LR": [0.6661, 0.6318, 0.5873, 0.766, 0.8134, 0.5852, 0.4428, 0.7374, 0.6644, 0.3631, 0.5645, 0.5785, 0.7583, 0.4855, 0.434, 0.5447, 0.5496, 0.8084, 0.4187, 0.8751, 0.1947, 0.3699, 0.8906, 0.7884, 0.5821, 0.5625, 0.4109, 0.1005, 0.9456, 0.773, 0.2607, 0.3557, 0.5434, 0.6022, 0.9595, 0.7172, 0.6686, 0.4813, 0.9298, 0.8481, 0.468, 0.2979, 0.539, 0.7129, 0.7705, 0.6811, 0.7632, 0.3108, 0.4246, 0.9713],
  "inv_temp": [2.3846, 2.2648, 2.6935, 2.8221, 1.8829, 2.1207, 2.0551, 2.3576, 2.3172, 2.2421, 2.9832, 2.1099, 2.2617, 2.055, 2.148, 2.2741, 1.9883, 2.8853, 2.5908, 2.3157, 2.6148, 1.6942, 2.2767, 2.6098, 2.1678, 2.7869, 2.2235, 2.8901, 2.6078, 2.1535, 1.8751, 2.3375, 2.5603, 2.4561, 2.4617, 2.2844, 3.2018, 1.7783, 2.7448, 2.4036, 2.4934, 2.0594, 2.5508, 1.9016, 2.8205, 2.4838, 2.5785, 2.4587, 2.3234, 2.699],
  "initQF": [3.9519, 3.7639, 4.4479, 4.2941, 6.5981, 8.3214, 3.3456, 2.2797, 5.8248, 1.1985, 3.4642, 3.9352, 2.8593, 1.9224, 2.9044, 5.9632, 4.3682, 6.8896, 1.3944, 4.9742, 3.3525, 5.651, 4.4249, 6.1188, 4.5031, 5.0978, 3.8673, 6.1635, 6.1641, 3.9189, 6.7323, 2.7934, 7.344, 7.1232, 7.8327, 6.0985, 6.0546, 4.1503, 8.4457, 6.17, 3.1183, 4.2312, 4.0087, 4.6505, 1.6924, 5.1868, 7.1912, 4.7243, 3.7873, 4.2652],
  "initQU": [5.8906, 7.6441, 7.6643, 8.7874, 7.7896, 6.8309, 4.3826, 8.6453, 9.5517, 5.0255, 4.8853, 5.4762, 6.7835, 9.2774, 4.745, 5.8528, 9.1895, 6.5892, 6.1798, 4.5303, 5.1185, 6.8183, 9.9347, 4.9111, 9.4895, 9.8672, 5.3587, 3.7229, 7.0675, 7.7201, 6.6131, 7.9376, 9.2428, 9.0681, 7.4272, 5.0999, 5.9582, 4.8736, 8.2937, 9.3798, 8.0978, 9.5548, 8.0353, 8.9316, 5.972, 9.8938, 7.5461, 7.9443, 7.9882, 8.0056]
}
