{
  "n_part": 50,
  "n_trials": 30,
  "mu_R_group": [
    [5],
    [5]
  ],
  "sigma_R_group": 2,
  "LR_group": 0.628953255014494,
  "inv_temp_group": 3.63444863236509,
  "initQF_group": 4.99170332658105,
  "initQU_group": 6.491393473465,
  "LR": [0.3901, 0.6031, 0.6276, 0.3193, 0.7281, 0.6554, 0.7519, 0.8586, 0.533, 0.405, 0.9693, 0.5989, 0.3864, 0.3137, 0.7285, 0.2102, 0.5902, 0.5546, 0.9102, 0.7678, 0.9411, 0.5114, 0.8857, 0.5883, 0.6656, 0.7153, 0.5096, 0.6559, 0.664, 0.8328, 0.638, 0.7053, 0.5702, 0.4075, 0.4802, 0.7489, 0.5066, 0.7066, 0.7757, 0.1101, 0.4691, 0.7258, 0.5698, 0.4908, 0.5032, 0.6174, 0.8579, 0.1957, 0.4175, 0.6644],
  "inv_temp": [3.8915, 3.5571, 3.9249, 3.7726, 3.4841, 3.6081, 3.4679, 4.1413, 3.617, 3.7779, 3.3767, 3.3732, 3.5007, 3.7824, 3.4182, 3.3688, 3.0932, 3.7235, 3.2562, 3.3352, 3.4714, 3.2488, 3.4064, 3.6084, 2.9422, 3.5785, 3.2651, 3.7494, 4.0473, 3.8414, 3.4203, 4.0034, 3.2766, 3.7822, 3.9988, 3.9007, 3.4545, 4.3129, 3.5785, 4.1143, 3.9153, 3.3089, 3.1127, 3.777, 3.2694, 3.8533, 2.9658, 3.8786, 3.8096, 4.125],
  "initQF": [4.0414, 4.3442, 5.5088, 4.7073, 2.6535, 7.3127, 6.0557, 4.6606, 6.2094, 3.4622, 4.3304, 4.0582, 6.1825, 9.4902, 3.3762, 6.1457, 7.8325, 1.3545, 6.0979, 5.3443, 9.4373, 4.3114, 8.0522, 2.9464, 5.2398, 6.6404, 7.4362, 6.0842, 3.1031, 5.7563, 6.2455, 2.5524, 6.7307, 4.6275, 5.2261, 4.0402, 3.3455, 3.449, 5.0051, 6.8624, 2.6308, 8.5348, 5.8905, 7.4521, 4.6475, 2.3023, 4.6769, 3.2215, 5.8508, 2.5045],
  "initQU": [7.5434, 7.6405, 5.5861, 5.7885, 7.2407, 2.9934, 5.8685, 4.6242, 4.494, 5.3901, 7.0315, 4.7867, 8.4533, 6.9835, 7.4319, 5.9006, 6.8907, 8.8817, 4.7701, 7.4555, 9.4283, 6.8871, 8.2298, 6.6128, 7.9664, 7.5929, 7.6846, 8.4611, 6.1723, 5.7493, 5.2846, 7.4978, 4.4111, 9.1112, 7.6139, 4.7768, 9.2825, 3.7488, 4.9237, 3.8861, 6.6973, 7.2207, 3.5519, 7.2382, 9.8537, 8.2504, 3.9648, 2.4365, 7.4255, 6.704]
}
