{
  "n_part": 50,
  "n_trials": 30,
  "mu_R_group": [
    [5],
    [5]
  ],
  "sigma_R_group": 2,
  "LR_group": 0.183351749787107,
  "inv_temp_group": 0.538227531360462,
  "initQF_group": 6.4414967498742,
  "initQU_group": 9.9366878203582,
  "LR": [0.2251, 0.0973, 0.2011, 0.3915, 0.1458, 0.5295, 0.0466, 0.0526, 0.3061, 0.0952, 0.5161, 0.0313, 0.2715, 0.2386, 0.1653, 0.1269, 0.1285, 0.1655, 0.1557, 0.0037, 0.0279, 0.3055, 0.413, 0.4164, 0.157, 0.2237, 0.1654, 0.2664, 0.1188, 0.1725, 0.3445, 0.2555, 0.3603, 0.1224, 0.1699, 0.0174, 0.2672, 0.1353, 0.4189, 0.3408, 0.2369, 0.0329, 0.3992, 0.0543, 0.3966, 0.277, 0.243, 0.3907, 0.0788, 0.1578],
  "inv_temp": [1.0047, 0.2148, 0.9252, 0.7348, 0.2418, 0.4393, 0.0174, 0.3052, 0.0151, 0.751, 0.5141, 0.521, 0.1011, 0.8349, 0.4942, 0.6027, 0.538, 0.6672, 0.5265, 0.5022, 0.3681, 0.3158, 1.165, 0.9187, 0.6253, 0.1464, 0.6079, 0.5075, 0.7535, 0.1663, 0.386, 0.4628, 0.8178, 0.4095, 1.1138, 0.9761, 0.6054, 0.8945, 0.7014, 0.8282, 0.5373, 0.6508, 0.4888, 0.1554, 0.7489, 0.8948, 0.2292, 0.7238, 0.1444, 0.683],
  "initQF": [4.3867, 6.0756, 6.9229, 7.3488, 9.316, 6.6545, 5.5514, 5.5061, 7.1731, 7.309, 6.4738, 3.3011, 7.3986, 4.3339, 7.3923, 7.6743, 3.6668, 5.8749, 8.4378, 6.9717, 4.1281, 9.0918, 7.1195, 7.2857, 3.4201, 8.5133, 7.1516, 6.8252, 8.3488, 5.2421, 2.677, 6.319, 5.4503, 3.7808, 6.2184, 2.926, 5.7442, 8.2684, 7.8765, 5.4418, 5.529, 5.5624, 5.6183, 5.3257, 9.1271, 8.1781, 5.6335, 5.0177, 7.3017, 3.382],
  "initQU": [7.1797, 8.4909, 9.0878, 8.3248, 9.6559, 6.2053, 9.3851, 7.5099, 6.9515, 9.0643, 8.4062, 8.8321, 8.4609, 7.1991, 5.0216, 8.501, 8.9199, 9.3162, 9.6398, 7.673, 6.853, 9.9531, 9.8022, 7.503, 9.71, 5.9182, 8.1761, 7.7329, 6.5384, 6.7743, 9.4012, 9.2295, 7.2398, 9.6695, 6.2251, 8.0157, 8.2681, 9.2738, 6.2929, 9.2688, 7.8673, 8.5763, 9.7213, 6.8904, 6.4773, 7.3914, 7.5703, 9.4899, 8.4815, 8.5789]
}
