{
  "n_part": 50,
  "n_trials": 30,
  "LR_conf_group": 0.110972396098077,
  "LR_disconf_group": 0.782932577654719,
  "inv_temp_group": 2.38637799397111,
  "initQF_group": 1.36264784145169,
  "initQU_group": 5.56466703047045,
  "mu_R_group": [
    [5],
    [5]
  ],
  "sigma_R_group": 2,
  "margin_group": 2,
  "LR_conf": [0.2099, 0.2659, 0.1417, 0.2049, 0.2123, 0.2916, 0.2374, 0.0815, 0.4014, 0.2912, 0.2775, 0.2016, 0.0844, 0.2765, 0.3541, 0.3283, 0.0337, 0.0696, 0.1308, 0.2088, 0.2905, 0.0545, 0.0388, 0.0317, 0.4326, 0.2968, 0.3736, 0.0923, 0.268, 0.1379, 0.3632, 0.2435, 0.1627, 0.042, 0.2236, 0.4636, 0.3517, 0.1716, 0.016, 0.0847, 0.7278, 0.019, 0.072, 0.1988, 0.4127, 0.1511, 0.018, 0.2992, 0.1031, 0.0395],
  "LR_disconf": [0.2536, 0.831, 0.7308, 0.542, 0.7552, 0.7676, 0.9668, 0.4862, 0.8037, 0.2687, 0.8131, 0.3219, 0.2826, 0.9075, 0.9328, 0.8577, 0.7604, 0.629, 0.4913, 0.6095, 0.787, 0.7268, 0.7384, 0.9238, 0.9995, 0.5759, 0.923, 0.6469, 0.2877, 0.7259, 0.9027, 0.6239, 0.9183, 0.5132, 0.7481, 0.5543, 0.8075, 0.7656, 0.6359, 0.6921, 0.6498, 0.7712, 0.522, 0.6452, 0.7687, 0.8628, 0.6256, 0.8173, 0.9842, 0.8356],
  "inv_temp": [2.4223, 2.6616, 3.2058, 2.6075, 2.2277, 2.3926, 2.8031, 2.2343, 2.2556, 2.287, 1.9397, 2.4336, 2.3556, 2.5939, 2.6624, 2.7993, 2.6179, 2.3468, 2.3096, 2.6085, 2.6334, 2.381, 2.3931, 2.2376, 2.3307, 1.9934, 2.4795, 2.8707, 2.436, 2.9118, 2.1573, 1.9709, 2.332, 2.6655, 2.3899, 2.0392, 2.4585, 1.9539, 2.453, 2.0391, 2.9983, 2.2783, 2.7701, 2.5723, 2.9616, 2.7929, 2.4488, 2.4252, 2.7114, 2.7798],
  "initQF": [2.4433, 2.9948, 4.0862, 5.695, 1.8292, 5.488, 3.0133, 3.999, 1.006, 3.58, 2.3303, 6.0119, 2.7896, 2.8871, 1.7519, 1.4206, 2.8459, 1.988, 3.5944, 2.1371, 1.0078, 1.5562, 2.5098, 4.7178, 2.0835, 2.6329, 4.2641, 3.1604, 2.2969, 2.3936, 1.2498, 4.8596, 1.9589, 2.2375, 1.1488, 1.0421, 5.0508, 2.4942, 2.9322, 2.4526, 1.1305, 1.4633, 2.5943, 4.1182, 3.1626, 4.3109, 4.3417, 1.0309, 1.2526, 2.1766],
  "initQU": [3.9444, 1.686, 2.4452, 2.6057, 6.389, 3.8907, 3.3174, 5.9288, 7.5774, 8.0181, 1.3844, 3.5078, 1.5522, 4.3186, 1.3956, 3.9612, 4.3072, 4.3937, 3.9281, 5.4252, 6.2931, 8.1506, 7.1745, 4.1936, 4.3882, 5.4154, 8.0426, 3.2152, 6.9917, 5.2681, 1.8422, 5.4655, 5.4698, 5.0274, 6.7422, 4.1104, 8.0139, 6.7714, 8.6552, 6.3114, 8.8928, 5.8066, 8.5543, 7.2055, 7.5946, 7.1661, 6.9369, 6.9952, 4.4642, 2.8708]
}
