{
  "n_part": 50,
  "n_trials": 30,
  "LR_conf_group": 0.501787125132978,
  "LR_disconf_group": 0.409636403433979,
  "inv_temp_group": 0.421123298583552,
  "initQF_group": 6.59253956493922,
  "initQU_group": 3.99359876289964,
  "mu_R_group": [
    [5],
    [5]
  ],
  "sigma_R_group": 2,
  "margin_group": 2,
  "LR_conf": [0.3747, 0.536, 0.3401, 0.1227, 0.4707, 0.5078, 0.4592, 0.7018, 0.2953, 0.3463, 0.4498, 0.4127, 0.4889, 0.4525, 0.496, 0.3867, 0.4686, 0.9716, 0.4897, 0.7078, 0.3711, 0.327, 0.9008, 0.3223, 0.335, 0.5192, 0.3184, 0.5706, 0.5594, 0.1172, 0.4774, 0.673, 0.4371, 0.6785, 0.897, 0.5911, 0.3745, 0.4901, 0.7408, 0.4293, 0.4551, 0.687, 0.7918, 0.4709, 0.3252, 0.7305, 0.8907, 0.4916, 0.8656, 0.4849],
  "LR_disconf": [0.3021, 0.2849, 0.7193, 0.4571, 0.4907, 0.7386, 0.2989, 0.553, 0.656, 0.6799, 0.7443, 0.368, 0.2636, 0.3741, 0.623, 0.2407, 0.5771, 0.4369, 0.7498, 0.7213, 0.3192, 0.5724, 0.087, 0.673, 0.6869, 0.5309, 0.51, 0.3294, 0.4636, 0.2596, 0.0609, 0.5906, 0.6751, 0.1136, 0.2854, 0.1276, 0.318, 0.5462, 0.5036, 0.2108, 0.316, 0.1421, 0.2885, 0.468, 0.3893, 0.002, 0.3411, 0.6596, 0.4428, 0.4244],
  "inv_temp": [0.1222, 0.5832, 0.735, 0.5401, 0.7307, 0.2864, 0.1147, 0.4927, 0.0234, 0.3776, 0.8259, 0.2871, 0.5094, 0.4622, 0.3206, 0.7294, 0.3392, 0.2881, 0.534, 0.131, 0.3683, 0.0976, 0.8621, 0.1494, 0.4829, 0.8785, 0.9234, 0.8218, 0.4751, 0.7534, 0.581, 0.5089, 0.6766, 0.3415, 0.6532, 0.3566, 0.622, 0.0432, 0.9771, 0.2513, 0.2482, 0.2068, 0.1567, 0.7858, 0.6219, 0.4443, 0.3158, 0.1489, 0.4725, 0.7632],
  "initQF": [8.1357, 9.801, 5.5363, 7.6284, 6.6769, 6.0954, 8.1454, 5.381, 7.1423, 8.774, 8.2547, 8.5061, 8.0264, 7.8004, 5.9362, 7.2515, 5.0148, 9.1375, 6.2306, 7.6005, 4.4846, 4.098, 3.4044, 7.7136, 7.0383, 5.4449, 6.9748, 4.7462, 8.5863, 6.5088, 8.4101, 8.2342, 6.7444, 9.4629, 4.7278, 6.2308, 5.252, 8.2806, 5.2308, 6.0977, 8.0785, 7.5822, 7.8486, 7.2563, 2.916, 6.64, 5.2072, 6.585, 5.5159, 5.9317],
  "initQU": [6.3018, 2.6602, 3.4852, 9.0693, 4.7274, 2.4104, 4.416, 4.3526, 2.5408, 4.9308, 5.0574, 7.1776, 4.0368, 5.2157, 5.9088, 6.2501, 5.6633, 5.9317, 4.3456, 4.7802, 3.5497, 4.1499, 5.8062, 5.1173, 4.4831, 4.4872, 4.4219, 6.4962, 2.9056, 7.3366, 3.2052, 6.7384, 4.5627, 4.0816, 1.0492, 4.3466, 1.8761, 5.181, 2.9862, 6.2633, 3.0363, 3.6707, 5.8756, 3.8915, 3.2379, 3.9231, 3.726, 6.6824, 4.114, 4.2169]
}
