{
  "n_part": 50,
  "n_trials": 30,
  "LR_conf_group": 0.00200795894488692,
  "LR_disconf_group": 0.340354516869411,
  "inv_temp_group": 2.03372259740718,
  "initQF_group": 1.33863126859069,
  "initQU_group": 4.75829329667613,
  "mu_R_group": [
    [5],
    [5]
  ],
  "sigma_R_group": 2,
  "margin_group": 2,
  "LR_conf": [0.1316, 0.1005, 0.1874, 0.3249, 0.1778, 0.1176, 0.3605, 0.042, 0.0979, 0.0825, 0.1713, 0.301, 0.0845, 0.1113, 0.3177, 0.2457, 0.3138, 0.05, 0.1879, 0.2372, 0.0227, 0.3936, 0.1158, 0.0124, 0.1192, 0.1479, 0.2983, 0.0031, 0.0221, 0.168, 0.2171, 0.0719, 0.2777, 0.3464, 0.1011, 0.099, 0.4107, 0.0277, 0.1923, 0.0813, 0.0326, 0.2804, 0.08, 0.2791, 0.0489, 0.4646, 0.1039, 0.0982, 0.4856, 0.0708],
  "LR_disconf": [0.2729, 0.1378, 0.3643, 0.2607, 0.2087, 0.2036, 0.0983, 0.541, 0.2237, 0.1901, 0.2881, 0.3936, 0.1431, 0.5071, 0.5057, 0.4815, 0.0721, 0.1247, 0.4039, 0.0191, 0.4227, 0.327, 0.2268, 0.209, 0.1324, 0.1039, 0.3763, 0.0905, 0.1487, 0.6835, 0.5362, 0.0555, 0.624, 0.4112, 0.3483, 0.4993, 0.4022, 0.4284, 0.4955, 0.4307, 0.2704, 0.4286, 0.3648, 0.1441, 0.2337, 0.674, 0.3271, 0.5032, 0.6025, 0.376],
  "inv_temp": [1.9045, 2.1902, 2.3777, 1.923, 1.901, 2.0668, 2.2411, 1.6214, 1.4972, 2.4384, 2.3555, 2.2888, 2.0016, 1.7985, 2.0041, 2.0987, 2.0298, 2.43, 1.8945, 1.993, 2.7359, 1.7477, 1.9314, 1.9483, 2.0468, 2.2478, 2.196, 1.9186, 1.9827, 1.9279, 2.4197, 2.3459, 2.1539, 2.46, 2.2483, 2.3045, 2.1696, 2.3462, 2.0797, 1.9181, 1.856, 1.7035, 1.6723, 2.8989, 2.519, 1.7225, 1.8685, 2.3849, 2.0088, 1.956],
  "initQF": [2.5349, 2.5017, 1.3661, 1.419, 4.7687, 2.7359, 5.0236, 1.5538, 1.3483, 4.8655, 3.1301, 3.0845, 2.9046, 1.994, 1.4356, 3.0858, 1.3551, 4.2914, 2.0536, 6.9824, 2.3717, 1.6919, 2.9434, 3.6048, 4.6798, 1.0737, 3.2203, 4.3318, 1.3009, 2.4792, 1.1355, 1.9069, 2.1487, 2.1922, 4.0968, 3.9441, 2.964, 4.6587, 4.2222, 2.9007, 1.7058, 3.2036, 1.9026, 1.9191, 1.2044, 1.9382, 1.5404, 3.2561, 1.409, 2.6499],
  "initQU": [7.5527, 5.6832, 6.1172, 2.0791, 7.3278, 1.7863, 3.3665, 3.3216, 4.4954, 5.0747, 5.1299, 1.7752, 6.1448, 8.196, 5.6734, 5.9677, 4.8245, 5.8393, 2.0756, 4.9915, 7.0776, 2.8231, 4.804, 5.7369, 1.6933, 1.5846, 5.6216, 2.7317, 6.071, 4.1315, 5.7086, 4.7237, 2.7975, 3.7044, 3.8847, 6.1246, 2.2939, 4.3662, 4.1229, 4.7956, 1.1459, 6.0571, 4.0545, 5.0591, 4.5947, 5.1966, 4.4841, 3.172, 4.4797, 3.0944]
}
