{
  "n_part": 50,
  "n_trials": 30,
  "LR_conf_group": 0.346004212507978,
  "LR_disconf_group": 0.513825210742652,
  "inv_temp_group": 1.97430970612913,
  "initQF_group": 5.64345789258368,
  "initQU_group": 7.16169711574912,
  "mu_R_group": [
    [5],
    [5]
  ],
  "sigma_R_group": 2,
  "margin_group": 2,
  "LR_conf": [0.4689, 0.8723, 0.5806, 0.1551, 0.7156, 0.1434, 0.0778, 0.2836, 0.3609, 0.4883, 0.599, 0.0086, 0.0469, 0.1875, 0.3642, 0.2337, 0.4476, 0.4721, 0.5488, 0.2384, 0.4005, 0.2712, 0.4583, 0.6019, 0.517, 0.3342, 0.4125, 0.3849, 0.0057, 0.3953, 0.2663, 0.2753, 0.3262, 0.3578, 0.1076, 0.1705, 0.132, 0.3195, 0.1214, 0.4302, 0.5447, 0.6341, 0.3237, 0.7574, 0.521, 0.2817, 0.366, 0.1684, 0.4206, 0.3461],
  "LR_disconf": [0.4092, 0.4013, 0.4076, 0.3456, 0.5547, 0.2447, 0.3603, 0.7972, 0.4572, 0.3179, 0.5701, 0.5398, 0.2915, 0.1148, 0.8197, 0.2776, 0.4884, 0.7281, 0.5475, 0.5629, 0.4002, 0.6576, 0.6304, 0.9222, 0.4852, 0.3815, 0.5974, 0.4421, 0.2486, 0.6899, 0.4356, 0.3919, 0.2582, 0.3875, 0.375, 0.6134, 0.579, 0.4104, 0.933, 0.4235, 0.2687, 0.3573, 0.7202, 0.2106, 0.5452, 0.8413, 0.628, 0.2108, 0.2657, 0.3681],
  "inv_temp": [2.4914, 2.3025, 1.6697, 2.4289, 1.9437, 1.8278, 1.8204, 1.8747, 2.1484, 2.5316, 2.0493, 2.3222, 1.6557, 1.9176, 2.4152, 1.9071, 2.1533, 2.2709, 2.0016, 1.5155, 2.1101, 2.1756, 1.6239, 1.9828, 1.8648, 1.8011, 1.963, 1.5654, 1.9851, 1.486, 1.8654, 2.2171, 2.275, 1.7738, 2.0889, 2.4754, 2.0067, 1.721, 2.3316, 1.9955, 1.4608, 1.7623, 2.2037, 2.059, 1.8207, 2.3385, 1.5479, 2.0764, 1.4135, 2.3942],
  "initQF": [5.8294, 4.2346, 6.3836, 4.6242, 6.372, 6.0666, 6.7793, 4.7742, 5.1556, 6.7125, 4.9406, 5.4136, 8.6714, 6.1133, 8.4161, 2.9627, 4.4474, 6.3025, 3.835, 3.0558, 4.7774, 7.7633, 3.5411, 6.6003, 5.8246, 5.5683, 6.0228, 4.0728, 7.0359, 6.9803, 7.4508, 6.6384, 6.0566, 5.3348, 5.2488, 6.9471, 5.1788, 5.3164, 6.4253, 4.4075, 8.8053, 7.3733, 4.6923, 2.7307, 7.5295, 7.9955, 7.1438, 4.2457, 3.1874, 2.7679],
  "initQU": [6.2107, 7.3345, 5.7451, 6.2462, 6.9211, 7.4476, 7.6183, 3.6575, 9.3067, 7.7141, 7.1378, 7.8818, 7.3637, 3.6833, 7.8663, 8.9462, 8.8822, 6.83, 6.5129, 6.0018, 6.7624, 6.2048, 7.3709, 9.451, 8.876, 8.1671, 6.3686, 3.3141, 7.7439, 7.463, 5.5957, 7.13, 4.8533, 6.2738, 8.3357, 7.1172, 3.8313, 8.5276, 8.4133, 7.7676, 7.1819, 6.6899, 7.7003, 4.6794, 5.1286, 5.7493, 9.0597, 7.6673, 7.7035, 6.8131]
}
