{
  "n_part": 50,
  "n_trials": 30,
  "LR_conf_group": 0.337959523778409,
  "LR_disconf_group": 0.61723874649033,
  "inv_temp_group": 1.50353696197271,
  "initQF_group": 8.17803226225078,
  "initQU_group": 7.9016874441877,
  "mu_R_group": [
    [5],
    [5]
  ],
  "sigma_R_group": 2,
  "margin_group": 2,
  "LR_conf": [0.4808, 0.3694, 0.1411, 0.3371, 0.0549, 0.2529, 0.1447, 0.6137, 0.4121, 0.2936, 0.2271, 0.3685, 0.4247, 0.4294, 0.2224, 0.4718, 0.2645, 0.3174, 0.489, 0.6153, 0.0099, 0.2312, 0.0717, 0.3466, 0.215, 0.5279, 0.4214, 0.4361, 0.3409, 0.2232, 0.1294, 0.5579, 0.0888, 0.3617, 0.3807, 0.4646, 0.1917, 0.3808, 0.5028, 0.3125, 0.6038, 0.4757, 0.011, 0.2873, 0.6338, 0.0161, 0.3602, 0.3477, 0.2799, 0.401],
  "LR_disconf": [0.4056, 0.7852, 0.8056, 0.5308, 0.345, 0.4952, 0.6877, 0.6772, 0.4526, 0.4178, 0.8845, 0.5137, 0.3037, 0.6245, 0.5053, 0.396, 0.7314, 0.607, 0.3447, 0.9636, 0.3952, 0.6512, 0.7497, 0.4315, 0.4625, 0.8649, 0.7445, 0.7774, 0.7333, 0.7996, 0.5242, 0.47, 0.6093, 0.4886, 0.6867, 0.5943, 0.4427, 0.4905, 0.5343, 0.8342, 0.7654, 0.4139, 0.8388, 0.732, 0.4498, 0.3801, 0.5129, 0.8875, 0.8305, 0.3861],
  "inv_temp": [1.4534, 1.2715, 1.804, 1.863, 2.0053, 1.4284, 1.7987, 1.8725, 1.5366, 1.0582, 1.667, 1.4502, 1.352, 1.3881, 1.5358, 1.2378, 0.8346, 1.2517, 1.5682, 1.3759, 1.584, 1.6038, 1.5262, 1.7456, 1.8643, 1.4768, 1.3727, 1.471, 1.9938, 1.5338, 1.3209, 1.3573, 1.6259, 2.0501, 1.5349, 1.8229, 1.7642, 0.8973, 1.2209, 1.9993, 1.4059, 1.3757, 1.9826, 1.6648, 1.43, 1.3078, 1.0207, 1.4322, 1.7126, 1.8994],
  "initQF": [3.5456, 9.5858, 6.2941, 6.6977, 5.4411, 6.7649, 6.4083, 6.4233, 7.2075, 8.3663, 8.8006, 7.047, 8.2868, 7.9544, 9.9074, 7.4467, 8.8018, 7.0771, 5.1157, 6.3485, 8.3666, 8.2406, 6.861, 8.6542, 9.8619, 8.7466, 6.6467, 6.9527, 7.5274, 6.1254, 7.9245, 5.9772, 7.3067, 8.6554, 7.4919, 5.4243, 5.6801, 9.3216, 4.7396, 8.4916, 8.6454, 4.9086, 6.3695, 5.8228, 9.7063, 5.2919, 7.9384, 8.8308, 8.5614, 8.0313],
  "initQU": [6.1057, 9.1781, 9.0217, 8.6814, 5.0691, 7.2676, 9.9667, 6.7411, 6.9918, 5.1154, 7.4807, 5.2863, 9.524, 9.5208, 9.5332, 7.6331, 4.8552, 5.4581, 9.3031, 8.4605, 6.1395, 7.4854, 7.1951, 7.8405, 6.5665, 8.1315, 7.0929, 4.0509, 4.9269, 9.7806, 7.8783, 4.9032, 7.1165, 8.5662, 8.8413, 9.137, 5.9563, 4.8392, 5.0664, 6.8444, 6.5755, 6.2835, 5.6204, 6.9678, 7.2861, 6.8736, 9.6397, 3.7008, 7.1392, 4.8552]
}
