{
  "n_part": 50,
  "n_trials": 30,
  "LR_conf_group": 0.608292425749823,
  "LR_disconf_group": 0.309715813258663,
  "inv_temp_group": 4.21284283394925,
  "initQF_group": 2.89781219535507,
  "initQU_group": 9.01805236982182,
  "mu_R_group": [
    [5],
    [5]
  ],
  "sigma_R_group": 2,
  "margin_group": 2,
  "LR_conf": [0.2403, 0.7663, 0.9072, 0.4725, 0.6795, 0.686, 0.6335, 0.7714, 0.6503, 0.3348, 0.6879, 0.6414, 0.8436, 0.6666, 0.4148, 0.9607, 0.5934, 0.6826, 0.1917, 0.5135, 0.6325, 0.382, 0.0484, 0.6695, 0.5932, 0.4145, 0.4779, 0.6903, 0.6479, 0.4824, 0.4102, 0.6671, 0.9252, 0.5906, 0.5083, 0.6919, 0.6178, 0.8403, 0.6462, 0.1801, 0.7897, 0.5759, 0.7463, 0.4307, 0.4771, 0.5032, 0.6988, 0.574, 0.3795, 0.5418],
  "LR_disconf": [0.3574, 0.4088, 0.2564, 0.2586, 0.3632, 0.0913, 0.0103, 0.2526, 0.4984, 0.5775, 0.4732, 0.2394, 0.6204, 0.3036, 0.3604, 0.5504, 0.3124, 0.1936, 0.4165, 0.3314, 0.2112, 0.0351, 0.2501, 0.4484, 0.3081, 0.2699, 0.3584, 0.4291, 0.25, 0.4468, 0.4612, 0.0348, 0.0132, 0.3905, 0.3308, 0.3488, 0.4425, 0.2855, 0.4612, 0.0957, 0.6774, 0.2361, 0.4383, 0.3309, 0.6339, 0.3423, 0.401, 0.0231, 0.4701, 0.5154],
  "inv_temp": [3.5563, 4.2597, 4.4579, 4.6379, 4.4308, 4.4662, 4.549, 3.8247, 3.8414, 4.0658, 4.0523, 3.784, 4.2343, 3.8988, 3.9423, 4.2369, 4.0035, 4.0117, 3.9487, 3.7375, 4.283, 4.2282, 3.911, 3.8168, 4.2048, 4.2643, 4.0271, 4.1302, 4.8398, 4.1386, 3.7174, 3.9037, 4.4092, 4.4586, 4.3594, 4.1625, 4.5976, 4.3462, 4.475, 4.6286, 4.3656, 4.313, 4.3312, 4.7205, 4.4321, 4.5566, 4.1483, 4.0082, 4.4351, 4.501],
  "initQF": [3.2482, 5.5364, 4.8151, 2.8248, 3.0108, 3.5604, 5.4398, 2.3688, 4.587, 3.7476, 2.2335, 4.0341, 4.1541, 2.6121, 3.608, 5.3905, 1.01, 1.3025, 2.848, 1.3725, 2.0979, 4.0235, 3.5175, 3.5763, 4.0847, 4.0061, 1.1607, 5.7384, 4.5772, 5.043, 1.5987, 2.3394, 2.6025, 1.9889, 2.7647, 2.262, 2.4647, 2.5466, 2.6813, 2.6768, 2.2043, 3.954, 5.6219, 4.8938, 3.6957, 2.4544, 2.2214, 6.423, 3.2912, 6.9093],
  "initQU": [8.8781, 8.2374, 9.131, 7.5662, 7.3843, 5.8603, 5.6791, 7.4095, 5.4425, 7.1, 8.4905, 8.2885, 8.7137, 7.7994, 8.0763, 7.0785, 9.9603, 8.5501, 5.961, 9.2334, 7.619, 5.9504, 8.539, 8.2273, 8.2369, 8.3406, 8.9316, 9.7341, 8.7321, 7, 7.6067, 7.1848, 7.2819, 9.6746, 8.727, 8.538, 6.51, 8.1027, 8.8509, 8.5751, 6.2005, 9.6001, 9.9921, 8.3074, 8.5366, 9.2781, 8.8618, 9.7629, 9.6327, 9.4303]
}
