{
  "n_part": 50,
  "n_trials": 30,
  "LR_conf_group": 0.60295103606768,
  "LR_disconf_group": 0.011936214286834,
  "inv_temp_group": 3.75810647499748,
  "initQF_group": 5.73233058536425,
  "initQU_group": 2.01123452582397,
  "mu_R_group": [
    [5],
    [5]
  ],
  "sigma_R_group": 2,
  "margin_group": 2,
  "LR_conf": [0.5572, 0.7186, 0.6336, 0.6516, 0.5241, 0.4166, 0.2894, 0.939, 0.3422, 0.6647, 0.4797, 0.6237, 0.7615, 0.6389, 0.5753, 0.6521, 0.548, 0.4974, 0.6272, 0.313, 0.9005, 0.8897, 0.7841, 0.7597, 0.6837, 0.7162, 0.3228, 0.9809, 0.897, 0.9155, 0.5781, 0.7707, 0.3901, 0.7195, 0.4262, 0.6381, 0.5921, 0.2962, 0.8736, 0.7767, 0.3529, 0.647, 0.6617, 0.4737, 0.4736, 0.5215, 0.6398, 0.3274, 0.5942, 0.9707],
  "LR_disconf": [0.0231, 0.0879, 0.4776, 0.0376, 0.1935, 0.0348, 0.1725, 0.2762, 0.0715, 0.1152, 0.2373, 0.3846, 0.1625, 0.0451, 0.1455, 0.0898, 0.0112, 0.097, 0.1296, 0.0228, 0.0447, 0.328, 0.2699, 0.222, 0.0116, 0.1532, 0.2347, 0.0287, 0.185, 0.1417, 0.3106, 0.3169, 0.1795, 0.171, 0.0905, 0.2796, 0.0914, 0.0782, 0.0585, 0.0488, 0.1117, 0.0798, 0.1555, 0.0346, 0.1279, 0.2153, 0.0216, 0.282, 0.0894, 0.3493],
  "inv_temp": [3.6232, 4.0143, 4.0221, 3.2122, 3.2966, 3.6558, 3.5541, 3.6136, 3.9255, 3.6498, 3.7792, 3.9712, 3.6481, 3.8181, 4.2007, 4.0058, 4.0305, 4.1164, 3.823, 3.6254, 3.4427, 3.6531, 3.6819, 4.0481, 3.703, 4.1473, 3.6841, 3.9053, 4.3629, 3.4945, 3.4921, 3.6862, 3.4606, 3.4514, 4.4065, 3.2299, 3.8727, 4.3849, 3.468, 3.7544, 4.1308, 3.7042, 3.7778, 3.1486, 3.4609, 4.0271, 3.9897, 4.3383, 3.6321, 3.9731],
  "initQF": [2.2662, 8.1941, 6.8803, 2.8647, 2.7858, 5.4745, 4.0863, 5.0957, 5.2938, 8.5625, 6.1343, 4.9836, 6.3223, 4.9568, 5.3641, 5.2578, 8.1558, 6.9222, 7.2157, 4.5342, 3.3769, 7.3357, 8.682, 6.188, 4.2182, 4.2927, 6.2709, 8.408, 4.3726, 5.9185, 5.7247, 6.3425, 7.8984, 4.7876, 5.1817, 4.6836, 7.8414, 8.3522, 5.9026, 6.7248, 7.3365, 8.6557, 4.4565, 8.6045, 5.1374, 6.5287, 2.8391, 5.7199, 6.7544, 4.0925],
  "initQU": [6.1706, 3.6682, 1.7338, 1.737, 3.0398, 2.4695, 4.3137, 2.5454, 3.6385, 4.1764, 2.7396, 6.9685, 2.1239, 3.6884, 4.6304, 2.7543, 1.6677, 3.9236, 2.8672, 2.3958, 2.3553, 3.6126, 3.2744, 5.0402, 3.3149, 3.3692, 3.7502, 2.4727, 3.0434, 1.1714, 1.3079, 6.0479, 4.491, 4.2505, 1.0896, 2.3795, 2.705, 4.6218, 4.3913, 1.3055, 7.0676, 1.6244, 1.1518, 3.3487, 4.6964, 2.1157, 3.4689, 2.6354, 3.3544, 1.2737]
}
