{
  "n_part": 50,
  "n_trials": 30,
  "LR_conf_group": 0.94803730561398,
  "LR_disconf_group": 0.552169320872054,
  "inv_temp_group": 1.63580215652473,
  "initQF_group": 1.03955391608179,
  "initQU_group": 1.98577443626709,
  "mu_R_group": [
    [5],
    [5]
  ],
  "sigma_R_group": 2,
  "margin_group": 2,
  "LR_conf": [0.6786, 0.8662, 0.6991, 0.544, 0.6692, 0.7511, 0.7564, 0.8346, 0.9873, 0.8567, 0.8167, 0.7335, 0.904, 0.6826, 0.8284, 0.9826, 0.6081, 0.7021, 0.9199, 0.63, 0.7441, 0.7298, 0.8728, 0.7412, 0.7883, 0.7402, 0.9623, 0.9465, 0.9833, 0.7451, 0.9994, 0.9057, 0.639, 0.6988, 0.8117, 0.6192, 0.9799, 0.771, 0.9261, 0.8699, 0.8421, 0.3061, 0.8845, 0.8466, 0.9205, 0.7762, 0.8205, 0.6825, 0.9878, 0.7973],
  "LR_disconf": [0.2699, 0.5407, 0.7111, 0.7566, 0.4012, 0.3081, 0.9204, 0.6893, 0.6603, 0.6791, 0.8026, 0.7232, 0.5785, 0.5927, 0.6191, 0.6298, 0.3591, 0.6532, 0.2996, 0.2686, 0.4546, 0.3488, 0.6831, 0.8813, 0.7465, 0.7959, 0.1796, 0.706, 0.4404, 0.6565, 0.3183, 0.719, 0.7415, 0.4416, 0.2389, 0.9985, 0.3511, 0.3292, 0.3976, 0.3863, 0.5701, 0.6886, 0.3784, 0.2069, 0.4937, 0.3831, 0.2695, 0.5602, 0.5247, 0.5472],
  "inv_temp": [1.6884, 1.1071, 1.1849, 2.1419, 1.5694, 1.663, 1.3312, 1.314, 1.7475, 1.5109, 1.4272, 2.0906, 1.3223, 1.5852, 2.0937, 1.4434, 1.781, 1.7641, 1.7482, 1.9406, 1.7788, 1.6547, 2.1623, 1.5953, 1.6849, 1.4746, 1.5063, 2.0615, 1.4188, 0.9546, 1.5321, 1.0182, 1.1004, 1.7148, 1.5743, 1.7297, 2.0801, 1.6169, 1.7862, 2.0705, 1.9043, 1.3277, 1.5895, 1.5025, 1.8277, 1.3124, 2.0675, 1.5213, 1.4739, 1.7855],
  "initQF": [6.0989, 2.1161, 4.6635, 5.0698, 1.019, 2.8174, 3.4957, 5.4236, 3.5821, 1.6513, 2.3486, 2.0809, 1.6247, 1.6411, 1.1209, 3.9624, 2.6138, 1.0119, 1.0068, 2.2645, 3.9794, 4.4696, 1.4472, 1.3184, 3.9636, 3.3581, 2.6266, 1.1457, 2.6155, 4.4564, 6.707, 3.3272, 4.2853, 1.0228, 4.6362, 4.1723, 1.0558, 3.454, 6.2369, 2.955, 1.2507, 1.4593, 4.1139, 4.1502, 2.7185, 3.6022, 1.4354, 2.4197, 2.176, 1.5493],
  "initQU": [2.1943, 3.4191, 1.0899, 2.9102, 4.5365, 3.564, 1.0913, 7.1311, 4.8463, 1.2402, 4.282, 2.1065, 2.4938, 2.7532, 1.5783, 3.0364, 2.2633, 3.9216, 2.2808, 6.3716, 1.3222, 2.1075, 4.3045, 1.9361, 2.524, 2.1208, 5.3762, 3.3518, 1.7358, 2.6593, 1.8781, 2.6433, 2.1741, 1.4701, 1.4069, 1.8904, 1.7602, 2.1073, 1.9416, 3.0342, 1.4004, 2.9877, 3.9733, 2.7743, 3.1325, 1.1091, 1.2612, 1.6888, 2.1382, 3.1675]
}
