{
  "n_part": 50,
  "n_trials": 30,
  "LR_conf_group": 0.302220734534785,
  "LR_disconf_group": 0.899981600465253,
  "inv_temp_group": 1.93486908217892,
  "initQF_group": 2.41857695067301,
  "initQU_group": 2.93421925790608,
  "mu_R_group": [
    [5],
    [5]
  ],
  "sigma_R_group": 2,
  "margin_group": 2,
  "LR_conf": [0.5931, 0.4236, 0.3889, 0.2915, 0.6784, 0.4431, 0.3073, 0.3577, 0.0893, 0.0095, 0.3561, 0.7726, 0.4894, 0.5774, 0.2796, 0.2277, 0.1432, 0.6231, 0.303, 0.1521, 0.06, 0.068, 0.4182, 0.1441, 0.3574, 0.2013, 0.1895, 0.5011, 0.4489, 0.1689, 0.5023, 0.1499, 0.0462, 0.0542, 0.4191, 0.5924, 0.2394, 0.2439, 0.6479, 0.2108, 0.449, 0.4424, 0.1643, 0.2161, 0.233, 0.1271, 0.4359, 0.0557, 0.6967, 0.4848],
  "LR_disconf": [0.9796, 0.5325, 0.9229, 0.6686, 0.8092, 0.6353, 0.987, 0.8263, 0.8263, 0.8176, 0.8517, 0.8859, 0.8423, 0.6508, 0.7182, 0.8418, 0.8494, 0.8924, 0.7438, 0.6829, 0.7932, 0.9121, 0.8442, 0.9569, 0.8663, 0.6919, 0.8426, 0.9456, 0.6589, 0.8709, 0.6602, 0.8428, 0.7697, 0.5749, 0.9324, 0.7896, 0.8963, 0.7815, 0.6514, 0.7253, 0.7646, 0.5895, 0.8134, 0.8389, 0.8573, 0.8523, 0.978, 0.9144, 0.7258, 0.7012],
  "inv_temp": [1.7683, 1.7247, 1.9405, 1.6865, 2.0896, 2.0471, 1.9768, 2.0434, 2.1867, 1.6002, 2.6706, 2.0781, 1.7256, 1.7911, 2.0859, 2.092, 1.9305, 1.771, 1.8824, 2.8682, 1.7477, 1.9147, 1.4192, 1.905, 1.4923, 1.4375, 1.6726, 2.645, 2.3674, 1.4537, 1.7998, 1.7674, 2.1528, 1.986, 1.9662, 1.8298, 1.9482, 2.2097, 1.7608, 1.7374, 1.8951, 1.9569, 1.7543, 2.0067, 1.2605, 2.0547, 1.695, 2.0973, 1.6401, 1.4306],
  "initQF": [1.891, 5.0922, 2.3812, 1.7774, 6.3601, 2.6363, 3.8517, 3.6646, 4.1529, 5.4253, 1.336, 1.0044, 1.5677, 3.4067, 5.3535, 1.0321, 1.6343, 7.1216, 1.2708, 1.2132, 3.9889, 1.8377, 4.1934, 2.046, 4.4965, 2.0813, 4.6618, 2.3589, 5.1042, 2.1564, 2.6586, 3.8811, 4.8741, 1.0531, 5.2378, 4.0096, 4.0169, 1.8861, 2.6843, 3.8597, 2.1615, 3.816, 1.8571, 1.7849, 2.5719, 2.2334, 2.6612, 2.493, 3.1325, 1.2127],
  "initQU": [1.8394, 2.1974, 1.8483, 3.7717, 4.0053, 2.417, 4.2467, 4.3816, 3.3694, 3.088, 2.6223, 5.2942, 3.4257, 2.3004, 2.0566, 4.0783, 1.4082, 1.3449, 3.6403, 2.2007, 3.503, 3.6904, 2.923, 5.4604, 4.9607, 3.1456, 2.584, 3.9907, 2.7018, 4.7595, 3.9052, 3.6368, 3.9774, 6.2523, 5.2822, 5.1224, 2.182, 3.1993, 5.1381, 9.7017, 3.6944, 6.7858, 1.5325, 4.6903, 2.8816, 5.0579, 6.4404, 5.057, 7.2388, 5.4599]
}
