{
  "n_part": 50,
  "n_trials": 30,
  "LR_conf_group": 0.382481082342565,
  "LR_disconf_group": 0.764001799048856,
  "inv_temp_group": 3.69492154102772,
  "initQF_group": 5.6457075367216,
  "initQU_group": 3.70370653667487,
  "mu_R_group": [
    [5],
    [5]
  ],
  "sigma_R_group": 2,
  "margin_group": 2,
  "LR_conf": [0.4967, 0.3962, 0.2218, 0.2755, 0.5183, 0.5084, 0.4542, 0.1231, 0.0789, 0.4713, 0.2438, 0.1646, 0.1219, 0.5294, 0.3845, 0.5214, 0.5868, 0.1772, 0.4414, 0.3504, 0.6868, 0.1112, 0.1313, 0.5558, 0.5374, 0.459, 0.3108, 0.3027, 0.811, 0.5845, 0.314, 0.5269, 0.8129, 0.4565, 0.4049, 0.4222, 0.1785, 0.2912, 0.3337, 0.3002, 0.4048, 0.189, 0.297, 0.4626, 0.3916, 0.6923, 0.1239, 0.2718, 0.6199, 0.4879],
  "LR_disconf": [0.9983, 0.4971, 0.6711, 0.8855, 0.9137, 0.5632, 0.3932, 0.507, 0.6769, 0.6547, 0.6998, 0.6271, 0.9748, 0.7486, 0.9208, 0.6197, 0.5654, 0.9266, 0.769, 0.9178, 0.8726, 0.5, 0.3582, 0.9703, 0.6784, 0.7108, 0.6587, 0.7833, 0.761, 0.7016, 0.7649, 0.855, 0.866, 0.6461, 0.7774, 0.7807, 0.8134, 0.7444, 0.6139, 0.4948, 0.7706, 0.5987, 0.9087, 0.7062, 0.4278, 0.7779, 0.363, 0.8132, 0.7823, 0.7135],
  "inv_temp": [3.8906, 3.4345, 3.4699, 4.1864, 3.5319, 3.7086, 4.1922, 4.0087, 3.8269, 3.7163, 3.6619, 3.7418, 3.8788, 3.8228, 3.5649, 4.2429, 4.2288, 3.8148, 3.4366, 3.3874, 3.5313, 3.504, 3.1135, 2.8451, 3.4347, 3.605, 4.0716, 4.0976, 3.6476, 3.3593, 3.9238, 3.1229, 3.2906, 3.7891, 3.6823, 4.1142, 4.0044, 3.7242, 3.3989, 3.8738, 4.3226, 3.6387, 3.3482, 3.5546, 3.9312, 3.5844, 3.9024, 3.8695, 3.5853, 3.817],
  "initQF": [4.0216, 7.6899, 5.9775, 7.391, 6.7121, 8.0596, 6.682, 5.9633, 7.1434, 4.8136, 6.5835, 3.5975, 6.5008, 8.9811, 5.2745, 6.6038, 4.8009, 5.9178, 4.9906, 2.7422, 3.9258, 2.2029, 5.0922, 5.5235, 9.6939, 3.4537, 1.6623, 2.8193, 4.4326, 6.6779, 5.9635, 4.5396, 4.1236, 5.9521, 7.0567, 8.3516, 4.6057, 8.09, 7.6759, 5.636, 5.3622, 5.0647, 3.7108, 8.2882, 6.6569, 6.1215, 5.4418, 5.5057, 4.3801, 7.3735],
  "initQU": [6.781, 5.5974, 4.0745, 8.3486, 4.6003, 4.9306, 3.2831, 2.1865, 2.5185, 3.0066, 4.6513, 5.3466, 2.929, 4.7029, 1.5212, 3.9564, 6.4116, 3.4564, 4.9995, 3.3843, 5.321, 1.8243, 7.6607, 1.9842, 5.977, 3.3143, 1.5549, 4.2536, 2.8318, 4.4807, 2.8103, 2.3711, 4.9042, 8.0392, 5.7972, 1.6692, 5.864, 2.9546, 9.0506, 5.9179, 3.9821, 3.8094, 3.2199, 4.2014, 2.7981, 5.3302, 4.4883, 5.0995, 4.3951, 1.544]
}
