{
  "n_part": 50,
  "n_trials": 30,
  "LR_conf_group": 0.0925951867830008,
  "LR_disconf_group": 0.705394661286846,
  "inv_temp_group": 0.0783625850453973,
  "initQF_group": 2.78235416975804,
  "initQU_group": 8.76256401930004,
  "mu_R_group": [
    [5],
    [5]
  ],
  "sigma_R_group": 2,
  "margin_group": 2,
  "LR_conf": [0.1347, 0.1668, 0.2425, 0.0863, 0.1292, 0.0013, 0.3089, 0.1243, 0.374, 0.196, 0.2217, 0.0361, 0.3326, 0.098, 0.1159, 0.2675, 0.0821, 0.5339, 0.3449, 0.2617, 0.188, 0.2474, 0.3235, 0.1286, 0.3944, 0.1935, 0.0731, 0.2901, 0.033, 0.4368, 0.1189, 0.2212, 0.437, 0.1187, 0.0264, 0.0904, 0.3779, 0.3529, 0.1322, 0.3106, 0.1415, 0.0748, 0.231, 0.2013, 0.3545, 0.2762, 0.1673, 0.0569, 0.1519, 0.2082],
  "LR_disconf": [0.6039, 0.8517, 0.7255, 0.4193, 0.7249, 0.6778, 0.6932, 0.6595, 0.5019, 0.833, 0.811, 0.8813, 0.5788, 0.8275, 0.5437, 0.6619, 0.4454, 0.6401, 0.545, 0.8838, 0.6399, 0.7028, 0.5632, 0.6408, 0.6461, 0.712, 0.8301, 0.7172, 0.6452, 0.5475, 0.7116, 0.8623, 0.7501, 0.7631, 0.872, 0.5294, 0.8228, 0.9864, 0.6574, 0.5878, 0.926, 0.5127, 0.5476, 0.6045, 0.4926, 0.7349, 0.6395, 0.6896, 0.8777, 0.6646],
  "inv_temp": [0.0906, 0.1525, 0.0938, 0.0069, 0.3106, 0.5482, 0.1178, 0.014, 0.1935, 0.193, 0.1109, 0.2136, 0.2087, 0.1373, 0.0492, 0.2053, 0.2716, 0.7949, 0.0894, 0.386, 0.3207, 0.1723, 0.7007, 0.0094, 0.4383, 0.0594, 0.2789, 0.5604, 0.3344, 0.1063, 0.3022, 0.1458, 0.2693, 0.1066, 0.2085, 0.321, 0.0811, 0.3376, 0.4045, 0.6302, 0.0037, 0.167, 0.6056, 0.2596, 0.2402, 0.1162, 0.0738, 0.5429, 0.3147, 0.2581],
  "initQF": [3.9908, 4.3183, 3.5277, 2.8539, 2.526, 7.0868, 3.2055, 4.7236, 4.0948, 4.2109, 3.3884, 2.5987, 2.9316, 5.6933, 4.3337, 1.7415, 3.5428, 2.124, 2.339, 2.9163, 2.1735, 3.6208, 5.0369, 1.581, 3.6237, 1.446, 2.4867, 4.7657, 2.6268, 1.9236, 6.9454, 6.0223, 2.5574, 2.9335, 4.1889, 2.9707, 2.269, 3.0197, 3.141, 3.4435, 2.4518, 1.7245, 5.2816, 6.5973, 1.3318, 6.2541, 1.8129, 6.8009, 4.5691, 2.2545],
  "initQU": [6.0584, 7.6047, 7.2906, 9.8638, 7.6476, 9.7021, 7.545, 8.2089, 6.5574, 8.8789, 7.2876, 6.4187, 7.9664, 6.2992, 8.1968, 7.8863, 7.4897, 4.8143, 8.3658, 2.9641, 6.9349, 8.4254, 9.3913, 7.7877, 9.529, 8.1566, 7.327, 6.3759, 9.4962, 6.3805, 7.8749, 8.4522, 5.0163, 5.42, 5.9786, 8.7604, 7.4406, 9.3358, 8.8161, 7.7053, 5.8525, 7.605, 6.1748, 7.4538, 9.1308, 6.4473, 8.5276, 7.3494, 8.0567, 9.5361]
}
