{
  "n_part": 50,
  "n_trials": 30,
  "LR_conf_group": 0.234127626055852,
  "LR_disconf_group": 0.0442036862950772,
  "inv_temp_group": 4.83540288521908,
  "initQF_group": 1.74503865232691,
  "initQU_group": 2.6425906366203,
  "mu_R_group": [
    [5],
    [5]
  ],
  "sigma_R_group": 2,
  "margin_group": 2,
  "LR_conf": [0.3475, 0.6271, 0.0933, 0.3371, 0.6867, 0.2396, 0.0285, 0.2373, 0.1506, 0.2897, 0.0726, 0.4168, 0.1398, 0.5966, 0.383, 0.202, 0.0746, 0.1066, 0.2198, 0.0761, 0.3761, 0.4425, 0.0397, 0.3489, 0.4828, 0.2106, 0.1216, 0.3643, 0.1381, 0.0303, 0.5103, 0.066, 0.2429, 0.4121, 0.4541, 0.4391, 0.3539, 0.214, 0.3524, 0.4881, 0.0468, 0.293, 0.4083, 0.4141, 0.3742, 0.2205, 0.3849, 0.0189, 0.4739, 0.3173],
  "LR_disconf": [0.0577, 0.1001, 0.0034, 0.1824, 0.261, 0.138, 0.2374, 0.0661, 0.3314, 0.146, 0.0649, 0.0856, 0.2695, 0.0492, 0.0631, 0.1683, 0.2289, 0.1659, 0.1997, 0.0339, 0.0214, 0.1614, 0.1664, 0.1896, 0.1059, 0.1136, 0.1422, 0.4503, 0.3, 0.287, 0.2688, 0.1033, 0.0279, 0.2008, 0.0486, 0.1647, 0.1813, 0.0178, 0.209, 0.2444, 0.1972, 0.2238, 0.1249, 0.0338, 0.0357, 0.1109, 0.1003, 0.2295, 0.3205, 0.0942],
  "inv_temp": [4.6221, 4.4466, 4.7995, 4.5931, 4.617, 4.7911, 4.4914, 4.8207, 4.9181, 4.5385, 4.4621, 4.7134, 4.813, 4.6093, 4.8017, 4.8599, 4.8807, 4.8157, 4.5758, 4.8146, 4.9225, 4.3653, 4.6819, 4.783, 4.6803, 4.9239, 4.8507, 4.3342, 4.6299, 4.8798, 4.9732, 4.9604, 4.4648, 4.5965, 4.6469, 4.6463, 4.7761, 4.8412, 4.8923, 4.9273, 4.5808, 4.6753, 4.4174, 4.9093, 4.9395, 4.764, 4.6203, 4.8584, 4.5351, 4.6597],
  "initQF": [3.5442, 4.9336, 2.491, 5.4371, 2.9968, 2.5421, 3.9889, 2.7106, 3.5994, 2.6488, 4.6286, 4.9555, 3.1114, 2.9966, 2.8269, 4.1037, 2.7657, 3.2897, 2.3053, 5.4714, 2.8722, 1.4207, 1.9898, 3.8066, 2.2967, 5.4704, 1.6549, 3.0989, 1.9522, 1.5582, 3.2586, 3.2061, 1.8642, 5.0009, 2.8682, 4.953, 1.8294, 2.0666, 2.2533, 4.0221, 2.5191, 2.2561, 5.2708, 2.7865, 1.4985, 2.3598, 4.869, 3.9936, 2.848, 2.7273],
  "initQU": [2.236, 1.9184, 3.8568, 5.6881, 3.2729, 6.3074, 1.2964, 1.8002, 4.1661, 2.6647, 3.2069, 3.9676, 4.7449, 2.2568, 4.8961, 1.0458, 3.601, 4.1825, 2.5648, 2.0786, 6.2545, 3.2632, 2.0922, 1.4057, 3.5861, 1.0135, 3.5484, 1.5374, 6.1542, 4.1195, 5.5774, 2.0206, 4.514, 5.2673, 1.962, 4.7739, 3.3817, 4.1117, 2.6857, 1.1658, 3.153, 4.511, 1.366, 3.3964, 2.8218, 3.3745, 3.7665, 2.3832, 2.911, 4.6994]
}
