{
  "n_part": 50,
  "n_trials": 30,
  "LR_conf_group": 0.530026838649064,
  "LR_disconf_group": 0.463987828232348,
  "inv_temp_group": 0.668119963956997,
  "initQF_group": 2.01682344684377,
  "initQU_group": 5.85003596893512,
  "mu_R_group": [
    [5],
    [5]
  ],
  "sigma_R_group": 2,
  "margin_group": 2,
  "LR_conf": [0.6573, 0.7958, 0.475, 0.5455, 0.6468, 0.3674, 0.4116, 0.2001, 0.5035, 0.568, 0.5577, 0.1903, 0.6202, 0.7284, 0.66, 0.8071, 0.3068, 0.342, 0.4513, 0.2633, 0.699, 0.8038, 0.3475, 0.5548, 0.4069, 0.9677, 0.4307, 0.5289, 0.5896, 0.6576, 0.394, 0.7612, 0.5948, 0.3963, 0.2441, 0.5057, 0.3036, 0.5863, 0.4681, 0.6281, 0.4626, 0.5832, 0.4444, 0.5979, 0.2455, 0.4782, 0.4609, 0.4323, 0.2579, 0.0992],
  "LR_disconf": [0.3538, 0.677, 0.5948, 0.3829, 0.1773, 0.834, 0.4122, 0.7389, 0.3757, 0.4678, 0.4454, 0.1646, 0.2653, 0.1975, 0.1809, 0.3679, 0.4847, 0.2414, 0.3334, 0.5187, 0.9774, 0.5536, 0.7292, 0.4796, 0.6146, 0.5626, 0.4383, 0.0911, 0.6172, 0.1423, 0.2596, 0.4383, 0.1873, 0.6301, 0.3679, 0.2505, 0.5988, 0.5672, 0.7238, 0.822, 0.2778, 0.6247, 0.6038, 0.3483, 0.1749, 0.6577, 0.4887, 0.3601, 0.5698, 0.7751],
  "inv_temp": [0.8806, 0.8212, 0.6918, 0.7438, 0.1305, 0.6255, 0.4631, 0.6751, 0.8774, 1.3475, 0.5182, 0.0015, 0.6509, 1.0703, 0.3355, 1.1539, 0.3471, 0.3401, 0.6631, 0.6616, 0.1079, 0.2804, 1.3094, 0.8412, 0.7208, 0.7123, 0.9772, 0.8301, 0.8754, 0.3261, 0.664, 1.1424, 0.7023, 0.9017, 0.4433, 0.779, 0.5187, 0.8455, 0.5264, 0.4657, 0.9642, 1.0127, 0.7417, 1.0403, 0.4131, 0.5231, 0.3616, 1.0309, 0.6673, 0.8391],
  "initQF": [2.4316, 1.3978, 2.2392, 4.9385, 2.0276, 1.0144, 2.5794, 4.2874, 3.5626, 1.7391, 1.5325, 6.0662, 3.4897, 2.0945, 1.6988, 3.9325, 2.7604, 3.9986, 1.0649, 3.6887, 2.7759, 4.608, 5.5391, 2.3405, 4.0105, 3.6495, 3.8329, 3.4484, 3.0884, 1.6979, 6.5958, 2.6197, 1.5853, 2.8611, 2.2884, 1.7132, 4.0898, 6.6013, 1.2365, 4.4458, 3.4829, 7.131, 4.5582, 1.4619, 2.6505, 2.743, 2.5957, 3.0332, 4.4962, 2.4238],
  "initQU": [7.7284, 5.5729, 8.1377, 5.98, 1.9031, 6.7923, 7.0778, 3.9647, 2.8491, 2.7509, 5.9415, 6.048, 6.691, 6.7417, 5.315, 5.4172, 9.1335, 6.9982, 4.2302, 5.0056, 7.9662, 5.0582, 5.6762, 1.3935, 5.0116, 7.7404, 8.9075, 4.9526, 5.4401, 5.9778, 9.111, 3.8853, 7.2542, 6.9554, 2.1019, 4.2428, 8.5071, 7.3365, 7.278, 6.4368, 6.3115, 4.7962, 3.7237, 9.2489, 6.4961, 5.8793, 4.5739, 4.615, 7.8266, 1.5611]
}
