{
  "n_part": 50,
  "n_trials": 30,
  "LR_conf_group": 0.762500162236392,
  "LR_disconf_group": 0.740341921336949,
  "inv_temp_group": 1.65892425575294,
  "initQF_group": 6.61529989377595,
  "initQU_group": 8.58611341775395,
  "mu_R_group": [
    [5],
    [5]
  ],
  "sigma_R_group": 2,
  "margin_group": 2,
  "LR_conf": [0.929, 0.6007, 0.3557, 0.6263, 0.3792, 0.8252, 0.7029, 0.7301, 0.7731, 0.6283, 0.4948, 0.5467, 0.7125, 0.3422, 0.7604, 0.6828, 0.8533, 0.4915, 0.794, 0.7225, 0.6789, 0.699, 0.806, 0.7516, 0.8156, 0.7298, 0.8524, 0.7488, 0.9387, 0.8067, 0.6173, 0.627, 0.6484, 0.6406, 0.3581, 0.6777, 0.1645, 0.2574, 0.9727, 0.8128, 0.9859, 0.5691, 0.9665, 0.6246, 0.7156, 0.941, 0.7499, 0.6301, 0.6244, 0.8564],
  "LR_disconf": [0.9493, 0.9403, 0.5116, 0.4266, 0.8188, 0.7634, 0.516, 0.557, 0.7965, 0.7626, 0.6519, 0.7576, 0.7181, 0.5529, 0.8713, 0.909, 0.9125, 0.8653, 0.646, 0.3692, 0.806, 0.7053, 0.9054, 0.4036, 0.9063, 0.7902, 0.5141, 0.8047, 0.7562, 0.869, 0.9621, 0.7189, 0.6503, 0.7283, 0.9104, 0.2954, 0.8782, 0.2529, 0.5273, 0.5794, 0.663, 0.8344, 0.2478, 0.7113, 0.7993, 0.6706, 0.8859, 0.6873, 0.8487, 0.5673],
  "inv_temp": [1.8437, 1.7967, 1.2746, 1.4952, 1.4403, 1.5363, 2.0691, 1.4987, 1.6727, 1.5172, 1.8414, 1.7822, 2.3286, 1.6388, 1.5799, 1.406, 1.7521, 1.4392, 1.0455, 1.4064, 1.6058, 1.1977, 1.7594, 1.8706, 1.7198, 1.7391, 1.2251, 2.0858, 1.3506, 1.654, 1.6171, 1.5953, 2.1655, 1.6978, 1.4943, 1.6999, 1.5178, 1.3964, 1.2474, 1.6615, 2.102, 1.7952, 1.733, 1.7364, 2.1196, 1.5366, 1.3953, 1.954, 1.3641, 1.3845],
  "initQF": [7.2705, 7.4026, 8.4683, 7.8142, 7.2232, 8.5782, 3.2458, 9.5268, 5.702, 4.553, 3.3863, 4.9889, 7.301, 6.9976, 6.1389, 5.7835, 8.0916, 7.0732, 9.2954, 5.3258, 4.8481, 7.6877, 6.4034, 7.3447, 5.6104, 8.3936, 3.8378, 3.9533, 5.5209, 5.264, 8.6386, 3.7815, 6.7849, 8.6489, 7.6629, 6.3928, 5.433, 7.651, 9.0982, 4.4116, 5.4656, 1.6115, 3.129, 4.849, 8.1361, 4.733, 2.3306, 8.6223, 9.3435, 4.8122],
  "initQU": [8.7195, 6.5927, 8.4266, 7.0019, 6.0829, 7.8712, 6.2775, 7.997, 8.7529, 8.2566, 8.1844, 8.7087, 9.3409, 9.4762, 6.4215, 6.3052, 5.4136, 7.251, 4.0468, 4.037, 6.1892, 6.0441, 6.4651, 7.6502, 9.9148, 7.1414, 9.2273, 7.2842, 9.2411, 8.2986, 8.5023, 7.7909, 8.0409, 6.0711, 8.5519, 7.8459, 7.1806, 5.4029, 9.0745, 9.6332, 9.8301, 7.3896, 7.5718, 7.4658, 8.3021, 6.1644, 8.1156, 5.5247, 6.4336, 5.9175]
}
