{
  "n_part": 50,
  "n_trials": 30,
  "LR_conf_group": 0.491100245155394,
  "LR_disconf_group": 0.534953526919708,
  "inv_temp_group": 2.07176748546772,
  "initQF_group": 6.26154273911379,
  "initQU_group": 1.76513481209986,
  "mu_R_group": [
    [5],
    [5]
  ],
  "sigma_R_group": 2,
  "margin_group": 2,
  "LR_conf": [0.2916, 0.0621, 0.5568, 0.4247, 0.3357, 0.5116, 0.5736, 0.5352, 0.2994, 0.5602, 0.4005, 0.3212, 0.502, 0.3127, 0.2519, 0.5654, 0.4096, 0.6139, 0.443, 0.3919, 0.3384, 0.2263, 0.4744, 0.3278, 0.3072, 0.7033, 0.5093, 0.665, 0.1002, 0.5507, 0.4627, 0.3477, 0.2827, 0.9883, 0.6169, 0.4576, 0.5954, 0.8559, 0.1815, 0.2173, 0.416, 0.4693, 0.4543, 0.856, 0.2259, 0.2976, 0.2555, 0.2924, 0.4136, 0.6406],
  "LR_disconf": [0.4259, 0.6659, 0.3703, 0.8898, 0.4975, 0.4379, 0.4616, 0.8329, 0.5011, 0.7544, 0.6705, 0.334, 0.6502, 0.173, 0.5246, 0.4316, 0.3445, 0.6602, 0.3335, 0.0834, 0.4874, 0.6145, 0.5782, 0.5182, 0.6841, 0.663, 0.5646, 0.5015, 0.335, 0.2768, 0.4346, 0.5206, 0.9551, 0.5914, 0.5947, 0.3227, 0.501, 0.3361, 0.4182, 0.4372, 0.8953, 0.2987, 0.5882, 0.4838, 0.5217, 0.7071, 0.2859, 0.7023, 0.4867, 0.0818],
  "inv_temp": [1.9254, 2.1191, 1.5009, 1.6232, 2.4136, 1.745, 2.0175, 1.8199, 2.0345, 2.3366, 2.3088, 2.1639, 2.2107, 1.8454, 2.5092, 2.2016, 1.8831, 1.9003, 1.6473, 2.183, 2.1468, 1.777, 2.2442, 2.049, 2.1332, 1.7236, 1.3086, 2.5088, 2.0811, 2.0658, 2.2776, 1.8539, 2.5252, 1.9385, 2.1074, 2.2991, 1.8078, 1.715, 1.6009, 1.877, 2.2462, 2.1697, 2.2143, 2.2867, 1.7841, 1.6677, 2.2823, 2.1707, 2.7833, 1.5772],
  "initQF": [6.454, 7.5571, 3.4032, 5.2226, 6.6406, 7.3292, 6.1809, 8.4726, 6.3386, 4.9043, 4.9433, 3.8903, 7.9153, 6.0645, 4.7475, 5.4045, 6.4113, 5.5081, 7.81, 4.4859, 3.968, 3.6552, 4.7541, 7.6355, 6.7318, 4.6794, 7.3375, 6.7477, 5.4885, 5.9486, 1.1408, 8.592, 9.6645, 6.9024, 8.4768, 9.2212, 4.462, 7.3916, 7.5192, 6.5207, 7.5825, 7.1553, 7.423, 7.986, 2.8461, 5.6141, 9.8626, 6.1607, 6.2852, 6.0683],
  "initQU": [1.4571, 6.233, 3.598, 2.1192, 2.9767, 1.2579, 5.0186, 4.9138, 6.0662, 2.7974, 1.3209, 7.8344, 3.1734, 4.7774, 4.5493, 2.2956, 3.8668, 2.2074, 4.5895, 1.7075, 3.0278, 4.1909, 1.5982, 2.6295, 3.177, 5.4678, 4.7907, 6.8043, 4.1071, 2.0467, 2.151, 4.3372, 4.4425, 5.4234, 5.3137, 6.5039, 1.7204, 4.5395, 1.079, 2.8871, 2.67, 1.2488, 1.3442, 2.8634, 3.2317, 3.6975, 3.8188, 2.568, 2.1114, 1.3463]
}
