{
  "n_part": 50,
  "n_trials": 30,
  "LR_conf_group": 0.447220615576953,
  "LR_disconf_group": 0.989297518739477,
  "inv_temp_group": 3.04766291752458,
  "initQF_group": 5.78688717982732,
  "initQU_group": 1.88585379160941,
  "mu_R_group": [
    [5],
    [5]
  ],
  "sigma_R_group": 2,
  "margin_group": 2,
  "LR_conf": [0.4028, 0.4513, 0.5164, 0.3728, 0.3666, 0.7198, 0.107, 0.3801, 0.7418, 0.2178, 0.5226, 0.7114, 0.164, 0.1961, 0.5011, 0.4612, 0.3908, 0.4681, 0.5127, 0.6032, 0.3669, 0.4321, 0.3407, 0.4959, 0.373, 0.4622, 0.3058, 0.8399, 0.3633, 0.3579, 0.5632, 0.1474, 0.5045, 0.5672, 0.837, 0.2553, 0.3255, 0.4572, 0.3584, 0.3788, 0.5743, 0.3438, 0.5223, 0.5635, 0.3605, 0.665, 0.2143, 0.2482, 0.2897, 0.2864],
  "LR_disconf": [0.9799, 0.8397, 0.8313, 0.6797, 0.828, 0.8083, 0.9916, 0.7482, 0.9668, 0.8485, 0.9348, 0.8249, 0.9768, 0.6291, 0.7848, 0.8999, 0.8559, 0.8012, 0.8923, 0.7985, 0.9743, 0.8353, 0.8424, 0.6705, 0.661, 0.5735, 0.8741, 0.9717, 0.8254, 0.6922, 0.9443, 0.7349, 0.9472, 0.6733, 0.9836, 0.8532, 0.7763, 0.3998, 0.9623, 0.8492, 0.7333, 0.6839, 0.9206, 0.8452, 0.9717, 0.5078, 0.9812, 0.816, 0.6733, 0.6284],
  "inv_temp": [2.581, 3.1633, 2.9379, 2.6729, 3.2896, 3.1823, 2.8829, 2.6054, 2.8719, 2.817, 2.9563, 2.5262, 3.0546, 2.8093, 3.334, 3.0693, 3.2231, 3.0713, 3.1379, 2.6047, 3.0784, 3.4259, 2.8895, 2.4288, 3.0226, 2.8436, 2.9144, 3.0968, 3.313, 2.3542, 3.543, 3.0834, 3.0871, 3.0382, 2.7362, 2.5103, 3.063, 3.4252, 3.3061, 2.8081, 3.1793, 3.128, 3.2983, 3.1658, 2.8298, 3.2338, 3.2069, 3.0958, 3.4404, 3.1102],
  "initQF": [1.479, 6.3311, 4.709, 4.4122, 5.8086, 4.6585, 6.1244, 4.1852, 2.7538, 5.3609, 9.2223, 6.7409, 6.1708, 4.1083, 6.6699, 4.3361, 6.0718, 4.6097, 4.0776, 4.1646, 6.2733, 4.9012, 7.3131, 8.5145, 4.9335, 6.1862, 8.6031, 3.3544, 5.3137, 4.0267, 8.2034, 5.7153, 3.692, 7.4344, 5.3944, 7.3314, 3.942, 2.6127, 8.4685, 7.0072, 3.6721, 6.1321, 5.0505, 8.2474, 9.1459, 3.1098, 7.8795, 2.8961, 6.0102, 4.1058],
  "initQU": [5.7559, 1.859, 2.2308, 1.4603, 6.6805, 4.2278, 3.086, 2.286, 1.8741, 1.9207, 1.7536, 3.0798, 4.961, 1.8307, 2.0098, 2.5976, 2.4572, 1.9334, 7.3824, 1.7044, 1.6914, 3.0278, 3.8449, 1.4045, 1.851, 1.4703, 1.9712, 2.5093, 1.3887, 4.9975, 3.315, 5.0642, 1.2423, 3.6568, 1.9297, 2.1883, 2.7085, 2.2024, 2.988, 2.9095, 6.251, 2.5081, 1.8623, 4.2479, 1.9209, 5.0487, 1.7863, 1.5892, 2.2074, 2.2838]
}
