{
  "n_part": 50,
  "n_trials": 30,
  "LR_conf_group": 0.142367874272168,
  "LR_disconf_group": 0.838802394224331,
  "inv_temp_group": 2.35286902403459,
  "initQF_group": 4.11461216094904,
  "initQU_group": 4.07083624042571,
  "mu_R_group": [
    [5],
    [5]
  ],
  "sigma_R_group": 2,
  "margin_group": 2,
  "LR_conf": [0.2947, 0.0954, 0.3918, 0.2543, 0.0537, 0.0664, 0.2488, 0.47, 0.4307, 0.0704, 0.1837, 0.0054, 0.2408, 0.2459, 0.1276, 0.2279, 0.1049, 0.3257, 0.1289, 0.245, 0.136, 0.3488, 0.0424, 0.0122, 0.1843, 0.3703, 0.1468, 0.3461, 0.1177, 0.136, 0.3122, 0.0121, 0.195, 0.1361, 0.0666, 0.3862, 0.3354, 0.1269, 0.1927, 0.3469, 0.4491, 0.0497, 0.1702, 0.01, 0.3831, 0.2957, 0.1855, 0.1674, 0.1986, 0.3376],
  "LR_disconf": [0.7994, 0.8364, 0.6804, 0.9194, 0.7871, 0.8828, 0.9333, 0.6936, 0.5439, 0.822, 0.749, 0.7656, 0.5667, 0.8633, 0.9896, 0.9068, 0.5133, 0.9765, 0.7986, 0.9241, 0.9535, 0.725, 0.8277, 0.8181, 0.7274, 0.8723, 0.8269, 0.8205, 0.8796, 0.6744, 0.8928, 0.5879, 0.6734, 0.6094, 0.7174, 0.9152, 0.8941, 0.8082, 0.9671, 0.6807, 0.6373, 0.8069, 0.6985, 0.6119, 0.7097, 0.7062, 0.9039, 0.877, 0.5159, 0.8652],
  "inv_temp": [2.2433, 2.4729, 2.5681, 2.3351, 1.9822, 2.1001, 2.3585, 2.7769, 2.867, 2.0423, 2.3611, 2.4048, 2.0909, 2.4235, 2.1934, 2.5971, 2.2344, 2.6629, 2.1984, 1.8172, 2.2283, 2.28, 2.7793, 2.3782, 2.3092, 2.0133, 2.1928, 3.1096, 3.0831, 2.5394, 1.9122, 2.5111, 2.2975, 2.2135, 2.722, 2.1386, 2.4798, 2.332, 2.2515, 2.5801, 2.7265, 2.2631, 2.1192, 2.3306, 2.6981, 2.0006, 2.7475, 2.08, 3.1333, 2.577],
  "initQF": [5.657, 4.1648, 4.6063, 4.328, 3.1498, 3.9314, 3.3039, 4.3417, 2.8024, 3.3956, 3.8538, 3.8837, 5.5079, 5.8372, 5.3997, 3.2237, 8.3782, 2.5435, 1.4082, 7.0191, 4.3658, 4.6012, 5.7423, 5.9158, 5.9528, 1.5463, 7.6761, 8.9121, 2.328, 1.534, 4.4693, 3.36, 3.2627, 5.2824, 6.9816, 2.9791, 2.275, 2.5999, 3.8936, 6.1619, 4.0966, 4.3313, 3.9234, 5.3879, 6.9113, 4.7181, 4.1113, 2.0274, 3.3851, 5.2182],
  "initQU": [3.4302, 3.0053, 2.8124, 6.0933, 6.6951, 4.4628, 2.0895, 3.2252, 4.0871, 3.6778, 6.846, 4.127, 3.2463, 2.8221, 2.1003, 4.3689, 2.6312, 3.0795, 4.3947, 5.5124, 2.5072, 2.5282, 2.7099, 1.0176, 4.4944, 4.224, 4.784, 5.3293, 7.5732, 2.1303, 5.2477, 1.7933, 1.5348, 5.8753, 8.6443, 3.721, 5.9475, 1.3928, 5.4635, 3.3728, 2.0461, 2.4087, 3.5802, 1.8307, 7.0578, 2.9501, 4.9922, 1.8605, 6.3643, 2.1603]
}
