{
  "n_part": 50,
  "n_trials": 30,
  "LR_conf_group": 0.111967435572296,
  "LR_disconf_group": 0.785672308178619,
  "inv_temp_group": 4.10029152873904,
  "initQF_group": 9.80165032064542,
  "initQU_group": 8.12989885848947,
  "mu_R_group": [
    [5],
    [5]
  ],
  "sigma_R_group": 2,
  "margin_group": 2,
  "LR_conf": [0.0698, 0.4326, 0.2346, 0.0496, 0.3201, 0.1172, 0.1926, 0.2833, 0.1818, 0.3482, 0.1042, 0.2265, 0.0177, 0.185, 0.3716, 0.303, 0.5903, 0.0985, 0.2531, 0.26, 0.2288, 0.377, 0.0009, 0.3821, 0.2313, 0.1613, 0.4006, 0.1248, 0.2957, 0.0677, 0.3124, 0.2806, 0.2055, 0.3756, 0.0639, 0.3319, 0.0696, 0.0415, 0.1787, 0.0565, 0.1974, 0.016, 0.0712, 0.2488, 0.0332, 0.1516, 0.336, 0.0776, 0.3243, 0.0837],
  "LR_disconf": [0.6668, 0.4788, 0.8482, 0.8013, 0.585, 0.6128, 0.8807, 0.6546, 0.9291, 0.82, 0.4163, 0.8194, 0.7265, 0.5637, 0.6479, 0.8706, 0.9163, 0.6465, 0.7146, 0.8573, 0.7966, 0.8595, 0.4266, 0.6734, 0.7997, 0.8037, 0.8671, 0.8949, 0.8656, 0.7105, 0.8046, 0.6563, 0.9597, 0.8459, 0.7905, 0.9419, 0.5207, 0.7692, 0.961, 0.3594, 0.7864, 0.7511, 0.6124, 0.752, 0.7158, 0.9917, 0.3552, 0.8592, 0.9999, 0.7535],
  "inv_temp": [4.8652, 3.8512, 4.0624, 3.7423, 3.7203, 3.8542, 3.9193, 4.1643, 3.4909, 4.4642, 3.9471, 3.9636, 3.8919, 4.0488, 4.0403, 3.8575, 3.9644, 3.8066, 4.0305, 4.239, 4.1599, 3.9555, 4.28, 3.8214, 3.7862, 4.1828, 3.9357, 4.3908, 4.4123, 3.5592, 4.001, 4.4303, 4.3027, 3.742, 4.228, 4.2236, 4.4183, 3.9158, 4.0168, 4.2032, 4.1298, 4.3908, 4.4835, 4.0528, 4.0605, 4.3664, 4.8011, 4.3614, 3.615, 4.1395],
  "initQF": [8.6422, 7.3227, 9.2708, 6.9151, 8.9234, 6.21, 9.6168, 9.0529, 6.397, 8.6449, 8.8096, 8.7956, 6.7462, 7.8422, 8.6828, 8.4235, 8.7384, 8.7799, 6.7113, 8.0093, 6.9506, 9.5225, 9.7707, 9.4199, 9.3158, 7.6255, 9.8602, 5.825, 6.3641, 9.9586, 8.7039, 9.7835, 9.0337, 9.1667, 6.9927, 9.294, 8.4813, 8.333, 9.895, 9.5918, 8.4129, 9.5649, 7.4204, 7.7753, 7.0546, 9.5214, 9.2865, 8.8597, 9.1695, 8.8094],
  "initQU": [6.5739, 9.0123, 5.6549, 8.7347, 5.3881, 9.1235, 8.3336, 8.5035, 8.702, 6.9866, 9.717, 8.1798, 9.2089, 9.5857, 9.1075, 7.3246, 5.8757, 5.9388, 5.4234, 7.0087, 8.3272, 7.0222, 9.5959, 9.8188, 7.6719, 2.135, 8.7078, 9.154, 9.8197, 5.7403, 5.1956, 7.8753, 5.7764, 5.4719, 8.7443, 9.6099, 7.3566, 7.1368, 8.7109, 8.4446, 9.5428, 2.9649, 8.6737, 8.5609, 9.2437, 6.7757, 8.3481, 6.9682, 8.8892, 8.377]
}
