{
  "n_part": 50,
  "n_trials": 30,
  "LR_conf_group": 0.844572190660983,
  "LR_disconf_group": 0.00597337004728615,
  "inv_temp_group": 3.60028399038129,
  "initQF_group": 2.10740779340267,
  "initQU_group": 9.86894655507058,
  "mu_R_group": [
    [5],
    [5]
  ],
  "sigma_R_group": 2,
  "margin_group": 2,
  "LR_conf": [0.6857, 0.8103, 0.5945, 0.7979, 0.76, 0.8243, 0.7555, 0.7119, 0.6282, 0.3848, 0.7498, 0.7123, 0.7497, 0.894, 0.7064, 0.8522, 0.9161, 0.7024, 0.6431, 0.8492, 0.4455, 0.5708, 0.5592, 0.9568, 0.4917, 0.9211, 0.6734, 0.8345, 0.9953, 0.8233, 0.8325, 0.7714, 0.5062, 0.8831, 0.8786, 0.773, 0.8672, 0.7532, 0.9476, 0.938, 0.7953, 0.6629, 0.4428, 0.761, 0.5489, 0.8948, 0.7851, 0.6835, 0.8188, 0.9208],
  "LR_disconf": [0.1376, 0.2889, 0.171, 0.1243, 0.1941, 0.063, 0.3646, 0.0646, 0.0125, 0.0312, 0.3642, 0.307, 0.2345, 0.0657, 0.2584, 0.1459, 0.1099, 0.2067, 0.0522, 0.0088, 0.0097, 0.0232, 0.1002, 0.3844, 0.18, 0.2287, 0.0806, 0.0836, 0.011, 0.0066, 0.0924, 0.0734, 0.0839, 0.0295, 0.0089, 0.0765, 0.0415, 0.1296, 0.2658, 0.1927, 0.1536, 0.1408, 0.0927, 0.0454, 0.3035, 0.1279, 0.1357, 0.1003, 0.0076, 0.077],
  "inv_temp": [3.7539, 3.9139, 3.4228, 3.598, 3.7822, 3.7075, 3.9254, 3.6699, 3.4011, 3.1228, 3.6136, 3.6974, 3.9667, 4.0786, 3.6285, 3.7935, 3.5725, 4.0582, 4.1201, 3.8492, 3.8952, 3.928, 3.3518, 3.517, 3.6209, 3.3597, 3.9328, 3.6438, 3.8192, 3.9209, 3.3419, 3.7536, 3.5766, 3.6691, 3.6356, 3.4777, 3.2969, 3.5854, 3.3404, 3.805, 3.8265, 3.5442, 3.2143, 3.1084, 3.1309, 3.4182, 3.4536, 3.7879, 3.3532, 3.3174],
  "initQF": [6.2297, 2.3055, 1.1481, 1.3575, 2.6108, 6.9592, 6.3226, 1.8535, 1.9682, 1.3475, 3.3547, 1.385, 2.5087, 1.6771, 1.9388, 2.6815, 2.3002, 2.5888, 3.5997, 2.7348, 4.5931, 1.6962, 4.0626, 4.643, 3.083, 1.4988, 1.8329, 2.0325, 2.6647, 3.535, 4.9845, 4.5874, 4.6775, 6.1607, 6.3215, 4.8943, 3.5465, 3.7225, 4.7913, 1.4848, 2.2007, 5.3293, 3.8084, 4.7172, 2.5818, 5.7583, 5.0226, 2.9133, 1.1985, 2.5627],
  "initQU": [7.5025, 9.0072, 8.4939, 9.1541, 9.0215, 9.2025, 9.5617, 9.4239, 8.4384, 7.8302, 9.4777, 7.8495, 8.8122, 9.9435, 7.9612, 9.6921, 9.0518, 9.828, 7.5782, 9.9874, 9.3427, 7.1546, 9.8073, 7.3979, 6.0695, 9.4863, 9.7935, 9.5926, 8.2744, 6.9827, 7.5669, 7.1794, 9.8798, 7.7055, 7.7127, 8.6024, 8.6547, 7.9161, 9.4191, 8.3006, 8.8981, 9.2686, 7.0256, 9.1155, 7.8747, 6.3904, 7.6092, 7.8062, 6.6666, 7.1255]
}
