{
  "n_part": 50,
  "n_trials": 30,
  "LR_conf_group": 0.866083299042657,
  "LR_disconf_group": 0.909284004941583,
  "inv_temp_group": 2.59358621202409,
  "initQF_group": 4.70504508167505,
  "initQU_group": 2.23775400477462,
  "mu_R_group": [
    [5],
    [5]
  ],
  "sigma_R_group": 2,
  "margin_group": 2,
  "LR_conf": [0.448, 0.9098, 0.7572, 0.8735, 0.8504, 0.9602, 0.8424, 0.8026, 0.6427, 0.5479, 0.8542, 0.9852, 0.9725, 0.933, 0.7181, 0.8604, 0.9634, 0.7688, 0.5677, 0.7158, 0.9821, 0.814, 0.8612, 0.8486, 0.9049, 0.5937, 0.9946, 0.8037, 0.9527, 0.7242, 0.7374, 0.5749, 0.6368, 0.7242, 0.6783, 0.9784, 0.9685, 0.661, 0.9944, 0.9416, 0.9745, 0.6586, 0.8217, 0.9198, 0.7525, 0.7678, 0.7773, 0.6161, 0.5491, 0.7218],
  "LR_disconf": [0.8566, 0.7419, 0.9544, 0.8154, 0.9322, 0.8583, 0.8777, 0.6886, 0.8561, 0.843, 0.9833, 0.8952, 0.9155, 0.8394, 0.6901, 0.6875, 0.6386, 0.861, 0.9118, 0.714, 0.87, 0.9037, 0.8434, 0.9877, 0.9406, 0.7605, 0.9292, 0.7503, 0.7724, 0.8483, 0.9397, 0.9284, 0.6464, 0.926, 0.365, 0.8924, 0.7592, 0.8166, 0.9472, 0.6712, 0.9985, 0.9466, 0.8245, 0.9957, 0.8711, 0.7888, 0.5695, 0.8664, 0.9028, 0.7849],
  "inv_temp": [2.5706, 2.8331, 2.3217, 2.6145, 2.2616, 2.3801, 2.6027, 2.9644, 2.3397, 2.4662, 2.4821, 2.9264, 2.3318, 2.5788, 2.5114, 2.6203, 2.7465, 2.4005, 2.9, 2.0196, 2.4952, 3.022, 2.2303, 2.6434, 2.5873, 2.5897, 2.7625, 2.7407, 2.8545, 2.8788, 2.6061, 2.6867, 2.5582, 2.3839, 3.0506, 2.5383, 2.9042, 2.4144, 2.8131, 2.2283, 2.8653, 2.6632, 2.7792, 2.7492, 2.5655, 2.5673, 2.7442, 2.4175, 2.804, 2.8112],
  "initQF": [4.3581, 6.5614, 1.4106, 3.5576, 3.6211, 3.9281, 6.8994, 5.0978, 6.5246, 3.4827, 6.471, 3.5077, 5.7125, 4.2818, 6.1848, 3.8602, 3.9765, 1.0002, 3.9872, 6.1079, 2.1897, 6.3045, 4.0415, 8.9407, 3.6376, 2.0765, 3.5641, 6.0668, 3.7875, 4.1124, 5.1977, 3.2271, 7.1416, 1.4192, 3.9785, 5.8025, 3.5751, 4.6578, 3.3792, 5.4118, 4.7735, 5.5837, 5.1795, 3.4242, 2.3655, 5.1426, 5.1251, 1.7544, 1.26, 1.2218],
  "initQU": [4.1299, 2.9925, 3.7459, 1.4018, 2.3954, 1.1255, 2.6343, 3.2651, 1.2893, 2.4751, 4.3726, 2.8483, 2.1981, 4.4659, 2.9933, 4.5429, 5.1126, 1.6463, 3.1714, 3.9991, 4.6948, 3.7661, 4.4045, 4.3099, 3.4483, 3.2036, 3.7303, 1.683, 1.4478, 2.4614, 5.2654, 3.8815, 4.1968, 2.912, 3.0646, 1.7687, 2.5863, 2.6232, 5.8894, 4.9108, 2.2427, 3.6282, 2.744, 1.6676, 4.5252, 1.1845, 1.3566, 3.9074, 3.2534, 2.0079]
}
