{
  "n_part": 50,
  "n_trials": 30,
  "LR_conf_group": 0.217413558159024,
  "LR_disconf_group": 0.118346518371254,
  "inv_temp_group": 0.411278455285355,
  "initQF_group": 8.13025932223536,
  "initQU_group": 5.40105362795293,
  "mu_R_group": [
    [5],
    [5]
  ],
  "sigma_R_group": 2,
  "margin_group": 2,
  "LR_conf": [0.1399, 0.3143, 0.1398, 0.1221, 0.0923, 0.2674, 0.29, 0.1873, 0.3345, 0.0847, 0.3332, 0.4545, 0.3667, 0.369, 0.1914, 0.3771, 0.2097, 0.1746, 0.4409, 0.1352, 0.2536, 0.1946, 0.5698, 0.1302, 0.3254, 0.3607, 0.3258, 0.0403, 0.2147, 0.0866, 0.2468, 0.1058, 0.4179, 0.5728, 0.2063, 0.357, 0.0974, 0.1497, 0.2425, 0.0391, 0.3863, 0.0583, 0.103, 0.7289, 0.5362, 0.2278, 0.409, 0.3192, 0.2867, 0.0334],
  "LR_disconf": [0.3601, 0.0335, 0.0624, 0.199, 0.24, 0.2212, 0.0867, 0.0469, 0.084, 0.1441, 0.1649, 0.2785, 0.2746, 0.0394, 0.0079, 0.4467, 0.3838, 0.3792, 0.3745, 0.2903, 0.2964, 0.0701, 0.1714, 0.146, 0.396, 0.1681, 0.1738, 0.0376, 0.1517, 0.3476, 0.0799, 0.2387, 0.1144, 0.3798, 0.1888, 0.1944, 0.2553, 0.0233, 0.0855, 0.1448, 0.0124, 0.1264, 0.435, 0.0424, 0.1941, 0.0196, 0.0617, 0.295, 0.2999, 0.288],
  "inv_temp": [0.2158, 0.4044, 0.8344, 0.062, 0.3314, 0.8883, 0.165, 0.2655, 0.6665, 0.495, 0.9302, 0.7737, 0.8039, 0.6531, 0.0375, 0.3428, 0.8957, 0.6269, 0.8659, 0.6723, 0.2675, 0.7179, 0.1389, 0.0022, 0.5192, 0.048, 0.5074, 0.45, 0.7703, 0.1698, 0.2811, 0.4958, 0.4946, 0.128, 0.5673, 0.0077, 0.727, 0.2621, 0.5212, 0.8427, 0.3363, 0.5543, 0.4991, 0.3317, 0.113, 0.6289, 0.5542, 0.1733, 0.3538, 0.0484],
  "initQF": [4.8329, 6.8392, 7.9438, 7.6709, 5.2257, 9.3333, 9.1582, 6.6341, 8.9972, 6.0969, 8.8689, 7.0131, 8.4731, 6.8328, 6.9697, 8.8568, 6.302, 5.961, 8.7986, 4.398, 7.4618, 7.0951, 7.0886, 8.5376, 7.9826, 5.9021, 5.2043, 5.3897, 7.3791, 9.4081, 7.3144, 8.2141, 8.2619, 7.7949, 7.0558, 6.9806, 8.7323, 9.0006, 7.1462, 9.4456, 5.8651, 7.3495, 6.6491, 8.0388, 5.9682, 9.4921, 9.334, 6.3639, 6.9365, 6.8571],
  "initQU": [3.4594, 4.2859, 4.778, 5.9464, 1.6626, 5.9145, 8.6191, 5.0417, 6.4262, 5.4078, 4.3391, 7.2126, 6.2164, 3.7642, 5.4621, 1.9598, 6.2466, 4.7217, 4.6309, 7.464, 3.1395, 3.6835, 2.8304, 9.5269, 6.4105, 4.5086, 8.9505, 7.5764, 4.4775, 2.1179, 4.1203, 1.8107, 9.9482, 5.0808, 4.808, 4.996, 3.9058, 9.5016, 7.5479, 6.6705, 5.9236, 5.0984, 6.1539, 2.0882, 3.7504, 7.0301, 3.8037, 5.5172, 5.0631, 5.6254]
}
