{
  "n_part": 50,
  "n_trials": 30,
  "LR_conf_group": 0.253915027715266,
  "LR_disconf_group": 0.492278506979346,
  "inv_temp_group": 4.53347578993998,
  "initQF_group": 7.08471877942793,
  "initQU_group": 2.67391641554423,
  "mu_R_group": [
    [5],
    [5]
  ],
  "sigma_R_group": 2,
  "margin_group": 2,
  "LR_conf": [0.3772, 0.4446, 0.2185, 0.4457, 0.2289, 0.3124, 0.3919, 0.227, 0.0817, 0.1005, 0.219, 0.2605, 0.5817, 0.3979, 0.1327, 0.2786, 0.465, 0.2795, 0.1635, 0.3088, 0.2707, 0.8636, 0.0997, 0.3676, 0.5717, 0.2748, 0.4009, 0.4468, 0.5562, 0.3157, 0.5302, 0.3895, 0.1787, 0.1165, 0.0271, 0.3653, 0.2704, 0.2039, 0.0057, 0.3358, 0.1398, 0.4875, 0.3737, 0.2186, 0.3654, 0.157, 0.2773, 0.1803, 0.1041, 0.1281],
  "LR_disconf": [0.5418, 0.4822, 0.8175, 0.7689, 0.4505, 0.6485, 0.5839, 0.2579, 0.3428, 0.5903, 0.1351, 0.6063, 0.3386, 0.4933, 0.6922, 0.7502, 0.5886, 0.6966, 0.4722, 0.3157, 0.7695, 0.2511, 0.3944, 0.1114, 0.4967, 0.299, 0.2415, 0.5752, 0.4874, 0.9135, 0.7393, 0.4782, 0.98, 0.5759, 0.3891, 0.5554, 0.4993, 0.5534, 0.4431, 0.7197, 0.5237, 0.5206, 0.4271, 0.4053, 0.2949, 0.4827, 0.4685, 0.5497, 0.5636, 0.6773],
  "inv_temp": [4.7019, 4.6831, 4.8921, 4.4735, 4.53, 4.89, 3.871, 4.3461, 4.5578, 4.2588, 4.8656, 4.5555, 4.124, 4.9539, 4.8084, 4.3268, 4.5647, 4.5482, 4.4156, 4.63, 4.8762, 4.5696, 4.1578, 4.4982, 4.4304, 4.5051, 4.7045, 4.2907, 4.0744, 4.5344, 4.3929, 4.5318, 4.4007, 4.6326, 4.4145, 4.5913, 4.4309, 4.6259, 4.8765, 4.8795, 4.78, 4.7212, 4.578, 4.5297, 4.4074, 4.6395, 4.8301, 4.0606, 4.2022, 4.4376],
  "initQF": [4.5187, 6.6948, 4.1977, 8.1789, 5.7054, 9.2286, 8.5195, 2.1445, 7.6243, 4.6139, 8.9576, 7.043, 7.7496, 4.8067, 7.8082, 9.7732, 7.2656, 6.2668, 7.9918, 9.7437, 8.5697, 5.872, 9.4551, 6.392, 3.7041, 8.7773, 5.4044, 9.0313, 8.3121, 9.1433, 7.5685, 6.711, 2.9398, 8.7804, 3.4652, 5.455, 3.6838, 5.3009, 3.4641, 3.6073, 6.3125, 5.7445, 8.3016, 4.4395, 7.9212, 4.0052, 7.4126, 5.5783, 7.9225, 6.8804],
  "initQU": [3.5185, 3.4059, 3.6049, 2.1751, 4.0267, 1.0251, 5.6352, 6.7185, 1.8494, 3.1302, 4.7784, 1.4915, 1.9765, 3.0408, 2.0112, 2.4132, 2.2903, 2.7791, 3.4775, 3.3229, 1.5421, 1.7883, 2.184, 4.5106, 2.4049, 3.1338, 1.0404, 3.4143, 4.4408, 1.0217, 2.9897, 2.5699, 2.6801, 4.7972, 4.1402, 4.6203, 2.0215, 2.0747, 2.3991, 2.7431, 2.6655, 2.492, 4.0643, 7.2706, 3.8756, 3.0801, 3.7869, 6.2953, 3.7647, 2.6336]
}
