{
  "n_part": 50,
  "n_trials": 30,
  "LR_conf_group": 0.466340738115832,
  "LR_disconf_group": 0.0423644329421222,
  "inv_temp_group": 0.52801804500632,
  "initQF_group": 6.52778990776278,
  "initQU_group": 9.66372674307786,
  "mu_R_group": [
    [5],
    [5]
  ],
  "sigma_R_group": 2,
  "margin_group": 2,
  "LR_conf": [0.652, 0.4814, 0.2921, 0.5282, 0.5318, 0.1796, 0.5426, 0.733, 0.2571, 0.5988, 0.9238, 0.6907, 0.0768, 0.3287, 0.226, 0.3021, 0.4442, 0.694, 0.6059, 0.1706, 0.3578, 0.3985, 0.3555, 0.6515, 0.5275, 0.1058, 0.5523, 0.5437, 0.7568, 0.4466, 0.2254, 0.5802, 0.8212, 0.688, 0.4259, 0.3576, 0.6025, 0.7741, 0.7511, 0.5687, 0.2908, 0.4034, 0.2888, 0.641, 0.4393, 0.5944, 0.3999, 0.6051, 0.4284, 0.2869],
  "LR_disconf": [0.037, 0.2492, 0.0518, 0.3405, 0.0276, 0.0777, 0.0656, 0.2123, 0.075, 0.0705, 0.0889, 0.0364, 0.1275, 0.3908, 0.1836, 0.4006, 0.0841, 0.0558, 0.1949, 0.0596, 0.1984, 0.0597, 0.2865, 0.085, 0.211, 0.1102, 0.4039, 0.3746, 0.2042, 0.1842, 0.428, 0.34, 0.4403, 0.2659, 0.0613, 0.3291, 0.3456, 0.4364, 0.1375, 0.0256, 0.0148, 0.1346, 0.1403, 0.1098, 0.0162, 0.0891, 0.2831, 0.1038, 0.2863, 0.2019],
  "inv_temp": [0.867, 0.7955, 0.3764, 0.288, 0.3069, 0.3572, 0.5889, 0.4221, 0.2796, 0.2889, 1.201, 0.4786, 0.6845, 0.1695, 0.5697, 1.2702, 0.5776, 0.6329, 0.4611, 0.2263, 0.8288, 0.41, 0.4241, 0.7439, 0.5593, 0.7676, 0.4787, 1.3331, 0.2882, 0.3103, 0.3466, 0.2185, 0.5677, 0.228, 0.7042, 0.5743, 0.3123, 0.125, 0.887, 0.3513, 0.1458, 0.3242, 0.4697, 0.2945, 0.5079, 0.3462, 0.5781, 0.4818, 0.8807, 0.6089],
  "initQF": [7.2231, 4.397, 7.1051, 4.4893, 5.6196, 7.0359, 4.322, 7.1815, 6.7263, 8.3285, 9.0113, 4.4999, 5.3353, 7.8946, 5.1578, 4.3164, 3.5015, 3.9264, 3.7187, 6.4814, 7.9742, 8.9313, 6.8382, 4.1707, 7.2578, 7.4355, 7.3023, 6.4439, 8.7691, 8.2526, 7.6201, 7.5325, 7.4017, 9.1977, 9.094, 6.8474, 8.8149, 3.1999, 6.7104, 4.9456, 7.9061, 1.7478, 7.974, 4.6428, 4.5794, 8.6626, 7.9393, 8.3903, 4.912, 3.5652],
  "initQU": [9.4055, 8.5567, 8.8654, 9.9393, 5.2048, 6.923, 9.252, 9.3551, 9.3219, 6.7516, 9.3795, 9.7026, 6.9879, 7.1163, 9.4882, 7.2748, 8.9079, 9.0545, 9.1734, 6.8244, 6.8634, 9.9097, 8.2906, 8.1661, 9.7852, 9.5305, 7.4518, 7.1424, 7.0029, 7.1701, 8.4768, 9.7916, 8.9428, 6.9737, 9.8662, 8.5862, 9.8151, 9.4635, 9.8493, 9.2532, 8.395, 7.2264, 6.3004, 9.1559, 8.4061, 9.9848, 7.8145, 5.9174, 9.498, 8.7098]
}
