{
  "n_part": 50,
  "n_trials": 30,
  "LR_conf_group": 0.351742364931852,
  "LR_disconf_group": 0.250083208782598,
  "inv_temp_group": 1.02880824357271,
  "initQF_group": 6.14989167964086,
  "initQU_group": 5.16930190101266,
  "mu_R_group": [
    [5],
    [5]
  ],
  "sigma_R_group": 2,
  "margin_group": 2,
  "LR_conf": [0.5205, 0.2824, 0.5891, 0.6687, 0.2407, 0.0937, 0.5626, 0.2389, 0.2988, 0.4907, 0.6528, 0.3342, 0.6299, 0.4338, 0.2613, 0.3881, 0.2128, 0.4239, 0.6171, 0.1241, 0.4559, 0.1285, 0.5452, 0.6123, 0.7385, 0.4568, 0.3542, 0.6886, 0.5423, 0.6455, 0.0762, 0.5688, 0.5683, 0.7478, 0.164, 0.3443, 0.2068, 0.1281, 0.3033, 0.3528, 0.3389, 0.4049, 0.2632, 0.4388, 0.3951, 0.1725, 0.5707, 0.0881, 0.1934, 0.1399],
  "LR_disconf": [0.4756, 0.4158, 0.1833, 0.5253, 0.2997, 0.2961, 0.1179, 0.671, 0.254, 0.0047, 0.0911, 0.1791, 0.1198, 0.3252, 0.1063, 0.09, 0.0478, 0.2921, 0.5592, 0.1651, 0.28, 0.2878, 0.255, 0.3796, 0.2628, 0.0872, 0.3462, 0.4497, 0.3519, 0.1169, 0.2444, 0.4433, 0.1674, 0.0465, 0.141, 0.2877, 0.3267, 0.1568, 0.2458, 0.254, 0.3457, 0.2553, 0.1574, 0.0227, 0.2962, 0.6595, 0.1234, 0.2164, 0.5184, 0.0184],
  "inv_temp": [0.9406, 1.1236, 1.4624, 0.7114, 1.1946, 0.962, 1.2728, 1.082, 1.0892, 1.1625, 1.2877, 1.031, 1.4951, 1.3923, 1.1503, 0.9505, 0.9015, 0.6433, 0.8262, 1.1834, 1.1131, 0.7468, 1.0043, 1.1777, 0.5524, 0.8294, 1.1052, 0.629, 0.7222, 0.8331, 1.1541, 0.8826, 1.6066, 0.8092, 1.4778, 1.1988, 0.7657, 0.9313, 1.0165, 0.9933, 0.7983, 1.015, 1.1471, 1.0204, 0.6402, 1.5675, 1.2765, 1.3476, 0.9773, 0.8851],
  "initQF": [9.0291, 4.2572, 7.2222, 7.1948, 6.6072, 3.2686, 2.5187, 5.094, 6.9078, 7.283, 7.9968, 3.4877, 9.1622, 5.1489, 6.6336, 6.5808, 7.8684, 9.6501, 7.0313, 6.9934, 3.4106, 6.9746, 5.6628, 7.5554, 5.5905, 7.0636, 5.0309, 3.6822, 6.8901, 2.7502, 6.3366, 8.4119, 4.7579, 5.8165, 5.1337, 7.2257, 7.8474, 4.2324, 5.6687, 7.8134, 8.952, 9.4656, 6.1978, 6.9918, 5.9, 5.4494, 6.2371, 5.1318, 4.3114, 6.0437],
  "initQU": [4.3098, 4.3488, 3.8535, 3.7625, 7.686, 6.1961, 3.1904, 4.4889, 6.5917, 4.2361, 1.7206, 4.8151, 5.2531, 5.2743, 5.4501, 7.6916, 7.044, 2.7873, 5.7954, 4.8882, 1.2755, 6.7336, 3.717, 2.4579, 4.8444, 5.778, 6.6183, 6.9221, 4.8317, 1.9608, 4.5288, 3.8556, 8.0006, 7.8137, 3.3678, 5.6859, 7.2959, 7.8674, 1.6721, 6.7785, 3.7879, 3.7631, 5.975, 5.1244, 7.24, 9.3735, 1.6594, 5.8043, 4.6113, 7.3315]
}
