{
  "n_part": 50,
  "n_trials": 30,
  "LR_conf_group": 0.664059417555109,
  "LR_disconf_group": 0.886205822462216,
  "inv_temp_group": 1.67782878619619,
  "initQF_group": 4.33181592565961,
  "initQU_group": 4.22130812844262,
  "mu_R_group": [
    [5],
    [5]
  ],
  "sigma_R_group": 2,
  "margin_group": 2,
  "LR_conf": [0.6743, 0.5891, 0.552, 0.5709, 0.8776, 0.8993, 0.715, 0.4335, 0.4544, 0.8615, 0.611, 0.503, 0.7263, 0.4929, 0.4418, 0.3302, 0.8177, 0.3616, 0.8639, 0.8382, 0.9512, 0.7201, 0.7497, 0.8102, 0.6401, 0.6658, 0.4156, 0.7836, 0.8909, 0.7565, 0.3131, 0.5934, 0.739, 0.654, 0.5263, 0.8324, 0.6321, 0.2538, 0.7619, 0.255, 0.8697, 0.5682, 0.5494, 0.4744, 0.6958, 0.9682, 0.6093, 0.6902, 0.8538, 0.5882],
  "LR_disconf": [0.7019, 0.666, 0.7759, 0.9663, 0.8382, 0.8908, 0.9888, 0.8204, 0.953, 0.5871, 0.84, 0.8569, 0.8111, 0.7644, 0.8323, 0.667, 0.7357, 0.3071, 0.9219, 0.8072, 0.9689, 0.9245, 0.9287, 0.8709, 0.8194, 0.5388, 0.9617, 0.8944, 0.9725, 0.921, 0.5594, 0.9718, 0.6996, 0.8375, 0.9895, 0.7538, 0.8089, 0.71, 0.8854, 0.8204, 0.7771, 0.9791, 0.7194, 0.8024, 0.7237, 0.8673, 0.6287, 0.8197, 0.8759, 0.9065],
  "inv_temp": [1.2703, 1.4535, 1.7555, 1.7495, 1.8507, 1.9503, 1.4691, 1.4018, 1.3795, 1.3528, 2.3139, 1.2678, 1.7951, 1.839, 2.1557, 1.8555, 1.8138, 1.2998, 1.8295, 1.731, 1.6649, 2.1873, 1.7657, 1.7983, 1.8758, 1.7288, 1.1981, 1.8063, 1.8595, 1.7129, 1.2193, 2.0261, 1.5522, 2.2947, 1.67, 1.8251, 1.5837, 1.5379, 1.6922, 1.6639, 1.4334, 1.2816, 2.0917, 1.884, 1.7983, 1.4321, 1.6826, 1.699, 1.9987, 2.4662],
  "initQF": [3.292, 6.7523, 1.5989, 2.3672, 5.5432, 7.1211, 3.1344, 2.3656, 3.0381, 7.733, 2.6932, 9.4321, 3.8579, 5.0773, 4.6601, 3.1173, 3.5956, 5.4065, 3.764, 3.91, 3.7522, 1.0647, 6.5327, 2.5845, 7.7644, 5.6021, 7.8993, 5.007, 2.8583, 3.9511, 2.2359, 2.895, 1.733, 6.0015, 1.5354, 6.4108, 4.2834, 7.0834, 4.4557, 2.2216, 1.5839, 6.4714, 5.003, 1.3437, 4.8174, 5.1642, 6.8137, 3.6817, 5.9872, 6.4068],
  "initQU": [5.4253, 4.8235, 2.9521, 2.7672, 5.5812, 5.0905, 3.4123, 2.2589, 2.5857, 4.7241, 5.5556, 5.0415, 4.3542, 3.7399, 4.3233, 5.7933, 4.2156, 5.1505, 3.9768, 5.6419, 4.1571, 4.0463, 7.7855, 2.2147, 3.838, 7.452, 5.7548, 4.0911, 2.4695, 4.3381, 3.7898, 1.9081, 2.9185, 3.1208, 4.9104, 6.3483, 3.327, 5.2277, 2.7348, 2.5378, 5.7322, 5.1949, 9.1498, 3.2803, 4.6656, 5.5336, 3.2371, 4.3568, 5.9375, 3.7607]
}
