{
  "n_part": 50,
  "n_trials": 30,
  "LR_conf_group": 0.361625113058835,
  "LR_disconf_group": 0.00335784233175218,
  "inv_temp_group": 2.12539533735253,
  "initQF_group": 2.09050780418329,
  "initQU_group": 3.07405503466725,
  "mu_R_group": [
    [5],
    [5]
  ],
  "sigma_R_group": 2,
  "margin_group": 2,
  "LR_conf": [0.0602, 0.2442, 0.7823, 0.5218, 0.2721, 0.4921, 0.2057, 0.1897, 0.3665, 0.2016, 0.237, 0.3632, 0.3928, 0.3292, 0.2905, 0.534, 0.0765, 0.0731, 0.7764, 0.2836, 0.447, 0.4557, 0.3806, 0.5359, 0.4095, 0.8702, 0.4216, 0.2991, 0.2727, 0.1498, 0.2918, 0.5409, 0.7117, 0.4146, 0.2101, 0.3562, 0.3005, 0.7889, 0.4108, 0.6606, 0.3925, 0.4568, 0.5662, 0.5278, 0.382, 0.5792, 0.5081, 0.6176, 0.1481, 0.7755],
  "LR_disconf": [0.3592, 0.1565, 0.1344, 0.0714, 0.0893, 0.0939, 0.1445, 0.063, 0.1919, 0.1945, 0.0965, 0.1892, 0.2089, 0.0679, 0.1085, 0.0986, 0.3012, 0.0959, 0.4062, 0.1868, 0.1134, 0.0009, 0.098, 0.2296, 0.0243, 0.142, 0.0132, 0.2122, 0.0604, 0.4958, 0.1914, 0.246, 0.2342, 0.1657, 0.1809, 0.2, 0.2714, 0.1871, 0.0376, 0.3317, 0.006, 0.0408, 0.148, 0.1632, 0.0706, 0.1697, 0.1263, 0.1561, 0.3243, 0.1057],
  "inv_temp": [2.4098, 2.3438, 2.5658, 1.8619, 2.3447, 2.9446, 1.9397, 2.1944, 2.3973, 2.1235, 1.6909, 2.2976, 1.9211, 1.6836, 2.1223, 2.0448, 2.2256, 1.9137, 2.1222, 2.4792, 1.8393, 2.5486, 2.1963, 2.1268, 1.9015, 2.4126, 2.0133, 2.1398, 2.4879, 1.7324, 2.2817, 1.8708, 1.897, 1.5335, 2.2675, 2.2811, 1.701, 1.9166, 2.1429, 2.214, 1.5239, 2.3518, 1.9326, 2.4805, 2.2165, 2.0629, 1.8435, 2.3885, 2.2056, 2.1677],
  "initQF": [1.8409, 3.3617, 3.4985, 4.6671, 2.9478, 4.9556, 3, 3.7226, 3.3889, 1.3844, 5.7509, 1.7563, 3.2026, 4.7583, 3.615, 2.2893, 3.4103, 3.32, 3.4923, 3.2856, 1.0141, 1.3546, 2.591, 4.4498, 4.1987, 3.2024, 2.3151, 3.4519, 3.1136, 1.335, 1.7908, 1.2078, 2.4336, 3.3502, 6.9984, 2.1186, 2.176, 3.813, 5.3102, 4.6663, 3.9206, 2.0262, 1.8082, 3.2114, 3.229, 5.3459, 3.0474, 1.5553, 1.6304, 5.2468],
  "initQU": [5.8036, 3.23, 5.8035, 2.5629, 2.913, 3.224, 2.7868, 3.0187, 4.683, 3.7276, 5.8857, 1.3903, 5.6331, 2.7794, 6.8243, 1.7079, 1.7503, 4.9084, 3.3871, 4.7679, 5.0219, 3.9195, 3.17, 5.4951, 1.8198, 4.9235, 2.0925, 4.5274, 2.4146, 1.6737, 3.0391, 2.8607, 3.7949, 5.72, 3.5184, 3.1484, 2.9668, 3.013, 2.4182, 3.6541, 1.7926, 2.275, 3.3312, 2.6086, 5.5318, 2.4458, 7.7548, 2.4433, 4.481, 5.5163]
}
