{
  "n_part": 50,
  "n_trials": 30,
  "LR_conf_group": 0.82157880323939,
  "LR_disconf_group": 0.107898391317576,
  "inv_temp_group": 1.46185696241446,
  "initQF_group": 7.48120802268386,
  "initQU_group": 4.60376836243086,
  "mu_R_group": [
    [5],
    [5]
  ],
  "sigma_R_group": 2,
  "margin_group": 2,
  "LR_conf": [0.8571, 0.7213, 0.6617, 0.7721, 0.3364, 0.6639, 0.6471, 0.9563, 0.7942, 0.6671, 0.4854, 0.3864, 0.8592, 0.7211, 0.9656, 0.6851, 0.9943, 0.7672, 0.7559, 0.7489, 0.6558, 0.6226, 0.9074, 0.6146, 0.6673, 0.6796, 0.9346, 0.6076, 0.9558, 0.4395, 0.5509, 0.769, 0.8395, 0.7843, 0.7607, 0.5911, 0.4862, 0.8578, 0.6183, 0.9195, 0.6265, 0.7032, 0.9512, 0.4977, 0.7088, 0.9749, 0.7568, 0.9855, 0.9521, 0.9086],
  "LR_disconf": [0.229, 0.1345, 0.1695, 0.2186, 0.2218, 0.2467, 0.2205, 0.0328, 0.2046, 0.3389, 0.2855, 0.1032, 0.1165, 0.2947, 0.2465, 0.0985, 0.5801, 0.056, 0.3628, 0.1024, 0.1408, 0.081, 0.3773, 0.0147, 0.7231, 0.014, 0.3583, 0.2303, 0.0287, 0.0745, 0.2886, 0.5121, 0.1802, 0.1997, 0.2009, 0.0987, 0.2763, 0.3732, 0.5424, 0.1701, 0.1596, 0.1575, 0.2122, 0.2017, 0.3568, 0.1349, 0.219, 0.1825, 0.1316, 0.3277],
  "inv_temp": [1.4461, 1.3596, 1.599, 1.9489, 1.9512, 0.7881, 1.6443, 1.6436, 1.5433, 1.7575, 1.2601, 1.2574, 1.424, 1.9561, 1.4512, 1.4296, 1.161, 1.8075, 1.6838, 1.3832, 1.8429, 1.6237, 1.4064, 1.0418, 1.2657, 1.6017, 1.4161, 1.5549, 1.9244, 1.0128, 1.7776, 1.3636, 0.8803, 1.4386, 1.562, 0.9954, 1.7341, 1.5046, 1.4525, 1.1206, 1.6736, 1.5525, 2.1005, 1.2683, 1.5205, 1.6894, 1.8204, 1.7504, 1.3848, 1.4853],
  "initQF": [5.8256, 7.6024, 9.2093, 8.9101, 7.9094, 8.564, 4.1949, 7.3888, 6.3735, 8.9959, 6.9717, 9.4408, 9.1874, 9.0683, 8.0898, 9.1647, 9.1937, 7.8175, 6.1734, 7.6871, 7.3225, 6.7904, 5.9417, 5.9252, 8.1172, 5.4567, 6.0191, 8.3134, 6.649, 9.1405, 7.002, 8.7955, 8.3136, 9.0587, 7.388, 7.1031, 7.7332, 7.0007, 9.1594, 5.4902, 7.3137, 9.1036, 9.4634, 5.1245, 4.8066, 7.9916, 4.5044, 7.2325, 6.9142, 5.271],
  "initQU": [3.1874, 4.5405, 7.8221, 1.8794, 4.6663, 6.6046, 2.6914, 4.4501, 6.7616, 7.6556, 7.3743, 2.1131, 9.3181, 6.414, 3.9944, 2.7191, 3.9577, 3.1702, 5.6149, 3.1656, 2.5957, 3.5469, 4.2702, 2.1446, 4.0454, 8.9556, 5.5659, 7.1639, 5.5089, 1.2961, 4.9, 3.5648, 4.1199, 2.5123, 5.9409, 4.1496, 7.2208, 4.6506, 2.3868, 4.9967, 3.7082, 6.1638, 4.2409, 1.0756, 7.8408, 4.7569, 7.0566, 5.6094, 4.3482, 5.3341]
}
