{
  "n_part": 50,
  "n_trials": 30,
  "LR_conf_group": 0.806596323149279,
  "LR_disconf_group": 0.160695358878002,
  "inv_temp_group": 3.97818201570772,
  "initQF_group": 3.47592216986232,
  "initQU_group": 9.54675564356148,
  "mu_R_group": [
    [5],
    [5]
  ],
  "sigma_R_group": 2,
  "margin_group": 2,
  "LR_conf": [0.8683, 0.752, 0.6233, 0.5432, 0.3085, 0.7737, 0.7301, 0.6323, 0.7033, 0.839, 0.9253, 0.7619, 0.8823, 0.5761, 0.7006, 0.9684, 0.8826, 0.836, 0.8256, 0.8716, 0.4987, 0.6536, 0.8246, 0.3281, 0.4131, 0.6607, 0.9011, 0.9004, 0.6058, 0.9447, 0.496, 0.7743, 0.7285, 0.7907, 0.7355, 0.7897, 0.7869, 0.641, 0.6359, 0.7775, 0.7562, 0.4653, 0.9783, 0.592, 0.6581, 0.7928, 0.8281, 0.7267, 0.9985, 0.7972],
  "LR_disconf": [0.1495, 0.1441, 0.1493, 0.1954, 0.4215, 0.1486, 0.0135, 0.2394, 0.1966, 0.2294, 0.1667, 0.174, 0.3371, 0.2211, 0.2081, 0.0258, 0.1973, 0.5975, 0.2494, 0.1039, 0.2722, 0.628, 0.361, 0.1138, 0.4701, 0.3169, 0.3319, 0.6493, 0.3647, 0.2131, 0.0793, 0.0964, 0.0103, 0.2189, 0.435, 0.5078, 0.1695, 0.271, 0.1843, 0.111, 0.241, 0.3256, 0.2741, 0.2638, 0.4073, 0.003, 0.4121, 0.2231, 0.1632, 0.3704],
  "inv_temp": [4.1348, 3.8305, 4.0758, 4.5294, 3.691, 4.4165, 4.0435, 3.7159, 3.9541, 3.2245, 4.12, 4.1586, 3.6305, 3.8888, 4.1292, 4.2736, 3.5112, 3.7078, 4.192, 3.6801, 3.8201, 4.2532, 4.369, 3.7476, 3.2208, 3.9788, 3.5567, 3.9887, 4.0035, 3.7197, 4.7313, 3.8204, 3.4278, 3.9609, 3.9313, 3.8299, 4.2318, 4.2295, 3.9742, 4.1927, 3.8964, 4.2066, 4.325, 4.2206, 3.7883, 3.933, 3.6909, 3.7934, 3.984, 4.0421],
  "initQF": [2.627, 5.4632, 3.567, 6.7759, 1.8196, 2.5423, 6.5054, 4.6936, 1.7554, 4.9273, 3.4139, 4.8108, 5.2567, 4.8558, 3.3564, 7.4961, 1.8243, 2.2899, 5.5231, 5.1048, 3.451, 5.9519, 1.6699, 5.1011, 3.8707, 2.4743, 4.048, 4.8118, 7.313, 6.6888, 4.1619, 1.7909, 6.963, 6.1465, 3.6121, 1.3985, 3.1609, 2.4897, 8.8218, 4.8098, 4.7714, 2.689, 5.4378, 3.7229, 3.8571, 5.6533, 2.0218, 6.0232, 4.0309, 5.5733],
  "initQU": [8.4808, 9.8622, 8.4214, 6.8243, 8.5878, 9.5237, 8.9785, 9.6804, 7.6527, 9.1517, 9.6839, 9.3461, 9.6858, 9.3114, 9.3904, 8.8185, 8.0983, 9.6895, 6.7487, 8.461, 8.8201, 9.2709, 8.8078, 4.8918, 6.6062, 9.2484, 7.879, 8.8886, 8.2326, 9.4712, 7.6685, 8.9539, 8.8581, 5.5326, 9.1902, 9.6094, 9.9056, 8.4174, 9.5932, 8.6099, 8.1337, 7.1494, 9.6196, 8.8413, 8.422, 5.9724, 7.692, 9.9213, 6.2388, 9.4535]
}
