{
  "n_part": 50,
  "n_trials": 30,
  "LR_conf_group": 0.0752076192293316,
  "LR_disconf_group": 0.957803908502683,
  "inv_temp_group": 3.13924820395187,
  "initQF_group": 3.62692255573347,
  "initQU_group": 5.64751992630772,
  "mu_R_group": [
    [5],
    [5]
  ],
  "sigma_R_group": 2,
  "margin_group": 2,
  "LR_conf": [0.0462, 0.2798, 0.1936, 0.3546, 0.0936, 0.046, 0.1364, 0.1805, 0.2087, 0.4158, 0.3867, 0.2208, 0.1571, 0.2803, 0.2495, 0.3221, 0.0375, 0.0685, 0.0564, 0.5115, 0.1826, 0.1175, 0.2627, 0.119, 0.1288, 0.0875, 0.0607, 0.4213, 0.044, 0.2127, 0.2484, 0.1199, 0.0753, 0.277, 0.1237, 0.1405, 0.0742, 0.3107, 0.1512, 0.3022, 0.0685, 0.1881, 0.2152, 0.4587, 0.268, 0.4275, 0.0873, 0.1872, 0.1597, 0.2869],
  "LR_disconf": [0.5937, 0.7628, 0.9663, 0.9503, 0.692, 0.6992, 0.7463, 0.879, 0.8964, 0.8696, 0.8917, 0.7874, 0.9271, 0.8565, 0.9499, 0.9402, 0.8814, 0.9126, 0.886, 0.7719, 0.8175, 0.8324, 0.7739, 0.863, 0.9594, 0.5007, 0.9129, 0.8808, 0.8426, 0.8358, 0.827, 0.8018, 0.8662, 0.7223, 0.9355, 0.9716, 0.8538, 0.693, 0.8468, 0.7477, 0.9335, 0.8291, 0.8743, 0.9996, 0.9857, 0.7078, 0.9772, 0.8584, 0.5668, 0.9579],
  "inv_temp": [3.8354, 3.269, 3.2222, 2.8467, 3.8544, 3.0262, 2.7689, 3.6035, 2.8082, 3.2663, 2.9118, 3.4978, 2.9237, 2.9087, 3.1838, 3.6021, 2.9901, 3.5765, 3.4022, 3.3683, 2.8229, 2.6149, 3.0754, 2.5678, 2.8396, 2.9255, 3.0253, 3.1728, 3.3538, 3.1778, 3.0608, 3.2152, 3.1229, 2.6842, 2.9522, 3.1398, 3.2531, 3.0333, 3.1315, 2.9332, 3.4601, 3.62, 2.83, 3.0058, 3.3851, 3.3957, 3.1779, 3.2381, 3.4147, 2.9028],
  "initQF": [4.6309, 1.9228, 3.5819, 8.0374, 1.1921, 5.6021, 3.9708, 3.9117, 7.2846, 5.8361, 1.0046, 3.8172, 3.8343, 1.4193, 2.9502, 1.5109, 4.109, 2.4584, 4.0837, 3.4267, 1.0604, 2.7242, 6.5375, 5.7373, 2.0204, 2.7987, 3.0609, 4.3842, 4.6428, 1.2838, 4.137, 6.8994, 3.7044, 7.5271, 7.0526, 3.6291, 3.2754, 3.3605, 4.1973, 5.4446, 3.1314, 3.8266, 1.7773, 1.621, 5.7349, 1.1821, 2.8734, 2.4471, 2.9101, 3.1392],
  "initQU": [6.9595, 2.807, 7.8958, 6.2205, 6.5439, 5.1838, 8.0134, 3.067, 4.8472, 8.1116, 6.2253, 4.2322, 5.5616, 4.2529, 5.9659, 3.0115, 1.0293, 5.8511, 4.6188, 6.4265, 3.5619, 9.0476, 3.8875, 5.3852, 4.3295, 5.7172, 6.9795, 5.7067, 1.8226, 4.5769, 4.2378, 8.4472, 7.6958, 6.3021, 3.0551, 9.9511, 5.9521, 5.4385, 2.5928, 3.0047, 6.741, 5.9949, 5.9936, 5.8513, 4.8976, 7.2687, 6.6991, 3.4122, 5.0371, 7.3753]
}
