{
  "n_part": 50,
  "n_trials": 30,
  "LR_conf_group": 0.967897289199755,
  "LR_disconf_group": 0.467476779362187,
  "inv_temp_group": 0.917036756873131,
  "initQF_group": 8.48401101399213,
  "initQU_group": 5.36376045155339,
  "mu_R_group": [
    [5],
    [5]
  ],
  "sigma_R_group": 2,
  "margin_group": 2,
  "LR_conf": [0.642, 0.9868, 0.8531, 0.9339, 0.8083, 0.9534, 0.8209, 0.9311, 0.828, 0.5677, 0.9035, 0.7801, 0.9332, 0.7473, 0.8303, 0.9372, 0.7732, 0.8953, 0.8638, 0.4433, 0.888, 0.8657, 0.8667, 0.9524, 0.9964, 0.9643, 0.8133, 0.5969, 0.9639, 0.644, 0.9018, 0.716, 0.9032, 0.7602, 0.9004, 0.699, 0.7887, 0.6669, 0.8262, 0.9253, 0.9513, 0.7782, 0.9074, 0.9628, 0.915, 0.8536, 0.7026, 0.9685, 0.9027, 0.7432],
  "LR_disconf": [0.5538, 0.6065, 0.379, 0.4587, 0.6295, 0.3164, 0.6456, 0.3541, 0.4209, 0.3138, 0.3296, 0.9435, 0.6396, 0.3104, 0.4805, 0.5859, 0.9859, 0.396, 0.2343, 0.4478, 0.4296, 0.2651, 0.237, 0.1224, 0.8155, 0.6042, 0.5701, 0.1255, 0.4782, 0.5916, 0.4954, 0.2934, 0.578, 0.6893, 0.7243, 0.6963, 0.7833, 0.4355, 0.4932, 0.6544, 0.5487, 0.3052, 0.5908, 0.6406, 0.3867, 0.1934, 0.5446, 0.5503, 0.489, 0.2775],
  "inv_temp": [0.9421, 1.1367, 0.7582, 0.887, 0.4165, 1.235, 1.3666, 0.7788, 0.5738, 0.8619, 1.4936, 1.1422, 1.0514, 1.1718, 1.0926, 1.1621, 0.7172, 0.6832, 0.947, 1.4355, 1.1463, 1.0803, 0.391, 0.5876, 0.8687, 0.7427, 0.6936, 1.0452, 1.0841, 1.6546, 0.7718, 1.1604, 1.2012, 0.8201, 0.6165, 0.8254, 1.5264, 0.9906, 1.0898, 1.0914, 0.7465, 0.7736, 0.6326, 0.57, 1.045, 0.9886, 1.702, 1.4356, 0.896, 0.9685],
  "initQF": [9.5429, 6.5152, 5.7436, 8.0965, 6.4629, 5.5073, 6.7283, 9.1625, 8.6252, 9.953, 6.9046, 8.0254, 6.5308, 9.4921, 6.0929, 9.2423, 7.0241, 9.734, 9.0244, 8.1045, 5.0753, 8.8855, 5.4297, 7.7802, 8.8269, 6.2844, 7.8486, 8.3332, 2.5579, 8.0072, 5.8819, 8.7849, 9.1035, 5.393, 9.7057, 6.3702, 6.676, 7.5488, 9.9602, 5.9622, 8.1946, 9.8665, 8.8109, 8.7524, 7.7705, 9.2519, 4.7052, 7.5, 8.7138, 8.341],
  "initQU": [5.2606, 5.2398, 3.9661, 6.5359, 6.517, 6.0638, 4.7267, 5.1907, 4.7383, 8.0975, 7.5379, 3.3104, 3.1024, 4.0305, 6.841, 4.6056, 2.7232, 4.7225, 4.7779, 5.1442, 2.7757, 5.5851, 7.2736, 3.3712, 1.7873, 2.9011, 4.4719, 5.4124, 4.6052, 5.0978, 6.8352, 7.5059, 5.5488, 6.1417, 4.9482, 5.2152, 6.0437, 7.1258, 2.1468, 5.1843, 5.3788, 4.2348, 5.6696, 8.4889, 4.7672, 5.9593, 7.787, 3.7325, 7.749, 5.198]
}
