{
  "n_part": 50,
  "n_trials": 30,
  "LR_conf_group": 0.373263728106394,
  "LR_disconf_group": 0.436635388527066,
  "inv_temp_group": 0.116258047055453,
  "initQF_group": 5.24670073017478,
  "initQU_group": 9.33445135690272,
  "mu_R_group": [
    [5],
    [5]
  ],
  "sigma_R_group": 2,
  "margin_group": 2,
  "LR_conf": [0.2094, 0.1422, 0.2313, 0.6379, 0.209, 0.5259, 0.4743, 0.2585, 0.8605, 0.5288, 0.4567, 0.1508, 0.5773, 0.0465, 0.7435, 0.2184, 0.1551, 0.0961, 0.51, 0.5012, 0.7635, 0.4402, 0.2147, 0.5828, 0.2954, 0.8175, 0.3495, 0.2428, 0.4968, 0.3335, 0.0851, 0.3121, 0.5683, 0.0727, 0.3325, 0.3612, 0.2649, 0.2514, 0.0385, 0.231, 0.7439, 0.465, 0.6805, 0.5283, 0.1801, 0.4244, 0.4435, 0.3082, 0.223, 0.2584],
  "LR_disconf": [0.3176, 0.258, 0.1675, 0.7848, 0.3484, 0.52, 0.5625, 0.4384, 0.2669, 0.3404, 0.3747, 0.0683, 0.3533, 0.3236, 0.5448, 0.4616, 0.2522, 0.2166, 0.8737, 0.4493, 0.5793, 0.1431, 0.5126, 0.4121, 0.1181, 0.6518, 0.7562, 0.755, 0.9037, 0.2198, 0.3094, 0.3135, 0.4346, 0.2296, 0.9821, 0.6073, 0.4829, 0.683, 0.1231, 0.6838, 0.4269, 0.2367, 0.5186, 0.7098, 0.038, 0.343, 0.3162, 0.3215, 0.3763, 0.7667],
  "inv_temp": [0.349, 0.1421, 0.1787, 0.48, 0.5954, 0.6485, 0.1965, 0.2087, 0.0114, 0.1164, 0.271, 0.0549, 0.2419, 0.2023, 0.0236, 0.0682, 0.4527, 0.3183, 0.0313, 0.3309, 0.2213, 0.0013, 0.2004, 0.0593, 0.242, 0.1633, 0.0281, 0.7085, 0.0741, 0.0867, 0.5325, 0.194, 0.325, 0.161, 0.3439, 0.0313, 0.1113, 0.3217, 0.1273, 0.0338, 0.6876, 0.3725, 0.0421, 0.3129, 0.9981, 0.2435, 0.0907, 0.1365, 0.1691, 0.8653],
  "initQF": [6.8707, 7.9757, 4.5618, 3.3275, 5.1125, 3.3069, 5.5798, 5.8371, 7.5239, 2.7994, 4.6724, 4.8179, 3.8379, 5.2732, 3.3777, 1.4653, 2.7625, 2.459, 1.9429, 5.5209, 4.9111, 6.2385, 5.0161, 2.4042, 5.3471, 8.1743, 8.7416, 8.4346, 3.1406, 6.7093, 7.0879, 3.6212, 5.4378, 7.0118, 6.3176, 7.6093, 6.02, 2.5394, 5.1356, 6.7781, 8.9839, 4.0954, 6.2892, 5.5053, 6.7479, 7.8563, 5.6869, 2.9809, 9.3879, 6.5486],
  "initQU": [8.4177, 5.6026, 7.7218, 5.9138, 9.8645, 9.9743, 9.8781, 7.7454, 6.6605, 8.2407, 9.6085, 6.1687, 9.1576, 9.4118, 9.1544, 7.9637, 8.3703, 8.8808, 7.2832, 6.6949, 9.3229, 7.7507, 8.0263, 9.7539, 9.1833, 9.0779, 9.57, 9.4307, 6.4398, 9.9294, 9.8573, 5.7312, 8.0915, 7.7336, 5.9105, 8.561, 9.4829, 9.3968, 6.4878, 8.5161, 8.5901, 9.6952, 9.1443, 9.496, 9.7576, 8.0517, 9.9027, 8.2462, 9.6378, 8.783]
}
