{
  "n_part": 50,
  "n_trials": 30,
  "LR_conf_group": 0.402113063726574,
  "LR_disconf_group": 0.941254300531,
  "inv_temp_group": 3.89929441618733,
  "initQF_group": 6.8076800906565,
  "initQU_group": 9.44752015871927,
  "mu_R_group": [
    [5],
    [5]
  ],
  "sigma_R_group": 2,
  "margin_group": 2,
  "LR_conf": [0.2758, 0.4632, 0.6499, 0.1189, 0.3552, 0.2338, 0.4812, 0.1998, 0.4835, 0.5064, 0.3287, 0.2845, 0.1523, 0.6922, 0.3125, 0.4529, 0.5392, 0.7527, 0.5711, 0.5339, 0.4815, 0.2644, 0.3491, 0.2353, 0.1703, 0.3776, 0.3289, 0.3319, 0.8317, 0.442, 0.4188, 0.2392, 0.2298, 0.3277, 0.2135, 0.0557, 0.6785, 0.4234, 0.2122, 0.1955, 0.3304, 0.139, 0.5119, 0.5765, 0.4613, 0.3049, 0.522, 0.3, 0.3539, 0.3121],
  "LR_disconf": [0.9755, 0.8874, 0.961, 0.7202, 0.9411, 0.6281, 0.7989, 0.7913, 0.6828, 0.8161, 0.7683, 0.6064, 0.9185, 0.9537, 0.8011, 0.7776, 0.6364, 0.8674, 0.5091, 0.811, 0.8996, 0.6155, 0.8819, 0.6406, 0.8104, 0.8118, 0.7821, 0.8412, 0.8213, 0.8961, 0.9306, 0.6136, 0.7116, 0.6933, 0.9098, 0.8779, 0.676, 0.6664, 0.6541, 0.9107, 0.8171, 0.7069, 0.8854, 0.7432, 0.8167, 0.9478, 0.9174, 0.8743, 0.9056, 0.7335],
  "inv_temp": [3.9528, 3.9401, 3.9556, 3.6032, 4.0116, 4.386, 4.1124, 3.8734, 4.6498, 3.7801, 3.66, 3.9444, 3.7999, 4.272, 3.5785, 4.022, 3.6456, 3.993, 3.8889, 3.4134, 4.083, 3.9613, 4.091, 4.2268, 3.8525, 3.4681, 3.9856, 4.4692, 3.5386, 4.4576, 4.2474, 3.7908, 3.332, 3.467, 3.6286, 4.1324, 3.3102, 4.3936, 3.6907, 3.8217, 3.9236, 4.2591, 3.2916, 4.219, 4.0467, 3.9746, 3.6446, 4.1597, 3.7089, 4.4324],
  "initQF": [4.7571, 6.1786, 6.2342, 8.7677, 7.2227, 4.0705, 5.5127, 8.1463, 7.4027, 6.6463, 2.3338, 6.926, 5.4476, 6.417, 5.4924, 3.4241, 5.5927, 3.3608, 5.8363, 5.0074, 6.0659, 5.9435, 3.618, 8.217, 5.3933, 6.6027, 3.4937, 5.6536, 8.2308, 7.6896, 5.3465, 6.6358, 4.0827, 4.6248, 7.6546, 5.0577, 9.3628, 5.5045, 7.5672, 5.2411, 9.6322, 6.688, 9.5926, 4.3316, 7.0187, 9.248, 7.526, 9.1222, 5.6508, 7.195],
  "initQU": [6.4221, 6.8449, 8.6906, 8.0461, 6.9578, 8.3703, 9.1896, 9.5949, 6.8534, 6.5633, 8.3191, 9.2353, 9.6745, 7.1589, 6.1115, 8.7048, 7.796, 9.1679, 8.386, 8.8477, 8.4642, 9.7319, 8.8642, 7.5116, 9.5859, 7.1912, 7.4066, 9.2576, 9.6328, 8.1731, 8.2436, 8.6483, 8.4887, 8.8501, 7.2854, 7.5167, 8.8277, 9.0037, 9.8492, 8.6934, 9.5443, 9.0236, 9.5645, 8.1005, 8.0228, 7.2289, 4.8985, 9.8679, 7.7305, 8.662]
}
