{
  "n_part": 50,
  "n_trials": 30,
  "LR_conf_group": 0.314738991204649,
  "LR_disconf_group": 0.303713878151029,
  "inv_temp_group": 3.72067902819254,
  "initQF_group": 5.61196337756701,
  "initQU_group": 6.4568015623372,
  "mu_R_group": [
    [5],
    [5]
  ],
  "sigma_R_group": 2,
  "margin_group": 2,
  "LR_conf": [0.2202, 0.3661, 0.3699, 0.6481, 0.161, 0.2689, 0.5224, 0.43, 0.2229, 0.2469, 0.1287, 0.3991, 0.4336, 0.1815, 0.3906, 0.6764, 0.3717, 0.4201, 0.243, 0.3632, 0.5877, 0.3437, 0.4608, 0.2052, 0.5437, 0.5907, 0.3399, 0.2397, 0.5853, 0.1456, 0.5922, 0.3678, 0.4936, 0.2805, 0.6148, 0.7463, 0.1713, 0.5068, 0.304, 0.7138, 0.6418, 0.4311, 0.2065, 0.0933, 0.1823, 0.0143, 0.5514, 0.2656, 0.1356, 0.3406],
  "LR_disconf": [0.1478, 0.2549, 0.0893, 0.9023, 0.089, 0.5251, 0.4122, 0.1887, 0.4004, 0.2548, 0.2877, 0.6446, 0.3154, 0.5301, 0.3969, 0.5605, 0.5821, 0.0823, 0.3005, 0.4044, 0.5292, 0.1476, 0.2568, 0.3721, 0.332, 0.0216, 0.2721, 0.4633, 0.2661, 0.7332, 0.1572, 0.3523, 0.2855, 0.5738, 0.4547, 0.0517, 0.4494, 0.0191, 0.5718, 0.2049, 0.2261, 0.5755, 0.3453, 0.3723, 0.661, 0.593, 0.4113, 0.3062, 0.2304, 0.1002],
  "inv_temp": [3.9033, 3.8436, 3.999, 3.2931, 4.1851, 2.7952, 3.4626, 3.6356, 3.8776, 3.7632, 3.6876, 3.6274, 3.9061, 4.0699, 3.5423, 3.8316, 3.5454, 3.5258, 3.7386, 3.2122, 3.169, 3.6914, 3.6076, 4.4059, 3.7074, 4.2224, 3.4784, 3.4627, 3.5728, 3.9713, 3.7352, 3.571, 4.5454, 3.7772, 3.5821, 3.5147, 3.7796, 3.6267, 3.8145, 3.8699, 3.5994, 3.4757, 3.5925, 3.5179, 4.06, 3.3122, 3.7089, 3.3401, 3.7756, 3.9381],
  "initQF": [4.7743, 6.4541, 1.9395, 5.6247, 5.9982, 6.616, 4.7935, 4.6393, 4.9521, 5.7283, 4.226, 3.9771, 6.5021, 6.4276, 4.8514, 6.5074, 5.8424, 6.3587, 6.0036, 4.9594, 6.9646, 6.6711, 7.2055, 7.2569, 3.7967, 5.2448, 2.9219, 7.4704, 5.6582, 5.5559, 6.4468, 4.4312, 5.5759, 4.4807, 2.1102, 5.7754, 6.2583, 4.5907, 4.8245, 4.6742, 6.3142, 3.7838, 6.5624, 5.5551, 3.5139, 2.0111, 6.6491, 9.2032, 2.9603, 7.9086],
  "initQU": [8.0342, 5.6659, 7.6015, 5.6737, 5.5436, 4.3361, 4.7897, 6.673, 2.777, 4.7294, 7.9551, 8.4709, 5.0546, 7.8282, 4.964, 8.1282, 4.5246, 7.6943, 8.5907, 3.8547, 5.3379, 6.9964, 4.9818, 8.4364, 5.3216, 7.1759, 7.607, 4.9454, 8.3532, 8.2205, 6.8345, 5.5703, 7.9036, 7.4229, 7.8935, 7.522, 6.8647, 5.9475, 6.3768, 9.056, 7.6144, 9.377, 3.1451, 5.7859, 6.0888, 7.0447, 9.1845, 8.3478, 7.4746, 5.9012]
}
