{
  "n_part": 50,
  "n_trials": 30,
  "LR_conf_group": 0.0246727142948657,
  "LR_disconf_group": 0.80138035537675,
  "inv_temp_group": 2.647398726549,
  "initQF_group": 2.24276745785028,
  "initQU_group": 8.09005022631027,
  "mu_R_group": [
    [5],
    [5]
  ],
  "sigma_R_group": 2,
  "margin_group": 2,
  "LR_conf": [0.2319, 0.2988, 0.0171, 0.061, 0.2502, 0.2793, 0.2708, 0.1074, 0.0737, 0.387, 0.3506, 0.0565, 0.3454, 0.0955, 0.452, 0.3932, 0.018, 0.3293, 0.0705, 0.1143, 0.2808, 0.1362, 0.4516, 0.0129, 0.1882, 0.0876, 0.2281, 0.236, 0.1569, 0.0524, 0.18, 0.1877, 0.076, 0.0565, 0.1862, 0.1288, 0.1525, 0.1757, 0.1828, 0.5561, 0.1371, 0.2812, 0.4553, 0.0862, 0.204, 0.2784, 0.2133, 0.0899, 0.3925, 0.2441],
  "LR_disconf": [0.8843, 0.8527, 0.9169, 0.6709, 0.7044, 0.6808, 0.8974, 0.7277, 0.6542, 0.6528, 0.4366, 0.504, 0.8704, 0.9818, 0.9947, 0.7944, 0.8167, 0.8223, 0.9104, 0.8, 0.8449, 0.463, 0.6332, 0.819, 0.9756, 0.7878, 0.6237, 0.9669, 0.5963, 0.8901, 0.9669, 0.6857, 0.669, 0.7735, 0.5028, 0.9194, 0.7605, 0.8151, 0.6422, 0.7178, 0.7996, 0.9074, 0.8951, 0.798, 0.9645, 0.9032, 0.6184, 0.8208, 0.9283, 0.7879],
  "inv_temp": [2.8386, 2.4358, 2.9622, 3.327, 2.6271, 2.5077, 2.7904, 2.5429, 2.8852, 2.6063, 2.587, 2.7696, 2.5416, 2.7737, 2.4135, 2.8869, 2.2396, 2.9697, 2.0379, 2.6246, 2.7153, 2.4082, 2.4369, 2.3203, 2.3421, 3.4596, 2.9331, 2.0848, 2.6187, 2.3361, 2.8696, 2.4985, 2.166, 2.4262, 2.591, 2.8196, 2.4538, 2.8157, 2.1148, 2.9114, 3.0018, 2.6263, 2.652, 2.5764, 2.1984, 2.6519, 2.2746, 2.3389, 2.5484, 2.6335],
  "initQF": [2.735, 1.4099, 7.4302, 2.202, 4.9841, 2.1072, 2.1341, 2.8294, 2.2015, 1.8995, 1.9391, 2.3574, 5.5529, 1.6272, 2.9137, 4.618, 4.3553, 2.5229, 3.16, 7.1446, 3.3318, 1.2607, 2.8214, 5.3892, 3.0812, 6.8237, 5.9806, 1.5871, 1.5409, 4.0238, 2.1591, 6.7564, 1.7474, 1.8125, 1.302, 2.2908, 3.2366, 1.3212, 4.1219, 5.3733, 2.5247, 2.1414, 2.5428, 3.5811, 5.5177, 4.5667, 3.5303, 2.3122, 3.8126, 5.2408],
  "initQU": [8.9735, 7.5312, 8.9708, 7.8165, 9.0426, 7.7247, 7.1391, 7.8852, 7.4883, 7.3613, 9.0601, 7.8438, 8.1958, 5.4675, 8.3217, 9.6886, 5.5686, 7.6724, 9.3893, 9.9071, 9.5771, 7.2342, 9.8299, 9.5474, 9.3332, 5.6746, 4.9898, 7.3128, 7.9328, 4.3776, 7.6499, 7.2036, 8.6731, 9.5215, 7.585, 8.6949, 5.499, 8.8322, 6.5779, 6.5579, 5.4965, 7.512, 9.6866, 7.3911, 9.2144, 8.578, 9.5424, 6.236, 8.721, 7.2048]
}
