{
  "n_part": 50,
  "n_trials": 30,
  "LR_conf_group": 0.349260447081178,
  "LR_disconf_group": 0.286162654869258,
  "inv_temp_group": 2.28686339803971,
  "initQF_group": 6.88955749222077,
  "initQU_group": 2.17392469733022,
  "mu_R_group": [
    [5],
    [5]
  ],
  "sigma_R_group": 2,
  "margin_group": 2,
  "LR_conf": [0.2786, 0.4222, 0.3421, 0.3554, 0.0242, 0.2922, 0.2875, 0.559, 0.7767, 0.3246, 0.4605, 0.1131, 0.5022, 0.0803, 0.4214, 0.2937, 0.5108, 0.1835, 0.5786, 0.1019, 0.4074, 0.2651, 0.2669, 0.3981, 0.5488, 0.1935, 0.4923, 0.4669, 0.638, 0.4569, 0.6262, 0.1521, 0.2674, 0.5549, 0.4731, 0.4408, 0.6038, 0.2927, 0.2421, 0.2035, 0.0276, 0.4991, 0.4272, 0.3722, 0.4113, 0.4036, 0.2454, 0.1773, 0.7536, 0.3213],
  "LR_disconf": [0.569, 0.0573, 0.1925, 0.5916, 0.0494, 0.248, 0.6602, 0.4668, 0.4894, 0.4376, 0.4171, 0.3913, 0.411, 0.2074, 0.3209, 0.1896, 0.4394, 0.0588, 0.1521, 0.2726, 0.5699, 0.2241, 0.6325, 0.1924, 0.2126, 0.3018, 0.4637, 0.2586, 0.6537, 0.265, 0.2517, 0.3482, 0.0194, 0.2328, 0.0492, 0.1774, 0.2102, 0.0359, 0.4803, 0.4481, 0.147, 0.6088, 0.2947, 0.6242, 0.1357, 0.1085, 0.296, 0.2449, 0.121, 0.4072],
  "inv_temp": [2.2328, 2.4704, 1.9103, 1.8852, 2.5274, 2.4723, 2.1939, 2.0301, 1.974, 2.4623, 2.3818, 2.765, 1.8116, 2.4679, 2.2808, 2.548, 1.8737, 2.6987, 2.2, 3.1714, 2.9594, 2.4544, 2.256, 2.349, 2.6147, 2.6448, 2.0884, 2.2605, 2.4353, 2.2989, 2.2473, 2.1072, 2.0683, 2.5045, 2.405, 1.9601, 2.0567, 2.2492, 2.6512, 2.409, 2.3879, 2.0674, 1.7805, 2.3016, 2.5225, 2.0774, 2.3449, 2.2561, 2.1557, 2.4429],
  "initQF": [7.1759, 5.6054, 3.328, 6.3567, 1.4848, 9.2034, 6.7424, 6.2029, 6.2979, 6.8637, 5.1781, 6.6339, 5.6177, 5.5102, 8.5323, 7.0142, 7.3379, 5.1303, 7.4278, 3.0937, 4.0803, 6.9639, 4.844, 6.6469, 5.4496, 3.5233, 8.724, 8.4368, 5.3487, 8.6477, 7.8224, 9.5732, 9.9643, 5.6608, 4.2829, 8.2713, 6.4254, 5.4504, 8.3659, 7.3926, 7.9628, 7.0456, 6.7454, 5.939, 8.1308, 5.9462, 7.0191, 7.3967, 9.0518, 9.2185],
  "initQU": [2.1013, 2.2189, 5.0328, 3.2225, 6.0285, 6.4074, 3.4152, 1.4973, 4.2155, 3.8482, 5.0173, 3.0968, 3.3269, 2.3497, 2.4365, 2.8553, 3.5889, 2.7101, 3.5256, 3.3922, 1.3764, 4.4146, 2.4776, 1.9077, 2.8061, 3.8809, 2.4032, 1.815, 2.8352, 3.2436, 3.1105, 3.7724, 6.3422, 1.0929, 3.0024, 3.1608, 5.1254, 1.8352, 2.0259, 2.9487, 1.3838, 1.8759, 5.8669, 2.2258, 1.6974, 3.1342, 4.6939, 2.7054, 4.4886, 1.2882]
}
