{
  "n_part": 50,
  "n_trials": 30,
  "LR_conf_group": 0.983357041375712,
  "LR_disconf_group": 0.290092036593705,
  "inv_temp_group": 4.57733546383679,
  "initQF_group": 9.85793679323979,
  "initQU_group": 5.92639196570963,
  "mu_R_group": [
    [5],
    [5]
  ],
  "sigma_R_group": 2,
  "margin_group": 2,
  "LR_conf": [0.7506, 0.9966, 0.7653, 0.9611, 0.7141, 0.8106, 0.8668, 0.9988, 0.9306, 0.7607, 0.7247, 0.7231, 0.8703, 0.956, 0.9106, 0.7179, 0.962, 0.9778, 0.9234, 0.538, 0.9262, 0.729, 0.8605, 0.7822, 0.9325, 0.879, 0.9211, 0.9555, 0.8305, 0.9268, 0.947, 0.8346, 0.9252, 0.8417, 0.5522, 0.8304, 0.6636, 0.6742, 0.7702, 0.8417, 0.8725, 0.7913, 0.6273, 0.7438, 0.9489, 0.8324, 0.5558, 0.996, 0.764, 0.8236],
  "LR_disconf": [0.1117, 0.3043, 0.1877, 0.2794, 0.3273, 0.2805, 0.1387, 0.2956, 0.1943, 0.3352, 0.3321, 0.3129, 0.5109, 0.2041, 0.3368, 0.2868, 0.3744, 0.3753, 0.6449, 0.4015, 0.1185, 0.2652, 0.2441, 0.7194, 0.3349, 0.453, 0.2981, 0.174, 0.2005, 0.0896, 0.1256, 0.1396, 0.1115, 0.4202, 0.0936, 0.0134, 0.1819, 0.2828, 0.4949, 0.2162, 0.5942, 0.4603, 0.3912, 0.1682, 0.175, 0.3679, 0.312, 0.1882, 0.244, 0.2781],
  "inv_temp": [4.7134, 4.9639, 4.9156, 3.8167, 4.8541, 4.8043, 4.8242, 4.9856, 4.7722, 4.7421, 4.1965, 4.9114, 4.3868, 4.6382, 4.3631, 4.8968, 4.9109, 4.7502, 4.7766, 4.5946, 4.6098, 4.3656, 4.5568, 4.6913, 4.9366, 4.3554, 4.3917, 4.4619, 4.2932, 4.1384, 4.3385, 4.3835, 4.7546, 4.7906, 4.0934, 4.417, 4.7721, 4.6251, 4.3469, 4.5682, 4.5961, 4.46, 3.962, 4.6332, 4.6201, 4.3944, 4.2538, 4.6123, 4.6625, 4.4557],
  "initQF": [9.9872, 5.3503, 4.8151, 6.8454, 8.0849, 8.9322, 9.3255, 8.9899, 9.3417, 9.525, 8.4164, 7.4714, 9.0303, 9.9652, 9.0354, 8.9904, 9.4124, 9.3038, 7.9606, 6.2618, 9.6387, 9.8758, 7.6202, 7.4486, 9.4922, 9.1564, 9.7935, 9.0879, 9.2993, 6.549, 9.019, 8.0277, 8.4621, 9.5524, 9.715, 8.8772, 7.7928, 9.6921, 9.8081, 8.955, 7.6411, 4.8746, 7.6613, 9.8455, 9.595, 5.2599, 9.4405, 8.7713, 8.9548, 6.2898],
  "initQU": [6.0285, 6.0678, 6.0466, 9.8589, 5.483, 4.8872, 8.9932, 7.0406, 4.8235, 5.9134, 5.9249, 2.2925, 5.1694, 8.3357, 3.7614, 7.3343, 7.8429, 3.7173, 7.535, 9.4548, 6.9565, 6.0453, 4.313, 5.082, 5.6653, 3.858, 5.6624, 6.6597, 2.9653, 4.6732, 5.3306, 5.5746, 5.2775, 4.7502, 3.2189, 8.142, 4.183, 1.4038, 7.7716, 2.506, 4.2905, 3.6375, 3.935, 8.6091, 3.1708, 3.7164, 6.1769, 7.1535, 4.8535, 3.7942]
}
