{
  "n_part": 50,
  "n_trials": 30,
  "LR_conf_group": 0.226001478964463,
  "LR_disconf_group": 0.96876198798418,
  "inv_temp_group": 2.99231868935749,
  "initQF_group": 3.20125146093778,
  "initQU_group": 6.78670585108921,
  "mu_R_group": [
    [5],
    [5]
  ],
  "sigma_R_group": 2,
  "margin_group": 2,
  "LR_conf": [0.3398, 0.1815, 0.3021, 0.2137, 0.2734, 0.002, 0.5501, 0.4999, 0.1879, 0.2707, 0.4306, 0.3456, 0.3731, 0.4238, 0.2104, 0.0927, 0.2605, 0.3037, 0.3277, 0.4816, 0.0795, 0.3359, 0.4484, 0.4006, 0.3332, 0.4063, 0.4984, 0.0946, 0.2915, 0.492, 0.4525, 0.3735, 0.3502, 0.3158, 0.1098, 0.4207, 0.2943, 0.7068, 0.0752, 0.3166, 0.2372, 0.1638, 0.3678, 0.1181, 0.4224, 0.3354, 0.3872, 0.0802, 0.0421, 0.1032],
  "LR_disconf": [0.7752, 0.7137, 0.9251, 0.6241, 0.9546, 0.8637, 0.7999, 0.9482, 0.7256, 0.8127, 0.9778, 0.8938, 0.6279, 0.862, 0.712, 0.969, 0.8858, 0.9886, 0.9571, 0.933, 0.9992, 0.8873, 0.661, 0.9724, 0.8488, 0.8991, 0.7181, 0.6679, 0.9368, 0.5371, 0.9392, 0.9507, 0.85, 0.7503, 0.7251, 0.6916, 0.9446, 0.6635, 0.8828, 0.9283, 0.5663, 0.8141, 0.7831, 0.9706, 0.93, 0.9385, 0.8351, 0.9519, 0.88, 0.9737],
  "inv_temp": [3.1842, 2.9214, 2.3103, 2.8176, 2.5298, 3.2269, 3.7056, 3.301, 3.202, 3.1688, 3.2977, 3.059, 3.0035, 2.486, 3.5745, 3.2678, 3.5359, 3.0783, 2.8724, 3.2011, 2.7206, 2.8115, 2.6923, 2.8828, 2.8125, 2.9639, 3.0638, 2.5848, 3.048, 3.0932, 2.61, 2.9518, 3.1722, 3.3267, 2.9063, 2.9983, 2.9992, 3.0402, 3.2681, 2.7315, 2.9206, 2.7623, 2.9646, 2.7407, 2.6252, 3.0821, 2.7166, 3.212, 3.0975, 2.5183],
  "initQF": [4.6075, 2.5802, 2.5864, 3.4187, 4.0234, 4.0972, 2.6059, 2.422, 1.2628, 3.2461, 3.9463, 2.8717, 5.1583, 1.9213, 4.6907, 3.2112, 5.1475, 1.9182, 2.7242, 3.5018, 6.3225, 6.765, 4.5097, 4.3413, 4.2743, 1.697, 1.7153, 4.7863, 5.637, 1.4229, 2.012, 3.2446, 3.3344, 3.2667, 5.8922, 4.3216, 7.8576, 1.5322, 6.1414, 4.7666, 4.1438, 5.1595, 7.2004, 4.0774, 2.5141, 4.2989, 3.74, 4.6342, 2.5718, 1.9891],
  "initQU": [6.4223, 4.0541, 4.1167, 4.5607, 5.6355, 7.5045, 7.6382, 8.1412, 8.9194, 8.0607, 9.8309, 4.9709, 4.3942, 6.4811, 6.9137, 9.7028, 7.6503, 3.2703, 9.6047, 8.5331, 8.3675, 6.52, 5.1564, 8.9886, 8.0435, 7.6014, 5.7741, 7.1446, 5.2608, 7.1031, 6.916, 6.8154, 4.6164, 9.9877, 7.1863, 8.1901, 2.7674, 8.5457, 7.042, 8.9728, 8.4396, 5.4136, 8.2586, 3.1083, 9.9363, 6.5175, 4.8091, 7.2018, 8.2785, 7.3838]
}
