{
  "n_part": 50,
  "n_trials": 30,
  "LR_conf_group": 0.561182719888166,
  "LR_disconf_group": 0.111786351073533,
  "inv_temp_group": 0.0984608370345086,
  "initQF_group": 9.36823576176539,
  "initQU_group": 1.19941878062673,
  "mu_R_group": [
    [5],
    [5]
  ],
  "sigma_R_group": 2,
  "margin_group": 2,
  "LR_conf": [0.2006, 0.7763, 0.6645, 0.6747, 0.6819, 0.7219, 0.8338, 0.4291, 0.8683, 0.5177, 0.3199, 0.5606, 0.6615, 0.5902, 0.4105, 0.6898, 0.4842, 0.6196, 0.465, 0.6685, 0.4726, 0.5973, 0.6677, 0.7019, 0.0253, 0.5776, 0.7172, 0.7183, 0.6785, 0.2374, 0.3556, 0.0881, 0.5614, 0.7511, 0.9768, 0.6787, 0.7424, 0.4251, 0.3903, 0.5657, 0.2426, 0.2476, 0.4315, 0.3129, 0.5637, 0.4478, 0.3731, 0.3956, 0.5846, 0.7956],
  "LR_disconf": [0.0673, 0.2702, 0.0961, 0.2277, 0.0871, 0.1005, 0.0413, 0.2277, 0.3525, 0.1615, 0.5465, 0.0175, 0.567, 0.2696, 0.1094, 0.0093, 0.1235, 0.0773, 0.4804, 0.1439, 0.0701, 0.2956, 0.1607, 0.1813, 0.0024, 0.0717, 0.0674, 0.2218, 0.4555, 0.2427, 0.0346, 0.1122, 0.3124, 0.3162, 0.3527, 0.1054, 0.346, 0.2527, 0.1617, 0.1646, 0.2541, 0.2481, 0.0291, 0.2423, 0.0296, 0.0656, 0.3622, 0.1011, 0.1167, 0.2326],
  "inv_temp": [0.0623, 0.1022, 0.3726, 0.0276, 0.2621, 0.4881, 0.9633, 0.2423, 0.5537, 0.0493, 0.1604, 0.1111, 0.4101, 0.2412, 0.1617, 0.1788, 0.0804, 0.1237, 0.371, 0.1042, 0.4361, 0.0549, 0.2839, 0.1717, 0.0874, 0.2233, 0.2538, 0.1363, 0.0442, 0.4082, 0.2089, 0.1808, 0.3361, 0.152, 0.1473, 0.2627, 0.2652, 0.576, 0.2077, 0.2594, 0.3511, 0.1576, 0.336, 0.6139, 0.1188, 0.0713, 0.2103, 0.0417, 0.5226, 0.0687],
  "initQF": [5.3924, 9.4255, 4.0328, 7.0699, 9.4465, 8.2856, 9.7712, 3.6169, 8.1088, 7.3567, 7.6844, 9.3787, 8.9085, 8.8388, 8.0013, 8.6452, 8.3917, 8.5109, 9.6006, 8.5762, 8.9822, 6.6865, 9.8555, 9.7425, 7.7569, 8.7847, 9.7188, 8.9847, 5.8407, 8.4313, 9.368, 8.3671, 6.3926, 7.5351, 6.6399, 7.8481, 9.9517, 8.9431, 9.0738, 7.5481, 8.971, 5.1059, 5.8583, 5.8428, 9.5866, 8.1543, 8.4935, 8.4558, 6.64, 8.9513],
  "initQU": [3.3791, 3.4091, 2.5077, 1.5557, 2.2964, 2.343, 2.6724, 2.5894, 1.1961, 2.6017, 1.9862, 1.5436, 2.6184, 1.8693, 3.5293, 2.7426, 2.415, 1.8797, 2.5002, 1.943, 3.3116, 4.1798, 3.6512, 2.8709, 4.7541, 1.0502, 3.0295, 2.303, 2.2365, 1.9586, 3.4763, 1.2201, 3.3255, 4.3684, 1.736, 2.2324, 3.6285, 3.1332, 2.716, 4.225, 3.328, 4.4747, 1.9258, 1.6652, 1.2193, 2.9008, 2.7478, 2.1178, 1.6586, 5.5112]
}
