{
  "n_part": 50,
  "n_trials": 30,
  "LR_conf_group": 0.328340257517993,
  "LR_disconf_group": 0.15354808466509,
  "inv_temp_group": 2.44887014385313,
  "initQF_group": 2.88083918718621,
  "initQU_group": 8.60057592438534,
  "mu_R_group": [
    [5],
    [5]
  ],
  "sigma_R_group": 2,
  "margin_group": 2,
  "LR_conf": [0.515, 0.3499, 0.2841, 0.3201, 0.2483, 0.2987, 0.4185, 0.452, 0.2754, 0.2881, 0.5738, 0.3222, 0.3949, 0.1132, 0.2782, 0.3821, 0.0191, 0.3931, 0.1177, 0.4136, 0.1147, 0.7038, 0.4381, 0.3602, 0.4304, 0.2874, 0.2229, 0.2728, 0.5537, 0.4133, 0.2444, 0.1847, 0.1561, 0.3899, 0.1634, 0.2342, 0.0534, 0.6587, 0.3415, 0.413, 0.3718, 0.2656, 0.2184, 0.3453, 0.0065, 0.5478, 0.3271, 0.2116, 0.225, 0.1828],
  "LR_disconf": [0.2674, 0.2639, 0.1372, 0.0215, 0.1087, 0.2003, 0.1398, 0.1206, 0.1942, 0.2039, 0.2292, 0.2055, 0.1331, 0.4594, 0.2239, 0.3634, 0.2211, 0.5518, 0.2009, 0.0197, 0.187, 0.0174, 0.1768, 0.3324, 0.1472, 0.2507, 0.0973, 0.7191, 0.3637, 0.0342, 0.4253, 0.3292, 0.2529, 0.0442, 0.5484, 0.1373, 0.5636, 0.284, 0.1969, 0.0876, 0.0264, 0.1273, 0.3349, 0.0525, 0.1214, 0.3507, 0.103, 0.2749, 0.2021, 0.2968],
  "inv_temp": [2.7389, 2.1349, 2.6562, 1.9185, 1.9205, 2.3809, 1.7818, 2.8458, 2.6092, 2.3119, 2.499, 2.6322, 2.6793, 2.6256, 2.4844, 2.4874, 2.1896, 3.0016, 2.6631, 2.1385, 2.7206, 2.3368, 2.1567, 2.5223, 2.6012, 2.6397, 2.1328, 2.6661, 2.0192, 2.4155, 2.9821, 2.9084, 2.9939, 2.6985, 2.6566, 2.9298, 2.4897, 2.5514, 2.618, 2.2387, 2.1107, 2.5976, 2.582, 2.8458, 2.3798, 2.3872, 3.2014, 2.2924, 2.8657, 2.3477],
  "initQF": [1.8043, 1.9663, 4.6749, 5.9626, 4.3938, 4.8747, 5.9487, 3.7047, 4.027, 3.3178, 5.3015, 4.4107, 3.4311, 1.6862, 3.5136, 2.2218, 4.8664, 4.2519, 6.9935, 4.1016, 1.7828, 3.1753, 2.2894, 1.5849, 4.3487, 6.0463, 4.0904, 3.6375, 2.6761, 1.7065, 1.0483, 1.8849, 4.5767, 6.8947, 5.1619, 2.326, 3.5226, 1.6176, 1.8045, 2.9168, 3.3064, 2.965, 4.0618, 3.2996, 1.2373, 3.3109, 7.1775, 2.5246, 5.9458, 3.6496],
  "initQU": [8.2732, 5.4839, 7.6863, 8.9575, 2.1298, 8.2953, 8.7191, 8.4548, 6.8376, 9.603, 9.652, 7.5839, 9.3261, 8.2467, 9.1709, 9.838, 9.5493, 5.9887, 6.504, 6.756, 7.6108, 8.2103, 6.0696, 7.6508, 7.8635, 7.0408, 6.2424, 9.8224, 7.5951, 7.7584, 7.5473, 9.2288, 7.8092, 6.6822, 6.0352, 9.0685, 8.0597, 8.5576, 8.3811, 9.6496, 5.8156, 8.8637, 8.2505, 6.8436, 9.2818, 2.2956, 9.203, 9.254, 9.4603, 7.2817]
}
