{
  "n_part": 50,
  "n_trials": 30,
  "LR_conf_group": 0.140450719511136,
  "LR_disconf_group": 0.518504603765905,
  "inv_temp_group": 1.85241781990044,
  "initQF_group": 3.48616205807775,
  "initQU_group": 7.26919875177555,
  "mu_R_group": [
    [5],
    [5]
  ],
  "sigma_R_group": 2,
  "margin_group": 2,
  "LR_conf": [0.4947, 0.3193, 0.0335, 0.1537, 0.1461, 0.1155, 0.2131, 0.1195, 0.0603, 0.3756, 0.0643, 0.5825, 0.3076, 0.1966, 0.0902, 0.013, 0.3403, 0.2006, 0.2457, 0.2487, 0.0867, 0.1703, 0.2285, 0.2449, 0.3718, 0.6013, 0.4664, 0.157, 0.1416, 0.3253, 0.0943, 0.1319, 0.2799, 0.1567, 0.1059, 0.0375, 0.1441, 0.1264, 0.5263, 0.3542, 0.3757, 0.2303, 0.3087, 0.0903, 0.1732, 0.3814, 0.1518, 0.263, 0.1846, 0.5736],
  "LR_disconf": [0.9781, 0.5009, 0.7206, 0.3996, 0.749, 0.6315, 0.5566, 0.57, 0.4842, 0.4578, 0.6485, 0.7482, 0.8499, 0.4527, 0.4946, 0.4278, 0.7447, 0.1214, 0.7782, 0.6235, 0.6981, 0.3046, 0.7675, 0.5201, 0.2459, 0.3239, 0.4051, 0.6122, 0.4746, 0.7098, 0.6245, 0.5144, 0.1307, 0.6333, 0.531, 0.2092, 0.2728, 0.7267, 0.3487, 0.6674, 0.4602, 0.2973, 0.38, 0.5893, 0.6443, 0.1766, 0.5076, 0.5147, 0.2084, 0.4089],
  "inv_temp": [1.8236, 1.5377, 1.3253, 2.3355, 1.8777, 1.7207, 1.4924, 0.9337, 1.8634, 1.9391, 1.5449, 1.6637, 1.8206, 1.6944, 2.6964, 2.099, 1.302, 1.7391, 1.8165, 1.4085, 1.7494, 1.7852, 1.5327, 2.0622, 1.7761, 1.6296, 1.6359, 1.796, 1.5138, 2.6728, 1.6261, 1.9147, 1.7617, 1.8373, 2.1385, 1.6374, 1.7296, 2.0472, 1.6672, 1.0698, 2.1558, 1.8486, 1.6127, 1.9218, 1.7248, 1.9351, 1.8018, 2.1144, 2.0565, 1.9168],
  "initQF": [3.1185, 3.1608, 3.8721, 3.5119, 1.9246, 6.4018, 1.4398, 3.253, 6.1852, 1.3679, 1.8681, 3.5571, 4.427, 3.1575, 5.484, 6.3721, 2.3902, 2.9109, 3.791, 5.5571, 3.5711, 3.7139, 2.593, 4.9059, 9.2534, 2.1433, 5.8399, 1.1936, 5.7005, 3.1294, 5.5763, 2.7687, 6.2704, 3.0366, 5.7494, 5.1051, 2.818, 2.9934, 4.3169, 5.7611, 5.5304, 2.9413, 4.0516, 2.199, 3.8874, 4.7936, 1.3288, 6.3999, 1.9077, 8.2908],
  "initQU": [5.8323, 7.2242, 6.2203, 8.5, 7.2655, 7.6677, 4.8178, 5.6732, 5.8367, 8.6932, 7.9172, 6.9032, 8.0459, 9.47, 6.8178, 8.1337, 6.1697, 8.8494, 5.8437, 7.7195, 5.0981, 6.1106, 2.586, 7.5516, 5.5443, 6.6787, 7.9851, 7.6035, 7.5269, 5.6914, 8.2474, 6.3523, 7.6204, 5.8529, 6.848, 7.3407, 4.9731, 8.8401, 5.2555, 9.4866, 9.9028, 9.4402, 6.9689, 1.8376, 6.6267, 6.5158, 6.2127, 5.1256, 6.8546, 8.635]
}
