{
  "n_part": 50,
  "n_trials": 30,
  "LR_conf_group": 0.989023519912735,
  "LR_disconf_group": 0.421267931582406,
  "inv_temp_group": 0.479430430568755,
  "initQF_group": 1.81288900808431,
  "initQU_group": 7.33014793670736,
  "mu_R_group": [
    [5],
    [5]
  ],
  "sigma_R_group": 2,
  "margin_group": 2,
  "LR_conf": [0.8113, 0.6979, 0.842, 0.6618, 0.8552, 0.9496, 0.8936, 0.8089, 0.6792, 0.8632, 0.7768, 0.9312, 0.6799, 0.9245, 0.8894, 0.8023, 0.7535, 0.8323, 0.6932, 0.556, 0.8243, 0.8567, 0.9887, 0.7715, 0.9789, 0.7913, 0.9893, 0.9637, 0.6225, 0.8594, 0.8961, 0.9271, 0.6863, 0.9458, 0.9096, 0.6913, 0.6061, 0.9409, 0.9462, 0.7912, 0.9228, 0.7386, 0.908, 0.9183, 0.8663, 0.6688, 0.9958, 0.9094, 0.9758, 0.6325],
  "LR_disconf": [0.3012, 0.4091, 0.5635, 0.452, 0.0026, 0.1901, 0.4806, 0.5772, 0.466, 0.3751, 0.274, 0.5959, 0.4971, 0.2256, 0.5634, 0.4872, 0.262, 0.3521, 0.4007, 0.606, 0.3229, 0.5676, 0.5298, 0.4473, 0.5057, 0.2948, 0.4554, 0.3622, 0.9539, 0.1025, 0.4311, 0.2412, 0.0529, 0.3951, 0.1356, 0.435, 0.3737, 0.377, 0.2524, 0.2073, 0.5571, 0.5673, 0.4049, 0.3215, 0.3298, 0.7772, 0.3359, 0.3687, 0.4976, 0.2777],
  "inv_temp": [0.4217, 0.8833, 1.1849, 0.1409, 0.2919, 0.342, 0.6881, 0.63, 0.7333, 0.0898, 0.9277, 0.5287, 0.7577, 0.727, 1.0817, 0.5483, 0.7421, 0.2127, 0.664, 0.7399, 0.5249, 0.4687, 0.08, 0.5605, 0.22, 0.4388, 0.827, 0.5586, 0.4094, 0.2376, 0.3372, 0.2708, 0.0931, 0.1395, 0.8607, 0.5818, 0.4489, 0.5548, 0.2009, 0.9375, 0.3216, 0.4222, 0.0757, 0.3354, 0.2364, 0.4295, 0.6126, 0.3946, 0.3168, 1.1052],
  "initQF": [5.2519, 1.9286, 3.4396, 3.7281, 1.0977, 1.4366, 2.9595, 1.4122, 1.4168, 1.7953, 3.4156, 3.1518, 5.1737, 4.6691, 2.411, 5.504, 2.4145, 3.5945, 3.1934, 1.7635, 3.3284, 2.7845, 3.7276, 4.8155, 3.5036, 3.4626, 1.9647, 2.0078, 6.3942, 1.6866, 3.7414, 4.667, 1.4049, 1.9546, 3.1257, 1.9509, 2.3925, 1.0354, 3.9898, 1.9823, 1.8271, 1.2994, 2.1256, 2.6677, 1.7628, 2.9069, 3.2904, 1.475, 2.2934, 4.492],
  "initQU": [5.8242, 6.4114, 5.8397, 7.5852, 6.9502, 7.4931, 8.6794, 8.2837, 8.1037, 8.7103, 5.1306, 9.5214, 6.986, 9.5027, 3.8191, 6.1715, 9.3546, 5.2428, 7.6301, 7.434, 1.7833, 7.461, 8.1244, 9.5867, 6.379, 7.1087, 6.3582, 5.2849, 6.7237, 9.0387, 7.2521, 5.2009, 9.8925, 6.7454, 6.052, 8.1141, 6.1223, 8.5147, 7.2358, 8.4288, 9.7735, 9.1365, 7.799, 8.13, 9.4141, 1.2009, 5.2891, 5.4809, 7.6742, 9.1161]
}
