{
  "n_part": 50,
  "n_trials": 30,
  "LR_conf_group": 0.288641799241304,
  "LR_disconf_group": 0.893285197671503,
  "inv_temp_group": 1.47192829521373,
  "initQF_group": 6.50663387519307,
  "initQU_group": 8.47288557561114,
  "mu_R_group": [
    [5],
    [5]
  ],
  "sigma_R_group": 2,
  "margin_group": 2,
  "LR_conf": [0.4673, 0.0026, 0.0177, 0.2159, 0.2761, 0.2304, 0.2524, 0.3421, 0.1928, 0.4527, 0.2215, 0.4913, 0.2277, 0.3759, 0.4177, 0.8248, 0.5674, 0.5011, 0.3602, 0.0643, 0.6296, 0.268, 0.1831, 0.1291, 0.4145, 0.2907, 0.1627, 0.2374, 0.2237, 0.2286, 0.2776, 0.2716, 0.0558, 0.3329, 0.1155, 0.2163, 0.2138, 0.3205, 0.6137, 0.2128, 0.1462, 0.3922, 0.1349, 0.5521, 0.2487, 0.163, 0.1642, 0.3375, 0.5548, 0.0841],
  "LR_disconf": [0.7215, 0.8888, 0.995, 0.5379, 0.9512, 0.6899, 0.7806, 0.7824, 0.8886, 0.7815, 0.7768, 0.8595, 0.7401, 0.7495, 0.7611, 0.8672, 0.881, 0.6435, 0.6996, 0.7328, 0.5982, 0.9577, 0.8866, 0.8494, 0.8112, 0.3997, 0.5151, 0.5797, 0.963, 0.8882, 0.8089, 0.8, 0.7821, 0.4717, 0.9901, 0.7771, 0.8897, 0.9478, 0.6496, 0.9804, 0.7728, 0.785, 0.9417, 0.7349, 0.9777, 0.7502, 0.6316, 0.7451, 0.9705, 0.5663],
  "inv_temp": [1.1873, 1.3347, 1.8066, 1.8819, 1.1585, 1.6283, 1.3084, 1.3315, 1.6264, 1.4581, 1.6085, 1.5291, 1.7553, 1.5924, 1.3509, 1.3465, 1.3656, 1.2628, 1.0486, 2.2494, 1.9058, 1.5543, 1.5823, 1.5752, 1.0974, 1.609, 1.7585, 1.464, 0.9496, 1.0861, 1.3506, 1.1384, 1.824, 1.2034, 0.7807, 1.7496, 1.6624, 1.0659, 1.4374, 1.5522, 1.641, 1.7101, 1.5658, 1.5773, 1.5188, 0.8922, 1.4366, 1.7613, 1.4308, 1.7891],
  "initQF": [6.5558, 8.4818, 6.0001, 6.748, 4.7081, 6.4654, 8.4773, 8.8894, 7.5817, 8.7546, 6.9483, 8.5951, 5.7568, 7.8623, 3.7492, 8.5121, 5.5277, 5.4833, 7.9872, 4.839, 7.5932, 8.3814, 9.8731, 5.9791, 6.6863, 8.4322, 6.3958, 7.623, 7.3183, 1.2672, 5.7886, 3.5045, 6.8861, 4.1587, 8.4045, 3.6186, 7.2808, 6.8866, 5.6322, 9.0385, 4.1697, 8.3587, 6.2926, 8.9428, 8.0721, 5.4724, 7.3598, 6.1078, 6.4522, 6.1814],
  "initQU": [9.4668, 8.2492, 9.4219, 9.9041, 3.4742, 8.0195, 9.4858, 7.5964, 8.4161, 9.3764, 9.341, 8.6412, 8.7161, 9.8337, 8.444, 9.0521, 7.5414, 7.0775, 7.7735, 6.9505, 9.5815, 9.4989, 7.9395, 7.4425, 6.5823, 4.5908, 6.8892, 8.8113, 7.7549, 8.6433, 5.9671, 8.9694, 8.8483, 3.4346, 7.9095, 9.954, 6.4707, 9.4516, 7.7856, 7.4161, 9.2517, 8.0177, 6.8559, 8.6504, 6.6425, 7.3108, 9.8389, 9.4205, 7.7397, 8.9736]
}
