{
  "n_part": 50,
  "n_trials": 30,
  "LR_conf_group": 0.275619116146117,
  "LR_disconf_group": 0.595362012041733,
  "inv_temp_group": 3.53018243797123,
  "initQF_group": 7.75097906077281,
  "initQU_group": 8.24690033611841,
  "mu_R_group": [
    [5],
    [5]
  ],
  "sigma_R_group": 2,
  "margin_group": 2,
  "LR_conf": [0.5215, 0.3003, 0.2084, 0.1682, 0.5595, 0.2418, 0.1861, 0.4706, 0.4671, 0.2781, 0.8071, 0.3828, 0.3445, 0.2243, 0.1506, 0.204, 0.3762, 0.0057, 0.5416, 0.5441, 0.5695, 0.4701, 0.7837, 0.3033, 0.5815, 0.1672, 0.5299, 0.3239, 0.364, 0.1026, 0.5169, 0.0009, 0.3797, 0.3474, 0.3438, 0.2234, 0.5556, 0.2155, 0.7534, 0.6138, 0.4709, 0.3299, 0.2878, 0.1946, 0.335, 0.9251, 0.0569, 0.1027, 0.2263, 0.4853],
  "LR_disconf": [0.4983, 0.5079, 0.5876, 0.6691, 0.6947, 0.1356, 0.4833, 0.9147, 0.2773, 0.1222, 0.8314, 0.8958, 0.4735, 0.6431, 0.5395, 0.6307, 0.2908, 0.6418, 0.4536, 0.3791, 0.7004, 0.519, 0.7836, 0.0834, 0.3582, 0.5326, 0.7788, 0.5954, 0.7872, 0.4871, 0.457, 0.4157, 0.6882, 0.5287, 0.5262, 0.8045, 0.5629, 0.457, 0.7439, 0.6112, 0.6155, 0.8193, 0.2924, 0.6856, 0.3576, 0.7515, 0.9177, 0.7967, 0.7159, 0.5929],
  "inv_temp": [3.4766, 3.7786, 3.0499, 3.4656, 3.8182, 3.9747, 3.2804, 3.7148, 3.7347, 3.3529, 3.1527, 3.5974, 3.6383, 3.4016, 3.4699, 3.298, 3.582, 3.6811, 3.6096, 3.7697, 4.1902, 3.5904, 3.3646, 3.9134, 3.3714, 3.3829, 3.8297, 4.0077, 3.4579, 3.3899, 3.441, 3.0666, 3.7233, 3.4575, 3.038, 3.5821, 3.6575, 3.3998, 3.7721, 3.633, 3.6325, 3.9359, 3.5513, 3.7103, 3.5358, 3.3662, 3.5514, 3.3878, 3.8819, 3.5361],
  "initQF": [7.8113, 5.97, 8.7372, 8.102, 8.6609, 7.9546, 7.1293, 7.3719, 9.4051, 9.594, 6.2396, 8.2926, 7.7926, 9.9947, 3.8254, 9.9933, 7.8028, 7.2447, 8.1032, 9.7446, 4.4621, 7.1908, 8.8667, 9.8909, 6.8335, 7.6044, 8.4748, 8.1326, 6.8737, 7.3564, 6.5167, 6.7795, 6.4642, 8.8833, 6.1305, 8.6325, 8.0885, 4.3156, 7.4181, 9.6121, 6.8631, 9.4324, 8.9662, 9.3073, 5.4922, 9.6966, 5.579, 8.0973, 7.7715, 4.4369],
  "initQU": [5.56, 9.9365, 8.1584, 3.5964, 8.9297, 3.9444, 9.2807, 7.5542, 6.3683, 5.9953, 5.9646, 9.4171, 5.3077, 9.9258, 6.8813, 8.4497, 5.2592, 7.7057, 6.2559, 9.1975, 6.4775, 7.7582, 9.379, 6.6756, 7.8274, 7.4739, 6.0813, 6.6455, 6.0096, 7.5662, 8.9945, 7.6072, 9.0122, 8.1654, 8.1487, 8.9678, 9.9671, 7.4035, 6.9352, 8.8062, 8.1001, 5.7053, 4.1474, 9.1702, 8.3059, 8.669, 6.5675, 8.9579, 9.2398, 7.8195]
}
