{
  "n_part": 50,
  "n_trials": 30,
  "LR_conf_group": 0.187830343842506,
  "LR_disconf_group": 0.241905673174188,
  "inv_temp_group": 1.10731387976557,
  "initQF_group": 8.53567206324078,
  "initQU_group": 3.82466624444351,
  "mu_R_group": [
    [5],
    [5]
  ],
  "sigma_R_group": 2,
  "margin_group": 2,
  "LR_conf": [0.5708, 0.1451, 0.4419, 0.1597, 0.5059, 0.1768, 0.2052, 0.0378, 0.0129, 0.3239, 0.115, 0.3547, 0.1412, 0.0814, 0.1379, 0.0685, 0.1397, 0.4684, 0.3767, 0.1192, 0.2714, 0.2145, 0.2212, 0.414, 0.1584, 0.5411, 0.0793, 0.0738, 0.2073, 0.2828, 0.1998, 0.1442, 0.5355, 0.1513, 0.2617, 0.1446, 0.41, 0.377, 0.0156, 0.1786, 0.0211, 0.2534, 0.2826, 0.4059, 0.145, 0.2113, 0.226, 0.0912, 0.108, 0.046],
  "LR_disconf": [0.1007, 0.3955, 0.1536, 0.4619, 0.2114, 0.1574, 0.2951, 0.4913, 0.2423, 0.1282, 0.1521, 0.3127, 0.2844, 0.2312, 0.3009, 0.1828, 0.3721, 0.3618, 0.1675, 0.454, 0.3412, 0.3596, 0.1979, 0.8456, 0.0532, 0.0831, 0.2204, 0.0107, 0.1017, 0.2398, 0.0975, 0.2171, 0.17, 0.5108, 0.1299, 0.3977, 0.1872, 0.3584, 0.4483, 0.7138, 0.4136, 0.8974, 0.3706, 0.2069, 0.4521, 0.1116, 0.087, 0.3838, 0.3356, 0.2405],
  "inv_temp": [0.9866, 1.2325, 0.5981, 1.0959, 1.3749, 1.2478, 0.8398, 1.2936, 0.6725, 1.0253, 1.5587, 1.4993, 1.5783, 1.0667, 1.1672, 1.8254, 1.0567, 1.2403, 0.828, 0.8536, 0.5852, 1.3103, 1.2644, 0.6644, 1.6085, 0.9627, 1.1593, 0.6998, 1.3972, 1.2954, 1.1996, 1.3158, 1.6638, 1.1676, 0.7569, 1.2675, 0.7212, 0.703, 1.3001, 1.3242, 1.4158, 0.8064, 1.1855, 0.9925, 1.2334, 1.4875, 0.7848, 1.445, 1.2916, 1.1661],
  "initQF": [6.0458, 8.1064, 9.8341, 7.4392, 7.9623, 8.0614, 5.3725, 6.7141, 8.7215, 8.7362, 6.2519, 9.624, 8.3666, 8.4133, 6.7283, 8.3611, 7.4457, 7.6675, 7.7556, 9.5814, 9.1295, 7.6983, 9.0314, 5.7794, 7.8854, 7.6672, 6.6566, 7.6024, 8.0893, 7.7501, 9.2836, 8.7927, 9.2943, 8.212, 8.6566, 7.6185, 7.4514, 9.187, 9.0559, 8.5948, 7.5437, 8.9965, 7.3449, 9.3034, 7.4592, 7.871, 6.2143, 7.9412, 8.5038, 9.4268],
  "initQU": [1.6585, 1.3194, 4.5525, 4.0399, 2.9978, 8.1226, 4.2333, 4.9599, 7.0477, 5.082, 7.4275, 7.2582, 2.2635, 2.905, 8.9626, 2.4748, 1.8815, 2.3788, 3.3296, 3.713, 3.6511, 2.3609, 3.9066, 7.984, 2.8833, 5.1708, 2.7934, 6.2949, 6.6048, 4.2036, 5.8807, 2.3599, 2.7614, 4.4104, 8.6511, 2.2519, 1.8745, 4.321, 3.6702, 3.4305, 4.1986, 4.2908, 4.7081, 4.7326, 1.8172, 2.816, 5.9975, 5.3014, 5.152, 4.6236]
}
