{
  "n_part": 50,
  "n_trials": 30,
  "LR_conf_group": 0.768354018218815,
  "LR_disconf_group": 0.580605753697455,
  "inv_temp_group": 2.01649164664559,
  "initQF_group": 9.15415612934157,
  "initQU_group": 2.05862312833779,
  "mu_R_group": [
    [5],
    [5]
  ],
  "sigma_R_group": 2,
  "margin_group": 2,
  "LR_conf": [0.7534, 0.4062, 0.453, 0.6958, 0.8526, 0.4977, 0.56, 0.918, 0.796, 0.949, 0.7341, 0.7138, 0.5415, 0.9029, 0.4862, 0.4595, 0.7688, 0.0846, 0.6499, 0.9741, 0.9241, 0.4113, 0.7282, 0.7615, 0.7597, 0.8508, 0.9604, 0.638, 0.648, 0.5954, 0.7544, 0.7637, 0.5861, 0.7545, 0.7928, 0.714, 0.6065, 0.6732, 0.783, 0.829, 0.5508, 0.6766, 0.6032, 0.5835, 0.5111, 0.6233, 0.7442, 0.443, 0.5851, 0.6737],
  "LR_disconf": [0.9343, 0.3236, 0.9306, 0.5398, 0.4132, 0.3662, 0.5053, 0.8976, 0.4866, 0.6192, 0.5544, 0.4864, 0.4663, 0.3458, 0.5327, 0.8975, 0.6108, 0.6315, 0.2809, 0.5723, 0.3562, 0.8165, 0.4657, 0.7908, 0.778, 0.3482, 0.426, 0.716, 0.8212, 0.9208, 0.5086, 0.4621, 0.3884, 0.5099, 0.3319, 0.4737, 0.5723, 0.6375, 0.449, 0.4754, 0.5598, 0.5138, 0.8288, 0.3708, 0.5925, 0.6291, 0.2138, 0.3432, 0.6899, 0.3878],
  "inv_temp": [1.5397, 1.3929, 1.4909, 2.0319, 2.0429, 1.5689, 1.6165, 1.9916, 2.5612, 1.6807, 2.042, 1.8021, 2.0636, 2.093, 1.8667, 1.4905, 2.2152, 1.8032, 2.6457, 2.4008, 2.3147, 1.5382, 1.6044, 1.8317, 1.8813, 2.3114, 1.9343, 2.1501, 1.9865, 1.9093, 1.6589, 1.9969, 1.9818, 1.9364, 1.7582, 1.4321, 2.0807, 2.4702, 2.2269, 2.1947, 1.7549, 1.865, 2.2716, 2.3354, 2.1799, 2.2871, 1.7895, 2.2699, 1.8715, 2.381],
  "initQF": [7.8244, 8.6799, 7.7433, 5.5088, 8.3238, 7.0719, 7.9365, 7.1154, 2.4111, 8.8458, 8.2001, 6.5023, 5.8422, 9.0412, 9.8372, 9.8513, 6.5755, 9.0663, 9.4103, 9.5451, 9.8187, 8.6163, 9.7839, 8.2095, 8.5915, 9.9784, 9.2547, 6.4284, 8.3621, 9.9914, 9.4956, 8.6173, 6.4704, 9.6402, 9.1932, 5.1081, 6.4302, 9.1722, 9.1285, 7.518, 8.921, 9.191, 8.3705, 7.3984, 8.8403, 8.2809, 8.1994, 6.9954, 7.2597, 7.6955],
  "initQU": [1.4395, 2.9662, 1.8779, 4.6262, 3.0771, 1.8197, 4.3049, 4.0272, 2.0427, 3.0389, 2.7856, 1.4516, 1.3819, 4.1594, 2.0974, 5.2943, 3.1513, 1.5126, 1.9194, 5.5977, 1.7512, 1.3528, 5.8278, 4.2717, 2.448, 3.6822, 2.1198, 1.3784, 2.5831, 4.7714, 6.3509, 4.3562, 2.8266, 5.9947, 2.7427, 2.2808, 2.2235, 1.2839, 1.7731, 2.2442, 4.959, 2.889, 2.2423, 1.9929, 6.6753, 4.4661, 1.9252, 2.9981, 1.3902, 2.1878]
}
