{
  "n_part": 50,
  "n_trials": 30,
  "LR_conf_group": 0.864425064995885,
  "LR_disconf_group": 0.0411852411925793,
  "inv_temp_group": 4.96787006151862,
  "initQF_group": 1.5558524467051,
  "initQU_group": 5.24351085023955,
  "mu_R_group": [
    [5],
    [5]
  ],
  "sigma_R_group": 2,
  "margin_group": 2,
  "LR_conf": [0.6084, 0.8161, 0.8337, 0.8809, 0.5971, 0.9859, 0.7298, 0.7345, 0.7237, 0.885, 0.799, 0.7061, 0.9804, 0.9931, 0.7989, 0.4336, 0.8703, 0.8059, 0.8548, 0.9192, 0.4612, 0.7859, 0.968, 0.8157, 0.5504, 0.8819, 0.9194, 0.5842, 0.7688, 0.8655, 0.6964, 0.6315, 0.6128, 0.5398, 0.9012, 0.5518, 0.662, 0.5654, 0.8664, 0.7591, 0.8761, 0.8719, 0.6237, 0.7594, 0.4755, 0.6829, 0.8135, 0.8191, 0.738, 0.8756],
  "LR_disconf": [0.0622, 0.0627, 0.0182, 0.1576, 0.2325, 0.1298, 0.0538, 0.0911, 0.2469, 0.0555, 0.0733, 0.1053, 0.0663, 0.037, 0.137, 0.1314, 0.1333, 0.195, 0.0576, 0.2066, 0.0484, 0.3184, 0.0913, 0.1527, 0.0284, 0.3139, 0.1947, 0.1276, 0.2218, 0.1777, 0.1334, 0.1982, 0.0967, 0.1782, 0.17, 0.1962, 0.017, 0.0465, 0.0006, 0.4579, 0.0601, 0.1693, 0.2509, 0.0036, 0.2949, 0.1783, 0.1906, 0.0469, 0.2198, 0.2172],
  "inv_temp": [4.8002, 4.4502, 4.6779, 4.5873, 4.8299, 4.641, 4.8211, 4.5638, 4.5225, 4.9624, 4.5557, 4.8517, 4.8222, 4.6685, 4.6174, 4.7078, 4.9728, 4.9638, 4.9462, 4.9267, 4.4279, 4.5682, 4.5422, 4.7464, 4.6008, 4.877, 4.8217, 4.552, 4.4309, 4.3503, 4.8595, 4.8708, 4.6397, 4.8592, 4.9408, 4.4384, 4.9113, 4.789, 4.6934, 4.3484, 4.552, 4.8998, 4.6628, 4.9983, 4.9935, 4.7508, 4.498, 4.6936, 4.8963, 4.9706],
  "initQF": [2.4713, 5.2226, 1.3747, 3.3715, 2.4742, 2.424, 2.5271, 1.8042, 1.4972, 1.9375, 5.4509, 4.2459, 4.8855, 1.3914, 3.3603, 3.44, 1.9814, 4.673, 3.0024, 3.0129, 2.0149, 3.4789, 2.5701, 2.6575, 3.0963, 3.3502, 1.803, 4.0605, 2.7156, 1.1736, 4.7276, 4.3068, 3.9313, 2.1933, 2.5034, 3.6714, 1.343, 2.7871, 3.549, 2.6739, 1.0618, 2.6358, 1.8946, 4.0952, 2.6767, 5.1072, 1.8271, 1.8654, 2.3642, 1.8944],
  "initQU": [3.257, 4.8874, 4.3747, 9.6485, 7.0043, 4.5834, 4.6797, 2.9412, 8.185, 3.2055, 8.2495, 4.4725, 6.0111, 3.4384, 6.3266, 4.6017, 5.0392, 7.9891, 7.288, 3.267, 7.616, 6.4088, 6.4908, 6.0642, 6.6114, 4.7038, 3.1097, 4.867, 4.3232, 4.9237, 4.2021, 5.6067, 6.6565, 4.5096, 7.7571, 3.1161, 1.5766, 8.8677, 3.7968, 7.3783, 6.9066, 4.9467, 3.8565, 5.3019, 3.071, 6.8189, 9.2982, 4.4188, 7.4235, 4.0373]
}
