{
  "n_part": 50,
  "n_trials": 30,
  "LR_conf_group": 0.96289143152535,
  "LR_disconf_group": 0.964908140478656,
  "inv_temp_group": 2.91816957993433,
  "initQF_group": 9.47196337673813,
  "initQU_group": 7.44445445854217,
  "mu_R_group": [
    [5],
    [5]
  ],
  "sigma_R_group": 2,
  "margin_group": 2,
  "LR_conf": [0.6495, 0.6308, 0.7546, 0.7946, 0.7228, 0.9621, 0.9232, 0.7767, 0.723, 0.9838, 0.7292, 0.8469, 0.7723, 0.6255, 0.901, 0.6706, 0.9335, 0.5774, 0.9829, 0.9036, 0.7953, 0.9185, 0.8436, 0.7317, 0.3699, 0.9467, 0.9682, 0.5137, 0.748, 0.7625, 0.9949, 0.7656, 0.423, 0.9942, 0.9392, 0.7121, 0.9721, 0.9935, 0.9599, 0.9226, 0.7836, 0.597, 0.7333, 0.5114, 0.4886, 0.9325, 0.5811, 0.8992, 0.8869, 0.7649],
  "LR_disconf": [0.7648, 0.8948, 0.805, 0.8074, 0.977, 0.9262, 0.8584, 0.9342, 0.8568, 0.6927, 0.9645, 0.7466, 0.8482, 0.9399, 0.6769, 0.7996, 0.6592, 0.8643, 0.6652, 0.6279, 0.7613, 0.876, 0.9047, 0.8916, 0.8624, 0.7729, 0.9492, 0.884, 0.7556, 0.7036, 0.9733, 0.8511, 0.8274, 0.9873, 0.9786, 0.8729, 0.9695, 0.8151, 0.9983, 0.9582, 0.9209, 0.7915, 0.9274, 0.7839, 0.907, 0.6446, 0.9798, 0.9154, 0.8739, 0.8129],
  "inv_temp": [3.2066, 3.006, 3.16, 3.1262, 2.7462, 2.6776, 2.9007, 2.6689, 2.7149, 3.1579, 2.8127, 2.751, 2.8205, 2.7573, 2.7731, 2.7801, 2.7122, 2.7547, 2.5079, 3.2957, 3.0759, 3.0472, 2.9654, 2.8659, 2.8709, 3.4687, 3.2292, 2.7746, 2.6173, 2.2035, 3.4765, 2.5018, 3.1819, 2.8387, 3.3875, 3.3594, 3.0333, 2.8132, 2.8966, 2.69, 3.5288, 2.737, 2.7897, 2.9608, 2.5649, 2.913, 2.89, 2.8348, 2.8174, 2.9236],
  "initQF": [7.0921, 9.4266, 6.0147, 7.682, 9.9682, 9.1359, 5.1808, 7.7763, 8.2819, 7.4564, 5.5465, 9.8546, 7.787, 8.4752, 8.157, 7.1807, 8.3298, 9.049, 8.2606, 8.535, 8.947, 9.0507, 8.4607, 4.6619, 8.2083, 9.7615, 8.4966, 7.5183, 9.0939, 7.5775, 9.2292, 9.7491, 8.7698, 8.599, 8.7816, 9.0256, 9.2756, 9.1296, 9.0221, 6.517, 5.1975, 3.9877, 9.5756, 9.1491, 8.2425, 7.4013, 9.328, 9.8833, 4.6123, 9.7496],
  "initQU": [5.3733, 8.0587, 6.8499, 8.5788, 9.7364, 7.0672, 3.8971, 8.6101, 7.7762, 7.6504, 8.0393, 9.5789, 5.8316, 7.5393, 8.5089, 7.2311, 3.5299, 6.1399, 7.1725, 6.2726, 7.3401, 5.7197, 8.6177, 4.7662, 7.5444, 6.7909, 5.7701, 7.9692, 6.5315, 6.1539, 6.3528, 6.1804, 8.4809, 7.0628, 7.5592, 7.5335, 6.8024, 7.219, 5.0381, 9.5664, 6.9682, 8.4043, 7.8236, 7.3373, 5.989, 9.88, 5.0685, 5.4223, 7.0769, 6.5317]
}
