{
  "n_part": 50,
  "n_trials": 30,
  "LR_conf_group": 0.383848598459736,
  "LR_disconf_group": 0.912100971443579,
  "inv_temp_group": 2.8208122018259,
  "initQF_group": 5.42599022155628,
  "initQU_group": 9.96657380624674,
  "mu_R_group": [
    [5],
    [5]
  ],
  "sigma_R_group": 2,
  "margin_group": 2,
  "LR_conf": [0.223, 0.1404, 0.6689, 0.3483, 0.2504, 0.2688, 0.2904, 0.2598, 0.4965, 0.5815, 0.5554, 0.1323, 0.239, 0.4866, 0.5722, 0.7377, 0.1948, 0.1933, 0.5609, 0.6136, 0.1861, 0.3135, 0.1897, 0.5056, 0.3591, 0.7276, 0.1179, 0.4718, 0.2488, 0.1566, 0.3599, 0.807, 0.3857, 0.3367, 0.1202, 0.5713, 0.3129, 0.4965, 0.1512, 0.3936, 0.2101, 0.5957, 0.698, 0.4416, 0.609, 0.2801, 0.3834, 0.5401, 0.2976, 0.51],
  "LR_disconf": [0.9858, 0.6139, 0.8952, 0.9983, 0.7049, 0.985, 0.7497, 0.7638, 0.946, 0.7863, 0.5933, 0.9022, 0.7614, 0.6618, 0.6486, 0.5148, 0.9208, 0.9716, 0.9926, 0.9808, 0.8355, 0.7265, 0.7192, 0.7222, 0.9212, 0.9759, 0.5444, 0.8403, 0.9121, 0.775, 0.8841, 0.8444, 0.8655, 0.6998, 0.9749, 0.9576, 0.6311, 0.7196, 0.8909, 0.4002, 0.9322, 0.883, 0.9419, 0.5822, 0.9582, 0.8886, 0.8128, 0.7647, 0.9947, 0.5059],
  "inv_temp": [2.68, 3.1181, 2.6031, 2.983, 2.6021, 2.8658, 3.2775, 2.4269, 3.1622, 3.1366, 3.1371, 2.7178, 2.4279, 2.3848, 2.676, 3.1441, 2.7574, 2.9377, 2.6893, 3.3118, 2.1472, 2.7392, 2.9174, 3.0134, 2.5718, 2.2618, 2.9366, 2.7328, 2.6065, 3.4195, 2.4652, 2.5594, 2.6818, 2.9026, 2.8603, 2.6535, 3.0902, 3.0639, 2.9036, 3.4938, 2.7777, 2.6419, 3.0122, 3.0698, 2.5283, 3.0079, 2.7315, 2.8647, 2.2576, 2.4035],
  "initQF": [5.6158, 7.7855, 4.5888, 6.9555, 5.542, 5.6967, 7.0554, 4.9169, 4.7489, 2.798, 8.5018, 7.4782, 5.8548, 5.0066, 7.9044, 2.7126, 5.14, 5.6024, 6.049, 2.5275, 4.4167, 6.188, 6.663, 8.9237, 4.5875, 7.2985, 5.5158, 3.8682, 6.0489, 4.1945, 3.5871, 7.4875, 3.5189, 4.9556, 4.701, 3.7482, 5.3685, 5.4747, 4.4075, 4.0418, 6.3661, 4.4805, 8.6309, 5.7972, 5.5483, 4.8863, 8.1619, 6.8305, 7.7513, 3.5886],
  "initQU": [9.2749, 7.6556, 6.2513, 6.8272, 9.9316, 8.1349, 8.8532, 9.0087, 5.7175, 9.5696, 9.5466, 8.8945, 9.393, 8.2495, 7.8553, 9.2716, 6.4416, 7.0891, 6.2822, 6.7492, 9.3861, 9.979, 4.8198, 6.046, 9.0747, 8.5609, 9.5591, 9.7475, 7.608, 8.5464, 9.0636, 9.0229, 9.7622, 9.3037, 9.3046, 7.6091, 9.0102, 9.4837, 8.3903, 9.6898, 9.2148, 9.7397, 9.7173, 8.4787, 9.9328, 8.0027, 5.8385, 7.846, 5.8487, 7.2874]
}
