{
  "n_part": 50,
  "n_trials": 30,
  "LR_conf_group": 0.295506168156862,
  "LR_disconf_group": 0.264035724569112,
  "inv_temp_group": 3.86124528828077,
  "initQF_group": 7.09653287497349,
  "initQU_group": 3.57201541541144,
  "mu_R_group": [
    [5],
    [5]
  ],
  "sigma_R_group": 2,
  "margin_group": 2,
  "LR_conf": [0.1651, 0.4798, 0.0605, 0.4048, 0.521, 0.378, 0.1213, 0.4394, 0.5725, 0.4385, 0.3175, 0.1089, 0.2551, 0.4261, 0.1946, 0.6815, 0.1695, 0.1104, 0.2335, 0.1572, 0.1292, 0.6078, 0.5273, 0.4605, 0.199, 0.4835, 0.3338, 0.1393, 0.0156, 0.2556, 0.2311, 0.1735, 0.4879, 0.4793, 0.5185, 0.2865, 0.2539, 0.4426, 0.2776, 0.1627, 0.1408, 0.5493, 0.1779, 0.2219, 0.5032, 0.5011, 0.4488, 0.1273, 0.415, 0.3761],
  "LR_disconf": [0.5554, 0.1282, 0.1106, 0.409, 0.351, 0.2955, 0.4847, 0.3022, 0.0401, 0.2804, 0.297, 0.1983, 0.3593, 0.3665, 0.3733, 0.4395, 0.3263, 0.522, 0.0911, 0.4686, 0.2521, 0.6936, 0.1158, 0.4716, 0.447, 0.0766, 0.1775, 0.3318, 0.6965, 0.188, 0.1795, 0.2838, 0.1555, 0.3115, 0.2001, 0.3404, 0.3421, 0.3812, 0.2925, 0.1562, 0.1887, 0.3758, 0.2423, 0.0369, 0.3229, 0.7288, 0.3186, 0.4325, 0.4805, 0.3703],
  "inv_temp": [3.7146, 3.7834, 3.7174, 3.8189, 3.5892, 4.1237, 3.8865, 4.0523, 3.5499, 4.119, 4.0475, 3.9784, 3.9239, 3.8122, 3.8939, 3.5421, 3.652, 3.4084, 3.4552, 3.9261, 4.0001, 3.679, 4.2275, 4.4569, 3.8811, 4.1269, 3.8901, 3.5749, 4.0798, 3.5719, 3.4845, 3.8197, 3.8288, 3.6773, 4.1309, 3.5906, 4.1676, 4.2671, 3.9932, 4.0127, 4.1345, 3.7814, 4.3158, 4.0874, 4.0769, 3.608, 3.76, 3.7746, 3.8599, 4.3515],
  "initQF": [8.7964, 7.6786, 7.0189, 6.8607, 6.9404, 9.3681, 8.4766, 7.2466, 4.9999, 8.7417, 8.2617, 6.6186, 6.9313, 9.2732, 4.6821, 5.76, 5.1471, 9.2592, 3.6544, 8.7458, 9.1557, 7.9748, 4.8811, 9.4347, 7.1131, 6.4973, 6.4435, 5.7887, 7.6563, 6.5294, 8.9092, 8.5472, 8.7098, 6.9253, 7.9569, 7.7037, 7.1861, 9.3225, 8.3278, 7.4413, 9.3635, 4.6138, 6.1031, 7.5036, 7.4228, 5.956, 5.2464, 7.8744, 6.6647, 9.4059],
  "initQU": [3.4395, 3.7585, 4.7817, 4.078, 5.2428, 5.5002, 3.5454, 3.6465, 2.9229, 3.3458, 2.2429, 4.9706, 2.6453, 2.5702, 4.4867, 6.4678, 7.2362, 1.1905, 3.7919, 3.6252, 3.6892, 5.3101, 4.3976, 3.7209, 3.7256, 5.5231, 5.0556, 4.6096, 3.4618, 3.0374, 4.1167, 1.3802, 3.9422, 3.6984, 5.2852, 2.5189, 1.2556, 3.4508, 3.9815, 4.2584, 6.1518, 4.0581, 4.9062, 4.3966, 3.3143, 6.4188, 5.118, 5.0866, 4.7462, 2.6261]
}
