{
  "n_part": 50,
  "n_trials": 30,
  "LR_group": 0.195719790877774,
  "inv_temp_group": 3.51186556392349,
  "initQF_group": 5.12642726558261,
  "initQU_group": 5.12556261359714,
  "mu_R_group": [
    [5],
    [5]
  ],
  "sigma_R_group": 2,
  "LR": [0.1342, 0.1752, 0.3159, 0.2208, 0.3033, 0.2911, 0.1962, 0.5408, 0.2797, 0.166, 0.3614, 0.1803, 0.1492, 0.1295, 0.6198, 0.3011, 0.1537, 0.0892, 0.1709, 0.023, 0.3166, 0.1694, 0.087, 0.3814, 0.3901, 0.0574, 0.11, 0.2325, 0.371, 0.0687, 0.1524, 0.6249, 0.2848, 0.5874, 0.1858, 0.2806, 0.1093, 0.3435, 0.1747, 0.2397, 0.3719, 0.1387, 0.2223, 0.1328, 0.0699, 0.0467, 0.1894, 0.1422, 0.5629, 0.1224],
  "inv_temp": [3.6923, 3.7377, 3.7108, 3.1866, 3.7769, 3.5403, 3.5835, 3.1582, 4.0329, 3.672, 3.2464, 2.9185, 3.4338, 4.0137, 3.7918, 3.9875, 3.4647, 3.3716, 3.4323, 3.5334, 3.3464, 4.1836, 3.2491, 3.4172, 3.5181, 3.5872, 3.98, 3.3116, 3.2494, 3.4611, 3.3984, 3.7072, 3.6687, 3.8644, 3.0706, 4.0124, 3.2108, 3.3827, 3.4632, 3.094, 3.6482, 2.8927, 2.7086, 3.3556, 3.6993, 3.5609, 3.7653, 2.9383, 3.1523, 3.4712],
  "initQF": [7.9743, 5.9515, 4.0501, 3.6888, 7.5783, 5.3335, 1.9883, 4.7331, 5.2379, 5.5882, 5.1137, 3.4887, 5.6586, 5.8708, 3.8551, 4.8497, 3.4904, 4.3662, 3.8276, 9.1424, 5.2175, 4.5059, 2.7834, 7.0219, 4.8992, 2.9325, 3.2147, 3.115, 8.1125, 5.6045, 2.3606, 2.3219, 4.0486, 3.812, 1.4487, 9.9823, 4.5941, 6.8651, 4.8985, 7.9745, 2.876, 6.6838, 5.931, 1.9625, 3.0102, 5.7716, 5.8516, 6.9299, 6.7588, 5.3985],
  "initQU": [4.5791, 8.2493, 7.0369, 5.4422, 7.4314, 7.7966, 4.7558, 4.9182, 5.1922, 2.0609, 7.9421, 7.0411, 6.2579, 5.7293, 3.0943, 2.4857, 5.4588, 6.9408, 3.0241, 3.5995, 6.413, 3.1656, 6.8827, 6.1284, 5.9154, 5.231, 4.767, 6.1422, 4.3455, 6.4424, 6.6416, 9.0336, 4.45, 3.1053, 5.7019, 8.2531, 5.7706, 5.9068, 2.3311, 4.2116, 8.3461, 5.028, 7.1708, 5.5116, 8.216, 1.5741, 7.2103, 5.395, 8.058, 8.2633]
}
