{
  "n_part": 50,
  "n_trials": 30,
  "LR_group": 0.454777689417824,
  "inv_temp_group": 2.52775478642434,
  "initQF_group": 3.46549168974161,
  "initQU_group": 8.69122679601423,
  "mu_R_group": [
    [5],
    [5]
  ],
  "sigma_R_group": 2,
  "LR": [0.3081, 0.5404, 0.7101, 0.2768, 0.7766, 0.5729, 0.7559, 0.5197, 0.4352, 0.4147, 0.2658, 0.1824, 0.3844, 0.3678, 0.6041, 0.3074, 0.36, 0.5165, 0.5512, 0.2573, 0.6712, 0.3346, 0.5307, 0.4115, 0.3168, 0.4958, 0.2322, 0.3245, 0.3219, 0.5353, 0.6165, 0.6314, 0.6976, 0.6761, 0.3596, 0.5104, 0.1567, 0.4452, 0.6192, 0.2569, 0.2924, 0.7014, 0.8721, 0.3556, 0.5804, 0.6544, 0.3602, 0.3595, 0.6362, 0.6804],
  "inv_temp": [2.5846, 2.6339, 2.519, 2.3355, 2.7736, 2.3791, 3.0133, 2.7264, 2.5652, 2.8777, 2.1029, 2.5735, 2.5302, 2.8044, 1.9157, 2.3455, 2.9245, 2.9589, 2.7792, 2.7672, 2.8202, 1.8802, 2.9211, 2.879, 2.4332, 2.1715, 2.6848, 2.5295, 2.7553, 2.8298, 2.5312, 2.3907, 2.1772, 2.4562, 2.6417, 2.7661, 3.2734, 2.495, 2.6966, 2.0891, 2.2634, 2.5192, 2.4711, 2.0852, 2.5798, 2.9214, 2.9381, 2.3198, 2.2243, 2.8924],
  "initQF": [3.8331, 2.68, 1.9424, 1.9254, 4.1756, 6.0038, 3.8915, 5.0976, 4.2603, 1.5642, 3.8205, 9.6463, 1.9352, 4.785, 5.4025, 5.8274, 4.7308, 2.7068, 6.191, 2.7855, 1.4147, 2.6537, 5.7926, 6.3673, 3.2649, 3.8489, 8.3134, 6.5549, 8.9511, 4.8225, 5.3097, 4.5772, 3.4907, 2.3496, 3.6792, 5.3291, 5.7591, 2.4842, 4.5179, 4.1661, 2.3298, 7.0621, 1.4145, 6.3937, 5.4638, 3.7808, 1.6263, 7.1623, 2.3009, 4.2619],
  "initQU": [6.8785, 7.8794, 7.5034, 7.8266, 9.8307, 8.8499, 8.6361, 5.1345, 8.7368, 9.0088, 8.8073, 6.6292, 9.8524, 9.8736, 6.39, 8.728, 4.004, 9.1253, 6.5503, 7.9068, 8.0857, 8.3752, 5.9958, 9.7077, 7.9022, 9.3735, 8.4744, 7.2405, 8.7897, 8.6848, 7.7746, 9.9958, 4.7804, 9.7282, 7.7043, 8.235, 9.1848, 6.8976, 7.6331, 9.5585, 5.4914, 5.9759, 7.3364, 5.2763, 6.596, 7.5554, 5.8914, 9.7968, 6.1161, 6.0083]
}
