{
  "n_part": 50,
  "n_trials": 30,
  "LR_group": 0.839482965646312,
  "inv_temp_group": 4.22336838790216,
  "initQF_group": 6.38741108006798,
  "initQU_group": 4.92824944457971,
  "mu_R_group": [
    [5],
    [5]
  ],
  "sigma_R_group": 2,
  "LR": [0.6971, 0.8668, 0.8853, 0.673, 0.6929, 0.2979, 0.7939, 0.6714, 0.7299, 0.7382, 0.9661, 0.8156, 0.828, 0.917, 0.9802, 0.8638, 0.8276, 0.9894, 0.6882, 0.8994, 0.8859, 0.7192, 0.7747, 0.9329, 0.4697, 0.6897, 0.8356, 0.819, 0.893, 0.6966, 0.4385, 0.5399, 0.8758, 0.6713, 0.6541, 0.8485, 0.7836, 0.6785, 0.7932, 0.877, 0.4944, 0.98, 0.6756, 0.8396, 0.9561, 0.5943, 0.3831, 0.4217, 0.7149, 0.9794],
  "inv_temp": [3.9741, 4.5355, 4.3307, 4.5901, 4.193, 4.5824, 4.0239, 3.7871, 3.7781, 4.4972, 4.8237, 3.8649, 4.0587, 4.4937, 4.47, 3.6987, 4.6309, 4.8259, 4.464, 3.9262, 3.5129, 4.4053, 3.9331, 4.1579, 4.6227, 4.1574, 4.2704, 4.124, 3.7221, 4.4483, 3.9865, 3.9252, 4.4386, 4.3121, 3.5478, 4.1665, 4.0725, 4.3899, 4.3382, 3.8929, 4.2928, 4.0353, 4.6582, 4.7376, 4.0874, 3.8328, 4.3926, 4.4534, 4.6314, 4.1258],
  "initQF": [3.0894, 4.5947, 3.3789, 8.7736, 6.7489, 3.6904, 7.6299, 6.0959, 7.1836, 5.9561, 8.6857, 8.294, 9.0045, 2.0414, 6.896, 7.5099, 6.3819, 4.7168, 4.6897, 7.0572, 5.4742, 5.5665, 7.9335, 1.7981, 8.0117, 4.2408, 8.6499, 4.8801, 7.5377, 5.7737, 5.6164, 7.4845, 1.3221, 8.1272, 4.4834, 8.1056, 5.9632, 8.3569, 8.2931, 7.8667, 7.2321, 3.7048, 9.0312, 5.5635, 7.2619, 4.825, 6.153, 7.7581, 6.35, 9.2217],
  "initQU": [7.0993, 6.1772, 4.7808, 3.4077, 4.3622, 8.1427, 2.7337, 8.0135, 4.6731, 4.8443, 6.135, 4.4975, 5.344, 5.7618, 4.7252, 4.0214, 2.8528, 4.5987, 5.0292, 4.6469, 2.3122, 4.7159, 6.4847, 5.6082, 5.4319, 3.4819, 8.8109, 2.774, 5.5188, 3.9726, 6.9185, 5.7058, 5.328, 5.6642, 4.6694, 2.8061, 3.2288, 3.7251, 5.5895, 3.0036, 4.9254, 6.4114, 6.8872, 3.4935, 9.0412, 7.2384, 6.641, 6.9496, 6.6398, 7.537]
}
