{
  "n_part": 50,
  "n_trials": 30,
  "LR_group": 0.482419769046828,
  "inv_temp_group": 1.36642061988823,
  "initQF_group": 9.11514930007979,
  "initQU_group": 1.34580531646498,
  "mu_R_group": [
    [5],
    [5]
  ],
  "sigma_R_group": 2,
  "LR": [0.6772, 0.5153, 0.5038, 0.5124, 0.7566, 0.1716, 0.3336, 0.5955, 0.5799, 0.5728, 0.1095, 0.5356, 0.4801, 0.1192, 0.6553, 0.3805, 0.3356, 0.3609, 0.5362, 0.7867, 0.2452, 0.5633, 0.5176, 0.1693, 0.0515, 0.6158, 0.2369, 0.7401, 0.6058, 0.3228, 0.4483, 0.4729, 0.8027, 0.5654, 0.5347, 0.4536, 0.2632, 0.4544, 0.5738, 0.361, 0.5552, 0.545, 0.7672, 0.0929, 0.6032, 0.741, 0.4972, 0.7159, 0.3075, 0.3178],
  "inv_temp": [1.2192, 1.2933, 1.0845, 1.6483, 1.2157, 0.8981, 1.4825, 1.0793, 1.7271, 1.4786, 1.6237, 1.8146, 1.1372, 1.3651, 1.5899, 1.7647, 1.0181, 1.7657, 1.5236, 1.6253, 1.0134, 1.0936, 1.8667, 1.3584, 1.8227, 1.4381, 1.623, 1.1283, 1.1245, 1.5572, 1.597, 0.7705, 1.4772, 1.8603, 1.5722, 1.3861, 1.3884, 1.4515, 1.2769, 1.3445, 0.8863, 1.8545, 1.3894, 1.2068, 1.905, 1.7554, 1.6197, 1.6048, 1.6187, 1.5026],
  "initQF": [7.5385, 9.2663, 7.0356, 8.5186, 4.2961, 9.6624, 7.7753, 9.8404, 7.8413, 7.5889, 6.616, 8.7699, 7.3008, 8.6524, 7.5305, 8.6641, 7.4617, 7.4233, 7.5616, 7.5189, 7.5256, 5.7418, 8.569, 7.2509, 6.0153, 7.5487, 9.3216, 5.9676, 8.5601, 9.2909, 3.7025, 8.1238, 7.8075, 9.0067, 5.6876, 9.1613, 6.9446, 8.706, 5.4344, 8.4738, 7.9876, 8.3294, 8.0016, 8.8203, 7.4148, 7.5939, 8.2776, 8.0464, 7.4608, 9.0783],
  "initQU": [3.9761, 2.9682, 4.6979, 4.0132, 3.8775, 1.5269, 1.712, 1.5055, 2.0849, 4.0482, 1.3235, 2.5358, 2.0693, 4.2819, 2.1111, 2.1028, 4.6681, 4.3487, 1.5093, 3.4149, 4.1255, 3.4012, 1.0287, 4.3887, 4.0099, 5.3846, 1.6443, 4.5758, 1.2608, 2.3694, 2.4395, 1.507, 1.8302, 1.1427, 2.3002, 1.5148, 1.8652, 2.6958, 3.6003, 2.979, 3.4976, 3.7403, 4.1873, 1.3417, 4.4141, 1.6921, 1.7789, 3.7884, 2.4228, 4.1097]
}
