{
  "n_part": 50,
  "n_trials": 30,
  "LR_group": 0.799043396487832,
  "inv_temp_group": 4.18873845483176,
  "initQF_group": 2.34160388447344,
  "initQU_group": 6.32436905545183,
  "mu_R_group": [
    [5],
    [5]
  ],
  "sigma_R_group": 2,
  "LR": [0.7919, 0.5705, 0.8342, 0.1652, 0.5181, 0.7895, 0.5341, 0.9946, 0.877, 0.7216, 0.3137, 0.6981, 0.9359, 0.7414, 0.9537, 0.7068, 0.8339, 0.784, 0.3647, 0.9228, 0.7913, 0.9905, 0.6157, 0.6757, 0.9926, 0.9226, 0.7548, 0.7228, 0.9952, 0.804, 0.8061, 0.6816, 0.7914, 0.7943, 0.734, 0.8606, 0.9094, 0.8827, 0.2667, 0.8739, 0.7735, 0.8374, 0.8534, 0.6397, 0.9567, 0.974, 0.8745, 0.687, 0.9085, 0.8759],
  "inv_temp": [4.325, 4.4765, 3.8498, 4.0962, 3.9763, 4.5949, 4.4454, 3.8123, 4.4113, 4.4657, 4.7705, 4.3663, 4.3317, 4.4349, 3.8862, 4.3168, 4.2337, 3.9638, 4.1922, 4.0257, 4.0794, 4.8844, 4.3806, 4.5093, 4.6855, 4.012, 4.1276, 4.4756, 4.1161, 3.9181, 4.1572, 4.1931, 3.9452, 4.169, 4.4899, 4.0096, 4.5102, 4.1367, 4.3387, 4.7355, 4.2346, 4.0548, 4.3959, 3.7757, 4.054, 4.2283, 3.7467, 3.9725, 3.8979, 4.1677],
  "initQF": [1.4156, 2.9813, 4.3403, 2.1413, 3.3493, 2.9765, 3.2685, 1.9257, 1.0005, 2.9249, 1.0294, 1.6149, 2.1847, 3.2793, 4.9024, 6.7875, 4.2917, 2.362, 2.9574, 1.4751, 3.8097, 1.728, 3.2007, 5.9334, 1.173, 5.0594, 1.6191, 3.5523, 3.9699, 6.3524, 1.4334, 1.4821, 4.32, 2.1036, 4.4058, 2.4559, 1.5909, 3.8318, 1.1804, 1.4733, 3.3864, 3.6494, 2.2759, 2.3605, 2.2199, 7.7917, 3.593, 6.1214, 2.8503, 4.1003],
  "initQU": [5.2076, 7.6803, 6.7042, 5.2844, 3.596, 3.592, 7.2672, 9.4386, 5.109, 7.3568, 6.2846, 2.8916, 8.5959, 7.579, 8.0756, 7.9556, 4.6665, 9.8458, 2.7708, 5.4767, 5.2237, 4.043, 7.1891, 6.1282, 8.503, 8.2001, 3.9614, 6.2017, 3.1247, 5.2207, 4.0027, 8.8652, 8.7071, 5.2899, 4.0826, 7.1535, 9.646, 4.8886, 7.845, 7.1212, 3.6876, 5.0652, 4.3311, 8.6085, 5.0416, 6.6231, 8.9114, 7.4496, 8.8177, 5.1775]
}
