{
  "n_part": 50,
  "n_trials": 30,
  "LR_group": 0.592566097620875,
  "inv_temp_group": 4.84874942339957,
  "initQF_group": 9.33270549029112,
  "initQU_group": 8.98797690891661,
  "mu_R_group": [
    [5],
    [5]
  ],
  "sigma_R_group": 2,
  "LR": [0.2736, 0.7751, 0.4424, 0.6462, 0.4376, 0.4605, 0.69, 0.8061, 0.7361, 0.8013, 0.4736, 0.5887, 0.6771, 0.6446, 0.3991, 0.5878, 0.6969, 0.5833, 0.3991, 0.4864, 0.4707, 0.8176, 0.4676, 0.5291, 0.4443, 0.4135, 0.2958, 0.7324, 0.5594, 0.6329, 0.7388, 0.4791, 0.6212, 0.3868, 0.8041, 0.7492, 0.7715, 0.5751, 0.6516, 0.7937, 0.2628, 0.7114, 0.7195, 0.365, 0.7424, 0.6705, 0.5656, 0.5652, 0.8217, 0.5484],
  "inv_temp": [4.402, 4.4875, 4.6047, 4.904, 4.8734, 4.5742, 4.9132, 4.4729, 4.6811, 4.8807, 4.6233, 4.2379, 4.8533, 4.5585, 4.8677, 4.7872, 4.6257, 3.9517, 4.4061, 4.9328, 4.9232, 4.7175, 4.5556, 4.9486, 4.6476, 4.5604, 4.915, 4.4738, 4.4114, 4.8731, 4.9771, 4.554, 4.1075, 4.1209, 4.7218, 4.7195, 4.7662, 4.697, 4.8239, 4.9292, 4.5553, 4.7349, 4.9032, 4.518, 4.6163, 4.8598, 4.6741, 4.6475, 4.6722, 4.5347],
  "initQF": [9.336, 7.9375, 9.7378, 4.0588, 9.0964, 6.781, 8.7885, 9.1304, 5.8273, 9.6529, 9.4993, 6.6334, 5.5803, 8.174, 9.037, 9.648, 8.8942, 4.4302, 9.6767, 9.8461, 6.2609, 9.6309, 9.699, 9.4378, 4.5478, 6.8275, 6.3264, 7.4094, 7.2061, 7.931, 8.4391, 6.7446, 8.6025, 9.4672, 9.5934, 7.1253, 9.1722, 8.0387, 5.6141, 8.6874, 7.8057, 5.5517, 9.2004, 9.3008, 7.1623, 8.4428, 8.5068, 7.8488, 9.9497, 9.579],
  "initQU": [8.9929, 9.157, 8.9236, 8.8867, 8.9826, 9.4975, 6.2194, 9.0468, 8.1356, 7.9088, 8.358, 8.1009, 7.7966, 6.1774, 7.9881, 7.7862, 6.2173, 9.1001, 9.8988, 9.9188, 5.1181, 7.1561, 8.8786, 8.789, 8.6725, 7.6304, 8.0354, 6.5747, 8.8038, 8.8247, 8.8572, 8.0741, 8.9278, 9.9206, 9.2358, 8.9262, 7.7608, 7.2269, 9.6138, 8.7888, 8.4166, 9.3957, 8.3177, 9.5184, 8.5847, 9.015, 7.563, 7.1823, 7.6898, 9.3895]
}
