{
  "n_part": 50,
  "n_trials": 30,
  "LR_group": 0.736079521477222,
  "inv_temp_group": 3.86267695110291,
  "initQF_group": 4.53368310630322,
  "initQU_group": 4.46183263813145,
  "mu_R_group": [
    [5],
    [5]
  ],
  "sigma_R_group": 2,
  "LR": [0.7056, 0.7253, 0.5813, 0.9227, 0.9845, 0.9441, 0.8007, 0.5901, 0.8168, 0.7811, 0.8892, 0.6561, 0.7228, 0.6959, 0.7385, 0.4658, 0.8211, 0.7081, 0.6802, 0.9143, 0.5013, 0.9899, 0.6313, 0.6218, 0.8722, 0.8502, 0.6602, 0.6534, 0.8178, 0.9027, 0.4104, 0.2724, 0.7067, 0.8122, 0.3725, 0.6889, 0.7244, 0.8551, 0.9931, 0.5276, 0.7121, 0.4069, 0.6993, 0.4543, 0.9728, 0.7246, 0.7271, 0.3275, 0.7597, 0.8199],
  "inv_temp": [3.9615, 4.2461, 3.923, 4.2111, 3.7937, 3.2275, 3.2359, 4.2856, 3.8836, 3.6751, 3.592, 3.5396, 3.9998, 4.2524, 3.7838, 4.725, 3.5006, 4.1121, 4.6405, 3.9623, 4.0725, 3.7785, 4.29, 4.0148, 4.0641, 3.8902, 4.2037, 3.8433, 4.0224, 3.8665, 3.6334, 4.0752, 3.6243, 3.8806, 4.2178, 3.7061, 3.6179, 3.7293, 3.4217, 3.7456, 3.7098, 3.4691, 3.3138, 3.7605, 3.8369, 3.9529, 4.4171, 4.0841, 3.6999, 3.8057],
  "initQF": [5.4484, 1.7666, 3.9852, 4.7589, 4.8423, 2.5527, 1.612, 9.9468, 4.5782, 4.4153, 7.8703, 4.4366, 5.683, 3.372, 2.3381, 2.112, 5.2999, 4.4695, 4.8987, 5.8912, 6.8239, 2.5549, 2.5093, 4.7553, 1.5735, 4.6186, 4.9404, 3.6435, 7.4902, 4.1444, 8.476, 9.6553, 7.3033, 1.5851, 3.571, 2.3249, 6.2917, 4.9936, 3.4751, 4.2312, 2.6767, 5.2158, 1.3068, 7.338, 5.5764, 3.8981, 6.0994, 3.9266, 4.834, 5.9663],
  "initQU": [6.7268, 3.1457, 2.3428, 5.1234, 4.5439, 3.052, 6.3808, 5.0945, 4.6529, 4.325, 4.3012, 8.6628, 3.5973, 4.0219, 6.7634, 5.0961, 4.4918, 4.0246, 5.7884, 4.2952, 3.5252, 3.7255, 4.9905, 6.4218, 5.7523, 6.4309, 1.1452, 4.5749, 3.0832, 3.6016, 4.3469, 7.9879, 1.631, 3.0143, 7.4545, 2.9219, 5.426, 3.0739, 3.1063, 2.4368, 4.6502, 4.5101, 6.7896, 2.1097, 3.6479, 4.0227, 4.3627, 5.0445, 6.0446, 4.5877]
}
