{
  "n_part": 50,
  "n_trials": 30,
  "LR_group": 0.912334020715207,
  "inv_temp_group": 3.67308214306831,
  "initQF_group": 1.13845469267108,
  "initQU_group": 7.67688906332478,
  "mu_R_group": [
    [5],
    [5]
  ],
  "sigma_R_group": 2,
  "LR": [0.4766, 0.7264, 0.9801, 0.6149, 0.9703, 0.6904, 0.8341, 0.8778, 0.972, 0.9369, 0.9495, 0.9218, 0.9667, 0.8813, 0.8255, 0.8596, 0.8409, 0.736, 0.8656, 0.7157, 0.941, 0.703, 0.9974, 0.8181, 0.7972, 0.75, 0.7163, 0.7192, 0.9851, 0.9417, 0.4891, 0.52, 0.8695, 0.9557, 0.8325, 0.7815, 0.9828, 0.2035, 0.9577, 0.6823, 0.5541, 0.4939, 0.7842, 0.8302, 0.9035, 0.7224, 0.8035, 0.9862, 0.7217, 0.7682],
  "inv_temp": [3.6928, 3.7765, 3.96, 3.7835, 3.5535, 3.7921, 3.9304, 3.2241, 4.1081, 3.4439, 3.4305, 3.9484, 3.7757, 3.4635, 3.8445, 3.2899, 3.6967, 3.9347, 3.7104, 3.808, 4.2278, 3.8457, 3.9543, 3.8217, 4.3945, 3.2396, 3.9345, 3.9227, 3.647, 3.9068, 3.4883, 3.0192, 3.8579, 3.395, 3.4826, 3.8793, 3.5053, 3.8163, 3.524, 3.1328, 3.782, 3.4273, 4.2001, 3.6748, 3.5142, 3.4477, 3.4588, 3.7758, 4.2731, 3.7125],
  "initQF": [2.2695, 4.1651, 4.3317, 3.6908, 6.3736, 2.5263, 1.8176, 4.1052, 1.3895, 1.6258, 4.6634, 1.4078, 4.7211, 3.374, 1.1228, 2.9249, 5.3513, 3.1605, 1.8062, 3.3288, 3.6026, 1.145, 1.2801, 1.3913, 2.2754, 3.363, 3.4489, 1.0567, 2.5422, 2.2221, 3.0095, 5.8854, 2.5907, 2.4997, 3.0373, 1.1365, 2.7391, 1.191, 2.5291, 1.4778, 2.2534, 4.0953, 2.2915, 1.9449, 3.4907, 2.9419, 4.9727, 3.1032, 1.1944, 3.0859],
  "initQU": [5.781, 7.6255, 6.903, 7.779, 6.9363, 9.2803, 7.9291, 5.1283, 8.3184, 6.4775, 6.1176, 8.779, 7.3697, 8.647, 8.4293, 5.6792, 9.3989, 9.5397, 6.7023, 5.148, 9.3659, 6.4763, 7.8693, 4.606, 9.3868, 6.5231, 8.7893, 2.6545, 9.6568, 6.8181, 8.0321, 4.3585, 6.4368, 6.1742, 4.6767, 8.4826, 7.3957, 8.8269, 6.2236, 4.6636, 9.7206, 4.2843, 8.1727, 9.7319, 7.012, 8.9832, 7.387, 5.1718, 6.465, 8.9914]
}
