{
  "n_part": 50,
  "n_trials": 30,
  "LR_group": 0.828973775263876,
  "inv_temp_group": 4.01189479511231,
  "initQF_group": 5.26748772640713,
  "initQU_group": 3.1393874080386,
  "mu_R_group": [
    [5],
    [5]
  ],
  "sigma_R_group": 2,
  "LR": [0.7297, 0.8434, 0.6474, 0.5881, 0.6481, 0.9521, 0.7504, 0.8715, 0.9767, 0.5743, 0.8438, 0.8283, 0.592, 0.5797, 0.5162, 0.8817, 0.7479, 0.4342, 0.7375, 0.6006, 0.8221, 0.6677, 0.9016, 0.2082, 0.7253, 0.9146, 0.7364, 0.9314, 0.7512, 0.6786, 0.7072, 0.9229, 0.6162, 0.6532, 0.489, 0.7405, 0.9799, 0.9014, 0.807, 0.5993, 0.7969, 0.6071, 0.7509, 0.9383, 0.9054, 0.9623, 0.905, 0.7883, 0.8463, 0.7036],
  "inv_temp": [3.7847, 4.6125, 3.3232, 3.7981, 3.9488, 4.137, 4.2567, 3.9188, 4.0724, 3.8951, 4.0888, 4.4086, 3.8093, 3.8601, 3.5625, 4.567, 3.8467, 3.9675, 4.1165, 3.5423, 4.2639, 4.2264, 4.1043, 3.3577, 4.1445, 3.7792, 4.3343, 4.1326, 4.4771, 3.4365, 4.027, 4.1013, 3.4761, 4.0855, 3.7089, 4.1864, 3.9937, 4.0233, 4.4619, 3.8614, 4.3323, 4.2744, 4.1048, 4.0576, 4.129, 4.4346, 3.8323, 3.495, 4.3647, 4.5726],
  "initQF": [2.4141, 5.8731, 2.6404, 6.3215, 3.0558, 4.2793, 3.4936, 5.6491, 8.0348, 5.3753, 2.808, 5.9155, 5.6904, 6.4639, 8.4662, 3.1014, 2.6056, 6.4501, 2.9412, 3.2806, 9.4982, 8.7777, 7.0892, 6.6987, 6.1493, 3.4622, 5.7981, 5.6852, 8.3774, 3.2127, 2.5105, 2.4388, 7.1357, 5.9474, 3.3305, 8.0974, 6.5276, 2.4801, 7.9834, 1.2386, 6.1886, 5.9848, 4.8134, 6.1905, 6.4204, 5.1264, 6.4935, 8.7728, 3.9104, 7.2525],
  "initQU": [4.0547, 5.3898, 2.8197, 5.3103, 2.7853, 6.036, 2.8896, 2.5617, 2.5369, 3.5709, 3.0626, 1.8573, 1.558, 4.3547, 3.9078, 2.7742, 1.6389, 1.5683, 2.532, 1.3003, 2.1268, 5.0102, 1.4594, 3.0547, 1.034, 4.3957, 3.5816, 2.2791, 2.7735, 1.6936, 4.8473, 2.7241, 8.0558, 5.3552, 5.2322, 2.6485, 1.352, 3.2389, 5.1774, 3.6485, 4.3493, 5.2568, 5.883, 3.5259, 1.0881, 5.4766, 4.487, 3.3919, 1.7132, 4.4611]
}
