{
  "n_part": 50,
  "n_trials": 30,
  "LR_group": 0.463801679201424,
  "inv_temp_group": 1.32491445285268,
  "initQF_group": 4.1846964887809,
  "initQU_group": 8.01094540324993,
  "mu_R_group": [
    [5],
    [5]
  ],
  "sigma_R_group": 2,
  "LR": [0.7709, 0.4279, 0.2289, 0.3292, 0.7439, 0.4843, 0.6053, 0.4279, 0.6453, 0.3573, 0.2773, 0.3541, 0.2491, 0.3543, 0.2055, 0.8978, 0.5306, 0.6508, 0.4986, 0.505, 0.4998, 0.2201, 0.4717, 0.6999, 0.3644, 0.4372, 0.7215, 0.5137, 0.6494, 0.4912, 0.3851, 0.1618, 0.5707, 0.3137, 0.3268, 0.0827, 0.0377, 0.6867, 0.3569, 0.4557, 0.486, 0.5299, 0.4407, 0.2092, 0.5602, 0.5728, 0.2339, 0.1078, 0.1238, 0.6519],
  "inv_temp": [1.484, 0.9923, 2.0909, 1.7082, 1.0923, 1.1802, 0.9659, 1.6266, 1.0388, 1.5634, 1.3362, 1.5875, 0.7934, 1.5193, 1.5033, 1.4264, 1.4479, 1.4687, 1.0071, 0.8306, 1.6474, 1.6533, 0.8994, 1.8297, 1.2143, 1.3533, 1.3888, 0.9248, 1.5821, 1.0509, 1.6031, 1.2515, 0.9145, 1.0763, 1.4514, 1.7237, 1.8486, 2.0136, 1.5802, 1.2244, 1.5446, 1.8571, 1.729, 1.1839, 1.8896, 1.2294, 1.6945, 1.2442, 0.8722, 1.1116],
  "initQF": [3.8187, 2.3631, 4.3716, 6.5707, 5.0669, 7.264, 3.5143, 3.228, 2.0674, 1.1825, 6.2373, 6.9899, 3.6, 2.6364, 4.9146, 3.6609, 3.2002, 6.6362, 5.063, 4.3221, 2.2122, 2.2964, 4.2706, 5.8933, 2.9179, 1.5251, 1.8398, 5.345, 6.049, 2.3203, 5.9628, 4.8152, 6.2611, 2.6045, 2.1, 4.3443, 5.9146, 2.1531, 1.2103, 6.8848, 1.789, 6.5104, 5.1293, 4.846, 4.4415, 5.7966, 4.3728, 2.9326, 1.3604, 3.2376],
  "initQU": [9.126, 9.6923, 8.7886, 6.7811, 9.8487, 6.7766, 4.13, 7.9545, 9.398, 5.9612, 8.0417, 7.0831, 7.7348, 8.1218, 5.5589, 8.9716, 4.6451, 7.6606, 6.0518, 6.3278, 6.2441, 9.2063, 7.8466, 7.9629, 6.8937, 7.0319, 9.1464, 8.8665, 9.6163, 6.6753, 9.2691, 7.858, 7.4843, 8.5993, 6.777, 8.0512, 8.806, 2.6199, 7.621, 6.6807, 6.9988, 8.9993, 7.5948, 9.0816, 9.5257, 9.6373, 9.4339, 6.4859, 8.5666, 7.4053]
}
