{
  "n_part": 50,
  "n_trials": 30,
  "LR_group": 0.455552019877359,
  "inv_temp_group": 1.75053764600307,
  "initQF_group": 3.11510347761214,
  "initQU_group": 4.05309473746456,
  "mu_R_group": [
    [5],
    [5]
  ],
  "sigma_R_group": 2,
  "LR": [0.1985, 0.8048, 0.3477, 0.6453, 0.2655, 0.3722, 0.5382, 0.4211, 0.6155, 0.5563, 0.4795, 0.4041, 0.1883, 0.2955, 0.2209, 0.4219, 0.4573, 0.5846, 0.3389, 0.2847, 0.4615, 0.3986, 0.4453, 0.9628, 0.6691, 0.3185, 0.627, 0.3119, 0.1136, 0.7121, 0.4845, 0.4669, 0.3136, 0.704, 0.4941, 0.715, 0.5255, 0.5685, 0.2823, 0.5041, 0.2434, 0.6439, 0.7421, 0.5392, 0.5092, 0.5324, 0.0901, 0.2596, 0.3241, 0.419],
  "inv_temp": [1.8599, 2.121, 2.2221, 1.7616, 1.945, 1.6692, 1.7981, 2.0193, 1.8923, 1.6034, 1.9472, 2.0054, 1.5596, 1.9045, 2.0375, 1.9935, 1.6976, 1.9985, 2.1527, 1.4517, 1.0973, 2.0243, 1.515, 1.5311, 1.9839, 1.3264, 1.8398, 2.4585, 1.4334, 1.6218, 1.8932, 1.8012, 1.4152, 1.8142, 1.6459, 1.4516, 2.0634, 2.2625, 1.2942, 2.0946, 1.8209, 1.9135, 1.635, 1.9048, 1.8429, 2.3023, 2.2286, 1.6431, 1.4167, 1.8993],
  "initQF": [4.2275, 2.1538, 5.5609, 5.0841, 6.2815, 2.0647, 7.1481, 1.6469, 3.3518, 4.0591, 5.6379, 4.125, 1.5622, 4.9166, 1.3429, 5.4223, 3.8799, 3.7206, 1.3823, 1.8175, 5.286, 3.967, 2.1107, 3.5956, 6.0845, 2.2986, 4.3541, 3.2214, 1.6705, 1.7434, 3.3193, 3.0193, 3.2868, 2.6739, 4.278, 1.243, 1.4996, 6.7665, 5.3042, 2.1633, 4.981, 3.477, 3.8672, 3.4621, 2.9584, 5.2884, 3.9993, 4.6105, 3.1195, 4.6444],
  "initQU": [4.7375, 4.4631, 4.7738, 5.6699, 1.7669, 5.2347, 3.405, 5.1644, 2.7563, 5.5836, 4.797, 5.6317, 1.6757, 6.0239, 3.6245, 7.9857, 3.6947, 5.4613, 2.4671, 7.4835, 7.7433, 6.8496, 4.6174, 2.6705, 4.1011, 2.9309, 2.6349, 1.4417, 4.4337, 5.9575, 4.5842, 2.6666, 4.8075, 5.5065, 4.5709, 5.6649, 1.0006, 3.9349, 2.7775, 5.1576, 6.8606, 5.0772, 5.3741, 3.0147, 5.4965, 3.4968, 3.0037, 4.1782, 3.1519, 8.2856]
}
