{
  "n_part": 50,
  "n_trials": 30,
  "LR_group": 0.562606462975964,
  "inv_temp_group": 2.63075630064122,
  "initQF_group": 6.97233655396849,
  "initQU_group": 2.78779819700867,
  "mu_R_group": [
    [5],
    [5]
  ],
  "sigma_R_group": 2,
  "LR": [0.4682, 0.6108, 0.3084, 0.639, 0.3779, 0.2737, 0.5994, 0.839, 0.9479, 0.2296, 0.0727, 0.4704, 0.6995, 0.7476, 0.5893, 0.1774, 0.545, 0.4877, 0.2767, 0.5458, 0.5519, 0.7526, 0.7436, 0.5377, 0.3994, 0.7204, 0.5623, 0.2962, 0.5445, 0.5096, 0.6367, 0.2021, 0.8124, 0.3647, 0.4457, 0.4062, 0.5765, 0.7461, 0.3655, 0.4279, 0.5911, 0.7801, 0.55, 0.487, 0.3104, 0.6286, 0.2573, 0.2753, 0.7734, 0.0874],
  "inv_temp": [2.8988, 2.4325, 2.9408, 2.4721, 2.8147, 2.223, 2.8016, 2.5977, 2.6809, 2.8686, 2.4911, 2.425, 3.2064, 2.7, 2.9526, 2.5083, 2.4824, 2.5862, 2.6811, 2.3274, 2.6518, 2.5091, 2.464, 2.8188, 3.6961, 2.7685, 2.1405, 2.1762, 2.3204, 3.028, 2.562, 2.9669, 2.2957, 3.2101, 2.5447, 2.5164, 2.3811, 2.8236, 2.5015, 2.5481, 2.5396, 3.0785, 2.2881, 2.2222, 2.7006, 2.5182, 2.6835, 2.632, 3.1559, 2.5334],
  "initQF": [7.8526, 7.8109, 7.3734, 9.1212, 3.8113, 5.8183, 6.0593, 6.7913, 6.185, 8.1834, 7.6233, 5.7832, 6.0347, 3.8493, 8.4219, 4.5893, 9.5675, 6.6427, 6.8418, 2.4284, 8.4956, 6.7274, 6.1684, 3.2247, 1.2145, 9.5301, 7.389, 9.8841, 8.6793, 4.8982, 5.5999, 8.997, 5.9971, 6.253, 8.1568, 6.3736, 7.2759, 4.7504, 5.0529, 8.451, 7.5947, 7.6452, 7.0381, 9.5618, 5.463, 6.7254, 4.818, 6.1872, 7.1743, 8.2762],
  "initQU": [3.3193, 1.8553, 5.1906, 4.622, 1.3352, 3.1839, 2.5467, 4.4569, 7.0698, 3.4605, 4.0936, 1.9569, 5.1803, 2.2872, 4.0163, 9.1894, 1.062, 1.8053, 1.3883, 2.8614, 1.7615, 6.0675, 1.2748, 3.1234, 3.6449, 2.6744, 2.0249, 1.4582, 3.7409, 5.0016, 1.2254, 3.6278, 4.5456, 3.3847, 3.7879, 2.1655, 3.2192, 3.6841, 4.3899, 2.4529, 3.3917, 2.5782, 4.6044, 5.4361, 5.8131, 3.4291, 5.1202, 4.2516, 4.818, 1.8261]
}
