{
  "n_part": 50,
  "n_trials": 30,
  "LR_group": 0.773022269597277,
  "inv_temp_group": 2.40066304570064,
  "initQF_group": 1.36878175172023,
  "initQU_group": 7.40794980130158,
  "mu_R_group": [
    [5],
    [5]
  ],
  "sigma_R_group": 2,
  "LR": [0.7124, 0.4847, 0.7991, 0.6176, 0.6943, 0.8546, 0.667, 0.9462, 0.7202, 0.9964, 0.7654, 0.7622, 0.9177, 0.7596, 0.9215, 0.8658, 0.375, 0.9912, 0.4849, 0.8863, 0.7807, 0.9472, 0.9189, 0.6762, 0.7606, 0.6587, 0.6966, 0.8445, 0.5764, 0.9014, 0.8095, 0.9237, 0.84, 0.7336, 0.9719, 0.9396, 0.6983, 0.767, 0.7249, 0.9566, 0.6512, 0.7741, 0.6116, 0.7437, 0.8451, 0.7026, 0.8903, 0.9618, 0.7846, 0.6995],
  "inv_temp": [2.0464, 2.665, 2.3172, 2.3808, 3.0331, 2.1538, 2.2923, 2.5254, 2.498, 2.8225, 2.6329, 2.4017, 2.5831, 2.2685, 2.1269, 2.2981, 2.5824, 2.0497, 2.5902, 2.4457, 2.4081, 2.282, 2.0459, 2.5082, 1.9811, 2.6254, 2.6259, 2.0902, 2.3745, 1.7886, 1.809, 2.4641, 2.432, 2.6618, 2.1861, 2.2959, 2.4663, 2.1927, 2.2461, 2.5555, 2.6859, 2.9129, 2.4621, 2.3364, 2.3848, 2.4156, 2.1665, 2.3429, 2.3618, 2.351],
  "initQF": [1.1151, 2.159, 2.622, 3.421, 4.7634, 2.2493, 3.1112, 3.0559, 3.2442, 3.1167, 2.5333, 2.2119, 2.6649, 1.6556, 1.7809, 1.1498, 3.7885, 2.2917, 4.3069, 4.0323, 2.7618, 1.1611, 4.8681, 1.4731, 1.6027, 3.8483, 4.4561, 1.3254, 2.9486, 1.1855, 2.9749, 1.9565, 2.0395, 1.4984, 2.986, 2.2231, 1.0048, 1.9273, 1.0256, 2.7573, 4.4333, 3.8898, 2.5698, 5.6586, 2.2952, 1.4178, 3.3518, 2.7992, 1.6325, 1.9772],
  "initQU": [5.8099, 7.6839, 6.9859, 7.429, 9.4659, 9.1198, 7.249, 8.7509, 7.4455, 7.6205, 6.0472, 6.7657, 6.6931, 9.8814, 6.5121, 5.9797, 2.9847, 6.856, 7.9431, 5.8119, 6.6953, 7.1933, 6.1514, 8.9452, 8.5908, 7.8297, 7.4411, 7.1093, 7.0203, 8.8065, 8.6923, 9.001, 7.6433, 6.2191, 4.342, 7.2825, 6.5649, 4.4376, 6.1727, 5.8014, 8.0113, 5.5922, 4.5333, 5.2138, 7.7082, 8.2912, 8.6126, 7.2249, 5.5362, 5.7661]
}
