{
  "n_part": 50,
  "n_trials": 30,
  "LR_group": 0.494203842943534,
  "inv_temp_group": 4.99759304802865,
  "initQF_group": 9.12205189373344,
  "initQU_group": 3.8594762107823,
  "mu_R_group": [
    [5],
    [5]
  ],
  "sigma_R_group": 2,
  "LR": [0.5747, 0.4354, 0.6121, 0.3346, 0.1401, 0.6597, 0.6096, 0.6688, 0.1282, 0.6514, 0.8488, 0.4876, 0.5008, 0.1544, 0.8665, 0.5168, 0.4456, 0.4801, 0.8728, 0.2626, 0.0595, 0.7252, 0.377, 0.4837, 0.7152, 0.5426, 0.383, 0.3765, 0.3822, 0.5677, 0.7701, 0.663, 0.7134, 0.7088, 0.632, 0.677, 0.3146, 0.2215, 0.3194, 0.5257, 0.3953, 0.6003, 0.2831, 0.4228, 0.0315, 0.6973, 0.7166, 0.7266, 0.252, 0.4334],
  "inv_temp": [4.5118, 4.8913, 4.9432, 4.3569, 4.8636, 4.4233, 4.9438, 4.7293, 4.9379, 4.8317, 4.9205, 4.9663, 4.4884, 4.5947, 4.731, 4.9257, 4.5075, 4.7598, 4.8724, 4.8436, 4.4942, 4.9415, 4.7199, 4.858, 4.9586, 4.5075, 4.8838, 4.9759, 4.763, 4.9806, 4.9988, 4.7197, 4.9761, 4.9499, 4.6327, 4.7655, 4.5251, 4.7276, 4.9491, 4.5485, 4.4652, 4.9019, 4.384, 4.4752, 4.8888, 4.9534, 4.9728, 4.9261, 4.8293, 3.9654],
  "initQF": [6.9637, 7.9114, 8.5932, 8.1083, 8.0852, 8.856, 9.6091, 9.9873, 8.3969, 7.7505, 5.15, 9.4199, 8.006, 9.1102, 7.4124, 9.4545, 9.3903, 9.8966, 9.1387, 8.2332, 9.3571, 8.1279, 7.6141, 5.9898, 8.4092, 8.7042, 8.6044, 6.9522, 7.9214, 6.0186, 8.395, 9.2195, 9.136, 7.0524, 8.6211, 8.8656, 8.1386, 7.7501, 9.1735, 6.9419, 3.104, 3.8833, 5.3265, 8.4395, 6.7124, 9.5367, 6.4061, 9.1574, 9.4155, 6.0327],
  "initQU": [5.6755, 8.5223, 5.7, 2.7707, 3.2256, 4.0978, 4.419, 5.4091, 1.5916, 4.1312, 5.9955, 5.7728, 2.7794, 4.2577, 4.7605, 3.3894, 4.4876, 1.4736, 2.6445, 6.5051, 2.3372, 1.6749, 3.7567, 6.2112, 1.192, 3.2371, 4.9782, 5.4688, 2.0268, 3.4772, 5.1166, 5.0687, 5.1517, 2.8137, 4.2734, 1.6369, 6.7196, 7.2657, 7.7259, 4.0736, 2.3913, 4.5053, 4.2102, 2.1417, 2.5798, 2.6385, 2.736, 3.0188, 5.2755, 6.0924]
}
