{
  "n_part": 50,
  "n_trials": 30,
  "LR_group": 0.503341859206557,
  "inv_temp_group": 1.69323390815407,
  "initQF_group": 4.74227847834118,
  "initQU_group": 6.2876077464316,
  "mu_R_group": [
    [5],
    [5]
  ],
  "sigma_R_group": 2,
  "LR": [0.3243, 0.7524, 0.32, 0.6021, 0.3103, 0.9821, 0.537, 0.6103, 0.5214, 0.7333, 0.6414, 0.3937, 0.3232, 0.3491, 0.2403, 0.8845, 0.6844, 0.5112, 0.285, 0.2888, 0.5718, 0.8048, 0.9045, 0.1546, 0.0388, 0.502, 0.3138, 0.4579, 0.5671, 0.573, 0.5951, 0.6432, 0.5305, 0.5433, 0.4739, 0.468, 0.2461, 0.8581, 0.444, 0.3443, 0.4892, 0.763, 0.9139, 0.3537, 0.5248, 0.8447, 0.2497, 0.8434, 0.4669, 0.5282],
  "inv_temp": [1.197, 1.2254, 1.9283, 0.7708, 1.6978, 1.7528, 2.1196, 1.6288, 1.8261, 1.4481, 1.8739, 1.3803, 1.4286, 1.2435, 1.6991, 1.8118, 1.6094, 1.864, 2.1025, 2.1201, 1.362, 1.8874, 1.6302, 2.0608, 1.7359, 1.8394, 1.9202, 1.7528, 1.921, 1.6459, 2.1712, 1.2723, 2.2856, 1.5098, 1.6194, 1.3677, 2.0552, 1.5291, 1.756, 0.5406, 1.5505, 1.7291, 1.9488, 1.4918, 1.7396, 1.7578, 2.0236, 2.0366, 1.6738, 2.0818],
  "initQF": [5.1603, 4.8473, 6.7305, 3.898, 4.5049, 5.1422, 5.4044, 6.174, 4.7193, 5.0966, 3.3331, 5.2076, 6.8779, 5.4235, 5.1001, 5.1333, 8.3428, 7.2969, 1.0949, 4.8955, 3.275, 5.119, 4.6453, 6.3497, 2.8829, 4.609, 4.6397, 3.3611, 8.6852, 2.536, 5.7434, 6.3516, 2.9424, 6.8183, 6.1268, 4.8442, 4.849, 4.88, 2.063, 4.0818, 7.6272, 3.9283, 3.2807, 1.0436, 3.9953, 4.9194, 5.3565, 8.3123, 3.8963, 5.8208],
  "initQU": [5.1925, 7.565, 7.0028, 5.657, 3.6721, 5.9241, 5.0747, 6.907, 5.0238, 7.0673, 4.9203, 3.7373, 5.5708, 5.9295, 9.4145, 4.8459, 9.5053, 6.9829, 5.2328, 7.17, 5.1897, 2.9624, 5.5483, 6.7382, 2.0401, 5.8496, 9.8752, 6.2428, 5.3148, 5.0871, 7.9596, 8.3565, 3.6941, 4.084, 5.8437, 7.0482, 3.8287, 5.6637, 4.0874, 6.1608, 9.0208, 5.6173, 8.8422, 6.7755, 7.6482, 8.0364, 7.1611, 4.9303, 5.8916, 8.8349]
}
