{
  "n_part": 50,
  "n_trials": 30,
  "LR_group": 0.21666899882257,
  "inv_temp_group": 2.43823219789192,
  "initQF_group": 3.14758882578462,
  "initQU_group": 7.10016857367009,
  "mu_R_group": [
    [5],
    [5]
  ],
  "sigma_R_group": 2,
  "LR": [0.1172, 0.4466, 0.2999, 0.4141, 0.0655, 0.2729, 0.1216, 0.5617, 0.1952, 0.5133, 0.2558, 0.198, 0.0448, 0.1784, 0.3584, 0.6183, 0.3388, 0.7699, 0.2435, 0.1665, 0.0865, 0.4189, 0.2441, 0.1148, 0.1625, 0.0262, 0.3251, 0.0584, 0.1721, 0.4355, 0.2931, 0.8164, 0.7312, 0.226, 0.3754, 0.2198, 0.3429, 0.3339, 0.3903, 0.4001, 0.2403, 0.1864, 0.2226, 0.2288, 0.2433, 0.4795, 0.444, 0.0199, 0.5269, 0.3114],
  "inv_temp": [2.2881, 2.4606, 2.2628, 2.1483, 2.4309, 2.4346, 2.6596, 2.9265, 2.1331, 1.7585, 2.9297, 2.4602, 2.1424, 2.3404, 2.5533, 1.8872, 2.1924, 2.4173, 1.9904, 2.3825, 2.274, 2.5229, 2.3461, 2.7101, 2.3437, 2.4189, 2.8785, 1.8681, 1.9272, 2.5281, 3.1197, 2.2237, 2.7026, 2.3991, 2.2621, 2.672, 2.544, 2.4825, 2.3659, 2.2398, 2.9803, 2.1837, 2.6581, 2.1772, 2.5956, 2.3875, 2.2923, 2.5612, 2.373, 2.3833],
  "initQF": [6.7575, 2.7838, 1.8613, 2.8617, 2.8158, 3.5472, 5.9643, 1.9732, 4.5115, 5.183, 2.8098, 4.1827, 6.3238, 2.0683, 5.3516, 2.0444, 3.2096, 1.8235, 2.7307, 5.1393, 5.7382, 2.9118, 3.3642, 4.0201, 2.8845, 2.4504, 2.4685, 3.596, 5.9142, 3.8319, 4.6982, 2.1193, 3.6189, 5.6506, 1.8172, 2.3004, 3.7917, 6.0056, 4.5913, 6.3932, 2.0278, 1.5063, 5.1608, 6.6071, 2.8271, 5.7097, 5.1237, 4.2101, 4.394, 1.3304],
  "initQU": [8.497, 7.5056, 6.9423, 7.2014, 8.7373, 9.0003, 9.1683, 7.0871, 9.3516, 9.992, 8.9854, 5.9735, 6.7552, 7.2783, 5.1354, 4.9362, 5.8972, 7.7597, 8.0218, 4.6578, 6.5855, 6.2232, 7.8461, 2.0327, 6.975, 7.3721, 6.2349, 5.5082, 7.1102, 8.4014, 4.9844, 7.409, 7.9277, 7.3849, 6.056, 8.271, 9.3238, 4.5651, 9.9188, 6.7245, 7.7599, 3.6083, 8.1406, 6.7238, 1.3115, 9.7145, 8.8348, 6.4794, 4.1521, 9.1773]
}
