{
  "n_part": 50,
  "n_trials": 30,
  "LR_group": 0.707886655349284,
  "inv_temp_group": 2.13669436750934,
  "initQF_group": 6.00805141683668,
  "initQU_group": 5.32992506586015,
  "mu_R_group": [
    [5],
    [5]
  ],
  "sigma_R_group": 2,
  "LR": [0.6766, 0.7792, 0.6421, 0.7994, 0.8501, 0.8008, 0.8115, 0.8642, 0.5204, 0.7171, 0.5101, 0.8966, 0.6476, 0.8118, 0.747, 0.8737, 0.7337, 0.6664, 0.876, 0.9722, 0.4617, 0.7697, 0.7878, 0.808, 0.3134, 0.8388, 0.7833, 0.747, 0.7327, 0.8414, 0.6881, 0.4278, 0.5565, 0.7285, 0.2424, 0.521, 0.8599, 0.7233, 0.5623, 0.8182, 0.6385, 0.3973, 0.3952, 0.6421, 0.5844, 0.6205, 0.8369, 0.5736, 0.9404, 0.5851],
  "inv_temp": [2.0816, 2.1692, 1.983, 2.0363, 1.8024, 2.9048, 2.3414, 1.7835, 2.1455, 2.3242, 1.746, 2.1477, 2.017, 2.4815, 2.4216, 2.2185, 1.5817, 2.2045, 1.8938, 2.2566, 2.5815, 1.8119, 2.0195, 2.0459, 2.4833, 1.8808, 1.8586, 1.8527, 2.0047, 2.3013, 2.4878, 2.7087, 2.0465, 2.2273, 2.3033, 1.9061, 2.1453, 1.9603, 1.8774, 2.4673, 2.4603, 1.905, 2.3237, 1.9261, 2.1257, 1.7209, 2.1123, 2.0255, 2.0751, 2.1378],
  "initQF": [6.3456, 7.1468, 4.8612, 6.0436, 8.3461, 6.9576, 5.0584, 5.5421, 8.3931, 4.6121, 7.3424, 4.0277, 6.0446, 8.0997, 7.1417, 6.9765, 5.0327, 5.9136, 4.3384, 3.7717, 5.0036, 4.9314, 4.9852, 5.3037, 6.9315, 1.8524, 3.5089, 8.9302, 6.5826, 8.7361, 5.3847, 4.7452, 4.8271, 7.8952, 4.9642, 7.6643, 6.8194, 4.7406, 6.4344, 6.7938, 7.2571, 9.788, 5.3236, 4.188, 5.4773, 2.7422, 3.7622, 7.6259, 5.925, 5.5496],
  "initQU": [3.647, 8.1441, 4.8246, 4.9242, 5.8026, 1.8196, 5.9689, 3.5232, 3.8743, 6.676, 2.7688, 4.0281, 5.4002, 5.9689, 5.6586, 4.097, 8.632, 3.8524, 5.2564, 7.8878, 2.4107, 5.8538, 4.3769, 7.3268, 1.8674, 4.5616, 9.0482, 7.7065, 3.6446, 3.5707, 2.9788, 3.9321, 3.9555, 9.2477, 5.1466, 3.3723, 5.4705, 5.7822, 4.6304, 3.1662, 7.01, 7.1751, 2.5846, 5.8758, 8.8805, 3.8821, 3.9821, 5.8943, 5.4917, 5.4026]
}
