{
  "n_part": 50,
  "n_trials": 30,
  "LR_group": 0.230269730556756,
  "inv_temp_group": 4.99679372995161,
  "initQF_group": 3.95780826057307,
  "initQU_group": 9.26653253776021,
  "mu_R_group": [
    [5],
    [5]
  ],
  "sigma_R_group": 2,
  "LR": [0.3994, 0.2093, 0.4924, 0.2335, 0.0425, 0.2792, 0.277, 0.1959, 0.2005, 0.3078, 0.3622, 0.359, 0.2537, 0.1642, 0.1772, 0.178, 0.1456, 0.3844, 0.0155, 0.2974, 0.099, 0.086, 0.174, 0.1259, 0.1706, 0.3505, 0.312, 0.2118, 0.3859, 0.1248, 0.2364, 0.3204, 0.2676, 0.5741, 0.4592, 0.1719, 0.3362, 0.406, 0.5129, 0.2011, 0.3133, 0.2287, 0.2832, 0.2801, 0.4267, 0.266, 0.0875, 0.2847, 0.2013, 0.3676],
  "inv_temp": [4.6149, 4.8441, 4.7526, 4.8573, 4.882, 4.9958, 4.8344, 4.9537, 4.612, 4.3915, 4.4887, 4.8553, 4.6934, 4.9456, 4.3191, 4.7982, 4.8562, 4.8514, 4.9907, 4.6972, 4.9047, 4.8713, 4.0705, 4.9839, 4.4206, 4.6269, 4.7492, 4.7067, 4.7672, 4.7459, 4.8502, 4.9558, 4.8027, 4.8622, 4.9277, 4.8497, 4.9554, 4.7369, 4.8559, 4.9196, 4.4042, 4.8784, 4.6801, 4.7353, 4.7334, 4.7052, 4.9689, 4.7579, 4.6031, 4.8724],
  "initQF": [5.0738, 8.6743, 9.1122, 3.5482, 1.715, 1.8633, 3.3547, 2.6639, 3.3535, 3.0972, 1.4601, 5.4749, 4.4792, 5.0715, 6.3117, 6.9678, 4.6801, 2.7058, 5.4454, 1.8733, 3.9285, 1.7891, 4.371, 4.0393, 1.2844, 5.0926, 7.0938, 2.731, 3.6215, 5.0111, 6.5706, 3.0311, 6.7082, 5.7064, 2.9524, 7.6878, 4.6605, 5.3826, 3.4833, 3.9684, 5.3806, 5.5533, 5.9152, 5.281, 7.6493, 7.2146, 7.3904, 1.8776, 7.0144, 3.3362],
  "initQU": [7.8659, 8.5876, 7.2583, 7.4548, 7.2215, 9.2289, 8.0682, 6.9522, 6.7204, 6.5662, 5.8126, 8.2603, 7.9564, 9.2412, 3.8105, 8.2741, 6.9926, 6.9616, 9.0075, 5.97, 7.625, 8.9989, 7.449, 8.9311, 9.6586, 8.3471, 7.7826, 5.7902, 7.187, 5.8124, 7.9161, 9.8285, 6.4931, 7.0029, 8.6912, 8.1138, 8.6827, 7.9862, 8.2577, 9.1306, 6.5809, 8.8402, 9.5449, 5.6962, 9.3964, 9.7826, 8.7646, 8.8492, 6.2941, 8.0527]
}
