{
  "n_part": 50,
  "n_trials": 30,
  "LR_group": 0.476600859081373,
  "inv_temp_group": 3.78349606064148,
  "initQF_group": 5.54694251343608,
  "initQU_group": 6.57387549104169,
  "mu_R_group": [
    [5],
    [5]
  ],
  "sigma_R_group": 2,
  "LR": [0.2621, 0.5467, 0.5478, 0.4324, 0.7999, 0.5099, 0.396, 0.2154, 0.299, 0.9358, 0.3943, 0.5164, 0.1721, 0.3396, 0.2253, 0.218, 0.5639, 0.3013, 0.6892, 0.4732, 0.3583, 0.3656, 0.2246, 0.1439, 0.6853, 0.5097, 0.6201, 0.4027, 0.2543, 0.3386, 0.3685, 0.3102, 0.326, 0.3328, 0.4798, 0.3487, 0.7197, 0.6068, 0.3709, 0.5226, 0.2656, 0.3782, 0.7056, 0.764, 0.6188, 0.5087, 0.253, 0.3544, 0.2085, 0.6874],
  "inv_temp": [4.0144, 3.7973, 3.7724, 3.6413, 3.8688, 3.457, 3.4854, 4.7551, 3.4347, 3.3165, 4.2912, 4.0507, 3.6175, 3.6571, 3.4141, 3.4376, 4.3741, 3.5578, 3.9294, 4.3083, 4.2391, 3.3487, 3.6513, 3.5015, 3.9611, 3.2739, 4.194, 4.4149, 3.8061, 3.5099, 3.4338, 3.8626, 3.6597, 2.9912, 3.7691, 3.51, 3.918, 3.8918, 4.0148, 4.1438, 3.9094, 3.1472, 4.1512, 3.6204, 4.0496, 4.0342, 3.6648, 4.2538, 3.5485, 4.4391],
  "initQF": [2.4486, 6.8113, 8.6298, 5.9436, 9.7603, 5.3077, 8.5074, 9.5795, 4.8679, 4.3403, 4.054, 4.9576, 8.6008, 7.749, 9.1517, 6.9602, 9.0723, 4.7021, 7.4408, 7.0755, 3.2102, 7.765, 6.8034, 6.8693, 3.5798, 4.4968, 7.8877, 6.8991, 5.2999, 4.6169, 5.5081, 2.5633, 4.8046, 3.8865, 4.3236, 6.0014, 5.7309, 5.1321, 6.5289, 8.1209, 5.2959, 4.0936, 4.6789, 5.1036, 5.2362, 3.1826, 5.5071, 2.6349, 3.5509, 5.5816],
  "initQU": [7.3954, 8.6347, 4.4477, 3.5282, 5.9065, 6.1718, 5.88, 9.2834, 3.9601, 6.8845, 6.5558, 4.4765, 8.5766, 6.2935, 3.9387, 7.6575, 5.9249, 8.5839, 4.9155, 3.4396, 4.1542, 6.2584, 4.58, 7.3468, 7.7928, 7.1889, 5.7764, 8.3363, 8.271, 3.8427, 7.6054, 7.0596, 8.1712, 6.764, 1.2213, 7.8715, 6.1828, 6.5389, 5.8654, 6.0092, 6.7763, 8.5729, 8.006, 3.9521, 9.0357, 7.6879, 6.8031, 6.6574, 6.5919, 5.2156]
}
