{
  "n_part": 50,
  "n_trials": 30,
  "LR_group": 0.695549699710682,
  "inv_temp_group": 1.26665288116783,
  "initQF_group": 4.83505139849149,
  "initQU_group": 5.0564885167405,
  "mu_R_group": [
    [5],
    [5]
  ],
  "sigma_R_group": 2,
  "LR": [0.7024, 0.8394, 0.6519, 0.6083, 0.7709, 0.5042, 0.5169, 0.9134, 0.6154, 0.6984, 0.667, 0.4016, 0.7067, 0.5726, 0.6699, 0.682, 0.6586, 0.5971, 0.8278, 0.58, 0.6382, 0.3784, 0.9204, 0.8427, 0.5472, 0.6946, 0.8233, 0.4476, 0.1861, 0.7675, 0.7156, 0.5288, 0.5888, 0.3509, 0.7, 0.5468, 0.7035, 0.6979, 0.7478, 0.703, 0.7613, 0.5858, 0.5404, 0.8345, 0.8808, 0.7962, 0.6913, 0.7736, 0.7865, 0.6585],
  "inv_temp": [0.6978, 1.1156, 1.5296, 1.5163, 1.3091, 1.1595, 1.4406, 1.4238, 0.9967, 1.7316, 1.731, 1.3861, 1.0285, 1.2773, 1.2734, 1.4909, 0.8849, 1.3499, 1.0427, 1.3882, 1.2371, 1.4644, 1.1271, 1.5752, 1.4059, 1.3829, 1.7221, 1.7299, 1.0854, 1.4344, 0.5022, 1.4567, 1.1658, 1.6496, 1.3705, 1.7203, 1.539, 1.137, 1.1453, 1.0073, 1.4147, 1.5203, 1.2143, 1.2968, 1.0489, 1.168, 1.1325, 1.2097, 1.0857, 1.4665],
  "initQF": [3.7313, 5.9045, 3.2313, 1.6739, 2.0373, 5.1578, 7.6081, 4.3434, 2.7841, 1.8964, 7.1835, 4.9986, 9.1373, 6.2297, 5.774, 3.7636, 6.4594, 7.7602, 5.1353, 3.2146, 5.3273, 3.9819, 4.6904, 7.9984, 4.4697, 5.2339, 5.7496, 9.6698, 3.9473, 4.4236, 5.426, 7.238, 5.7611, 5.2123, 3.4949, 5.5085, 6.8717, 5.7742, 3.523, 5.5743, 3.9294, 5.5787, 2.2026, 6.1838, 4.5392, 4.8429, 2.9349, 5.2619, 4.3218, 7.5557],
  "initQU": [5.2362, 5.5046, 7.9977, 4.4479, 4.5862, 7.2854, 4.9201, 2.7919, 5.5493, 6.0238, 4.573, 3.7415, 7.0128, 3.2598, 7.3914, 4.5809, 8.3307, 5.259, 5.0631, 5.4798, 8.148, 6.8285, 5.1772, 2.6168, 4.8254, 6.0868, 7.4285, 5.384, 7.1045, 2.8193, 5.6558, 7.2451, 1.1179, 5.2999, 3.5972, 2.883, 5.4112, 7.1664, 3.0929, 7.7751, 6.725, 6.1825, 5.6601, 3.1396, 2.4435, 3.4697, 8.3188, 2.4919, 5.3332, 3.2112]
}
