{
  "n_part": 50,
  "n_trials": 30,
  "LR_group": 0.538703457219526,
  "inv_temp_group": 1.86117878765799,
  "initQF_group": 4.52316087577492,
  "initQU_group": 9.9225704993587,
  "mu_R_group": [
    [5],
    [5]
  ],
  "sigma_R_group": 2,
  "LR": [0.1987, 0.4763, 0.338, 0.2927, 0.5869, 0.6974, 0.6786, 0.6081, 0.1436, 0.735, 0.3142, 0.7459, 0.5806, 0.6719, 0.1688, 0.0158, 0.7294, 0.7469, 0.6911, 0.7741, 0.6257, 0.7782, 0.3822, 0.3039, 0.5007, 0.5229, 0.5892, 0.2934, 0.529, 0.4856, 0.4237, 0.789, 0.6207, 0.48, 0.4347, 0.2998, 0.5626, 0.4677, 0.362, 0.7242, 0.7283, 0.9578, 0.6469, 0.7599, 0.6312, 0.7814, 0.8536, 0.5205, 0.7993, 0.7417],
  "inv_temp": [2.1812, 2.3173, 1.7024, 2.119, 1.3868, 1.8197, 2.1854, 1.78, 1.6802, 2.1189, 1.4694, 2.0909, 2.5053, 1.4394, 2.0396, 2.1898, 1.4071, 1.848, 2.2035, 2.0531, 2.0066, 1.4097, 1.8739, 1.8327, 1.929, 2.2988, 1.9205, 2.1608, 1.6494, 1.8072, 1.899, 2.0164, 1.8105, 1.7293, 1.5943, 1.6374, 1.7551, 2.1329, 1.2578, 1.9953, 1.9415, 2.2986, 1.9106, 2.3788, 2.0028, 2.2881, 1.6565, 1.5132, 1.5886, 2.1574],
  "initQF": [3.6472, 3.9888, 3.8261, 5.3329, 6.0901, 3.0692, 3.0949, 4.8444, 2.3077, 6.0456, 4.4494, 3.0133, 5.292, 5.7327, 4.2223, 4.6916, 4.5073, 6.9288, 7.2388, 6.9189, 6.7095, 3.2752, 4.571, 2.7257, 4.8899, 2.6287, 7.5399, 6.9462, 2.2078, 3.461, 4.1466, 5.6675, 9.4924, 3.5379, 7.88, 3.8745, 3.9007, 2.6069, 2.8746, 3.8934, 5.9339, 5.5292, 2.3913, 4.9334, 2.7271, 5.3566, 3.6846, 8.3516, 6.1355, 2.1116],
  "initQU": [8.5877, 7.5949, 8.1099, 9.0188, 8.9054, 7.4731, 7.9242, 9.0144, 9.9002, 9.6814, 8.1195, 8.5893, 9.1954, 8.0191, 8.1801, 6.7124, 9.7952, 9.9802, 8.2647, 8.5237, 7.9493, 7.1674, 8.8968, 6.8888, 4.9837, 7.9799, 9.0469, 9.7478, 6.583, 9.0189, 8.1747, 6.7635, 5.2701, 7.7879, 9.5875, 9.5924, 9.488, 7.8054, 8.6953, 8.5413, 6.6747, 7.6577, 9.0129, 9.9902, 4.8866, 9.4184, 8.7625, 9.1143, 8.6612, 8.3398]
}
