{
  "n_part": 50,
  "n_trials": 30,
  "LR_group": 0.66432438371703,
  "inv_temp_group": 1.40082779107615,
  "initQF_group": 5.27422756864689,
  "initQU_group": 2.84104234259576,
  "mu_R_group": [
    [5],
    [5]
  ],
  "sigma_R_group": 2,
  "LR": [0.5028, 0.6354, 0.9529, 0.7149, 0.7634, 0.9163, 0.8369, 0.5717, 0.5297, 0.7149, 0.3879, 0.7074, 0.6978, 0.6802, 0.7177, 0.704, 0.6723, 0.4472, 0.3482, 0.7146, 0.6068, 0.6327, 0.2839, 0.7323, 0.706, 0.6825, 0.9344, 0.4823, 0.6418, 0.3599, 0.7103, 0.5957, 0.5078, 0.7306, 0.9251, 0.6249, 0.224, 0.1593, 0.6744, 0.6313, 0.7703, 0.8526, 0.3083, 0.8212, 0.5035, 0.8954, 0.4614, 0.517, 0.7394, 0.4422],
  "inv_temp": [1.3637, 1.4956, 1.0872, 1.2288, 1.4972, 1.4679, 1.7756, 1.8475, 1.0619, 1.0966, 1.2318, 1.1122, 1.7164, 1.296, 1.4833, 1.7776, 1.0297, 1.5198, 1.4987, 0.9673, 1.6001, 1.5944, 1.2478, 1.6782, 0.9732, 0.9473, 1.4479, 1.0515, 1.9948, 1.8143, 1.3589, 1.4335, 1.8936, 1.5745, 0.7253, 1.3245, 1.8635, 1.2723, 1.2128, 1.3256, 1.2339, 0.8559, 1.7813, 1.1548, 1.2779, 1.435, 1.2821, 1.781, 1.4964, 1.4402],
  "initQF": [4.7731, 7.3065, 3.925, 6.973, 2.4441, 9.6091, 6.5466, 5.6001, 4.6058, 4.1503, 2.3031, 7.0696, 6.9272, 6.4188, 2.2396, 5.1321, 5.1761, 1.1252, 5.772, 3.9171, 4.4975, 5.7069, 7.6731, 4.7003, 8.0377, 4.2071, 8.6261, 3.4345, 4.9219, 5.1298, 5.142, 4.1644, 4.4625, 5.6241, 4.3503, 8.9938, 1.747, 7.0454, 7.833, 5.6722, 1.5921, 4.3107, 4.741, 8.2081, 4.8624, 4.878, 5.9772, 3.9991, 8.4061, 6.5803],
  "initQU": [4.112, 6.2919, 1.0482, 2.2575, 2.2925, 2.3674, 2.9808, 3.1263, 5.3212, 4.262, 4.8784, 1.4196, 5.1911, 5.0754, 4.0789, 2.0933, 1.3953, 4.5472, 1.6694, 5.8954, 2.0334, 2.8189, 2.2853, 2.448, 4.604, 2.9641, 1.0149, 1.9442, 3.3937, 1.971, 4.6688, 4.8171, 4.9128, 2.134, 2.7292, 6.1102, 2.6143, 2.1085, 4.667, 2.5773, 1.871, 7.6253, 5.0538, 1.6623, 3.4159, 2.0685, 3.7541, 3.4028, 1.0237, 5.4272]
}
