{
  "n_part": 50,
  "n_trials": 30,
  "LR_group": 0.837639490840957,
  "inv_temp_group": 4.59396658930928,
  "initQF_group": 9.48238224373199,
  "initQU_group": 5.56930008134805,
  "mu_R_group": [
    [5],
    [5]
  ],
  "sigma_R_group": 2,
  "LR": [0.9357, 0.6369, 0.9243, 0.6805, 0.7014, 0.5902, 0.4632, 0.9527, 0.8938, 0.8678, 0.8288, 0.9919, 0.9829, 0.7542, 0.9096, 0.8742, 0.413, 0.74, 0.815, 0.6954, 0.6571, 0.9127, 0.8688, 0.8069, 0.8514, 0.9459, 0.6902, 0.8989, 0.9439, 0.8768, 0.7125, 0.9328, 0.7076, 0.9318, 0.7636, 0.6252, 0.9205, 0.7555, 0.9627, 0.8116, 0.652, 0.8346, 0.6471, 0.6962, 0.5251, 0.8068, 0.855, 0.725, 0.8259, 0.8122],
  "inv_temp": [4.5502, 4.7938, 4.5476, 4.6766, 4.7797, 4.4163, 4.7833, 4.3975, 4.6619, 4.2246, 4.2882, 4.6887, 4.5804, 4.4597, 4.1437, 4.8185, 4.5231, 4.5084, 4.932, 4.5373, 4.7437, 4.5992, 4.8143, 4.3118, 4.4409, 4.3277, 4.5766, 4.9736, 4.9294, 4.7204, 4.7028, 4.5007, 4.875, 4.2983, 4.2642, 4.9553, 4.5354, 4.9359, 4.2766, 4.8622, 4.4735, 4.5308, 4.0807, 4.3704, 4.3058, 4.7801, 4.1376, 4.0267, 4.8202, 4.5526],
  "initQF": [4.7208, 9.1393, 8.0681, 6.444, 9.2046, 8.1493, 9.8086, 5.7024, 7.4927, 8.9125, 9.4583, 9.6514, 8.6349, 7.7102, 9.8206, 9.4625, 8.9105, 5.9997, 9.7283, 5.1318, 9.5371, 7.3274, 9.0875, 8.6089, 7.5125, 9.636, 8.7378, 9.6005, 9.1633, 9.8427, 9.9416, 9.4638, 9.089, 6.0381, 7.3581, 7.9592, 7.302, 7.9976, 6.1478, 8.8988, 8.2297, 8.4493, 7.0328, 5.3774, 9.7954, 9.2746, 7.1649, 8.4575, 9.506, 8.8022],
  "initQU": [3.7763, 8.712, 6.1835, 7.0006, 6.1087, 1.4307, 2.5936, 6.0494, 2.8463, 6.1248, 6.2079, 5.1824, 4.9199, 4.5516, 8.0917, 9.2766, 3.9394, 3.7454, 8.2355, 6.6851, 6.7638, 7.9368, 6.1805, 7.7049, 3.2521, 1.6096, 5.0822, 2.848, 8.2279, 8.2689, 7.3488, 4.375, 9.8168, 7.5952, 6.7367, 4.3506, 5.6826, 3.6716, 8.5456, 6.7034, 3.35, 5.4962, 4.0804, 7.0062, 7.6385, 6.5189, 2.8631, 3.8993, 4.6145, 2.4356]
}
