{
  "n_part": 50,
  "n_trials": 30,
  "LR_group": 0.390098636737093,
  "inv_temp_group": 2.37046718248166,
  "initQF_group": 1.7187691538129,
  "initQU_group": 2.04325173213147,
  "mu_R_group": [
    [5],
    [5]
  ],
  "sigma_R_group": 2,
  "LR": [0.706, 0.4058, 0.6405, 0.565, 0.3674, 0.5693, 0.2996, 0.7008, 0.2399, 0.3347, 0.3204, 0.239, 0.6625, 0.038, 0.7672, 0.4183, 0.5033, 0.6123, 0.4046, 0.601, 0.4163, 0.4896, 0.0709, 0.4968, 0.2513, 0.4628, 0.4786, 0.2534, 0.6489, 0.369, 0.1749, 0.5053, 0.7143, 0.4567, 0.277, 0.1686, 0.1665, 0.6784, 0.6268, 0.3524, 0.3545, 0.3539, 0.0829, 0.1676, 0.2442, 0.3836, 0.2873, 0.252, 0.6099, 0.4986],
  "inv_temp": [1.8667, 2.3818, 2.4032, 1.9717, 2.9454, 2.6522, 2.166, 2.566, 2.1888, 2.1441, 2.2884, 2.5101, 2.3511, 2.1684, 1.8423, 2.1866, 2.3033, 2.1151, 2.6075, 2.1784, 2.5779, 2.8392, 2.3523, 2.451, 2.7634, 2.2599, 2.435, 2.2232, 2.214, 2.6079, 2.1379, 2.2983, 2.0663, 2.9245, 2.148, 2.8336, 2.7088, 2.434, 2.7331, 2.204, 2.14, 2.3173, 2.458, 2.039, 2.2292, 2.5545, 2.5115, 2.47, 2.6584, 2.225],
  "initQF": [2.4201, 1.1989, 4.9835, 1.6175, 3.5738, 4.6828, 2.7391, 2.8166, 1.5646, 3.3894, 2.3283, 1.6005, 1.5677, 2.0161, 1.5809, 1.5828, 3.0337, 1.5532, 3.4695, 1.9952, 2.9713, 3.146, 2.8396, 4.141, 2.4015, 3.333, 3.0036, 4.0368, 2.3212, 4.0512, 2.1966, 3.6895, 4.3999, 3.4399, 3.7095, 2.0867, 2.5878, 1.4237, 2.9621, 1.2923, 2.0829, 1.0586, 1.261, 5.3838, 3.8017, 2.8248, 3.6293, 1.2777, 3.9604, 1.4474],
  "initQU": [4.9081, 1.992, 4.1903, 3.0071, 6.7564, 3.4052, 4.2178, 6.2916, 1.1986, 4.0266, 2.2167, 2.4565, 1.2014, 4.3197, 1.839, 4.651, 3.5132, 4.664, 4.7334, 1.4714, 3.7679, 3.8864, 1.9368, 3.0356, 5.9577, 2.7596, 1.3172, 2.3262, 4.9997, 2.7866, 2.6583, 3.0856, 3.4049, 2.7251, 5.8344, 1.8099, 3.2921, 1.8836, 7.642, 1.8246, 3.8742, 1.762, 1.0338, 2.658, 3.1475, 1.0473, 2.6395, 3.6809, 1.321, 5.1253]
}
