{
  "n_part": 50,
  "n_trials": 30,
  "LR_group": 0.234011309221387,
  "inv_temp_group": 3.47522493568249,
  "initQF_group": 5.16042525600642,
  "initQU_group": 7.50037540891208,
  "mu_R_group": [
    [5],
    [5]
  ],
  "sigma_R_group": 2,
  "LR": [0.3873, 0.5164, 0.2337, 0.0296, 0.0829, 0.401, 0.288, 0.4377, 0.4869, 0.4412, 0.1457, 0.2769, 0.0526, 0.337, 0.5272, 0.146, 0.365, 0.3377, 0.2886, 0.5099, 0.1505, 0.4635, 0.2895, 0.1776, 0.2379, 0.2366, 0.0405, 0.5207, 0.1433, 0.6324, 0.0981, 0.1389, 0.2654, 0.4919, 0.1027, 0.1471, 0.2023, 0.3931, 0.5541, 0.1177, 0.0362, 0.2227, 0.5948, 0.1024, 0.3341, 0.1693, 0.135, 0.3902, 0.1148, 0.4995],
  "inv_temp": [3.6941, 3.3865, 3.3197, 3.635, 3.7066, 3.5352, 3.4943, 3.4355, 4.0378, 3.2303, 3.5615, 3.4236, 3.2852, 3.0399, 3.655, 3.2032, 3.7394, 3.6847, 2.7271, 3.3541, 3.5832, 3.4561, 3.1536, 3.321, 3.6433, 3.3338, 2.7446, 3.8294, 3.0196, 3.5768, 3.2023, 3.2933, 3.3263, 3.8714, 3.7404, 3.5262, 3.7461, 3.1327, 3.8737, 3.5869, 3.438, 3.1528, 4.5863, 2.9491, 3.4407, 3.6825, 3.9411, 3.56, 3.9466, 3.5616],
  "initQF": [4.9321, 4.4815, 4.9175, 8.0607, 3.6135, 3.2098, 6.1185, 5.6873, 6.4307, 4.6183, 2.782, 4.4871, 5.9064, 5.8591, 5.6686, 5.814, 5.933, 3.6903, 3.7563, 4.2113, 2.1568, 4.7576, 5.6018, 6.5884, 6.4802, 6.7754, 1.9437, 6.0938, 2.6878, 6.783, 6.2544, 6.1058, 8.7322, 5.0228, 5.9072, 4.8045, 5.2286, 6.8078, 2.5931, 7.2663, 5.7245, 1.602, 2.3516, 3.0726, 7.1605, 5.525, 6.9796, 4.1292, 4.7265, 8.2476],
  "initQU": [5.8196, 7.1832, 6.4204, 6.7858, 5.799, 5.9716, 9.5035, 7.841, 8.442, 7.6595, 6.2254, 9.0418, 7.6781, 7.0162, 9.0817, 8.3253, 4.628, 5.5319, 4.8066, 8.6772, 4.5044, 7.6287, 5.6611, 6.3279, 5.8307, 8.9499, 9.6507, 5.5867, 7.1408, 4.5969, 7.7507, 7.3497, 4.9586, 9.0748, 9.2852, 7.9704, 9.0345, 7.4821, 6.6192, 6.4159, 9.5763, 1.5488, 4.6533, 8.2897, 3.0437, 7.5902, 6.9458, 6.4309, 8.6825, 9.4717]
}
