{
  "n_part": 50,
  "n_trials": 30,
  "LR_group": 0.626200268045068,
  "inv_temp_group": 2.62202970683575,
  "initQF_group": 3.08351948787458,
  "initQU_group": 2.44555061706342,
  "mu_R_group": [
    [5],
    [5]
  ],
  "sigma_R_group": 2,
  "LR": [0.5475, 0.5983, 0.7285, 0.6346, 0.6005, 0.4024, 0.3951, 0.4594, 0.5729, 0.5655, 0.445, 0.6686, 0.5063, 0.5613, 0.8815, 0.5722, 0.587, 0.8087, 0.5534, 0.9763, 0.7765, 0.6048, 0.899, 0.7743, 0.5142, 0.5744, 0.493, 0.4018, 0.5133, 0.7904, 0.8165, 0.7932, 0.7803, 0.5131, 0.8471, 0.8305, 0.8258, 0.7047, 0.5756, 0.7586, 0.7484, 0.7759, 0.4368, 0.6244, 0.2569, 0.4586, 0.2813, 0.5941, 0.5576, 0.4572],
  "inv_temp": [2.9227, 2.6953, 2.3493, 2.5282, 2.514, 2.535, 2.6637, 2.6361, 2.6919, 2.6967, 3.2343, 3.0971, 2.7238, 2.3663, 2.6083, 2.3531, 3.1354, 3.046, 2.4954, 2.6647, 2.5595, 2.2605, 2.0598, 3.5847, 2.4495, 2.4706, 2.7187, 2.6683, 2.9949, 2.7886, 2.2021, 2.6632, 2.6845, 2.2239, 2.8788, 2.7307, 2.8623, 2.6919, 2.5425, 2.8104, 2.1756, 2.8689, 2.3969, 2.453, 2.5334, 2.4122, 2.8879, 2.1573, 2.441, 2.9131],
  "initQF": [3.3701, 2.9577, 5.2571, 3.5978, 2.6933, 5.3181, 1.4646, 2.2848, 2.9636, 2.428, 1.4619, 3.5911, 4.6769, 3.1609, 3.5153, 2.8772, 4.023, 2.4094, 3.8922, 2.9819, 3.0575, 5.893, 4.4014, 5.0361, 1.0505, 2.2692, 4.99, 6.7283, 3.0879, 5.4106, 3.5521, 1.1211, 4.01, 4.1157, 3.1463, 4.8066, 3.1191, 2.9071, 1.9084, 5.3915, 1.3899, 5.689, 4.8011, 1.0915, 4.8313, 2.6882, 8.1964, 2.1882, 7.8492, 4.4308],
  "initQU": [3.8601, 2.2365, 2.9348, 1.0064, 5.8226, 5.3741, 3.4475, 6.744, 2.8124, 1.0482, 2.3051, 1.1904, 1.2232, 1.904, 4.8218, 4.4577, 2.6666, 2.6871, 1.9757, 2.0046, 1.0435, 1.4466, 3.2052, 4.024, 5.9916, 1.3101, 2.1541, 5.4519, 3.1735, 4.6109, 4.0981, 4.5285, 4.2697, 1.6683, 2.3565, 2.7688, 4.1937, 4.9204, 2.5533, 1.9813, 1.5593, 4.7066, 3.2596, 4.8032, 1.1141, 5.7797, 2.4505, 5.3257, 1.2324, 4.0439]
}
