{
  "n_part": 50,
  "n_trials": 30,
  "LR_group": 0.600898630684242,
  "inv_temp_group": 0.57396718650125,
  "initQF_group": 8.55312043428421,
  "initQU_group": 4.90116982464679,
  "mu_R_group": [
    [5],
    [5]
  ],
  "sigma_R_group": 2,
  "LR": [0.5933, 0.6124, 0.5398, 0.8103, 0.4844, 0.5569, 0.2475, 0.6938, 0.7819, 0.7113, 0.5166, 0.3197, 0.5212, 0.6071, 0.3098, 0.4404, 0.7011, 0.3728, 0.3518, 0.849, 0.7508, 0.5296, 0.7456, 0.8101, 0.5463, 0.6573, 0.6868, 0.5513, 0.7526, 0.4132, 0.7165, 0.561, 0.7598, 0.5318, 0.7266, 0.8092, 0.6038, 0.4264, 0.3706, 0.8545, 0.594, 0.6026, 0.5857, 0.4353, 0.1296, 0.4925, 0.3821, 0.1007, 0.7888, 0.5025],
  "inv_temp": [0.6537, 0.3811, 0.3762, 0.506, 0.2507, 0.3706, 0.6589, 0.495, 0.6644, 0.5878, 1.088, 0.9528, 0.8347, 0.7851, 0.2327, 0.6628, 0.5303, 0.5085, 0.3031, 0.3652, 0.8645, 0.3166, 0.8022, 0.7583, 0.5366, 0.7319, 0.51, 0.2354, 0.5085, 0.3318, 0.6394, 0.2767, 0.1904, 0.8168, 0.5753, 0.3904, 1.0331, 0.1965, 0.6281, 0.4693, 0.6417, 0.5007, 0.4257, 0.396, 0.3575, 0.2594, 0.985, 0.771, 0.3713, 0.563],
  "initQF": [5.6866, 8.894, 6.1606, 9.8126, 7.2324, 9.5859, 6.5034, 9.4012, 9.6392, 7.6881, 8.078, 8.6236, 8.9546, 8.771, 8.9095, 7.0336, 6.4473, 8.6121, 6.2695, 4.9739, 7.1937, 9.3721, 8.387, 8.2397, 9.6638, 5.6263, 8.8048, 7.0548, 9.0336, 7.5854, 9.8663, 8.3432, 9.8772, 9.9763, 7.0971, 7.8058, 7.5756, 6.5272, 8.5353, 9.2048, 7.5269, 7.4564, 7.7871, 9.3078, 7.6267, 8.754, 9.8947, 7.0993, 8.4846, 8.0256],
  "initQU": [7.6824, 4.2303, 5.76, 2.4016, 4.0528, 3.6988, 2.1727, 2.1645, 5.0011, 3.3503, 4.9432, 5.962, 5.1167, 5.491, 5.5169, 3.1515, 3.2278, 2.3633, 2.5873, 5.1491, 4.9454, 8.0151, 6.8849, 4.7434, 4.628, 3.3786, 3.4674, 7.3948, 4.0095, 2.4328, 5.2858, 3.027, 1.5961, 4.7739, 4.6559, 4.8784, 5.2557, 3.2621, 2.7995, 4.9171, 4.5935, 5.0996, 7.4671, 7.2539, 5.6141, 6.0268, 3.7457, 4.135, 4.6606, 4.5476]
}
