{
  "n_part": 50,
  "n_trials": 30,
  "LR_group": 0.275301288580522,
  "inv_temp_group": 4.18915411923081,
  "initQF_group": 9.78112560883164,
  "initQU_group": 7.35329244588502,
  "mu_R_group": [
    [5],
    [5]
  ],
  "sigma_R_group": 2,
  "LR": [0.2316, 0.1466, 0.4095, 0.6846, 0.4248, 0.1313, 0.2885, 0.4769, 0.2988, 0.2693, 0.4701, 0.3748, 0.1532, 0.3215, 0.4576, 0.8554, 0.2185, 0.5735, 0.365, 0.3665, 0.235, 0.1625, 0.2336, 0.5054, 0.0497, 0.0824, 0.1828, 0.0616, 0.211, 0.6686, 0.2179, 0.3687, 0.3758, 0.4349, 0.163, 0.0427, 0.1545, 0.6414, 0.2944, 0.132, 0.3501, 0.3668, 0.0733, 0.1525, 0.2802, 0.3961, 0.3278, 0.1762, 0.315, 0.202],
  "inv_temp": [4.2333, 3.9287, 4.3142, 4.6992, 4.1001, 3.8145, 3.9897, 4.4751, 3.7601, 4.3914, 4.2047, 4.3994, 4.6201, 4.4211, 3.938, 4.4904, 3.9658, 4.1362, 3.8399, 4.1935, 4.1548, 4.5019, 3.4144, 4.4492, 4.2347, 4.4495, 4.1588, 4.8789, 3.8892, 4.0002, 3.569, 4.3909, 4.7549, 4.0609, 4.2289, 4.5557, 4.1744, 3.9935, 4.1915, 3.8148, 4.5572, 4.2051, 3.9138, 4.3901, 4.1977, 4.7582, 4.1806, 4.3139, 4.0669, 4.19],
  "initQF": [9.4565, 9.3059, 8.489, 7.5214, 9.0134, 9.7016, 9.8742, 7.6266, 9.8106, 8.084, 7.2707, 9.6271, 7.7797, 8.3328, 6.9697, 4.594, 7.371, 8.4692, 9.4111, 6.9344, 8.1308, 9.2663, 5.3325, 9.7165, 9.5095, 8.459, 9.8352, 8.7507, 8.5229, 8.3484, 9.6137, 6.3958, 6.6977, 9.6211, 9.9325, 9.1703, 6.8384, 9.286, 8.1822, 7.6245, 8.2427, 9.9904, 8.0064, 7.6117, 9.7219, 6.5114, 9.3342, 6.5939, 6.8908, 9.7444],
  "initQU": [8.3235, 6.0166, 4.9535, 9.666, 6.6912, 6.6877, 1.1063, 5.8848, 7.3738, 6.9043, 8.0949, 6.5114, 6.9497, 9.1154, 6.319, 7.9031, 9.365, 6.6755, 7.722, 8.663, 5.6358, 7.1732, 2.1334, 9.5819, 4.3247, 8.6496, 5.2309, 6.5971, 4.3673, 6.3042, 8.9436, 4.7291, 8.0391, 8.7226, 7.4217, 8.0917, 7.5257, 5.437, 6.1192, 7.5794, 6.8072, 5.5244, 9.2584, 4.1211, 9.3932, 5.8026, 4.1197, 4.7545, 5.6605, 7.7996]
}
