{
  "n_part": 50,
  "n_trials": 30,
  "LR_group": 0.313910051248968,
  "inv_temp_group": 2.1685708721634,
  "initQF_group": 3.41408817446791,
  "initQU_group": 5.05972432950512,
  "mu_R_group": [
    [5],
    [5]
  ],
  "sigma_R_group": 2,
  "LR": [0.8417, 0.386, 0.1634, 0.4604, 0.2035, 0.3461, 0.6309, 0.2801, 0.5369, 0.1539, 0.068, 0.5498, 0.5009, 0.1025, 0.194, 0.3291, 0.101, 0.5933, 0.1385, 0.3226, 0.3583, 0.502, 0.3991, 0.3986, 0.1538, 0.0953, 0.0778, 0.5276, 0.1628, 0.5147, 0.169, 0.1715, 0.4578, 0.2306, 0.3855, 0.3954, 0.1021, 0.5001, 0.5121, 0.3709, 0.6341, 0.2762, 0.2779, 0.4799, 0.4346, 0.2261, 0.3948, 0.2495, 0.4241, 0.3826],
  "inv_temp": [2.0123, 1.8541, 2.5366, 2.2923, 2.8936, 1.9718, 2.1915, 2.5444, 1.9261, 2.1346, 2.1756, 1.9394, 1.7993, 2.0531, 2.4557, 2.2212, 2.1625, 2.7507, 2.2369, 2.1269, 1.9817, 2.8436, 2.3975, 1.9932, 2.3185, 2.5167, 1.8243, 1.9986, 2.0458, 2.198, 1.9979, 1.8555, 2.0445, 1.604, 1.6674, 2.4096, 2.3047, 2.5025, 2.0749, 1.9527, 2.772, 2.9785, 1.9484, 2.4706, 1.8036, 1.9488, 2.23, 2.3099, 2.5078, 2.502],
  "initQF": [1.1396, 3.0177, 2.8598, 6.3445, 2.5482, 3.6885, 3.206, 8.0049, 3.0873, 8.1188, 3.7916, 3.883, 4.3041, 4.0247, 1.4668, 4.2535, 1.8096, 3.5894, 2.6578, 1.472, 3.4613, 4.5684, 3.5687, 3.6079, 1.9387, 2.5767, 2.2652, 4.3569, 3.7943, 5.8425, 5.1359, 1.3028, 2.79, 1.2633, 7.183, 1.7763, 2.5693, 4.8894, 4.6893, 3.0839, 2.8903, 1.8359, 6.7003, 6.5313, 1.0982, 2.4165, 4.0317, 5.5428, 1.348, 5.2174],
  "initQU": [4.5415, 5.8825, 6.7942, 8.5146, 5.4982, 3.7285, 4.2201, 4.2689, 4.1366, 6.9546, 6.0573, 2.7075, 5.3933, 2.9374, 1.3762, 3.8453, 6.3715, 4.9465, 2.5649, 7.3643, 7.9969, 3.4667, 2.0939, 6.1049, 2.9796, 3.3644, 6.0001, 3.9653, 3.1831, 5.872, 4.0755, 3.7309, 6.1968, 5.5199, 4.5362, 3.84, 1.7672, 6.0258, 5.3653, 5.3046, 2.3977, 8.4675, 6.7634, 5.8015, 5.283, 6.2719, 3.7646, 7.0099, 3.1015, 4.2034]
}
