{
  "n_part": 50,
  "n_trials": 30,
  "LR_group": 0.462643381906673,
  "inv_temp_group": 1.98235667310655,
  "initQF_group": 1.4277621533256,
  "initQU_group": 1.33250172110274,
  "mu_R_group": [
    [5],
    [5]
  ],
  "sigma_R_group": 2,
  "LR": [0.3018, 0.3471, 0.1503, 0.5271, 0.7131, 0.2684, 0.4185, 0.59, 0.6982, 0.351, 0.2783, 0.3673, 0.6768, 0.4715, 0.503, 0.6343, 0.1439, 0.4384, 0.2243, 0.515, 0.5412, 0.2586, 0.383, 0.4934, 0.5946, 0.5985, 0.4713, 0.6139, 0.4692, 0.122, 0.0829, 0.3339, 0.5751, 0.2899, 0.3749, 0.9743, 0.3705, 0.239, 0.6211, 0.5242, 0.6961, 0.4921, 0.4376, 0.5957, 0.4218, 0.4084, 0.609, 0.3066, 0.3167, 0.5456],
  "inv_temp": [1.7722, 1.5002, 1.4298, 2.5306, 2.1805, 1.4461, 1.9574, 1.6758, 1.9382, 2.108, 1.9709, 1.8882, 2.1434, 1.8892, 2.4161, 1.5763, 1.5803, 1.8906, 2.0586, 2.3413, 2.4165, 1.7028, 1.97, 2.097, 2.2786, 1.867, 1.9297, 1.6698, 1.8542, 1.8246, 1.7318, 1.8642, 2.291, 2.1423, 1.9623, 1.8844, 2.586, 1.616, 1.9384, 2.4705, 1.8912, 2.601, 1.6442, 2.6917, 2.4306, 1.8084, 1.8593, 1.5132, 2.4333, 1.9128],
  "initQF": [2.1416, 3.7817, 1.9099, 4.4644, 3.2886, 1.1033, 3.3258, 5.0507, 3.4942, 1.4, 3.2979, 1.9357, 2.2275, 2.393, 3.6031, 1.9715, 1.7259, 3.1727, 1.4534, 2.0096, 3.7001, 2.992, 2.3646, 3.971, 1.3517, 2.8052, 1.2557, 2.7128, 2.7722, 1.0108, 2.3633, 2.7346, 1.4714, 1.1109, 1.0901, 2.8543, 4.8098, 1.8989, 3.2079, 1.3701, 2.2909, 3.1109, 1.9828, 1.0643, 7.2637, 3.9257, 2.6732, 3.2807, 2.5675, 1.8218],
  "initQU": [1.0973, 3.2368, 2.5389, 2.849, 1.4341, 6.2028, 3.8177, 2.4567, 1.7873, 1.2656, 2.0634, 2.6473, 1.6853, 1.3795, 2.1808, 2.9818, 1.0769, 5.1998, 1.4826, 1.5964, 1.4634, 3.3807, 2.3201, 1.6165, 1.6664, 1.6549, 1.9443, 3.2291, 4.2489, 4.4265, 3.2954, 1.7665, 1.2559, 2.9594, 3.4093, 1.1294, 3.808, 2.801, 4.1106, 3.1636, 1.2103, 2.7909, 1.1568, 3.2461, 2.8082, 3.1476, 3.059, 1.1971, 3.444, 2.9289]
}
