{
  "n_part": 50,
  "n_trials": 30,
  "LR_group": 0.986318537965417,
  "inv_temp_group": 2.51154923229478,
  "initQF_group": 9.24497897038236,
  "initQU_group": 3.65056936303154,
  "mu_R_group": [
    [5],
    [5]
  ],
  "sigma_R_group": 2,
  "LR": [0.9298, 0.9846, 0.6558, 0.7338, 0.8882, 0.7827, 0.9079, 0.7688, 0.7947, 0.7656, 0.9479, 0.7417, 0.9912, 0.7351, 0.7053, 0.8239, 0.656, 0.6636, 0.9819, 0.8929, 0.7141, 0.7308, 0.978, 0.8553, 0.9307, 0.8592, 0.8513, 0.9855, 0.9639, 0.8951, 0.8054, 0.8423, 0.9695, 0.5899, 0.9931, 0.9752, 0.7146, 0.8963, 0.9477, 0.9524, 0.3837, 0.8532, 0.6944, 0.9003, 0.8477, 0.8817, 0.9891, 0.9649, 0.8933, 0.8863],
  "inv_temp": [2.9747, 2.0226, 1.8621, 2.5264, 2.4966, 2.5911, 2.7641, 2.1583, 2.8702, 2.7637, 2.5306, 2.5741, 3.0325, 2.7538, 2.6186, 3.081, 2.7701, 2.4405, 2.6002, 2.1117, 2.3479, 2.4384, 2.5791, 2.5902, 2.759, 2.1873, 2.2208, 2.8044, 2.3705, 2.2909, 1.8558, 2.4085, 2.1402, 2.6788, 1.8508, 2.3477, 2.0018, 2.578, 2.3259, 2.516, 2.476, 2.6641, 2.4954, 3.0702, 2.1263, 1.9875, 2.6049, 2.4413, 2.6334, 2.1443],
  "initQF": [7.5294, 9.6529, 8.298, 9.2777, 6.1323, 8.981, 8.2543, 9.0196, 6.9235, 8.7688, 8.1114, 8.4716, 8.1471, 5.0324, 8.3009, 6.5808, 9.1894, 7.2038, 9.8469, 8.6845, 9.7395, 5.7507, 8.84, 8.5173, 9.8287, 7.5091, 6.6012, 8.09, 8.7835, 8.9379, 7.5418, 7.2146, 8.29, 9.3551, 9.033, 6.7887, 7.885, 6.2214, 6.8372, 9.2755, 9.077, 8.9888, 9.0293, 8.2485, 5.4541, 8.9936, 7.8644, 8.4465, 9.0692, 8.4127],
  "initQU": [4.9806, 5.1896, 1.8235, 2.4256, 4.7662, 3.5126, 3.5473, 5.2242, 4.3407, 4.6941, 3.345, 3.4558, 4.8231, 2.5177, 4.1576, 3.5411, 4.6651, 4.2697, 3.0138, 9.1241, 3.8073, 6.4505, 2.1541, 4.1211, 3.1545, 3.2785, 4.2925, 1.554, 4.4421, 6.8825, 4.0028, 3.75, 4.1391, 2.9629, 4.9597, 1.4187, 3.5993, 2.5076, 5.0203, 1.9235, 4.9217, 7.6402, 3.8488, 1.8651, 5.0667, 2.838, 2.0021, 2.1858, 2.2612, 2.9815]
}
