{
  "n_part": 50,
  "n_trials": 30,
  "LR_group": 0.830323077272624,
  "inv_temp_group": 1.58074714243412,
  "initQF_group": 8.23799000214785,
  "initQU_group": 5.13257032469846,
  "mu_R_group": [
    [5],
    [5]
  ],
  "sigma_R_group": 2,
  "LR": [0.7251, 0.7909, 0.646, 0.6675, 0.9483, 0.8365, 0.8064, 0.7496, 0.876, 0.6006, 0.8148, 0.7292, 0.6373, 0.2348, 0.863, 0.7234, 0.7144, 0.8359, 0.8729, 0.5607, 0.8559, 0.8325, 0.8073, 0.9823, 0.9152, 0.3237, 0.8049, 0.7372, 0.9622, 0.9082, 0.7939, 0.6204, 0.762, 0.6309, 0.8173, 0.4252, 0.4414, 0.7135, 0.9604, 0.7912, 0.8918, 0.6824, 0.7402, 0.703, 0.8238, 0.6682, 0.7233, 0.6346, 0.5256, 0.9625],
  "inv_temp": [1.2526, 1.2682, 1.4519, 1.9212, 1.2839, 2.0282, 1.2344, 1.0752, 2.0513, 1.4217, 1.3684, 1.313, 1.4753, 1.4584, 1.8819, 0.7776, 1.1144, 1.468, 1.531, 1.3834, 1.6851, 1.6643, 1.4035, 1.3512, 1.6112, 1.4364, 1.5426, 1.7676, 1.6455, 1.6405, 1.6101, 1.6809, 1.584, 1.1098, 0.5592, 1.9344, 1.2058, 0.7831, 1.9915, 1.906, 1.1021, 1.8181, 1.6109, 1.3995, 1.762, 1.8006, 1.5945, 1.2235, 1.6972, 1.9265],
  "initQF": [9.6437, 8.6261, 7.2535, 9.3335, 9.0079, 5.9817, 8.5176, 9.8565, 4.0071, 8.3285, 9.4213, 7.9499, 3.6333, 6.554, 8.0794, 6.9371, 7.7027, 9.5218, 6.5965, 9.3853, 7.484, 7.3505, 5.4503, 8.2811, 7.6215, 7.0434, 5.1353, 5.4835, 8.6757, 6.6268, 5.6335, 7.5839, 3.8094, 5.6922, 9.5539, 5.9003, 9.3377, 6.9872, 6.9082, 5.8164, 7.9554, 8.7693, 9.4965, 6.922, 7.2953, 5.1966, 9.0283, 6.558, 7.3496, 9.3515],
  "initQU": [7.9301, 5.7407, 3.068, 7.6693, 7.5109, 5.5462, 4.5012, 1.1916, 5.1179, 4.952, 8.7082, 3.8143, 5.6564, 5.8079, 3.4678, 4.5343, 4.7541, 7.0911, 6.5285, 5.0839, 3.9682, 4.7475, 4.2313, 4.9598, 4.7063, 4.7328, 5.0439, 5.9852, 8.2482, 2.6891, 6.9157, 2.2098, 3.1311, 3.6909, 5.9101, 1.3399, 2.865, 6.3405, 4.7832, 6.6821, 4.8104, 2.9094, 3.5822, 3.9812, 7.7954, 5.1346, 4.5078, 5.3919, 5.1037, 4.4681]
}
