{
  "n_part": 50,
  "n_trials": 30,
  "LR_group": 0.899469553027302,
  "inv_temp_group": 3.90031345770694,
  "initQF_group": 9.1035230953712,
  "initQU_group": 2.55455543845892,
  "mu_R_group": [
    [5],
    [5]
  ],
  "sigma_R_group": 2,
  "LR": [0.8503, 0.9585, 0.8725, 0.9575, 0.8002, 0.8173, 0.7838, 0.7199, 0.6594, 0.7139, 0.8018, 0.73, 0.9729, 0.8111, 0.6893, 0.9179, 0.7282, 0.7789, 0.9316, 0.8915, 0.8691, 0.8515, 0.7355, 0.8093, 0.884, 0.7762, 0.9988, 0.9842, 0.7562, 0.8692, 0.9834, 0.963, 0.8982, 0.5696, 0.8202, 0.6369, 0.908, 0.9387, 0.996, 0.8602, 0.7384, 0.7679, 0.9675, 0.6004, 0.9151, 0.8255, 0.9968, 0.8832, 0.8802, 0.7148],
  "inv_temp": [4.1211, 3.8376, 3.7718, 4.1163, 3.8258, 4.1185, 3.1937, 3.433, 4.1402, 3.6663, 4.2718, 4.4389, 4.0141, 3.671, 3.8895, 3.9034, 3.8828, 3.779, 3.7846, 4.175, 3.5087, 3.887, 4.2786, 3.7478, 3.5448, 4.1296, 4.1097, 3.3745, 3.9026, 3.6823, 4.2856, 4.0134, 4.143, 3.6728, 3.9011, 4.3319, 4.0716, 3.5819, 3.3326, 3.5911, 4.3865, 3.9391, 3.7281, 4.3855, 4.0829, 3.5711, 4.2264, 3.6306, 3.7713, 3.9884],
  "initQF": [8.9594, 6.6326, 8.3707, 5.1624, 8.9003, 5.9867, 8.1189, 8.6511, 8.8654, 8.8403, 7.7871, 6.7427, 6.4518, 7.1141, 9.3757, 8.1408, 8.468, 7.664, 8.6414, 6.4963, 7.381, 9.2229, 9.0398, 4.6455, 9.0216, 7.913, 9.4631, 9.7971, 8.7183, 8.4971, 8.271, 9.0277, 6.6406, 5.1181, 7.8565, 8.232, 6.7587, 8.3912, 8.2315, 7.8893, 9.5873, 7.5674, 9.7828, 7.1878, 6.0001, 9.4535, 7.4036, 8.6787, 6.125, 4.1282],
  "initQU": [6.1864, 2.4765, 1.9314, 1.0159, 2.2572, 2.427, 3.2616, 3.618, 1.8913, 3.7151, 2.8539, 1.4654, 2.3558, 1.717, 2.3266, 1.8934, 4.3873, 2.7124, 3.3659, 1.0469, 1.5136, 3.2339, 4.1593, 1.0655, 4.4487, 3.4357, 6.0184, 6.3396, 3.4748, 3.4685, 3.4471, 5.0009, 1.0445, 1.2736, 1.0729, 6.1635, 2.3551, 4.7787, 1.1773, 2.5604, 2.9395, 5.6273, 5.3363, 2.3975, 1.4794, 1.8457, 2.5445, 4.942, 5.4313, 1.4434]
}
