{
  "n_part": 50,
  "n_trials": 30,
  "LR_group": 0.255323177203536,
  "inv_temp_group": 4.0371877537109,
  "initQF_group": 4.77333925082348,
  "initQU_group": 8.25955593492836,
  "mu_R_group": [
    [5],
    [5]
  ],
  "sigma_R_group": 2,
  "LR": [0.4226, 0.4498, 0.2412, 0.3492, 0.6065, 0.3359, 0.4333, 0.3483, 0.3275, 0.5601, 0.413, 0.7585, 0.1508, 0.4394, 0.0791, 0.3276, 0.1825, 0.2867, 0.2587, 0.0421, 0.2473, 0.284, 0.2381, 0.316, 0.3736, 0.2933, 0.4193, 0.0699, 0.5364, 0.3141, 0.1782, 0.2962, 0.3239, 0.1371, 0.1716, 0.3647, 0.1853, 0.5276, 0.2191, 0.2378, 0.3069, 0.0321, 0.1581, 0.4078, 0.3509, 0.3762, 0.2629, 0.2501, 0.2758, 0.2428],
  "inv_temp": [3.7062, 3.9497, 3.8498, 4.0102, 4.429, 3.5703, 3.8256, 4.5542, 3.9029, 4.2691, 3.9369, 4.0335, 4.3393, 4.1818, 4.372, 4.1388, 4.1571, 4.6847, 4.8481, 4.5106, 3.7759, 3.3756, 4.048, 4.1937, 4.403, 4.0592, 4.1551, 4.1803, 3.8824, 4.2875, 4.5154, 3.5462, 3.682, 4.1561, 4.3984, 3.7326, 4.0268, 4.353, 3.9703, 4.6202, 4.0873, 3.8944, 4.041, 4.3058, 4.0338, 4.0418, 3.9647, 4.3498, 3.3791, 4.1218],
  "initQF": [6.284, 4.8975, 1.5677, 7.0338, 4.4556, 8.2, 1.454, 3.3665, 2.792, 3.9036, 4.7425, 3.2832, 5.7369, 1.3541, 5.6355, 3.9524, 2.9792, 6.3205, 3.0228, 3.4904, 6.2085, 8.6792, 4.2664, 8.3861, 8.3355, 4.0297, 4.6671, 7.3061, 5.7656, 6.133, 4.6318, 2.7899, 5.8209, 2.7246, 6.2138, 4.6324, 4.7287, 5.9049, 2.2296, 4.3713, 5.2553, 5.7673, 6.7868, 4.0346, 5.3487, 3.9086, 7.4944, 3.4324, 7.5251, 3.5335],
  "initQU": [6.5433, 7.0767, 7.9523, 6.7794, 7.3464, 9.3769, 4.7292, 9.1475, 8.3064, 8.8656, 8.1551, 9.253, 7.5566, 9.7605, 6.7537, 9.0021, 9.5164, 4.0379, 8.7201, 5.6287, 4.9158, 9.8913, 8.4754, 8.0823, 5.6372, 6.3139, 8.5872, 7.5587, 5.6823, 7.8853, 6.433, 7.6103, 7.5217, 9.7857, 7.6839, 8.4191, 7.5131, 4.8775, 9.6594, 7.5217, 6.9517, 7.8901, 4.847, 8.0391, 8.3894, 8.6837, 5.6359, 8.8864, 7.6179, 5.8379]
}
