{
  "n_part": 50,
  "n_trials": 30,
  "LR_group": 0.71990025206469,
  "inv_temp_group": 2.68995209713466,
  "initQF_group": 1.15410990640521,
  "initQU_group": 2.23980533936992,
  "mu_R_group": [
    [5],
    [5]
  ],
  "sigma_R_group": 2,
  "LR": [0.4775, 0.3318, 0.9336, 0.7726, 0.8366, 0.9445, 0.7544, 0.8191, 0.5419, 0.5237, 0.9787, 0.9162, 0.8912, 0.8183, 0.7235, 0.6178, 0.3745, 0.6552, 0.9994, 0.6105, 0.4337, 0.7472, 0.8913, 0.6958, 0.4807, 0.5247, 0.4242, 0.7067, 0.7117, 0.3352, 0.8583, 0.9366, 0.2838, 0.6909, 0.5648, 0.6567, 0.5189, 0.5405, 0.7149, 0.6902, 0.7176, 0.9257, 0.8225, 0.8812, 0.4709, 0.5925, 0.9496, 0.8522, 0.6001, 0.6867],
  "inv_temp": [2.9335, 2.7104, 3.0637, 2.2645, 2.4959, 2.6227, 2.2445, 3.0699, 2.5067, 2.5723, 2.4087, 2.7737, 2.9671, 3.0579, 2.7564, 2.7238, 2.6831, 2.3478, 2.0219, 2.9467, 3.0035, 3.0963, 2.8762, 2.8823, 2.7184, 2.5302, 2.4046, 3.2808, 2.7188, 2.7256, 2.8085, 2.5387, 2.8234, 2.655, 2.532, 2.0864, 2.534, 2.9578, 2.8545, 2.8932, 2.9085, 2.4201, 3.2208, 2.5718, 2.7442, 2.6192, 2.0183, 3.0757, 3.0218, 2.1588],
  "initQF": [2.7767, 2.7182, 4.4222, 2.4457, 4.2656, 3.2301, 4.7987, 2.1161, 1.9873, 1.7676, 1.1019, 2.8188, 3.0323, 4.1787, 2.6152, 1.2981, 1.2945, 2.6551, 1.2183, 4.1467, 1.2882, 3.1133, 3.5564, 3.0132, 3.0331, 1.2631, 2.7315, 2.6117, 3.3863, 2.8385, 2.1518, 1.4504, 1.8436, 2.4724, 2.2475, 3.5274, 2.7234, 2.0031, 5.4561, 3.4075, 1.154, 2.1871, 3.5439, 1.5558, 2.167, 2.49, 3.8281, 2.2191, 2.558, 3.3353],
  "initQU": [3.8687, 2.5301, 3.9279, 3.0238, 3.0604, 3.8271, 2.238, 1.5195, 1.5472, 1.9264, 5.1915, 2.1534, 2.2396, 6.352, 3.2131, 3.2097, 2.3259, 3.0474, 3.3336, 2.3019, 1.6953, 4.7648, 1.1878, 2.4297, 4.3331, 2.1025, 1.7375, 3.4041, 2.851, 5.2677, 2.4061, 1.2267, 2.0201, 4.051, 3.0268, 1.5906, 2.6513, 1.9527, 3.6804, 1.8336, 1.8747, 4.9149, 2.5062, 2.0696, 4.089, 2.185, 1.8892, 2.5433, 3.8756, 3.0575]
}
