{
  "n_part": 50,
  "n_trials": 30,
  "LR_group": 0.945829219184816,
  "inv_temp_group": 1.17796711390838,
  "initQF_group": 5.28042974323034,
  "initQU_group": 3.90869703236967,
  "mu_R_group": [
    [5],
    [5]
  ],
  "sigma_R_group": 2,
  "LR": [0.8729, 0.8425, 0.942, 0.4643, 0.8012, 0.7833, 0.8733, 0.9644, 0.7038, 0.9692, 0.6351, 0.9394, 0.9852, 0.8003, 0.6936, 0.9297, 0.7642, 0.9057, 0.9126, 0.8982, 0.9003, 0.8649, 0.8975, 0.9337, 0.9799, 0.5428, 0.985, 0.9628, 0.7543, 0.9956, 0.8812, 0.7657, 0.6669, 0.9402, 0.6729, 0.795, 0.8315, 0.7647, 0.7848, 0.7722, 0.893, 0.9003, 0.7277, 0.6911, 0.955, 0.8216, 0.4975, 0.8887, 0.653, 0.4844],
  "inv_temp": [0.5309, 1.1305, 0.9253, 0.9731, 0.8156, 1.0092, 1.3099, 1.6101, 1.383, 1.2991, 0.6909, 1.0888, 0.992, 1.482, 0.9938, 1.0515, 0.9007, 1.6799, 0.7408, 0.7456, 0.8449, 0.7948, 1.4637, 1.3175, 1.7526, 1.4912, 1.1788, 1.307, 1.4259, 1.7552, 1.3982, 0.9962, 0.7657, 0.8606, 1.4033, 0.9009, 1.2604, 1.5043, 1.0883, 0.9784, 1.9847, 1.3115, 0.9226, 1.1149, 1.178, 1.7077, 1.0196, 1.8548, 1.3819, 1.4386],
  "initQF": [6.1292, 8.3515, 4.9827, 4.079, 6.0646, 7.3047, 5.2326, 5.882, 4.0562, 3.5801, 6.3147, 4.3611, 8.2049, 7.0538, 3.7622, 5.2942, 6.4376, 7.2266, 6.0041, 4.5512, 4.1593, 8.393, 2.8922, 7.4083, 1.9436, 7.5606, 5.2465, 4.0738, 4.7265, 8.8217, 6.4275, 8.027, 8.0555, 5.7193, 5.6322, 5.3587, 4.9581, 3.661, 4.5415, 3.6549, 8.4345, 1.9705, 2.9254, 3.7881, 6.3957, 5.3219, 3.6821, 4.8274, 6.76, 3.5379],
  "initQU": [4.3094, 3.6171, 5.5523, 4.8935, 1.1217, 1.3748, 1.8356, 1.0186, 2.1625, 8.2789, 3.9471, 4.7005, 3.7479, 2.9375, 2.3443, 1.8979, 2.0382, 1.221, 5.2529, 4.1577, 4.5169, 4.5738, 3.5153, 2.0197, 1.3953, 1.4467, 4.5048, 5.041, 2.6423, 3.8963, 2.6136, 2.4194, 3.4329, 2.5558, 4.7861, 3.8599, 4.6942, 2.492, 5.304, 4.0288, 2.3067, 7.6511, 5.5399, 3.2799, 6.0027, 5.4241, 4.0965, 2.0281, 7.2871, 3.5976]
}
