{
  "n_part": 50,
  "n_trials": 30,
  "LR_group": 0.698185559827834,
  "inv_temp_group": 0.474708075635135,
  "initQF_group": 3.89935341058299,
  "initQU_group": 6.8591016898863,
  "mu_R_group": [
    [5],
    [5]
  ],
  "sigma_R_group": 2,
  "LR": [0.7036, 0.52, 0.6022, 0.8781, 0.7616, 0.6932, 0.6244, 0.4911, 0.9267, 0.6842, 0.7282, 0.6615, 0.8873, 0.3289, 0.8474, 0.968, 0.6239, 0.8289, 0.7146, 0.6762, 0.7729, 0.8911, 0.8471, 0.6138, 0.6707, 0.3479, 0.7788, 0.8346, 0.6237, 0.6665, 0.6655, 0.7066, 0.7261, 0.5773, 0.8693, 0.9779, 0.6336, 0.9611, 0.8486, 0.9226, 0.7556, 0.8534, 0.8529, 0.7889, 0.4954, 0.9726, 0.8733, 0.7617, 0.62, 0.5823],
  "inv_temp": [0.5997, 0.4243, 0.4931, 0.8996, 0.1479, 0.4815, 0.1898, 0.7784, 0.6137, 0.2651, 0.8677, 0.6969, 0.4514, 0.5908, 0.5546, 0.7235, 0.6909, 0.131, 0.7559, 0.4064, 0.8635, 0.5501, 0.4145, 0.1297, 0.4185, 0.5111, 0.5545, 0.6241, 0.503, 0.7138, 0.8324, 0.4093, 0.6238, 0.5968, 0.2624, 0.5007, 0.4169, 0.8359, 0.4455, 0.5613, 0.6083, 0.8036, 0.9305, 0.4077, 0.4485, 0.1548, 0.74, 0.6508, 0.1357, 0.2292],
  "initQF": [4.0715, 1.6337, 4.7268, 1.191, 2.9536, 6.8502, 8.8759, 5.2338, 5.6821, 7.3606, 4.7415, 2.2512, 3.3088, 2.7752, 1.8393, 4.1244, 3.1859, 4.2989, 1.3619, 5.2658, 4.4463, 2.8661, 3.7612, 3.3248, 4.4278, 1.5504, 4.8489, 1.8975, 5.7152, 6.3613, 3.1277, 5.6487, 3.9707, 4.4331, 2.0641, 1.7483, 6.6192, 3.5068, 7.423, 2.9174, 3.5088, 3.7804, 2.9562, 2.7796, 4.7683, 1.8231, 5.8778, 1.4002, 2.0549, 3.3804],
  "initQU": [7.4346, 3.405, 6.4752, 5.9556, 9.4476, 9.0249, 7.5638, 5.0124, 4.8926, 5.6036, 8.8974, 9.3346, 7.1561, 4.6186, 7.7355, 5.6038, 6.6597, 5.6075, 6.8342, 7.4791, 6.6531, 6.1071, 6.631, 4.3246, 5.5923, 5.7988, 7.1737, 3.4284, 4.7223, 6.9455, 6.0362, 7.8266, 6.0482, 6.7201, 7.1204, 4.8304, 5.9278, 6.3665, 4.4937, 6.5798, 6.1478, 7.3147, 5.7364, 6.1166, 6.4026, 6.9059, 6.4493, 4.7603, 6.8929, 6.2464]
}
