{
  "n_part": 50,
  "n_trials": 30,
  "LR_group": 0.0850801987107843,
  "inv_temp_group": 3.73926117550582,
  "initQF_group": 1.86447931616567,
  "initQU_group": 5.21786744217388,
  "mu_R_group": [
    [5],
    [5]
  ],
  "sigma_R_group": 2,
  "LR": [0.1007, 0.1562, 0.3295, 0.2155, 0.1879, 0.4158, 0.1582, 0.1247, 0.0253, 0.207, 0.0294, 0.1103, 0.1543, 0.3751, 0.236, 0.2314, 0.1697, 0.0647, 0.3778, 0.1182, 0.051, 0.02, 0.0894, 0.1041, 0.0398, 0.0984, 0.1802, 0.1665, 0.0444, 0.1709, 0.1034, 0.1619, 0.0837, 0.421, 0.1521, 0.0166, 0.0177, 0.0021, 0.0088, 0.1244, 0.2787, 0.1377, 0.1126, 0.1123, 0.1159, 0.1383, 0.1804, 0.3817, 0.3224, 0.1735],
  "inv_temp": [3.6357, 4.2676, 3.2625, 4.0132, 3.5441, 3.266, 3.5469, 3.4274, 3.6549, 3.3149, 3.9005, 3.4721, 4.0808, 3.6256, 3.735, 4.1766, 3.5336, 3.6343, 4.1498, 3.3911, 3.2415, 3.685, 3.5328, 3.6538, 3.6711, 3.8249, 3.6792, 3.4587, 3.6677, 3.9943, 4.2487, 3.6352, 4.0521, 3.9371, 3.4984, 3.789, 3.1382, 3.1959, 3.8575, 3.471, 3.9615, 3.8285, 3.8558, 4.2422, 3.532, 3.2411, 3.2508, 3.7719, 4.0556, 3.8824],
  "initQF": [4.1247, 3.062, 2.2228, 4.764, 3.1036, 3.3117, 4.1442, 1.942, 2.8763, 1.3962, 2.7417, 4.2486, 2.5303, 1.2059, 5.1955, 2.8554, 2.9327, 2.8064, 4.4741, 2.1559, 2.6753, 1.2509, 2.6753, 1.2999, 3.085, 5.0023, 4.4946, 4.345, 2.3414, 4.3204, 2.7358, 1.0404, 2.1546, 2.8684, 1.6931, 2.0034, 2.8999, 3.7947, 3.7857, 2.3483, 1.4149, 1.6857, 3.5079, 2.713, 3.9998, 3.8357, 3.5638, 4.2092, 2.3076, 3.0155],
  "initQU": [4.6572, 4.8147, 7.3322, 5.5112, 7.0646, 6.6931, 4.5216, 3.9348, 2.3567, 4.1287, 6.771, 5.7295, 7.0371, 5.9343, 7.0417, 6.134, 4.3343, 2.0721, 5.8762, 1.7298, 6.8519, 7.1983, 7.3531, 4.6092, 3.6395, 4.3576, 4.8813, 4.7109, 4.3955, 5.6023, 8.1752, 7.1905, 5.211, 3.5139, 3.3099, 6.3692, 4.1947, 7.332, 2.661, 5.2625, 5.8318, 2.1729, 2.3932, 5.2856, 5.0382, 7.2338, 4.2376, 5.6897, 5.9174, 3.2076]
}
