{
  "n_part": 50,
  "n_trials": 30,
  "LR_group": 0.291827426524833,
  "inv_temp_group": 0.973033827031031,
  "initQF_group": 4.05085971974768,
  "initQU_group": 7.78628745907918,
  "mu_R_group": [
    [5],
    [5]
  ],
  "sigma_R_group": 2,
  "LR": [0.6724, 0.2194, 0.3278, 0.4754, 0.618, 0.4763, 0.5707, 0.4948, 0.422, 0.0745, 0.5908, 0.489, 0.2455, 0.1194, 0.5907, 0.1614, 0.3752, 0.4846, 0.4096, 0.2632, 0.0588, 0.4646, 0.6499, 0.1875, 0.2442, 0.5013, 0.1515, 0.2323, 0.3972, 0.3141, 0.3721, 0.7533, 0.1041, 0.2301, 0.4264, 0.2354, 0.1461, 0.6236, 0.0137, 0.3095, 0.1522, 0.1896, 0.1241, 0.39, 0.2976, 0.2466, 0.2123, 0.1311, 0.2652, 0.5652],
  "inv_temp": [0.869, 0.5627, 1.2998, 1.1112, 0.973, 1.6507, 1.5949, 0.2371, 1.6487, 1.3068, 1.0036, 0.8794, 0.5979, 1.1452, 0.836, 1.082, 0.6712, 0.9304, 0.6103, 1.2466, 0.5662, 0.7641, 1.1212, 1.2015, 0.7549, 1.3219, 0.9576, 1.2571, 0.7512, 0.8134, 0.9179, 0.7192, 1.1454, 0.4519, 1.1137, 0.2426, 0.8269, 1.4069, 0.9608, 0.7994, 1.02, 0.4608, 1.0779, 1.0372, 1.164, 0.8499, 1.1263, 1.2771, 1.3611, 1.0883],
  "initQF": [3.8142, 6.0036, 4.1364, 2.2865, 1.7728, 1.6081, 7.1712, 2.4447, 5.777, 4.654, 4.5291, 3.4872, 3.7928, 6.0385, 4.1991, 4.6496, 6.1016, 7.6463, 5.2234, 5.2307, 4.9591, 6.9613, 3.0146, 3.7093, 2.8297, 3.5973, 6.3927, 4.0753, 2.524, 5.6434, 5.4699, 3.3635, 4.9841, 1.9665, 5.6655, 6.839, 5.5017, 3.5738, 4.0489, 5.2417, 3.8097, 2.7231, 1.9912, 2.9466, 3.134, 4.4952, 4.0293, 4.1837, 6.0154, 2.0542],
  "initQU": [4.4276, 9.2638, 7.2134, 7.5148, 7.752, 6.9876, 6.7609, 7.8663, 8.0018, 8.0144, 9.341, 6.0823, 5.7973, 6.0559, 4.8165, 9.5526, 9.4096, 8.4699, 7.6328, 7.5306, 8.1663, 7.1482, 4.7899, 4.9143, 4.8101, 4.4211, 7.1456, 9.1248, 7.758, 7.1065, 7.8486, 6.847, 6.6499, 8.6019, 6.41, 8.2296, 8.3843, 6.7495, 5.2408, 6.2453, 7.0651, 8.9815, 6.8895, 5.1915, 5.6465, 5.003, 7.2599, 3.0438, 8.1385, 9.1735]
}
