{
  "n_part": 50,
  "n_trials": 30,
  "LR_group": 0.075478203361854,
  "inv_temp_group": 3.74863975332119,
  "initQF_group": 6.91007552784868,
  "initQU_group": 7.35855083283968,
  "mu_R_group": [
    [5],
    [5]
  ],
  "sigma_R_group": 2,
  "LR": [0.3438, 0.0405, 0.1162, 0.063, 0.0244, 0.1453, 0.0777, 0.1392, 0.0383, 0.075, 0.1983, 0.0239, 0.1336, 0.2095, 0.2864, 0.3944, 0.4488, 0.3342, 0.2631, 0.0519, 0.3874, 0.1677, 0.0973, 0.1618, 0.3118, 0.2976, 0.2991, 0.3421, 0.2878, 0.0144, 0.0714, 0.2285, 0.2089, 0.3586, 0.2937, 0.3754, 0.0132, 0.0841, 0.3532, 0.4863, 0.082, 0.3663, 0.2144, 0.3327, 0.0155, 0.043, 0.2524, 0.0615, 0.0942, 0.2862],
  "inv_temp": [3.7538, 3.6105, 3.6246, 3.7004, 3.7435, 3.239, 3.8794, 3.8466, 4.0955, 3.3306, 3.5607, 3.9724, 3.853, 3.7056, 3.6029, 4.064, 3.5871, 4.1269, 3.74, 3.4588, 4.2841, 3.4815, 3.679, 4.1001, 3.5905, 3.5594, 3.3703, 3.8355, 3.7143, 3.5143, 4.3368, 3.5855, 3.9432, 3.405, 3.6198, 3.8682, 4.3417, 4.1389, 3.9348, 3.0976, 3.5695, 3.1977, 4.0776, 3.775, 3.6033, 3.484, 4.2144, 3.6126, 3.6496, 4.0239],
  "initQF": [5.389, 9.0017, 4.6668, 8.2526, 2.816, 6.0194, 6.7214, 5.3763, 6.1303, 9.3161, 5.0793, 5.6046, 2.626, 8.8929, 5.9156, 6.7017, 6.6455, 5.143, 3.095, 7.0686, 5.9674, 5.4585, 6.029, 8.0202, 7.9387, 4.1072, 8.7546, 7.1627, 6.0856, 9.7032, 8.8507, 7.1002, 5.0721, 6.9821, 9.5566, 4.4351, 6.723, 6.6012, 5.9021, 4.5311, 8.1004, 4.9829, 7.7398, 2.8909, 9.9541, 4.4065, 3.9809, 5.6248, 6.8659, 4.6924],
  "initQU": [5.9525, 8.8771, 9.6439, 7.9133, 3.4597, 4.7495, 4.7415, 6.6403, 9.4355, 9.6365, 7.0038, 6.8818, 4.8943, 9.6797, 6.7384, 6.4378, 7.0997, 7.3166, 7.9554, 5.8694, 7.7616, 9.6196, 5.007, 5.7357, 4.0114, 6.9547, 7.4211, 7.1019, 7.8512, 7.2709, 9.2442, 6.378, 4.8055, 9.6148, 8.665, 9.9961, 5.7997, 8.4707, 8.0149, 8.9392, 8.1802, 6.8409, 5.8426, 5.6751, 7.738, 6.0657, 5.5062, 7.0661, 9.3197, 8.3914]
}
