{
  "n_part": 50,
  "n_trials": 30,
  "LR_group": 0.781313434243202,
  "inv_temp_group": 3.44619898591191,
  "initQF_group": 8.34321138961241,
  "initQU_group": 4.41969526233152,
  "mu_R_group": [
    [5],
    [5]
  ],
  "sigma_R_group": 2,
  "LR": [0.7903, 0.676, 0.6857, 0.3967, 0.4435, 0.7612, 0.7073, 0.4756, 0.8299, 0.8, 0.2827, 0.7786, 0.6907, 0.6443, 0.7904, 0.9389, 0.8057, 0.9646, 0.6759, 0.6962, 0.7612, 0.423, 0.899, 0.9206, 0.8271, 0.8759, 0.8163, 0.9246, 0.8085, 0.7447, 0.5057, 0.7143, 0.6674, 0.7342, 0.6189, 0.5224, 0.8567, 0.7702, 0.7674, 0.7147, 0.682, 0.8142, 0.602, 0.5071, 0.5261, 0.959, 0.6283, 0.6064, 0.7443, 0.4652],
  "inv_temp": [3.5353, 3.6436, 3.6196, 3.6661, 3.6087, 3.3268, 3.4663, 3.8552, 4.0648, 3.6422, 3.2414, 3.1519, 3.3594, 3.4965, 3.7175, 3.3555, 3.2579, 3.3224, 3.6251, 4.0368, 3.1421, 3.5276, 3.526, 3.1237, 3.5998, 3.2503, 3.6352, 3.4656, 3.3739, 4.1726, 3.2802, 3.7852, 3.4783, 3.8263, 3.6025, 3.1943, 2.8022, 3.6045, 3.1274, 3.5135, 3.1511, 3.2812, 3.344, 3.2474, 4.0428, 3.8689, 3.6477, 3.5336, 3.6205, 3.0345],
  "initQF": [8.0987, 9.6583, 6.4077, 7.1787, 4.6068, 9.3167, 8.0185, 8.6832, 7.3783, 1.7902, 7.5273, 7.9695, 7.9509, 6.1995, 7.608, 6.5266, 9.7979, 4.9916, 9.1373, 9.3108, 6.7486, 6.8257, 7.6823, 9.7296, 4.1141, 7.3604, 9.6065, 7.4872, 8.5686, 6.368, 5.0086, 5.4808, 9.7403, 5.309, 3.8406, 8.3242, 8.4766, 7.2215, 8.2808, 7.4323, 6.4251, 5.3897, 9.4756, 8.654, 9.8881, 9.1196, 8.2788, 9.0508, 7.0779, 6.916],
  "initQU": [5.9457, 5.6454, 4.5819, 3.2837, 5.3797, 3.9769, 5.4435, 3.2408, 3.7878, 5.0119, 6.0616, 6.3335, 3.7012, 5.9216, 5.4013, 5.9384, 4.7444, 3.4786, 8.0497, 4.6695, 4.5607, 3.3257, 4.6112, 3.9728, 6.4145, 5.4713, 4.8962, 1.4402, 2.0828, 3.2679, 4.1684, 3.2314, 3.9291, 4.7146, 2.1727, 2.8211, 3.9823, 6.4452, 6.4979, 7.5234, 5.5559, 6.2858, 5.7257, 1.6783, 7.7444, 2.1418, 4.4324, 2.7666, 5.0869, 3.2926]
}
