{
  "n_part": 50,
  "n_trials": 30,
  "LR_group": 0.55483407061547,
  "inv_temp_group": 2.06603758619167,
  "initQF_group": 1.16092157317325,
  "initQU_group": 6.18827005894855,
  "mu_R_group": [
    [5],
    [5]
  ],
  "sigma_R_group": 2,
  "LR": [0.1105, 0.4081, 0.7233, 0.6148, 0.588, 0.4508, 0.0722, 0.4246, 0.3721, 0.5037, 0.4591, 0.8469, 0.551, 0.8328, 0.14, 0.5602, 0.555, 0.6824, 0.36, 0.5722, 0.5422, 0.8716, 0.6767, 0.3826, 0.1685, 0.354, 0.9176, 0.5066, 0.7838, 0.1091, 0.5234, 0.3022, 0.4361, 0.6009, 0.5185, 0.2258, 0.5326, 0.7072, 0.6238, 0.8925, 0.3963, 0.3116, 0.4827, 0.7368, 0.5811, 0.588, 0.897, 0.777, 0.9204, 0.2715],
  "inv_temp": [2.0793, 2.3996, 1.9346, 1.5926, 1.8836, 1.9401, 2.4466, 1.9746, 1.9918, 1.5945, 1.9835, 1.5548, 2.412, 2.1538, 2.0686, 2.5528, 2.3015, 2.2921, 2.4436, 2.0408, 1.9689, 2.1334, 2.2532, 1.8878, 2.256, 1.9763, 2.2105, 2.1169, 1.799, 2.5281, 1.4162, 2.3102, 1.8005, 1.4578, 1.7172, 2.4356, 2.2256, 2.2126, 1.9436, 1.8231, 2.1502, 2.3446, 1.9542, 2.4454, 1.9416, 1.9566, 2.2895, 2.1807, 2.0892, 2.5844],
  "initQF": [2.6946, 2.3056, 1.8542, 4.3519, 3.3608, 2.5033, 3.6613, 1.8237, 2.5881, 2.3358, 6.5382, 1.3927, 3.1231, 6.3664, 1.9107, 2.084, 1.1794, 2.0761, 2.6954, 2.7018, 2.3289, 2.02, 2.095, 1.1852, 4.4165, 3.3736, 1.8013, 2.3197, 3.7715, 5.1597, 1.5635, 2.6396, 2.4457, 2.9593, 2.8181, 1.6194, 1.0787, 2.3641, 4.1346, 1.1236, 3.7476, 3.5336, 2.6305, 2.597, 1.6466, 2.0802, 1.515, 4.4311, 1.3735, 1.2497],
  "initQU": [8.6376, 6.3908, 6.0323, 8.3537, 5.4629, 3.662, 8.3562, 7.3236, 5.3893, 5.3332, 5.3806, 3.1562, 5.9765, 6.9854, 5.303, 7.3115, 5.303, 8.1253, 2.0951, 5.6675, 7.3463, 6.0376, 8.3654, 5.1635, 4.5219, 7.8047, 1.1117, 7.0517, 9.4089, 9.7275, 7.6502, 5.4617, 5.14, 2.3991, 7.9254, 4.5686, 4.9961, 4.6012, 5.1952, 7.8768, 7.1335, 4.8703, 8.196, 4.3622, 6.0891, 6.2184, 4.5478, 7.1053, 5.0531, 3.9213]
}
