{
  "n_part": 50,
  "n_trials": 30,
  "LR_group": 0.772171545540914,
  "inv_temp_group": 3.83044367656112,
  "initQF_group": 2.52086152043194,
  "initQU_group": 5.64532801462337,
  "mu_R_group": [
    [5],
    [5]
  ],
  "sigma_R_group": 2,
  "LR": [0.326, 0.7788, 0.6419, 0.7765, 0.479, 0.7933, 0.8091, 0.8777, 0.7789, 0.5838, 0.7722, 0.8645, 0.3684, 0.6702, 0.6287, 0.89, 0.6127, 0.674, 0.7301, 0.9428, 0.7868, 0.5077, 0.8805, 0.7179, 0.8978, 0.5729, 0.874, 0.9199, 0.6422, 0.5905, 0.6665, 0.8128, 0.5268, 0.8508, 0.875, 0.3158, 0.8554, 0.7812, 0.9944, 0.916, 0.5339, 0.7562, 0.9353, 0.7028, 0.875, 0.7734, 0.4997, 0.5856, 0.5529, 0.0922],
  "inv_temp": [3.6295, 4.3608, 3.8555, 2.945, 3.8649, 4.242, 3.8847, 4.1951, 3.0057, 3.6255, 3.3386, 2.8538, 3.7464, 4.2724, 3.9242, 3.4953, 4.0645, 3.7885, 3.8696, 3.4991, 3.8398, 3.8095, 3.9172, 4.5541, 4.0388, 3.8097, 3.7953, 4.3173, 3.5788, 4.1362, 4.0624, 3.6426, 3.8163, 3.8892, 3.8142, 4.1317, 3.8079, 3.3851, 3.7527, 3.8408, 4.0662, 3.2119, 3.8335, 3.1069, 3.7073, 3.5887, 3.6383, 3.7581, 3.9161, 3.7767],
  "initQF": [2.089, 3.5418, 3.5619, 2.5031, 1.4334, 2.6874, 2.0296, 3.6029, 2.5892, 2.9013, 5.8138, 2.7522, 4.5122, 4.0378, 1.4239, 3.8481, 1.9807, 3.5619, 3.1067, 2.3618, 5.829, 4.2597, 4.6064, 4.9436, 2.8754, 3.8164, 4.2523, 1.3284, 5.6391, 3.2542, 1.9936, 3.1448, 3.2559, 6.8152, 2.6864, 1.5388, 2.9591, 1.685, 2.038, 1.8752, 3.2194, 2.6922, 3.2448, 3.7662, 1.2369, 2.1222, 4.7122, 1.1963, 2.3711, 2.9936],
  "initQU": [4.1033, 5.8515, 7.8105, 4.0415, 6.7282, 3.8452, 3.5677, 6.6751, 8.8114, 5.172, 1.8664, 3.909, 5.5843, 6.3384, 7.5216, 7.287, 6.4251, 3.1839, 1.527, 4.5964, 7.0405, 4.2122, 7.4376, 6.6428, 6.7382, 6.9432, 6.9858, 8.1421, 7.315, 4.5116, 6.6457, 7.4937, 4.5284, 7.1787, 8.5193, 6.0516, 5.3447, 6.9856, 4.3557, 4.1012, 4.3149, 7.4428, 2.7325, 8.6176, 4.2138, 6.9805, 8.7231, 5.6755, 6.7152, 8.3301]
}
