{
  "n_part": 50,
  "n_trials": 30,
  "LR_group": 0.743760227225721,
  "inv_temp_group": 2.16112953959964,
  "initQF_group": 7.58496830612421,
  "initQU_group": 8.83778704679571,
  "mu_R_group": [
    [5],
    [5]
  ],
  "sigma_R_group": 2,
  "LR": [0.7044, 0.342, 0.8225, 0.607, 0.7151, 0.8975, 0.54, 0.4874, 0.6824, 0.8876, 0.7121, 0.7731, 0.4769, 0.6503, 0.8586, 0.8589, 0.9682, 0.9693, 0.5352, 0.8655, 0.6096, 0.6068, 0.8534, 0.7582, 0.9705, 0.8041, 0.954, 0.837, 0.3911, 0.3536, 0.7063, 0.7151, 0.5669, 0.7164, 0.6484, 0.8594, 0.7407, 0.5977, 0.6342, 0.8816, 0.7299, 0.728, 0.8406, 0.9076, 0.8191, 0.5009, 0.739, 0.7675, 0.7663, 0.7811],
  "inv_temp": [1.562, 1.9584, 2.2901, 2.2249, 2.0848, 2.4103, 2.5517, 2.2105, 2.6419, 2.4437, 2.3927, 2.4905, 2.1432, 2.7294, 1.8676, 1.7781, 2.0506, 2.5846, 1.8947, 1.8734, 2.0055, 1.9798, 2.0967, 2.0445, 1.6187, 1.9509, 2.1046, 1.9203, 2.0216, 2.0928, 1.948, 2.0308, 2.4831, 2.2269, 1.7726, 1.7762, 2.1835, 2.4057, 2.461, 2.1896, 2.3495, 1.9437, 2.1913, 2.1694, 2.1582, 2.3279, 2.1098, 2.0021, 2.2811, 2.5046],
  "initQF": [6.7739, 5.4471, 6.8924, 7.6389, 6.9066, 9.0336, 6.776, 5.5985, 5.7174, 5.5608, 4.7538, 4.3666, 7.9325, 5.5151, 5.2602, 6.6345, 4.7424, 7.3119, 9.604, 2.7906, 3.8658, 7.1444, 9.7661, 8.5783, 9.3794, 9.3092, 8.7945, 7.636, 8.0794, 6.5302, 4.5752, 5.8694, 9.1809, 4.89, 6.2572, 5.6076, 8.8889, 1.2423, 8.4975, 7.743, 7.9999, 9.037, 9.5229, 8.668, 7.4118, 6.5581, 5.9626, 6.6368, 8.9598, 3.683],
  "initQU": [7.3619, 8.415, 6.2467, 8.6898, 8.2206, 9.3908, 9.2809, 4.5472, 7.9852, 9.5812, 6.826, 9.5832, 7.948, 8.4426, 7.4061, 7.9933, 5.8021, 9.2564, 5.7618, 7.9261, 7.8485, 4.4921, 6.0722, 8.8171, 9.5946, 8.7197, 6.9611, 6.2354, 8.4969, 5.7016, 9.7408, 8.9324, 9.1285, 6.1273, 6.6196, 7.7282, 5.5141, 6.111, 8.0494, 8.3018, 8.3195, 7.4241, 8.7369, 8.8585, 8.75, 7.9507, 7.008, 7.4492, 8.7076, 6.2111]
}
