{
  "n_part": 50,
  "n_trials": 30,
  "LR_group": 0.654324151808396,
  "inv_temp_group": 1.03141006547958,
  "initQF_group": 3.16249109525234,
  "initQU_group": 4.1796661503613,
  "mu_R_group": [
    [5],
    [5]
  ],
  "sigma_R_group": 2,
  "LR": [0.4795, 0.6032, 0.706, 0.3712, 0.7129, 0.5194, 0.5617, 0.6853, 0.5606, 0.4407, 0.5359, 0.539, 0.6281, 0.5724, 0.979, 0.9226, 0.9523, 0.5871, 0.8864, 0.8163, 0.4049, 0.8896, 0.2793, 0.5836, 0.7813, 0.6428, 0.4103, 0.3159, 0.4387, 0.5445, 0.6434, 0.6933, 0.4394, 0.5258, 0.4908, 0.7364, 0.6107, 0.5435, 0.621, 0.9102, 0.6195, 0.7953, 0.7133, 0.4627, 0.8102, 0.7603, 0.8568, 0.7505, 0.766, 0.6611],
  "inv_temp": [0.5784, 1.182, 1.0263, 1.442, 0.8113, 1.0376, 1.2344, 1.1765, 0.8667, 1.0677, 1.2653, 0.9955, 1.3205, 0.967, 0.94, 1.0749, 0.7888, 0.8306, 0.3311, 0.9468, 1.0931, 0.9447, 0.7793, 1.2868, 1.4971, 1.5062, 1.1913, 0.8246, 0.9184, 1.4039, 0.5282, 1.0667, 1.1, 1.1593, 0.9016, 1.3155, 0.9366, 0.6573, 0.7912, 1.331, 1.1486, 0.9651, 0.484, 1.165, 0.6591, 0.939, 1.1268, 0.6592, 1.3253, 1.0302],
  "initQF": [3.2463, 5.0906, 3.6123, 5.0395, 3.0359, 3.3438, 4.6202, 4.4197, 5.6508, 3.9024, 3.0798, 1.7244, 1.9983, 1.3243, 4.55, 3.2752, 6.3362, 1.2817, 2.4941, 3.9966, 2.4159, 2.526, 3.0728, 1.2783, 1.8265, 3.1206, 2.2257, 2.6481, 2.0656, 1.7791, 5.3363, 2.5892, 1.3747, 2.1269, 1.4735, 4.7532, 3.9461, 3.9888, 3.7967, 2.6675, 5.9819, 2.8731, 2.7649, 2.4488, 3.0866, 3.0615, 3.758, 4.3714, 2.0891, 6.1461],
  "initQU": [6.797, 5.0076, 2.3215, 3.1515, 7.8519, 5.7633, 5.4576, 6.7166, 4.5099, 5.2481, 3.5488, 1.5957, 4.2412, 2.6437, 3.2038, 2.8681, 7.0055, 4.3124, 3.7145, 6.0123, 3.2933, 4.7773, 7.4879, 2.7838, 3.1538, 1.8641, 4.2667, 3.2006, 2.3086, 3.5967, 4.42, 5.8973, 3.868, 3.3602, 8.2084, 6.0542, 4.1345, 5.0345, 3.7009, 4.3923, 1.7233, 2.8202, 2.9362, 4.0682, 6.2457, 2.2612, 5.2301, 4.6771, 5.2564, 4.6352]
}
