{
  "n_part": 50,
  "n_trials": 30,
  "LR_group": 0.884185480419546,
  "inv_temp_group": 3.1057442817837,
  "initQF_group": 4.33500797022134,
  "initQU_group": 6.70362731441855,
  "mu_R_group": [
    [5],
    [5]
  ],
  "sigma_R_group": 2,
  "LR": [0.9966, 0.9211, 0.8266, 0.9222, 0.7313, 0.9687, 0.8064, 0.7563, 0.6483, 0.6738, 0.7295, 0.7657, 0.5729, 0.6871, 0.6405, 0.7045, 0.9295, 0.8147, 0.8838, 0.899, 0.9542, 0.8815, 0.9345, 0.8915, 0.7756, 0.8185, 0.5927, 0.8797, 0.7639, 0.7565, 0.8279, 0.9309, 0.7974, 0.5652, 0.6799, 0.8234, 0.7624, 0.6565, 0.7126, 0.7957, 0.9501, 0.6282, 0.7758, 0.7647, 0.9465, 0.8906, 0.9218, 0.9887, 0.7007, 0.935],
  "inv_temp": [3.5945, 3.8586, 3.0868, 2.8641, 2.4659, 2.6738, 3.1548, 3.1598, 2.8736, 2.6277, 3.7053, 3.1812, 3.1722, 2.9529, 2.925, 2.8849, 3.5479, 3.1466, 3.8014, 3.4967, 2.6393, 2.8023, 3.5339, 3.1994, 3.473, 3.3578, 3.3772, 3.1527, 3.0021, 2.9856, 3.1618, 3.2873, 3.2483, 3.3182, 2.8592, 3.3552, 3.4366, 2.8584, 2.8585, 3.7971, 3.1839, 3.0029, 2.529, 3.3642, 2.5265, 3.2615, 3.1746, 2.7277, 3.2783, 4.1785],
  "initQF": [1.2875, 5.4694, 4.2077, 5.7006, 4.2949, 7.5312, 2.1767, 5.1397, 2.2779, 2.9361, 4.4107, 2.8446, 1.1366, 4.3446, 7.352, 6.6985, 1.055, 5.6175, 4.3452, 1.3631, 4.7552, 3.8879, 1.6445, 6.9506, 3.4271, 6.1847, 6.7123, 3.5204, 6.6861, 4.5352, 6.4599, 5.3047, 5.0911, 3.6312, 1.5375, 3.032, 2.9822, 1.4875, 3.1845, 2.6009, 3.6818, 2.675, 2.8228, 3.6421, 3.0229, 7.2034, 5.0097, 1.7239, 6.4168, 2.4773],
  "initQU": [6.2388, 7.9023, 6.605, 7.032, 5.4524, 9.0937, 7.2007, 6.6685, 3.9684, 9.7663, 2.8373, 3.7557, 8.6968, 9.5121, 7.0092, 5.1762, 5.8829, 5.0889, 6.034, 7.5902, 5.6013, 3.7529, 6.3818, 6.4318, 4.2786, 9.9053, 4.7884, 3.8547, 7.973, 7.6101, 5.325, 4.2407, 6.1358, 7.6007, 8.157, 4.2511, 7.4703, 9.6205, 9.4381, 8.0142, 7.4522, 6.2456, 7.1036, 9.3238, 5.6086, 5.7109, 6.8271, 5.0387, 9.0186, 3.4416]
}
