{
  "n_part": 50,
  "n_trials": 30,
  "LR_group": 0.100437870947644,
  "inv_temp_group": 1.039799307473,
  "initQF_group": 2.76900490559638,
  "initQU_group": 9.77151163714007,
  "mu_R_group": [
    [5],
    [5]
  ],
  "sigma_R_group": 2,
  "LR": [0.1964, 0.5455, 0.1989, 0.2309, 0.1849, 0.2718, 0.2656, 0.2519, 0.2358, 0.35, 0.3217, 0.0508, 0.3016, 0.0491, 0.0556, 0.1007, 0.1001, 0.0559, 0.1564, 0.3214, 0.0136, 0.2458, 0.1984, 0.0701, 0.3574, 0.312, 0.1389, 0.0377, 0.0759, 0.5771, 0.039, 0.2177, 0.354, 0.1922, 0.1357, 0.2601, 0.4298, 0.0034, 0.294, 0.1579, 0.0868, 0.2381, 0.156, 0.1033, 0.0906, 0.5995, 0.5142, 0.0741, 0.0093, 0.0522],
  "inv_temp": [1.6512, 1.8492, 1.1868, 0.8546, 1.4077, 1.5511, 1.1913, 0.8677, 1.2644, 0.9719, 1.2402, 1.0877, 1.7472, 1.3181, 0.9139, 1.2132, 0.5805, 0.8705, 1.0554, 0.8797, 1.2392, 1.1528, 1.0106, 0.8696, 0.8722, 1.139, 0.702, 1.2599, 1.1192, 1.296, 2.0834, 1.0163, 1.2703, 1.2597, 1.4094, 1.3293, 0.8724, 1.5733, 1.6809, 1.0463, 1.5814, 0.5582, 0.9396, 0.8968, 1.0874, 1.4478, 1.28, 0.9059, 0.9525, 0.9061],
  "initQF": [2.66, 2.9597, 3.1591, 4.8577, 3.8864, 1.0577, 4.6569, 4.6241, 2.8084, 1.5613, 2.4224, 1.8607, 2.7144, 3.7533, 5.3803, 4.3143, 1.1861, 5.2697, 5.6532, 1.3869, 1.421, 1.6264, 4.8672, 1.608, 4.5095, 1.9126, 3.6049, 3.9215, 7.6598, 1.7708, 2.0405, 3.9198, 1.979, 2.3393, 1.4745, 6.019, 1.8565, 4.9848, 3.6529, 2.9438, 4.47, 3.4913, 3.3352, 6.3984, 2.4398, 3.3579, 5.3365, 2.7047, 3.0554, 2.5861],
  "initQU": [8.9339, 8.2837, 8.7968, 8.0522, 9.9624, 9.3411, 9.7344, 4.3009, 8.9407, 8.8043, 6.3049, 9.0081, 8.4899, 8.8141, 6.8463, 8.9702, 8.4143, 9.9198, 9.9091, 7.0417, 9.4457, 9.7261, 9.4583, 7.3694, 8.4214, 9.6832, 8.9027, 8.6444, 8.4192, 6.571, 8.3275, 8.345, 8.8989, 9.4145, 6.0167, 6.9613, 9.6107, 9.8159, 3.8585, 8.5561, 7.5671, 9.7275, 8.6958, 7.3399, 8.2792, 8.7423, 9.2409, 9.4618, 8.2063, 5.4131]
}
