{
  "n_part": 50,
  "n_trials": 30,
  "LR_group": 0.270880978554487,
  "inv_temp_group": 0.0447276700288057,
  "initQF_group": 2.77766574174166,
  "initQU_group": 2.22981566772796,
  "mu_R_group": [
    [5],
    [5]
  ],
  "sigma_R_group": 2,
  "LR": [0.4666, 0.4027, 0.1018, 0.4691, 0.2067, 0.5047, 0.135, 0.1767, 0.2686, 0.2914, 0.1797, 0.6266, 0.3281, 0.4048, 0.0365, 0.2356, 0.1114, 0.2514, 0.421, 0.2421, 0.1712, 0.2807, 0.1544, 0.5, 0.5407, 0.2326, 0.3169, 0.2525, 0.3011, 0.1707, 0.0582, 0.2066, 0.4184, 0.162, 0.1768, 0.2546, 0.2173, 0.2459, 0.4013, 0.5372, 0.1036, 0.142, 0.2631, 0.261, 0.6191, 0.3587, 0.5563, 0.4238, 0.5126, 0.3758],
  "inv_temp": [0.0777, 0.7637, 0.1724, 0.3794, 0.1753, 0.3625, 0.0533, 0.0993, 0.2024, 0.0778, 0.0954, 0.0955, 0.161, 0.444, 0.0029, 0.401, 0.212, 0.4282, 0.23, 0.6274, 0.1241, 0.5007, 0.2251, 0.3396, 0.496, 0.0688, 0.6305, 0.2343, 0.3958, 0.0879, 0.2922, 0.128, 0.1455, 0.1039, 0.2106, 0.0284, 0.3579, 0.3345, 0.5269, 0.1271, 0.0603, 0.1411, 0.0415, 0.1882, 0.205, 0.0088, 0.2104, 0.4881, 0.1148, 0.162],
  "initQF": [1.8605, 3.4371, 3.7756, 3.7613, 3.7305, 2.6531, 1.5147, 4.1483, 2.9057, 2.3242, 1.7606, 1.0783, 6.1047, 3.3532, 1.2854, 5.926, 5.8717, 1.3084, 3.1152, 3.915, 1.3633, 3.5857, 4.3807, 3.4522, 1.3174, 3.6652, 3.2784, 8.2322, 3.7352, 3.7065, 3.7922, 5.1719, 2.231, 4.5937, 3.3747, 3.3352, 1.0762, 1.1913, 4.3452, 3.7964, 2.8081, 2.7708, 2.2057, 4.3719, 1.3043, 4.1728, 3.1857, 5.3681, 1.5471, 1.5217],
  "initQU": [5.5629, 1.1114, 3.9294, 1.7205, 1.8038, 6.4364, 3.3545, 1.4356, 3.8311, 3.0007, 7.8205, 3.0612, 7.1457, 3.0379, 4.8894, 1.74, 3.9497, 3.888, 1.4661, 3.484, 4.0777, 2.1172, 5.0938, 2.41, 1.6678, 3.4851, 2.8599, 3.2983, 3.7988, 4.8758, 2.1415, 2.269, 2.7379, 3.7153, 3.2896, 2.7565, 1.6602, 2.9882, 5.6383, 1.7357, 2.643, 3, 5.6991, 5.6812, 2.9801, 1.7454, 5.3445, 1.0575, 3.5503, 2.9433]
}
