{
  "n_part": 50,
  "n_trials": 30,
  "LR_group": 0.0732544001657516,
  "inv_temp_group": 2.68268566578627,
  "initQF_group": 9.93461887957528,
  "initQU_group": 5.50239358865656,
  "mu_R_group": [
    [5],
    [5]
  ],
  "sigma_R_group": 2,
  "LR": [0.0411, 0.1477, 0.3137, 0.0024, 0.2969, 0.2416, 0.0621, 0.3001, 0.068, 0.1905, 0.4013, 0.2969, 0.1722, 0.27, 0.1479, 0.1608, 0.2346, 0.0505, 0.3277, 0.2292, 0.2064, 0.1136, 0.0495, 0.1372, 0.2211, 0.1093, 0.0399, 0.116, 0.2301, 0.1175, 0.1084, 0.1581, 0.0925, 0.0647, 0.2424, 0.2418, 0.2579, 0.3316, 0.1125, 0.0234, 0.2274, 0.1096, 0.1028, 0.1499, 0.3282, 0.2079, 0.0637, 0.1284, 0.0516, 0.2297],
  "inv_temp": [2.9629, 2.7584, 3.0824, 2.7367, 2.5798, 2.5345, 2.5366, 2.6244, 2.6501, 2.8498, 2.4048, 2.43, 2.3281, 2.4506, 2.975, 2.1865, 3.1808, 2.4364, 2.9762, 2.5529, 2.3763, 2.7073, 2.5818, 2.7996, 2.5452, 2.2667, 2.5549, 2.686, 2.9343, 2.2103, 2.7287, 2.6931, 2.5535, 2.6625, 2.6443, 2.4416, 2.9455, 2.3639, 2.2533, 3.2592, 3.167, 2.6749, 2.9973, 3.2446, 2.6798, 3.0418, 2.9104, 3.0344, 2.7475, 3.2732],
  "initQF": [8.3365, 7.506, 8.1368, 8.0452, 8.5173, 7.768, 9.1637, 6.0774, 8.169, 9.3745, 8.8836, 7.6542, 9.8012, 6.6774, 7.524, 9.6337, 8.824, 8.3569, 8.4074, 9.2883, 9.2058, 9.5485, 9.2195, 9.9577, 9.5748, 9.6009, 9.4195, 9.1073, 9.6109, 4.8333, 9.7448, 6.9212, 6.6947, 8.3155, 8.2771, 9.208, 6.6915, 8.8919, 9.9664, 9.8056, 6.9207, 6.7704, 8.2744, 9.4518, 8.668, 9.6744, 7.4908, 8.4965, 8.9969, 8.4967],
  "initQU": [5.0023, 4.1148, 5.5441, 7.9161, 5.6015, 7.6267, 4.8506, 5.5401, 3.5687, 3.9321, 2.993, 7.3661, 5.7595, 5.2675, 6.0624, 7.142, 4.6384, 5.0753, 9.4732, 5.7533, 3.0287, 2.903, 6.9759, 4.8673, 1.6842, 4.7882, 8.287, 8.2813, 6.7058, 5.6465, 6.2373, 2.5623, 7.2259, 2.842, 4.4965, 4.0775, 3.8849, 4.3938, 4.4296, 5.6119, 7.3382, 5.8502, 8.7341, 5.9652, 7.8444, 6.69, 8.3699, 7.1082, 5.58, 7.2647]
}
