{
  "n_part": 50,
  "n_trials": 30,
  "LR_group": 0.574835549341515,
  "inv_temp_group": 2.39324369933456,
  "initQF_group": 6.45449985610321,
  "initQU_group": 6.82262437022291,
  "mu_R_group": [
    [5],
    [5]
  ],
  "sigma_R_group": 2,
  "LR": [0.5591, 0.4634, 0.642, 0.1189, 0.6848, 0.7447, 0.7211, 0.7353, 0.1799, 0.463, 0.3245, 0.3454, 0.293, 0.6048, 0.5746, 0.6148, 0.5917, 0.463, 0.5615, 0.5211, 0.3348, 0.1576, 0.6721, 0.4117, 0.4269, 0.5504, 0.7168, 0.7103, 0.4138, 0.4699, 0.5299, 0.4348, 0.6595, 0.8693, 0.3426, 0.6946, 0.6732, 0.5573, 0.6254, 0.6421, 0.558, 0.6513, 0.3745, 0.6632, 0.6026, 0.427, 0.622, 0.8616, 0.3495, 0.5255],
  "inv_temp": [2.2062, 2.9894, 2.6703, 2.8067, 2.6548, 1.8981, 2.1053, 2.651, 2.4779, 2.6261, 2.027, 2.7847, 2.4104, 2.6195, 2.6575, 2.4677, 2.3561, 2.3344, 2.8784, 2.0559, 2.5019, 2.7341, 2.2946, 2.3587, 1.8353, 2.6124, 2.1081, 2.0828, 2.2706, 2.1321, 2.0741, 2.3507, 2.3976, 2.0714, 3.072, 2.0496, 2.6418, 2.4886, 1.8512, 1.8755, 2.258, 2.0064, 2.3311, 2.5116, 2.5115, 2.0548, 2.0768, 2.0833, 2.212, 2.514],
  "initQF": [8.8418, 4.3885, 7.9409, 7.1096, 6.9251, 3.7313, 6.4461, 7.4137, 4.8058, 6.6145, 4.9839, 8.5685, 7.4534, 7.2349, 6.6296, 7.6641, 8.9168, 5.9001, 6.0252, 5.161, 4.2944, 8.8205, 6.5766, 5.351, 6.651, 7.1478, 4.2797, 6.2496, 5.5891, 5.6273, 7.392, 5.095, 5.4267, 4.8804, 6.9296, 7.5022, 4.3818, 7.7256, 6.5864, 7.2767, 8.1631, 3.0001, 8.1463, 4.5539, 6.1822, 8.2423, 7.6102, 3.9607, 5.0946, 7.2133],
  "initQU": [3.9241, 7.0463, 5.4786, 5.733, 8.4299, 7.8205, 8.0667, 8.2878, 3.2103, 7.4691, 5.2739, 5.0295, 4.7616, 6.3939, 6.1338, 8.2071, 4.5157, 4.2325, 5.0856, 3.9456, 7.3386, 5.2888, 5.328, 4.2824, 2.3142, 7.6488, 8.1006, 6.2948, 7.1441, 7.0377, 5.0864, 4.4396, 9.7265, 6.4602, 6.9156, 5.6251, 9.152, 7.978, 5.2567, 8.0597, 7.1157, 9.0664, 6.9086, 6.7676, 9.8578, 4.8556, 7.4661, 8.8928, 5.9475, 5.5854]
}
