{
  "n_part": 50,
  "n_trials": 30,
  "LR_group": 0.609471536241472,
  "inv_temp_group": 2.73657456156798,
  "initQF_group": 5.69805415021256,
  "initQU_group": 4.53067381656729,
  "mu_R_group": [
    [5],
    [5]
  ],
  "sigma_R_group": 2,
  "LR": [0.6084, 0.4054, 0.3011, 0.535, 0.5703, 0.3061, 0.5873, 0.923, 0.8136, 0.7428, 0.6665, 0.7991, 0.4649, 0.6277, 0.7708, 0.3973, 0.4962, 0.7845, 0.8349, 0.39, 0.7011, 0.4024, 0.7038, 0.6705, 0.6332, 0.448, 0.5297, 0.3573, 0.783, 0.9127, 0.4206, 0.8019, 0.4582, 0.3449, 0.7619, 0.5594, 0.583, 0.8465, 0.7322, 0.3853, 0.4792, 0.2888, 0.6172, 0.4438, 0.3714, 0.8125, 0.9562, 0.3109, 0.767, 0.696],
  "inv_temp": [3.0895, 3.1558, 3.3133, 2.3328, 3.0328, 2.9711, 2.7497, 2.2533, 3.0329, 1.8946, 2.1486, 2.8592, 2.7443, 2.8397, 2.445, 3.2067, 2.8808, 2.3302, 3.0878, 2.8423, 2.9388, 2.5545, 2.764, 2.6387, 3.2004, 2.8217, 3.0175, 2.8646, 2.0837, 2.7034, 2.5702, 2.726, 2.6166, 2.2878, 2.7351, 2.0472, 2.9804, 2.9126, 2.8542, 2.8173, 2.7821, 2.6048, 2.854, 2.632, 2.6577, 2.6353, 2.6853, 2.3862, 2.9082, 2.9819],
  "initQF": [1.5996, 7.3712, 1.7739, 3.9569, 7.0214, 6.3418, 1.9223, 8.1499, 3.5419, 7.8622, 5.1681, 6.8657, 6.3934, 4.5848, 4.9072, 3.2358, 5.8034, 2.0284, 4.4842, 1.3376, 3.7115, 6.0529, 4.1296, 8.0965, 1.9607, 5.6873, 6.4799, 7.2428, 4.7558, 5.3525, 5.8942, 4.9671, 6.8336, 9.2714, 3.8103, 5.0018, 9.7615, 7.28, 7.3863, 8.3933, 3.0879, 8.8627, 6.9422, 5.0459, 5.5877, 4.5084, 3.958, 7.7165, 4.6878, 8.3256],
  "initQU": [3.4595, 4.1688, 4.4636, 1.8438, 4.8074, 7.0919, 3.7516, 4.4564, 5.9124, 5.7005, 5.7652, 3.5076, 7.0597, 3.9646, 7.2155, 3.8897, 7.3998, 5.5203, 4.6712, 4.9246, 5.3281, 7.2939, 2.5936, 5.3958, 4.6447, 2.6067, 2.8971, 3.9201, 2.048, 3.1172, 4.5151, 5.0541, 8.2475, 7.6374, 5.5858, 5.0696, 4.7636, 5.659, 6.0487, 5.7066, 5.4632, 5.7075, 3.6275, 4.3666, 4.3934, 3.5504, 2.231, 6.9211, 4.5715, 5.3113]
}
