{
  "n_part": 50,
  "n_trials": 30,
  "LR_group": 0.461911420803517,
  "inv_temp_group": 2.14462280506268,
  "initQF_group": 2.148505322868,
  "initQU_group": 5.93440136872232,
  "mu_R_group": [
    [5],
    [5]
  ],
  "sigma_R_group": 2,
  "LR": [0.1026, 0.2557, 0.516, 0.3994, 0.4272, 0.6836, 0.5417, 0.2455, 0.7945, 0.6438, 0.4595, 0.6425, 0.4946, 0.1953, 0.6239, 0.2526, 0.6171, 0.3061, 0.2283, 0.6506, 0.4359, 0.5356, 0.092, 0.4651, 0.5443, 0.556, 0.5061, 0.5101, 0.2261, 0.6034, 0.2235, 0.6383, 0.375, 0.6434, 0.5664, 0.2413, 0.5974, 0.6819, 0.5095, 0.3039, 0.5325, 0.2626, 0.6151, 0.5765, 0.8294, 0.474, 0.3886, 0.9208, 0.5902, 0.7159],
  "inv_temp": [2.0578, 1.9358, 2.4863, 2.2994, 1.7679, 2.0316, 1.925, 2.1628, 2.0713, 1.874, 2.4981, 2.5017, 2.4381, 1.8424, 2.6391, 2.1101, 2.1261, 1.7915, 2.1087, 1.9886, 2.972, 1.8267, 2.4307, 2.7125, 2.4672, 2.8035, 2.2762, 2.7954, 2.2409, 2.4926, 1.5212, 2.3582, 2.2441, 2.7168, 2.0658, 1.922, 1.9508, 1.9964, 1.6962, 2.3345, 2.4151, 2.4613, 1.6331, 2.3637, 2.5995, 2.576, 2.0438, 1.7193, 2.2147, 1.6754],
  "initQF": [2.1928, 1.2841, 1.4369, 5.7334, 2.0001, 2.1984, 2.5792, 6.1433, 1.731, 2.8739, 3.1188, 5.4707, 3.3161, 4.6644, 1.3072, 1.969, 3.4452, 2.5345, 4.1587, 1.9118, 6.7391, 1.8497, 1.5127, 2.2069, 4.3718, 3.463, 1.0562, 2.9252, 4.2153, 1.4671, 2.1948, 1.6711, 1.0598, 1.9009, 3.9034, 4.1148, 4.1616, 1.2303, 5.8226, 3.8235, 3.3936, 4.5094, 1.9657, 1.9322, 1.38, 7.3215, 2.3515, 1.6544, 3.4633, 1.2684],
  "initQU": [4.1865, 4.2973, 6.6472, 6.0553, 6.3063, 3.085, 2.0197, 7.6823, 3.4575, 6.5894, 6.4302, 3.9373, 4.9212, 6.4954, 5.0304, 8.3238, 6.7415, 7.0925, 8.2755, 7.8199, 8.2055, 5.3888, 3.3131, 7.5706, 2.3247, 4.1855, 6.5553, 5.3453, 5.7529, 8.8877, 3.9554, 8.0873, 3.5562, 7.5848, 5.7006, 2.7577, 6.1799, 6.8737, 5.3863, 5.8611, 3.1984, 3.8547, 9.4607, 7.5051, 5.6097, 9.2382, 3.4836, 5.6306, 5.539, 6.6135]
}
