{
  "n_part": 50,
  "n_trials": 30,
  "LR_group": 0.521871141623706,
  "inv_temp_group": 0.866008205339313,
  "initQF_group": 4.18806886998937,
  "initQU_group": 4.44876332534477,
  "mu_R_group": [
    [5],
    [5]
  ],
  "sigma_R_group": 2,
  "LR": [0.8079, 0.8166, 0.6138, 0.5345, 0.7655, 0.587, 0.5523, 0.6145, 0.3951, 0.794, 0.4767, 0.6683, 0.5234, 0.2773, 0.9309, 0.8024, 0.5353, 0.3341, 0.3273, 0.7713, 0.3815, 0.5154, 0.5187, 0.6621, 0.4314, 0.7754, 0.5279, 0.4881, 0.2649, 0.5851, 0.6209, 0.4156, 0.3535, 0.6323, 0.3921, 0.4869, 0.5001, 0.5609, 0.2393, 0.5572, 0.2058, 0.8529, 0.5914, 0.5601, 0.4173, 0.9422, 0.4673, 0.2983, 0.411, 0.5013],
  "inv_temp": [1.1885, 1.1105, 0.9175, 0.706, 0.6653, 0.8619, 0.8062, 0.695, 1.2195, 1.0642, 0.5213, 0.9098, 1.559, 1.2207, 0.3854, 0.8288, 0.9139, 0.7051, 0.9203, 1.2717, 1.2374, 0.1308, 1.0122, 1.0438, 0.3065, 0.857, 1.3127, 0.5295, 0.9491, 1.0375, 0.8469, 0.6293, 1.1992, 1.2172, 0.527, 0.8781, 0.8443, 1.4415, 0.9089, 0.3157, 1.2254, 1.3027, 1.1138, 1.2043, 1.1646, 0.5709, 0.6072, 0.947, 0.5828, 1.0323],
  "initQF": [7.8445, 2.4451, 3.6858, 4.7258, 6.2573, 1.2704, 5.9404, 3.287, 6.76, 2.2802, 1.6145, 4.7299, 1.5438, 5.3227, 3.4882, 3.2267, 8.7159, 1.9384, 4.7167, 2.4433, 1.8508, 2.8269, 4.7754, 2.8601, 6.7782, 1.281, 5.3284, 5.4663, 2.3404, 3.7967, 3.9573, 7.4599, 6.9001, 4.2723, 6.5419, 6.3469, 3.1465, 9.3147, 3.4589, 3.0058, 1.029, 3.8717, 2.2166, 3.284, 6.3081, 5.0729, 2.7154, 5.3901, 7.0391, 1.1839],
  "initQU": [5.884, 3.3061, 6.8281, 9.1152, 5.4325, 2.7075, 7.4789, 6.1151, 5.2165, 7.5845, 6.3618, 1.2772, 5.3525, 5.0848, 5.7225, 3.2931, 4.8462, 6.6121, 5.5901, 2.6272, 4.1158, 6.7358, 6.3976, 4.1304, 5.0287, 3.9369, 5.4914, 4.8254, 4.7363, 7.2416, 3.698, 3.4018, 5.4406, 5.1915, 3.8512, 3.2835, 2.1317, 4.1562, 2.1654, 2.9403, 6.4215, 6.7028, 4.3947, 2.4619, 2.3301, 3.3778, 4.6802, 6.4864, 1.4831, 8.0693]
}
