{
  "n_part": 50,
  "n_trials": 30,
  "LR_group": 0.183903354685754,
  "inv_temp_group": 0.978517341427505,
  "initQF_group": 7.19377639424056,
  "initQU_group": 5.79749876563437,
  "mu_R_group": [
    [5],
    [5]
  ],
  "sigma_R_group": 2,
  "LR": [0.2813, 0.1115, 0.1674, 0.4421, 0.0156, 0.1037, 0.2138, 0.2722, 0.4428, 0.1855, 0.1508, 0.125, 0.0408, 0.2378, 0.3787, 0.4903, 0.1183, 0.1221, 0.1452, 0.114, 0.0816, 0.519, 0.4598, 0.3966, 0.1783, 0.3576, 0.2703, 0.1647, 0.3088, 0.3969, 0.4033, 0.2905, 0.1723, 0.3087, 0.3081, 0.2026, 0.3824, 0.3071, 0.1463, 0.3317, 0.0611, 0.4366, 0.1225, 0.1504, 0.1655, 0.2531, 0.3501, 0.5018, 0.2831, 0.4883],
  "inv_temp": [0.6659, 1.1719, 1.397, 0.9299, 0.9345, 0.5424, 0.9363, 1.1489, 0.8084, 0.6466, 0.7257, 1.5242, 0.7216, 1.3498, 0.7879, 1.4314, 0.343, 0.5242, 1.1241, 1.1347, 1.1492, 1.0091, 1.029, 1.4453, 0.9151, 1.1085, 0.7767, 0.8109, 1.2878, 1.2298, 1.3425, 0.8208, 1.1458, 0.8978, 0.9502, 0.9307, 0.5618, 0.9532, 0.9216, 0.5913, 1.2881, 0.7367, 0.3097, 1.3937, 0.7644, 1.0846, 1.1925, 1.5828, 1.4153, 0.6943],
  "initQF": [6.5425, 7.7494, 5.2226, 8.917, 7.4717, 8.719, 8.6894, 6.7682, 5.9684, 2.7157, 4.8294, 5.9084, 7.0391, 8.6846, 8.2993, 5.4376, 8.5721, 7.9425, 5.3423, 7.9912, 9.48, 3.2457, 6.5667, 6.893, 8.7567, 6.7474, 8.5216, 7.7221, 7.736, 6.2509, 9.9295, 7.6825, 5.8222, 8.4785, 8.573, 5.0935, 8.8416, 6.5401, 8.9385, 5.2696, 7.339, 6.7546, 8.3377, 6.7737, 5.3403, 5.0537, 8.681, 6.5368, 9.9529, 6.085],
  "initQU": [4.786, 5.9521, 7.0902, 6.8477, 4.6398, 6.0947, 3.9181, 6.2748, 4.1167, 4.1071, 2.1926, 7.7301, 5.4624, 8.6064, 3.2041, 4.7902, 4.5087, 4.3971, 7.3079, 5.5963, 7.1387, 2.5755, 8.7371, 5.608, 6.8801, 3.4833, 4.386, 5.024, 5.9416, 7.3349, 7.7141, 5.7666, 6.6507, 5.1763, 6.4977, 3.2205, 5.299, 8.0774, 3.3971, 5.1274, 7.4171, 2.6938, 6.5928, 5.3898, 8.3743, 5.8085, 4.826, 2.0024, 6.35, 6.6921]
}
