{
  "n_part": 50,
  "n_trials": 30,
  "LR_group": 0.677197105018422,
  "inv_temp_group": 2.53184146247804,
  "initQF_group": 9.84248948213644,
  "initQU_group": 2.47195512498729,
  "mu_R_group": [
    [5],
    [5]
  ],
  "sigma_R_group": 2,
  "LR": [0.2111, 0.7393, 0.7756, 0.7101, 0.7678, 0.9924, 0.8283, 0.4974, 0.7575, 0.7342, 0.5406, 0.6893, 0.5463, 0.5664, 0.892, 0.7954, 0.9913, 0.6382, 0.4695, 0.4499, 0.639, 0.7185, 0.9568, 0.6078, 0.6077, 0.7571, 0.9293, 0.9112, 0.9531, 0.7944, 0.7023, 0.9213, 0.5231, 0.9232, 0.288, 0.7015, 0.9683, 0.821, 0.4918, 0.8605, 0.7566, 0.6392, 0.7075, 0.4948, 0.4831, 0.5615, 0.7811, 0.4702, 0.5865, 0.6721],
  "inv_temp": [2.4322, 2.1951, 2.5756, 2.342, 2.486, 1.8963, 2.7065, 2.0347, 2.4652, 2.5458, 2.8848, 2.7124, 2.3909, 2.5633, 2.0134, 2.5804, 2.5695, 1.8218, 2.5449, 2.378, 2.6542, 2.5593, 3.1443, 2.4891, 2.7934, 1.9979, 2.8832, 2.4527, 2.727, 2.5537, 2.7621, 2.5177, 2.2224, 2.4298, 2.5956, 2.4243, 2.4678, 2.8336, 2.7242, 2.198, 2.0366, 2.2188, 2.6937, 2.774, 2.8187, 2.1198, 2.5364, 2.2532, 2.4717, 2.382],
  "initQF": [9.4906, 9.5888, 9.3024, 8.5465, 8.8419, 8.0907, 7.5739, 9.9225, 6.84, 8.9444, 6.5757, 6.1301, 9.2106, 8.7574, 9.7175, 4.9618, 7.9072, 8.7219, 8.0729, 5.7695, 9.477, 8.9885, 5.5606, 9.1066, 9.0772, 6.2777, 8.6967, 9.4729, 9.2378, 8.3668, 8.918, 8.8059, 9.02, 9.8031, 8.8806, 8.8432, 6.3722, 9.9089, 7.6753, 8.9633, 8.5794, 6.5594, 9.2672, 9.9926, 7.5364, 6.8114, 6.2228, 9.2317, 9.0468, 7.2013],
  "initQU": [5.6353, 3.6076, 2.2637, 2.6088, 2.3634, 4.0287, 5.6138, 3.0474, 3.9431, 3.1237, 2.8899, 3.6135, 2.4719, 1.6122, 1.4375, 2.7075, 3.4441, 4.4192, 5.9739, 3.2814, 1.8622, 2.9425, 1.711, 1.5591, 1.3683, 4.0405, 1.6591, 3.6932, 2.3871, 4.7767, 3.8591, 2.1149, 4.8978, 1.1326, 4.2902, 3.7506, 5.7601, 3.111, 2.0188, 2.679, 3.0702, 6.2344, 4.6978, 2.8829, 2.902, 3.0673, 2.7822, 4.7379, 7.2966, 2.9162]
}
