{
  "n_part": 50,
  "n_trials": 30,
  "LR_group": 0.40458448883146,
  "inv_temp_group": 3.63586232997477,
  "initQF_group": 2.40359979937784,
  "initQU_group": 5.76705914456397,
  "mu_R_group": [
    [5],
    [5]
  ],
  "sigma_R_group": 2,
  "LR": [0.5566, 0.5225, 0.329, 0.4956, 0.6779, 0.5716, 0.4122, 0.0772, 0.7262, 0.4818, 0.1476, 0.2557, 0.1908, 0.5081, 0.2985, 0.3798, 0.368, 0.4301, 0.4205, 0.3309, 0.4775, 0.5703, 0.153, 0.5937, 0.5057, 0.4837, 0.1349, 0.4196, 0.2161, 0.1839, 0.5084, 0.4136, 0.239, 0.5627, 0.3701, 0.129, 0.3562, 0.3299, 0.6683, 0.6619, 0.2797, 0.5844, 0.6223, 0.5683, 0.6283, 0.4595, 0.3021, 0.1563, 0.237, 0.4489],
  "inv_temp": [3.6446, 3.3006, 3.2716, 3.9801, 2.9543, 3.5023, 3.9384, 3.7045, 3.9066, 4.0364, 3.6065, 3.5745, 3.7227, 3.8852, 3.4398, 4.4327, 3.955, 4.0212, 3.3583, 4.0551, 4.2578, 3.7634, 3.9959, 3.5114, 3.5729, 3.5732, 3.3195, 3.5313, 3.7272, 3.5082, 3.2073, 4.0275, 3.6902, 4.0526, 3.619, 3.8255, 3.4506, 3.2724, 3.9603, 4.0805, 3.523, 3.8502, 3.7782, 3.3028, 4.228, 3.511, 3.4422, 3.9101, 3.6892, 3.5409],
  "initQF": [2.1714, 2.9616, 2.9212, 3.2332, 3.6104, 3.4771, 1.8443, 3.5988, 4.8177, 2.7694, 3.4137, 1.676, 2.7109, 2.8561, 3.6675, 2.479, 1.1212, 2.3845, 5.2234, 2.925, 2.981, 3.4922, 3.593, 1.6934, 2.0756, 2.1341, 2.8347, 2.6865, 3.1692, 7.9568, 1.7361, 2.4655, 2.4191, 3.1373, 2.0627, 1.4482, 2.0247, 3.6952, 1.3474, 2.6508, 2.4246, 1.0999, 2.4007, 3.455, 2.9952, 3.5172, 1.7303, 2.1972, 5.078, 6.9096],
  "initQU": [5.4905, 7.5134, 2.5915, 5.8701, 9.012, 4.1418, 6.6447, 3.9816, 4.5948, 7.3621, 5.8451, 6.8772, 5.9056, 5.1819, 7.2615, 7.0764, 6.8205, 6.3976, 6.7043, 4.4107, 5.746, 7.6304, 3.8623, 7.2423, 6.6602, 2.8492, 6.5181, 4.7578, 6.9863, 5.1453, 5.0419, 9.2199, 3.7139, 4.384, 9.9498, 5.9173, 2.0878, 8.9194, 6.571, 6.3432, 4.6077, 4.0649, 9.1505, 5.0875, 7.468, 7.4081, 4.4577, 5.6942, 7.3427, 7.5709]
}
