{
  "n_part": 50,
  "n_trials": 30,
  "LR_group": 0.673956099199131,
  "inv_temp_group": 1.05612779501826,
  "initQF_group": 7.44265974010341,
  "initQU_group": 7.81416918942705,
  "mu_R_group": [
    [5],
    [5]
  ],
  "sigma_R_group": 2,
  "LR": [0.665, 0.3441, 0.6358, 0.8559, 0.6625, 0.7682, 0.6009, 0.5151, 0.6572, 0.8694, 0.4595, 0.54, 0.7353, 0.7698, 0.5455, 0.8675, 0.8673, 0.7388, 0.4149, 0.7438, 0.1857, 0.461, 0.5712, 0.4582, 0.362, 0.4948, 0.3777, 0.5458, 0.5216, 0.8149, 0.5503, 0.7532, 0.2776, 0.5943, 0.6403, 0.5224, 0.58, 0.9936, 0.865, 0.3655, 0.581, 0.6125, 0.8633, 0.7002, 0.6083, 0.4132, 0.5543, 0.6432, 0.6192, 0.8163],
  "inv_temp": [1.777, 0.7316, 0.8938, 1.2556, 1.604, 0.572, 1.2034, 1.0572, 1.0555, 0.9832, 0.8855, 0.7154, 0.6279, 0.719, 1.6392, 0.8959, 0.8278, 1.1177, 0.3994, 0.4541, 1.6304, 0.9635, 1.1174, 0.7034, 0.7355, 1.0452, 1.4621, 1.2121, 0.9769, 0.8126, 1.6159, 0.7378, 0.9673, 1.3107, 1.2812, 0.7466, 0.7249, 0.8444, 0.5048, 0.8337, 0.9023, 0.9741, 0.9297, 0.9058, 1.1708, 0.8067, 1.6062, 0.6493, 1.2241, 1.0203],
  "initQF": [6.1949, 7.9453, 7.7588, 7.5608, 9.691, 9.6019, 5.5668, 5.0506, 7.474, 7.8874, 7.6673, 9.275, 8.3542, 5.6874, 7.1281, 6.739, 6.9134, 7.6789, 2.0852, 9.9481, 8.9088, 3.4648, 8.1235, 8.5312, 7.3369, 6.2396, 7.2855, 6.3252, 9.6809, 4.4475, 7.8004, 5.9918, 7.3001, 7.8573, 4.81, 9.9574, 7.9101, 7.8467, 5.5015, 3.9291, 6.9316, 5.1283, 8.269, 5.8976, 7.7667, 6.3629, 7.4281, 9.8849, 7.3504, 5.2939],
  "initQU": [8.1111, 9.4359, 5.2333, 8.4469, 9.3165, 8.522, 7.1375, 7.0796, 8.2802, 8.8166, 7.1552, 6.2557, 7.0335, 6.5114, 7.4385, 7.0939, 7.3025, 7.6094, 8.147, 7.6234, 6.6204, 7.6586, 6.1937, 7.8696, 8.348, 9.7036, 8.418, 6.6865, 5.7229, 5.9371, 6.2093, 8.0015, 6.1809, 7.5804, 4.6411, 5.7589, 8.1529, 6.3789, 8.1649, 9.2084, 6.3575, 6.1383, 3.1485, 5.1445, 9.4507, 7.0421, 7.9979, 5.7236, 9.2239, 6.2545]
}
