{
  "n_part": 50,
  "n_trials": 30,
  "LR_group": 0.748058978933841,
  "inv_temp_group": 1.13613318535499,
  "initQF_group": 9.97636536741629,
  "initQU_group": 4.40247215493582,
  "mu_R_group": [
    [5],
    [5]
  ],
  "sigma_R_group": 2,
  "LR": [0.8048, 0.5663, 0.9239, 0.6727, 0.804, 0.8313, 0.7759, 0.8274, 0.8931, 0.7078, 0.9827, 0.4486, 0.6324, 0.4351, 0.7259, 0.5622, 0.872, 0.9238, 0.6647, 0.4306, 0.4957, 0.5304, 0.7612, 0.9494, 0.8793, 0.6385, 0.9042, 0.6618, 0.4338, 0.8318, 0.7694, 0.6812, 0.7616, 0.5094, 0.3959, 0.9364, 0.556, 0.6697, 0.6029, 0.5443, 0.5835, 0.7183, 0.9349, 0.6083, 0.8544, 0.8511, 0.518, 0.9586, 0.3566, 0.9117],
  "inv_temp": [1.0879, 0.7997, 1.875, 1.2601, 1.0339, 1.0661, 0.7764, 1.1116, 0.9614, 1.0781, 0.804, 0.9183, 1.6406, 1.3064, 1.3224, 1.026, 1.1823, 1.123, 1.032, 1.0329, 1.2517, 1.6539, 1.6536, 1.0948, 1.0737, 1.6311, 0.8817, 1.4657, 1.3123, 0.8411, 0.7656, 1.0835, 0.76, 0.87, 0.8973, 0.8007, 0.7902, 0.7597, 1.2663, 1.087, 0.8729, 1.1606, 1.3789, 1.3682, 1.4055, 1.0646, 1.2841, 1.2062, 1.6086, 0.9435],
  "initQF": [8.1986, 7.9838, 9.9823, 9.171, 7.6355, 9.5767, 9.5159, 7.1362, 7.5008, 9.8552, 8.0794, 8.9899, 8.0118, 9.5627, 9.3361, 8.8479, 9.8041, 8.6862, 8.25, 9.5263, 6.8482, 9.8502, 8.7538, 8.8049, 9.7326, 8.3998, 5.4297, 9.0994, 9.7208, 8.0421, 8.4325, 7.9946, 9.2708, 4.3202, 5.7142, 4.9884, 7.5396, 8.518, 7.9956, 8.9756, 7.7769, 8.2847, 7.6764, 9.246, 8.3505, 5.7062, 8.6173, 8.9059, 9.1594, 9.462],
  "initQU": [2.2146, 7.9275, 5.2323, 2.1157, 7.772, 6.3693, 4.4619, 4.1038, 9.6902, 4.1951, 4.2699, 2.0263, 4.1668, 2.2534, 6.5233, 9.424, 5.7025, 4.5866, 7.5602, 7.1037, 6.9108, 5.7413, 2.4247, 2.8143, 5.5616, 6.1132, 2.719, 4.6182, 4.1847, 4.2708, 2.7875, 6.0988, 1.7802, 2.3655, 6.1502, 2.0917, 1.3389, 4.312, 3.5359, 3.9528, 2.1981, 3.0694, 4.8138, 5.2547, 6.7793, 8.4601, 3.7677, 8.312, 3.112, 3.5536]
}
