{
  "n_part": 50,
  "n_trials": 30,
  "LR_group": 0.242957434616983,
  "inv_temp_group": 4.07363083213568,
  "initQF_group": 7.49391149682924,
  "initQU_group": 6.35289735952392,
  "mu_R_group": [
    [5],
    [5]
  ],
  "sigma_R_group": 2,
  "LR": [0.7435, 0.1265, 0.382, 0.145, 0.6361, 0.4722, 0.0177, 0.4811, 0.1452, 0.231, 0.3718, 0.2558, 0.0564, 0.3211, 0.0727, 0.3522, 0.1421, 0.0902, 0.4637, 0.1952, 0.2916, 0.3368, 0.5807, 0.4162, 0.3963, 0.0274, 0.0929, 0.6953, 0.3335, 0.187, 0.3618, 0.338, 0.1648, 0.2887, 0.2112, 0.3488, 0.4838, 0.1496, 0.59, 0.1274, 0.0906, 0.2159, 0.2855, 0.168, 0.2978, 0.057, 0.1214, 0.3562, 0.0215, 0.503],
  "inv_temp": [4.2473, 4.0862, 3.8943, 4.5059, 3.6598, 3.6507, 4.6371, 3.8474, 4.3952, 4.4408, 4.1606, 3.9101, 4.2012, 3.8806, 3.5928, 4.1285, 4.2985, 4.3077, 4.3528, 4.0121, 4.24, 4.1549, 3.6718, 4.256, 4.5948, 4.0009, 4.7289, 4.6842, 4.4783, 4.0035, 3.9156, 3.8202, 4.2617, 3.9253, 4.2552, 3.6224, 3.6253, 3.7146, 4.217, 3.9725, 4.0127, 4.0574, 4.7381, 3.9228, 3.6047, 4.0668, 4.2564, 4.2908, 4.0852, 4.3892],
  "initQF": [8.8368, 7.4353, 9.6432, 5.3036, 7.6252, 6.1338, 3.8991, 7.8836, 6.8901, 4.1385, 8.6045, 7.3622, 3.8499, 7.9856, 9.6092, 7.7625, 7.2859, 6.9695, 8.2669, 5.786, 8.7498, 2.4226, 8.225, 6.5939, 6.124, 7.2573, 4.9354, 7.466, 4.0363, 8.134, 8.6566, 7.1286, 7.3965, 5.43, 5.1434, 6.4416, 4.2248, 8.4811, 4.6276, 3.6753, 6.0745, 9.3878, 8.5161, 8.1346, 9.3664, 6.5172, 8.1632, 9.3449, 8.8293, 8.8355],
  "initQU": [6.7929, 5.0454, 5.8374, 6.5077, 5.775, 7.3166, 6.6049, 5.0767, 7.1798, 5.4029, 7.1068, 6.0193, 5.5051, 3.7617, 9.7065, 3.4151, 8.2052, 4.6736, 4.9871, 3.1374, 4.7914, 3.7824, 4.4559, 6.3621, 6.1475, 6.8411, 5.017, 3.3807, 8.1771, 5.5201, 6.7422, 8.5797, 5.3227, 4.33, 8.8817, 5.1607, 3.7404, 7.0425, 5.5304, 4.5794, 4.3121, 3.4075, 6.8181, 3.5117, 8.4426, 3.4279, 7.5822, 8.1896, 5.2465, 4.0572]
}
