{
  "n_part": 50,
  "n_trials": 30,
  "LR_group": 0.699436960741878,
  "inv_temp_group": 3.08089750004001,
  "initQF_group": 2.34548894478939,
  "initQU_group": 2.5271623081062,
  "mu_R_group": [
    [5],
    [5]
  ],
  "sigma_R_group": 2,
  "LR": [0.802, 0.4428, 0.6757, 0.7114, 0.6932, 0.5703, 0.5416, 0.9302, 0.7768, 0.8006, 0.8717, 0.6334, 0.7678, 0.7825, 0.8338, 0.4924, 0.8239, 0.5971, 0.9178, 0.4687, 0.5606, 0.9067, 0.6988, 0.5166, 0.6785, 0.8274, 0.6598, 0.7287, 0.78, 0.5488, 0.7541, 0.8408, 0.7081, 0.6439, 0.9657, 0.5637, 0.7879, 0.8888, 0.7934, 0.727, 0.5086, 0.5034, 0.8915, 0.6714, 0.4121, 0.5879, 0.0806, 0.479, 0.9002, 0.6829],
  "inv_temp": [2.6946, 3.4854, 3.0056, 2.8337, 3.3644, 2.9495, 2.9999, 2.6403, 3.1926, 3.0661, 2.6129, 3.3004, 2.8096, 3.2623, 3.2146, 3.2778, 3.1726, 2.9477, 3.0148, 3.5083, 2.0056, 2.7894, 3.1624, 3.4539, 3.3932, 3.0319, 3.0942, 2.7182, 3.2445, 3.1291, 3.0339, 3.3303, 3.0375, 2.6091, 2.6922, 3.0705, 3.0035, 2.9948, 2.9706, 3.2573, 2.9866, 3.2184, 3.1617, 2.7789, 3.1323, 2.7267, 2.3229, 2.2758, 3.2555, 2.7678],
  "initQF": [2.9664, 4.5343, 1.5404, 2.0409, 3.3233, 1.7379, 3.0928, 4.7352, 1.8664, 2.7202, 4.0344, 1.7218, 1.7707, 2.9807, 3.9483, 2.1812, 2.6227, 5.0276, 3.6169, 1.2407, 5.2089, 2.1316, 2.3337, 1.0151, 2.2983, 2.8683, 5.9688, 3.3071, 3.5962, 4.0421, 2.3612, 3.9895, 2.6518, 3.0398, 6.5511, 4.58, 1.7162, 2.3165, 7.1904, 1.7789, 3.0903, 2.139, 2.7328, 4.5527, 3.1022, 2.6446, 3.9354, 3.4649, 4.0622, 6.2123],
  "initQU": [2.0771, 3.4276, 3.374, 2.4906, 5.1373, 2.8935, 3.4929, 5.1305, 3.2626, 1.6303, 4.7028, 1.0299, 2.2068, 2.997, 1.4605, 1.5343, 3.583, 2.6541, 4.2538, 1.335, 3.7104, 3.8822, 1.6933, 3.4697, 3.4083, 1.6794, 2.7386, 4.6631, 1.9947, 3.5179, 1.077, 3.403, 2.7672, 2.2974, 1.8057, 3.0563, 1.7218, 2.7265, 1.125, 2.3998, 1.4711, 2.2615, 4.0252, 1.2324, 1.2937, 6.6071, 4.01, 5.9522, 4.7431, 8.0457]
}
