{
  "n_part": 50,
  "n_trials": 30,
  "LR_group": 0.365704136667773,
  "inv_temp_group": 1.723786983639,
  "initQF_group": 3.0964941564016,
  "initQU_group": 7.90589230554178,
  "mu_R_group": [
    [5],
    [5]
  ],
  "sigma_R_group": 2,
  "LR": [0.0655, 0.585, 0.3444, 0.219, 0.6897, 0.4404, 0.5842, 0.4868, 0.2281, 0.264, 0.3428, 0.1861, 0.6755, 0.2664, 0.3249, 0.4459, 0.1412, 0.5454, 0.518, 0.3227, 0.3882, 0.1398, 0.5883, 0.3717, 0.0274, 0.3492, 0.7733, 0.7554, 0.2558, 0.5133, 0.3893, 0.3998, 0.4834, 0.3881, 0.2007, 0.696, 0.445, 0.5293, 0.3837, 0.3578, 0.5214, 0.0661, 0.6209, 0.4479, 0.5309, 0.0961, 0.0219, 0.1171, 0.5353, 0.3148],
  "inv_temp": [1.9456, 1.7389, 1.7916, 1.443, 1.8329, 1.7499, 1.7671, 2.1574, 1.9626, 2.1289, 1.031, 1.7013, 2.0954, 2.0775, 2.0307, 1.4188, 1.987, 2.0884, 1.6418, 1.7999, 1.8938, 1.5931, 1.742, 1.5777, 1.6753, 1.614, 1.8241, 1.9417, 1.4703, 1.6206, 1.4593, 1.9013, 1.6867, 1.6573, 1.7366, 1.8474, 1.9369, 2.5402, 1.9961, 1.8979, 2.0887, 2.0271, 1.7974, 1.5667, 1.4599, 1.7956, 1.5554, 1.6013, 1.3895, 1.5482],
  "initQF": [3.117, 3.0792, 5.5606, 3.5996, 5.2946, 3.3728, 3.949, 3.4396, 1.8918, 4.149, 3.5025, 4.2514, 1.3482, 2.3144, 2.3005, 2.5545, 3.0954, 1.8909, 3.4585, 2.4728, 3.7913, 1.7465, 2.5019, 6.2738, 2.0452, 4.1819, 2.6828, 7.4584, 6.9576, 1.5664, 2.6814, 3.9966, 4.1165, 1.7294, 1.8497, 3.5972, 3.867, 1.1093, 1.483, 5.2499, 5.2288, 1.9739, 1.7166, 5.6067, 4.2821, 2.64, 5.348, 4.1003, 3.5537, 2.057],
  "initQU": [8.794, 8.3349, 9.7246, 8.2297, 8.3276, 3.4455, 7.2003, 7.5259, 5.8905, 5.8722, 4.0437, 8.5882, 8.516, 6.8472, 6.0649, 9.5084, 4.8106, 7.3604, 9.3317, 6.8393, 6.5245, 3.287, 7.5816, 5.2876, 7.5996, 9.1083, 7.2862, 6.697, 6.7587, 6.7978, 9.2024, 8.2345, 7.8481, 9.9633, 8.575, 8.3185, 8.4839, 8.6105, 8.2576, 6.4338, 6.4846, 4.8687, 7.4398, 7.5741, 5.6274, 8.5457, 5.8383, 6.6871, 9.946, 6.9602]
}
