{
  "n_part": 50,
  "n_trials": 30,
  "LR_group": 0.861112140584737,
  "inv_temp_group": 0.0111620011739433,
  "initQF_group": 8.45844134362414,
  "initQU_group": 2.40043936506845,
  "mu_R_group": [
    [5],
    [5]
  ],
  "sigma_R_group": 2,
  "LR": [0.9038, 0.7506, 0.5673, 0.6018, 0.9606, 0.6725, 0.7025, 0.779, 0.4836, 0.6037, 0.9637, 0.701, 0.5303, 0.8694, 0.9807, 0.6785, 0.5703, 0.0785, 0.829, 0.9856, 0.8214, 0.5967, 0.9488, 0.5993, 0.8141, 0.8343, 0.8856, 0.5486, 0.7025, 0.7114, 0.4523, 0.8063, 0.7215, 0.9562, 0.8756, 0.6901, 0.6876, 0.774, 0.8998, 0.9937, 0.769, 0.6474, 0.7552, 0.9229, 0.6722, 0.6286, 0.8918, 0.6729, 0.8488, 0.6151],
  "inv_temp": [0.0068, 0.2016, 0.4006, 0.0116, 0.3311, 0.0708, 0.318, 0.216, 0.1692, 0.1185, 0.1902, 0.4532, 0.1359, 0.4807, 0.6175, 0.1709, 0.2541, 0.4536, 0.3167, 0.6985, 0.2222, 0.3835, 0.0109, 0.3826, 0.0992, 0.0427, 0.029, 0.3267, 0.4019, 0.296, 0.0637, 0.4036, 0.0257, 0.2109, 0.5059, 0.1454, 0.0982, 0.1262, 0.1084, 0.1572, 0.1421, 0.1859, 0.0498, 0.1544, 0.3474, 0.2727, 0.0635, 0.1653, 0.2565, 0.3302],
  "initQF": [9.0516, 8.6546, 7.1425, 9.4006, 9.5787, 9.4777, 6.033, 9.1795, 7.9279, 7.3336, 7.4842, 8.5624, 8.4036, 5.6997, 9.0733, 7.2785, 7.5701, 9.8503, 9.3008, 8.9435, 7.35, 7.6275, 5.4897, 5.1492, 8.1934, 6.9399, 8.3028, 6.4314, 7.571, 6.4214, 6.267, 8.8001, 4.6504, 6.5331, 7.7037, 6.5818, 7.7073, 9.198, 6.9164, 7.8885, 3.2183, 8.6646, 8.4116, 6.0471, 6.473, 7.3898, 8.8288, 9.0033, 6.3997, 5.8461],
  "initQU": [4.556, 1.5702, 2.9237, 5.0051, 4.335, 3.6132, 1.1988, 2.5375, 3.9214, 5.699, 1.4756, 4.9329, 1.7059, 6.3133, 3.1765, 3.1235, 2.561, 3.5866, 3.3966, 2.0179, 2.7213, 4.4043, 3.7802, 5.4717, 1.0295, 3.6436, 1.8466, 7.0705, 5.1113, 3.8722, 1.9969, 2.3827, 2.989, 3.8672, 3.6619, 1.0056, 3.3736, 1.6276, 4.9518, 4.5974, 2.9518, 5.1044, 1.2317, 2.3394, 3.9546, 5.4858, 4.8952, 1.1052, 2.7158, 4.5841]
}
