{
  "n_part": 50,
  "n_trials": 30,
  "LR_group": 0.712964691221714,
  "inv_temp_group": 4.42537253606133,
  "initQF_group": 1.8665283289738,
  "initQU_group": 4.95006083091721,
  "mu_R_group": [
    [5],
    [5]
  ],
  "sigma_R_group": 2,
  "LR": [0.222, 0.8112, 0.4413, 0.9997, 0.558, 0.7122, 0.6267, 0.5234, 0.7253, 0.3384, 0.9796, 0.8007, 0.7887, 0.6496, 0.4245, 0.4722, 0.7486, 0.6078, 0.5859, 0.6173, 0.5044, 0.866, 0.7216, 0.5506, 0.9352, 0.4273, 0.7378, 0.8127, 0.4408, 0.6787, 0.863, 0.3312, 0.54, 0.5594, 0.2004, 0.6915, 0.8985, 0.6789, 0.5778, 0.7889, 0.3974, 0.5298, 0.4088, 0.4406, 0.6568, 0.8584, 0.6284, 0.7346, 0.9594, 0.5292],
  "inv_temp": [4.1699, 4.1064, 4.4054, 4.4871, 4.0221, 4.3169, 4.0539, 3.9787, 4.516, 4.4219, 4.184, 4.7581, 4.5943, 4.8182, 4.7048, 4.2234, 4.2875, 4.463, 4.3381, 4.7697, 4.6531, 4.259, 4.1653, 4.3513, 4.7515, 4.5344, 4.7063, 4.3296, 4.6151, 4.3549, 4.2691, 4.7629, 4.165, 4.2203, 4.3851, 4.5168, 4.0652, 3.7237, 4.4364, 4.2072, 4.1132, 4.4403, 4.2071, 4.5086, 4.9372, 4.5651, 4.2997, 3.9215, 4.0118, 4.473],
  "initQF": [3.5741, 2.7753, 4.458, 5.594, 1.8833, 3.0023, 2.1738, 2.6196, 3.9657, 2.1025, 2.9043, 5.5643, 1.2265, 2.0494, 1.879, 6.0128, 2.3855, 2.628, 2.2846, 3.5194, 3.5943, 2.8683, 1.8106, 2.8211, 2.0932, 2.8093, 6.5316, 2.5459, 1.3115, 3.967, 2.0582, 4.8673, 2.1725, 1.5206, 3.4798, 1.2418, 1.0873, 3.7052, 4.5939, 1.3193, 1.8274, 1.9142, 2.0524, 2.568, 2.7716, 3.8569, 3.8808, 4.2319, 3.673, 3.2988],
  "initQU": [3.9482, 8.9224, 3.8907, 7.759, 4.473, 4.5923, 5.59, 6.7558, 6.3585, 2.8918, 4.0984, 7.0529, 5.5462, 5.675, 5.2948, 2.9626, 4.1516, 5.1063, 7.9224, 1.8381, 5.0166, 3.9483, 7.9602, 7.0268, 7.0548, 4.9144, 3.5663, 2.3697, 4.3007, 6.0605, 4.1298, 3.5245, 4.5145, 7.1272, 3.097, 9.7822, 3.955, 4.527, 5.7867, 3.7126, 3.9046, 7.2294, 3.378, 5.2673, 3.2917, 3.4217, 4.1152, 3.757, 6.7882, 2.2235]
}
