{
  "n_part": 50,
  "n_trials": 30,
  "LR_group": 0.240146341500804,
  "inv_temp_group": 0.0794206641148776,
  "initQF_group": 6.35919942543842,
  "initQU_group": 9.95340391271748,
  "mu_R_group": [
    [5],
    [5]
  ],
  "sigma_R_group": 2,
  "LR": [0.5219, 0.1573, 0.5252, 0.3568, 0.0968, 0.2741, 0.2627, 0.0332, 0.0324, 0.4783, 0.0735, 0.2481, 0.2795, 0.2889, 0.3002, 0.4635, 0.1717, 0.3891, 0.1444, 0.124, 0.2091, 0.2688, 0.5264, 0.4182, 0.3573, 0.1957, 0.3516, 0.3912, 0.3607, 0.5597, 0.8049, 0.4005, 0.2855, 0.2354, 0.1858, 0.1818, 0.1836, 0.2935, 0.2022, 0.1485, 0.0425, 0.1834, 0.2125, 0.3866, 0.1395, 0.1221, 0.6424, 0.0737, 0.0472, 0.3461],
  "inv_temp": [0.0346, 0.416, 0.3357, 0.2042, 0.0439, 0.7705, 0.6893, 0.7362, 0.5656, 0.1152, 0.3547, 0.3942, 0.354, 0.3302, 0.0676, 0.183, 0.1721, 0.108, 0.4775, 0.0255, 0.1569, 0.2067, 0.1357, 0.0637, 0.0533, 0.0778, 0.0903, 0.2505, 0.2004, 0.7091, 0.0229, 0.0205, 0.0813, 0.3217, 0.009, 0.292, 0.2902, 0.9789, 0.324, 0.2229, 0.3357, 0.1008, 0.0928, 0.0935, 0.3202, 0.2942, 0.0417, 0.2992, 0.3739, 0.08],
  "initQF": [6.1096, 1.7585, 5.7256, 6.0042, 8.6594, 5.2783, 6.6802, 6.2421, 5.5714, 3.2338, 6.4441, 8.9803, 8.3207, 4.8674, 7.5571, 4.6781, 5.7841, 4.6938, 7.6532, 8.2696, 5.3216, 5.2557, 7.756, 5.6777, 4.9026, 5.2356, 5.5871, 6.2827, 6.6359, 6.154, 2.5061, 6.0482, 7.11, 4.5112, 7.6967, 6.6251, 7.8071, 7.5341, 4.812, 7.7814, 4.5261, 6.3472, 7.1402, 6.6876, 2.3651, 6.0084, 7.6405, 7.07, 4.7399, 8.4187],
  "initQU": [9.0405, 6.5792, 6.8548, 9.1599, 8.9311, 5.9114, 7.7872, 6.5594, 8.6616, 9.1758, 9.8288, 8.7165, 6.4481, 9.1767, 8.5398, 9.7731, 8.2582, 9.4079, 7.8367, 8.0792, 9.243, 6.6025, 8.231, 7.9407, 8.9019, 8.4327, 7.2977, 9.1168, 9.3546, 7.6987, 9.3938, 8.7783, 5.1021, 9.0292, 9.0699, 9.5359, 7.1771, 7.1811, 9.2438, 9.4553, 9.1935, 8.5427, 8.6194, 9.785, 8.4056, 8.6015, 8.5027, 6.7135, 9.5618, 7.0812]
}
