{
  "n_part": 50,
  "n_trials": 30,
  "LR_group": 0.764474541414529,
  "inv_temp_group": 2.57073154090904,
  "initQF_group": 8.9445520141162,
  "initQU_group": 2.12893757922575,
  "mu_R_group": [
    [5],
    [5]
  ],
  "sigma_R_group": 2,
  "LR": [0.7119, 0.9044, 0.9211, 0.79, 0.5842, 0.7727, 0.8503, 0.5629, 0.8131, 0.7711, 0.7368, 0.8044, 0.5802, 0.6449, 0.8356, 0.6704, 0.564, 0.4612, 0.8517, 0.7487, 0.3444, 0.9293, 0.7162, 0.9946, 0.8836, 0.3465, 0.5731, 0.9659, 0.7013, 0.7589, 0.5732, 0.5801, 0.9061, 0.7478, 0.6729, 0.6971, 0.6658, 0.8627, 0.4715, 0.8467, 0.7718, 0.8396, 0.5779, 0.8331, 0.7414, 0.7883, 0.5711, 0.7655, 0.9973, 0.7621],
  "inv_temp": [2.6741, 2.828, 2.7743, 2.2569, 2.6026, 2.9636, 2.9894, 3.1264, 2.2787, 2.4308, 2.5053, 2.1153, 2.4504, 2.9095, 2.2782, 2.557, 3.1512, 3.1549, 2.2509, 2.8026, 3.4952, 3.0316, 2.5138, 2.3977, 2.0175, 2.7737, 2.0411, 2.2842, 2.2498, 2.1529, 2.502, 3.1538, 2.2028, 2.2739, 2.3922, 2.6831, 2.4573, 1.8115, 2.5161, 2.8634, 2.6832, 2.6914, 2.5486, 2.1213, 2.7619, 2.5967, 2.9936, 2.648, 2.3701, 2.6363],
  "initQF": [9.5285, 6.4062, 7.426, 8.7552, 9.8628, 6.7376, 9.6702, 8.2894, 7.2982, 7.5315, 8.8948, 8.3373, 9.2903, 5.3388, 5.7341, 7.7906, 9.4697, 8.8231, 6.5455, 6.2562, 8.3235, 9.7746, 6.6815, 6.2354, 9.6972, 8.9337, 9.8934, 9.983, 6.9542, 8.6131, 7.6798, 6.5831, 5.2578, 9.3361, 9.7526, 7.0555, 9.3246, 9.444, 9.3946, 7.0808, 6.235, 8.8161, 6.4479, 8.306, 4.6011, 9.8871, 7.3943, 8.651, 8.6569, 9.3029],
  "initQU": [3.2882, 4.8829, 3.124, 2.172, 1.3087, 3.333, 2.2588, 4.5793, 2.7627, 2.4117, 4.1114, 4.5821, 4.2203, 1.8454, 2.966, 4.4507, 3.5587, 2.2263, 5.8818, 6.3825, 4.596, 4.3235, 2.0503, 4.1222, 5.3967, 2.3496, 3.7659, 2.5004, 3.4163, 1.8011, 6.2336, 1.1006, 1.8371, 4.439, 6.2199, 3.2801, 3.7563, 1.3692, 4.779, 1.4063, 4.0365, 3.7964, 4.2405, 2.9371, 2.8803, 1.9536, 2.7007, 4.1476, 1.6536, 3.9852]
}
