{
  "n_part": 50,
  "n_trials": 30,
  "LR_group": 0.933005049359053,
  "inv_temp_group": 1.28556845826097,
  "initQF_group": 8.85403732536361,
  "initQU_group": 7.36209465120919,
  "mu_R_group": [
    [5],
    [5]
  ],
  "sigma_R_group": 2,
  "LR": [0.8601, 0.7817, 0.9683, 0.9496, 0.9345, 0.7337, 0.9362, 0.9487, 0.9959, 0.9748, 0.8489, 0.7788, 0.5894, 0.5959, 0.9667, 0.7813, 0.7894, 0.9347, 0.8219, 0.7333, 0.7434, 0.8588, 0.6152, 0.9637, 0.9334, 0.9403, 0.9276, 0.8802, 0.8545, 0.8892, 0.8939, 0.9857, 0.8162, 0.7419, 0.8195, 0.8295, 0.8425, 0.8673, 0.9722, 0.6141, 0.9242, 0.8548, 0.7843, 0.6301, 0.8972, 0.5951, 0.8655, 0.8193, 0.7576, 0.6818],
  "inv_temp": [1.0823, 0.9334, 1.5122, 1.2643, 1.366, 1.1657, 2.0771, 1.5815, 0.6436, 0.9825, 0.9621, 0.5672, 1.273, 0.9329, 1.6752, 1.3754, 0.9311, 1.4791, 1.5692, 1.1716, 0.9479, 1.0153, 1.9311, 1.1362, 1.6921, 1.2442, 1.1356, 1.2944, 1.1099, 2.0413, 1.3614, 1.9407, 2.1074, 1.3434, 1.023, 1.4781, 0.7627, 1.425, 1.2754, 1.3316, 1.3104, 1.2017, 1.01, 0.5576, 0.9425, 1.3265, 0.8002, 1.4714, 1.6021, 1.7826],
  "initQF": [6.7468, 8.7469, 9.3092, 6.1981, 8.0866, 6.4924, 7.6092, 7.839, 8.5405, 5.9235, 9.9032, 6.0472, 8.8706, 7.4739, 8.1695, 8.3281, 5.8965, 9.9177, 9.8623, 7.0025, 9.4128, 9.8088, 9.3917, 3.7081, 7.1721, 9.4571, 7.6287, 6.6312, 7.682, 9.3582, 8.4641, 9.2513, 7.9683, 8.1026, 8.3211, 9.8389, 6.4006, 9.7175, 4.984, 6.2233, 8.0755, 5.1635, 9.3495, 6.3241, 9.5506, 5.4884, 8.1625, 8.51, 9.7472, 8.1785],
  "initQU": [8.8219, 4.1044, 8.1028, 6.0123, 4.0357, 9.7674, 7.9386, 9.0951, 6.7694, 7.8425, 6.3998, 9.3452, 7.5902, 7.2161, 4.5379, 8.745, 9.3795, 7.8665, 5.9351, 7.6773, 8.3358, 5.9079, 6.3845, 4.6763, 7.5739, 5.7491, 6.3989, 1.9619, 9.0194, 6.1328, 7.211, 5.9889, 5.4406, 7.3576, 7.5702, 7.9164, 7.9272, 4.4411, 3.8524, 9.0909, 6.6177, 9.0299, 6.9281, 6.9902, 5.3264, 4.2787, 7.0367, 7.9108, 7.8192, 9.2595]
}
