{
  "n_part": 50,
  "n_trials": 30,
  "LR_group": 0.514333955710754,
  "inv_temp_group": 3.67680959752761,
  "initQF_group": 6.62823346164078,
  "initQU_group": 4.0213501881808,
  "mu_R_group": [
    [5],
    [5]
  ],
  "sigma_R_group": 2,
  "LR": [0.4474, 0.3393, 0.558, 0.5016, 0.6393, 0.6422, 0.3186, 0.4712, 0.33, 0.6148, 0.7489, 0.4148, 0.2841, 0.4996, 0.2421, 0.2384, 0.5869, 0.5029, 0.7886, 0.4436, 0.3691, 0.5788, 0.4654, 0.8821, 0.7742, 0.4323, 0.7113, 0.762, 0.1863, 0.4506, 0.2538, 0.3958, 0.7602, 0.4141, 0.2623, 0.6175, 0.7728, 0.3762, 0.5575, 0.6365, 0.5827, 0.1454, 0.6758, 0.6563, 0.464, 0.6743, 0.5993, 0.5965, 0.3207, 0.2838],
  "inv_temp": [3.4411, 3.4431, 3.6374, 4.142, 3.8408, 3.6322, 3.6812, 4.0424, 3.7066, 3.0932, 3.9991, 3.7737, 4.1616, 3.4065, 3.2274, 3.6225, 3.3636, 3.05, 3.4764, 3.8345, 4.0932, 3.9798, 3.814, 3.749, 3.6639, 3.45, 3.1807, 3.5078, 3.3842, 3.7979, 4.0373, 3.5644, 3.9168, 3.5157, 3.2931, 3.6567, 3.7503, 4.0966, 3.726, 4.3381, 3.2691, 4.0579, 3.4453, 4.0903, 3.3898, 3.7675, 4.1763, 3.9908, 4.0413, 3.6408],
  "initQF": [8.6342, 5.344, 2.1322, 5.3715, 5.6868, 9.2332, 6.7012, 5.6438, 2.3303, 6.7195, 8.2737, 6.3973, 6.1302, 9.4225, 3.6825, 4.1701, 5.3012, 7.4501, 5.0564, 4.6958, 7.8549, 6.6271, 5.0014, 5.0895, 9.3667, 7.4241, 8.2463, 3.1185, 5.9987, 5.6456, 7.1803, 8.0394, 8.0155, 6.7388, 4.6675, 4.7658, 6.2816, 5.7707, 8.8849, 7.5704, 6.5577, 4.5595, 6.1029, 8.4393, 4.9404, 6.6355, 8.0216, 8.5198, 4.0918, 9.391],
  "initQU": [3.0218, 2.473, 4.435, 4.7147, 4.9629, 2.3383, 5.5851, 5.9023, 2.5629, 4.3806, 1.1407, 4.3601, 1.1419, 5.603, 2.8439, 2.7414, 3.7461, 4.497, 4.4961, 2.0767, 4.8586, 2.6607, 6.6889, 4.3779, 4.4008, 3.908, 4.9346, 4.413, 4.0752, 6.7917, 2.0344, 2.185, 5.1083, 3.8256, 3.7124, 1.8793, 4.4606, 1.7184, 4.7685, 5.0541, 3.0031, 4.2537, 2.5515, 2.9488, 5.4175, 3.3077, 3.3752, 3.2173, 6.4271, 2.4593]
}
