{
  "n_part": 50,
  "n_trials": 30,
  "LR_group": 0.745721091050655,
  "inv_temp_group": 3.69123127427883,
  "initQF_group": 5.10792690701783,
  "initQU_group": 3.41694890754297,
  "mu_R_group": [
    [5],
    [5]
  ],
  "sigma_R_group": 2,
  "LR": [0.558, 0.3392, 0.8829, 0.5999, 0.9175, 0.2911, 0.8206, 0.8906, 0.4233, 0.8472, 0.6828, 0.7215, 0.8367, 0.5273, 0.6082, 0.7348, 0.7882, 0.5942, 0.7176, 0.661, 0.5502, 0.6152, 0.7322, 0.8027, 0.9837, 0.7836, 0.8435, 0.8219, 0.652, 0.5981, 0.6677, 0.9285, 0.6904, 0.5418, 0.5699, 0.6575, 0.8948, 0.6633, 0.7053, 0.8759, 0.8945, 0.9236, 0.53, 0.4144, 0.3276, 0.9351, 0.8516, 0.9006, 0.7262, 0.8996],
  "inv_temp": [3.6079, 3.7473, 3.6034, 3.7362, 3.609, 3.5698, 4.2156, 3.8891, 3.879, 3.7664, 3.8863, 3.5614, 3.9483, 4.0627, 3.5659, 3.8952, 3.4538, 3.3038, 3.7496, 3.5186, 3.6129, 3.5431, 4.0986, 3.935, 3.4415, 3.3589, 3.5506, 3.3956, 3.6467, 3.2879, 3.62, 3.7162, 3.3699, 3.6321, 3.6436, 3.6685, 3.588, 3.4593, 3.5966, 3.9504, 3.0392, 3.6615, 3.3154, 4.3251, 3.717, 3.4354, 3.7799, 4.2168, 3.7378, 3.6044],
  "initQF": [5.9418, 2.2118, 4.4774, 4.5395, 6.5612, 3.1363, 5.9424, 7.173, 6.0051, 3.3686, 3.1848, 2.9268, 2.7853, 6.725, 5.7494, 5.2555, 5.9937, 4.5305, 4.8454, 5.6333, 6.0587, 3.894, 6.686, 6.3158, 5.4615, 6.188, 4.198, 5.2497, 5.2431, 5.8869, 6.7312, 6.1637, 4.8354, 1.0187, 5.6827, 4.9025, 4.1872, 6.5739, 4.7443, 4.4278, 7.3301, 4.7233, 8.8915, 4.8547, 6.0196, 5.941, 5.9876, 4.7478, 5.1431, 4.2235],
  "initQU": [2.272, 4.3328, 4.6016, 7.6378, 4.2883, 5.1888, 1.8523, 2.7955, 5.3556, 3.1126, 3.2775, 1.3737, 5.2692, 2.8879, 2.0588, 6.2971, 2.2111, 6.2504, 1.7976, 2.341, 4.3982, 1.3646, 2.1966, 5.8281, 3.7225, 2.7018, 5.1014, 1.5764, 2.2573, 7.9204, 3.0293, 3.622, 5.3672, 1.6828, 3.8105, 2.5895, 1.4578, 5.328, 6.4118, 4.6067, 1.2082, 7.2381, 1.2815, 6.9258, 4.4318, 2.4629, 1.5794, 2.248, 2.6019, 1.2938]
}
