{
  "n_part": 50,
  "n_trials": 30,
  "LR_group": 0.444431270472705,
  "inv_temp_group": 1.81891679298133,
  "initQF_group": 5.42810540739447,
  "initQU_group": 3.21932150516659,
  "mu_R_group": [
    [5],
    [5]
  ],
  "sigma_R_group": 2,
  "LR": [0.2626, 0.2879, 0.3818, 0.1706, 0.0195, 0.468, 0.0542, 0.0745, 0.7042, 0.3103, 0.4551, 0.1552, 0.5523, 0.5381, 0.6822, 0.6181, 0.4535, 0.7588, 0.1899, 0.2583, 0.3232, 0.7588, 0.4652, 0.6824, 0.5876, 0.5984, 0.5075, 0.2733, 0.1204, 0.3368, 0.2992, 0.8134, 0.3572, 0.393, 0.3741, 0.5743, 0.4659, 0.2441, 0.564, 0.5271, 0.2567, 0.6496, 0.4432, 0.7243, 0.5137, 0.173, 0.5466, 0.2153, 0.6071, 0.4655],
  "inv_temp": [1.6922, 1.7934, 2.405, 1.7968, 2.1721, 1.4811, 1.6779, 2.0475, 2.0113, 1.69, 2.0019, 2.3834, 1.9703, 1.6707, 1.825, 1.0804, 1.8843, 1.6284, 1.779, 1.8968, 1.9241, 1.9085, 1.5099, 1.6977, 1.464, 1.5375, 1.5343, 1.6906, 1.3292, 2.0984, 1.8359, 2.1289, 1.6581, 1.368, 2.0606, 1.7069, 1.6768, 1.984, 2.0524, 1.7875, 1.9905, 1.974, 1.8434, 1.5007, 1.812, 1.8096, 1.429, 1.3781, 1.6657, 1.5004],
  "initQF": [5.2042, 5.0923, 4.9352, 4.2525, 5.4956, 6.9595, 7.046, 6.4613, 4.3044, 6.658, 5.8193, 5.2405, 4.1965, 6.5471, 5.8988, 5.2753, 3.12, 7.5099, 3.6673, 6.5838, 4.6215, 3.758, 5.0385, 7.5016, 6.6652, 4.0043, 4.9813, 6.2485, 5.4495, 3.9144, 4.2918, 2.6312, 3.3037, 8.3295, 4.0206, 2.7855, 3.6044, 4.211, 1.99, 2.7072, 5.513, 1.8466, 4.0351, 7.2517, 9.4344, 3.4822, 5.726, 3.1028, 5.3328, 4.8377],
  "initQU": [3.3868, 6.5809, 3.6097, 2.9651, 5.5058, 1.4139, 2.8045, 5.3479, 2.5007, 3.6101, 7.0116, 2.3827, 2.083, 2.5902, 4.7397, 4.2792, 4.191, 2.2904, 7.565, 1.8861, 2.4042, 2.1736, 4.0795, 7.1946, 1.7641, 6.2456, 2.3532, 2.1222, 3.4529, 1.25, 1.3488, 3.8581, 1.895, 6.3408, 4.7571, 4.5635, 2.1145, 2.3106, 2.5172, 3.7629, 1.7643, 1.5506, 4.0083, 3.0304, 6.418, 3.2786, 3.5476, 4.1867, 1.8291, 2.427]
}
