{
  "n_part": 50,
  "n_trials": 30,
  "LR_group": 0.578519106376916,
  "inv_temp_group": 2.13863824144937,
  "initQF_group": 3.84708760073408,
  "initQU_group": 5.99824238568544,
  "mu_R_group": [
    [5],
    [5]
  ],
  "sigma_R_group": 2,
  "LR": [0.9415, 0.6925, 0.3966, 0.5211, 0.8136, 0.7124, 0.4957, 0.8648, 0.5808, 0.433, 0.7666, 0.6849, 0.6762, 0.812, 0.5428, 0.6013, 0.3035, 0.491, 0.2105, 0.5856, 0.5282, 0.5813, 0.2615, 0.7354, 0.6932, 0.5059, 0.7185, 0.6288, 0.6427, 0.3543, 0.3886, 0.5468, 0.6082, 0.2707, 0.6427, 0.5304, 0.7059, 0.3717, 0.283, 0.583, 0.5489, 0.7563, 0.3891, 0.5171, 0.4423, 0.6509, 0.5225, 0.4718, 0.4634, 0.7243],
  "inv_temp": [2.3163, 1.8635, 2.3952, 1.7325, 2.0242, 1.6858, 2.2468, 1.5456, 2.6801, 1.9714, 2.1821, 2.5021, 1.5219, 1.6299, 2.2474, 1.9543, 2.508, 1.9551, 2.1633, 2.5566, 2.0439, 2.4399, 1.818, 1.9409, 2.3604, 2.6518, 1.7998, 2.2242, 2.1179, 2.7178, 2.0053, 2.6885, 2.4911, 2.092, 1.7951, 2.202, 1.5916, 2.6252, 2.4483, 2.0851, 1.9186, 1.9376, 2.3511, 2.9062, 1.725, 2.2959, 2.3973, 1.9678, 2.5619, 2.4863],
  "initQF": [5.3128, 4.9071, 1.42, 3.8032, 2.0472, 4.6899, 6.705, 2.812, 4.8141, 4.3455, 6.0245, 4.3261, 3.2657, 4.9923, 5.8504, 5.864, 7.5588, 3.4365, 5.9713, 3.7715, 5.0688, 4.2619, 4.1814, 3.1106, 2.2536, 4.0144, 4.8456, 3.0922, 4.9184, 6.5512, 5.7061, 6.0174, 2.0328, 1.1852, 5.0726, 5.8358, 2.6148, 1.8786, 9.1825, 4.5218, 3.6055, 4.6594, 3.1423, 2.6491, 4.6317, 7.7176, 4.4455, 1.5621, 4.3767, 2.9901],
  "initQU": [5.0807, 3.1568, 5.1833, 5.8729, 5.3388, 7.9902, 6.1288, 6.1367, 3.4354, 8.9739, 7.1932, 6.4048, 9.2946, 3.2892, 6.6226, 3.8096, 6.4904, 8.5194, 5.2237, 6.5152, 8.0641, 8.3481, 5.1376, 5.2627, 5.5814, 4.1639, 4.6428, 6.5236, 6.8578, 5.8324, 3.132, 8.9202, 4.4127, 4.757, 5.8348, 6.1218, 1.6474, 5.2165, 5.8114, 8.2685, 7.1175, 3.4064, 2.9832, 6.271, 6.9446, 7.0805, 6.5279, 4.3131, 7.0585, 4.6791]
}
