{
  "n_part": 50,
  "n_trials": 30,
  "LR_group": 0.400187798077241,
  "inv_temp_group": 4.73158887820318,
  "initQF_group": 1.07452201750129,
  "initQU_group": 9.25566944666207,
  "mu_R_group": [
    [5],
    [5]
  ],
  "sigma_R_group": 2,
  "LR": [0.4126, 0.502, 0.6811, 0.6547, 0.1868, 0.5133, 0.2784, 0.7701, 0.4374, 0.4484, 0.7737, 0.5857, 0.3768, 0.8463, 0.2718, 0.3792, 0.3259, 0.5887, 0.5474, 0.2172, 0.4554, 0.5597, 0.489, 0.4444, 0.5848, 0.2528, 0.6002, 0.4146, 0.1799, 0.0263, 0.1159, 0.8064, 0.6198, 0.1165, 0.7282, 0.0897, 0.6612, 0.4807, 0.3978, 0.1911, 0.3569, 0.3634, 0.2319, 0.4179, 0.2387, 0.1926, 0.3247, 0.4336, 0.4612, 0.4004],
  "inv_temp": [4.7433, 4.5724, 4.9636, 4.9773, 4.3843, 4.3512, 4.9591, 4.286, 4.1292, 4.4157, 4.8815, 4.7774, 4.8039, 4.9187, 4.5814, 4.9349, 4.8814, 4.3746, 4.6907, 4.6844, 4.9228, 4.6667, 4.7616, 4.7191, 4.7242, 4.8609, 4.3841, 4.8798, 4.4438, 4.8228, 4.1622, 4.4622, 4.7249, 4.4752, 4.6483, 4.5971, 4.7081, 4.7664, 4.5427, 4.4701, 4.605, 4.5858, 4.1591, 4.9703, 4.0256, 4.5964, 4.5365, 4.7058, 4.9011, 4.2432],
  "initQF": [1.9411, 1.6116, 1.0653, 1.8004, 1.4499, 1.036, 2.4328, 1.1122, 3.4062, 3.7024, 2.8777, 4.989, 1.1724, 3.4427, 1.3307, 3.5648, 6.0932, 2.4371, 1.5543, 2.6668, 2.0548, 3.2773, 2.6643, 3.9336, 3.2015, 1.3297, 4.1117, 1.0283, 3.2744, 1.1368, 3.7948, 2.0115, 2.1496, 1.6644, 2.7994, 3.1776, 1.8746, 5.7798, 1.9557, 1.4266, 1.7225, 2.7045, 1.5545, 2.2855, 1.8865, 1.5262, 3.6685, 1.0963, 2.0066, 4.4934],
  "initQU": [8.6725, 7.7498, 8.8576, 8.4462, 9.8888, 6.7215, 9.0429, 9.0364, 9.6274, 9.8636, 5.1558, 7.4351, 9.6458, 6.7424, 5.9415, 7.2361, 9.9732, 7.715, 9.4899, 9.2579, 9.5653, 8.4097, 8.6733, 8.8702, 6.7507, 6.7027, 8.8132, 8.5502, 6.5615, 8.9389, 7.7447, 9.7033, 9.619, 9.8739, 3.4342, 7.6585, 9.6981, 9.1374, 7.0429, 7.989, 9.3558, 8.0021, 9.1905, 9.8498, 7.4503, 9.7849, 8.5088, 7.4475, 7.5396, 7.0455]
}
