{
  "n_part": 50,
  "n_trials": 30,
  "LR_group": 0.23521094629541,
  "inv_temp_group": 4.86906904960051,
  "initQF_group": 9.16451048082672,
  "initQU_group": 3.05997943459079,
  "mu_R_group": [
    [5],
    [5]
  ],
  "sigma_R_group": 2,
  "LR": [0.2643, 0.093, 0.0673, 0.0155, 0.0942, 0.0439, 0.4268, 0.3089, 0.3467, 0.2192, 0.305, 0.1463, 0.3672, 0.4568, 0.5075, 0.3111, 0.4083, 0.3478, 0.3127, 0.2321, 0.3907, 0.2893, 0.2038, 0.0414, 0.4079, 0.4875, 0.0955, 0.1354, 0.5433, 0.4824, 0.1754, 0.6255, 0.2584, 0.2962, 0.6269, 0.0524, 0.3001, 0.3987, 0.2302, 0.2002, 0.1137, 0.1433, 0.261, 0.5672, 0.1165, 0.5047, 0.541, 0.0829, 0.1586, 0.6647],
  "inv_temp": [3.8755, 4.5996, 4.6751, 4.6748, 4.6628, 4.9132, 4.9631, 4.5027, 4.7028, 4.7469, 4.1016, 4.9343, 4.7644, 4.7477, 4.8407, 4.0396, 4.844, 4.9408, 4.99, 4.625, 4.8433, 4.9213, 4.3315, 4.7106, 4.9273, 4.9589, 4.9127, 4.7466, 4.9115, 4.7814, 4.3536, 4.812, 4.2899, 4.6578, 4.8629, 4.5645, 4.8152, 4.8109, 4.845, 4.6531, 4.9284, 4.6726, 4.7823, 4.2876, 4.901, 4.7846, 4.7882, 4.4135, 4.3738, 4.7543],
  "initQF": [8.0789, 8.2689, 8.7877, 6.9882, 8.6443, 6.7224, 9.3706, 9.0499, 9.33, 8.3614, 9.7021, 7.3437, 8.6537, 9.8995, 7.8853, 8.3609, 9.6257, 5.6373, 4.9835, 5.8268, 8.1427, 9.1698, 9.8194, 8.0834, 6.5307, 8.8428, 6.0005, 7.2963, 9.8974, 9.8775, 8.9922, 9.452, 9.0413, 9.7272, 8.9325, 8.8293, 7.946, 8.1767, 8.1931, 7.9707, 7.4659, 8.611, 9.5675, 4.3442, 6.6568, 8.5678, 7.193, 7.7085, 7.6299, 8.4359],
  "initQU": [3.2955, 3.9915, 5.1923, 4.1582, 5.0272, 6.6499, 2.2303, 2.8936, 5.7863, 4.3545, 3.2192, 6.6258, 3.2926, 6.8756, 2.3423, 1.2103, 6.929, 3.1557, 3.877, 5.1764, 3.6445, 1.0387, 3.2092, 1.2885, 3.6886, 1.1609, 2.9839, 1.4319, 2.2405, 3.8194, 2.2959, 2.0012, 2.0682, 2.3465, 1.1199, 6.3825, 3.5165, 1.8158, 3.9367, 1.2217, 2.903, 2.6173, 3.8336, 6.1546, 5.1304, 4.3213, 4.6535, 1.656, 5.5188, 1.5089]
}
