{
  "n_part": 50,
  "n_trials": 30,
  "LR_group": 0.69414621242322,
  "inv_temp_group": 2.48679686221294,
  "initQF_group": 1.94053736981004,
  "initQU_group": 2.41820715577342,
  "mu_R_group": [
    [5],
    [5]
  ],
  "sigma_R_group": 2,
  "LR": [0.9745, 0.9355, 0.8636, 0.7912, 0.6492, 0.886, 0.5055, 0.8804, 0.4922, 0.6203, 0.5354, 0.6078, 0.8925, 0.6078, 0.8709, 0.5411, 0.5787, 0.9368, 0.631, 0.4149, 0.9437, 0.7718, 0.7683, 0.8367, 0.7482, 0.5133, 0.5146, 0.4894, 0.7701, 0.8006, 0.4295, 0.6826, 0.9638, 0.674, 0.749, 0.3887, 0.5316, 0.544, 0.6163, 0.3962, 0.8, 0.6056, 0.7525, 0.6324, 0.6987, 0.8718, 0.7585, 0.5424, 0.4387, 0.5028],
  "inv_temp": [2.6833, 2.3839, 2.4831, 2.6843, 2.3102, 2.3061, 2.3397, 2.4259, 2.0309, 2.6815, 2.357, 2.4726, 2.648, 3.0246, 2.7593, 2.2073, 2.7528, 2.5445, 2.4335, 2.4741, 2.7408, 2.5665, 2.9787, 2.2792, 3.1403, 2.7308, 1.6553, 2.4468, 2.4918, 1.9901, 2.4499, 1.8735, 2.3602, 2.2983, 2.4333, 1.8861, 2.7227, 2.4856, 2.5152, 2.8175, 2.4793, 2.6351, 2.3407, 2.9209, 2.4868, 2.2604, 2.6246, 2.6173, 2.3254, 2.9755],
  "initQF": [2.1574, 2.2422, 2.9294, 1.168, 4.1111, 4.9543, 1.0192, 2.133, 1.6278, 1.8652, 2.9812, 4.2825, 1.1753, 6.0506, 3.0916, 3.908, 2.8277, 1.4744, 2.7447, 3.9344, 1.6456, 2.3554, 3.9979, 3.2635, 2.0119, 1.1869, 3.0315, 1.1705, 4.2451, 1.5243, 3.6374, 2.8458, 3.7693, 2.7925, 3.306, 5.368, 4.55, 6.3277, 4.26, 3.4693, 1.6237, 3.5957, 4.4626, 3.9366, 3.3417, 2.7698, 5.1698, 3.1329, 2.4533, 4.259],
  "initQU": [1.9856, 2.6267, 4.7361, 1.4972, 3.633, 1.3704, 2.3628, 4.3665, 1.8882, 4.5866, 3.0895, 4.3014, 1.6486, 4.1873, 3.3887, 1.2431, 2.2321, 1.0853, 6.1257, 3.4918, 2.3691, 2.8685, 2.784, 2.8637, 2.3474, 3.4217, 1.9201, 3.0521, 2.5527, 4.8845, 4.171, 4.1639, 1.3563, 1.582, 3.3696, 3.8516, 2.1431, 5.8183, 1.4976, 2.0769, 5.6912, 4.9271, 4.0244, 4.5004, 3.1981, 2.7351, 1.2902, 1.8993, 2.7836, 3.0385]
}
