{
  "n_part": 50,
  "n_trials": 30,
  "LR_group": 0.207063705660403,
  "inv_temp_group": 0.340021268930286,
  "initQF_group": 9.15310071781278,
  "initQU_group": 1.41475998796523,
  "mu_R_group": [
    [5],
    [5]
  ],
  "sigma_R_group": 2,
  "LR": [0.4141, 0.3527, 0.1592, 0.0026, 0.5264, 0.3554, 0.187, 0.2189, 0.0785, 0.2583, 0.2132, 0.448, 0.0961, 0.1558, 0.2387, 0.3853, 0.1542, 0.0141, 0.3444, 0.2663, 0.289, 0.4722, 0.2608, 0.333, 0.4802, 0.3634, 0.2346, 0.292, 0.2941, 0.2179, 0.524, 0.6728, 0.4614, 0.3994, 0.2571, 0.1658, 0.2514, 0.3726, 0.3682, 0.2736, 0.4792, 0.1671, 0.1506, 0.3009, 0.1889, 0.4242, 0.1583, 0.0157, 0.4086, 0.1083],
  "inv_temp": [0.2891, 0.3163, 0.5532, 0.52, 0.1046, 0.2855, 0.4232, 0.7915, 0.0254, 0.2647, 1.031, 0.4707, 0.4134, 0.4874, 0.1331, 0.122, 0.0826, 0.476, 0.1976, 0.1886, 0.3435, 0.1826, 0.617, 0.1146, 0.1065, 0.3427, 0.5343, 0.0946, 0.5104, 0.4569, 0.3387, 0.9286, 0.3499, 0.629, 0.2854, 0.321, 0.518, 0.5805, 0.1878, 0.2343, 0.3678, 0.2704, 0.4784, 0.5422, 0.3457, 0.6093, 0.2037, 0.3837, 0.0406, 0.1779],
  "initQF": [7.3354, 6.8541, 9.7736, 9.9417, 9.0634, 6.6935, 6.4241, 8.956, 9.7373, 4.2584, 6.8757, 5.9868, 7.6294, 9.4085, 8.2505, 7.8064, 8.6924, 8.6446, 9.0885, 6.3922, 7.6164, 9.4124, 7.0803, 8.9954, 8.5216, 8.7017, 9.0976, 7.3897, 9.1485, 8.7587, 6.7341, 8.7075, 7.7908, 9.6769, 8.4901, 8.4082, 7.394, 6.3902, 8.99, 8.8668, 8.7772, 9.7325, 9.0994, 6.6512, 8.2538, 9.8136, 8.0773, 8.0868, 5.1429, 6.7246],
  "initQU": [1.802, 4.9441, 4.4965, 2.1896, 2.2577, 1.8269, 5.7227, 2.4413, 2.0872, 2.3277, 1.5059, 1.8784, 1.6564, 2.1513, 2.4356, 1.1699, 1.7107, 2.3, 2.4246, 1.9338, 1.3025, 3.7034, 3.8768, 5.1716, 1.645, 2.7896, 3.5068, 1.4594, 1.2111, 3.5559, 1.8386, 1.77, 1.5937, 5.2238, 1.0188, 5.1715, 5.0017, 3.0027, 3.3057, 2.0318, 2.2716, 2.8265, 1.1313, 2.052, 1.9043, 1.9463, 3.917, 1.75, 2.2717, 3.4294]
}
