{
  "n_part": 50,
  "n_trials": 30,
  "LR_group": 0.312379997223616,
  "inv_temp_group": 4.95919737382792,
  "initQF_group": 1.6358690825291,
  "initQU_group": 6.1997483712621,
  "mu_R_group": [
    [5],
    [5]
  ],
  "sigma_R_group": 2,
  "LR": [0.2115, 0.0609, 0.3152, 0.6657, 0.3011, 0.6703, 0.1284, 0.4905, 0.5222, 0.6585, 0.5932, 0.312, 0.631, 0.5029, 0.2175, 0.4778, 0.5196, 0.1835, 0.6947, 0.3369, 0.3906, 0.1388, 0.1774, 0.4197, 0.3289, 0.2591, 0.3264, 0.1032, 0.1308, 0.4819, 0.6051, 0.2608, 0.1385, 0.6258, 0.4705, 0.5058, 0.6005, 0.1925, 0.5122, 0.6616, 0.245, 0.4492, 0.0847, 0.1754, 0.2977, 0.4119, 0.4456, 0.2783, 0.0687, 0.4417],
  "inv_temp": [4.6853, 4.3264, 4.2435, 4.564, 4.6804, 4.6756, 4.9086, 4.89, 4.4267, 4.9563, 4.9083, 4.6735, 4.664, 4.6906, 4.6039, 4.5181, 4.6363, 4.6217, 4.5953, 4.9588, 4.8697, 4.9718, 4.7726, 4.4887, 4.7855, 4.9394, 4.9392, 4.6908, 4.5725, 4.5651, 4.9284, 4.9726, 4.9721, 4.5939, 4.183, 4.3702, 4.6379, 4.9148, 4.706, 4.9842, 4.6689, 4.8564, 4.7773, 4.3787, 4.9949, 4.6768, 4.4956, 4.9907, 4.7744, 4.6437],
  "initQF": [2.3512, 4.5043, 3.177, 1.412, 3.8818, 7.3321, 2.2267, 2.567, 2.3314, 3.2761, 1.9981, 4.1035, 1.3929, 4.7799, 2.9601, 3.372, 3.15, 3.3911, 5.2284, 2.4009, 7.2351, 2.2862, 3.184, 2.0467, 4.7211, 2.7764, 1.1548, 3.3691, 2.546, 1.6288, 2.3572, 1.1547, 1.5429, 3.4493, 1.0724, 1.5822, 3.6638, 3.2222, 3.1204, 2.9638, 5.9393, 4.4791, 2.9027, 1.7169, 3.5376, 1.7527, 3.2915, 6.5567, 3.4456, 1.2314],
  "initQU": [7.3357, 5.2938, 3.9016, 4.6805, 7.9199, 3.2693, 8.0655, 4.4828, 5.3558, 4.3348, 3.8695, 6.258, 6.9181, 9.0082, 4.6036, 7.0512, 6.5146, 3.3888, 4.6275, 2.279, 6.6344, 3.8799, 6.672, 5.5422, 8.438, 4.3876, 7.2096, 6.7077, 5.4433, 8.2271, 8.8984, 3.4912, 7.4251, 5.0694, 3.3427, 7.2042, 5.0706, 5.64, 4.8193, 5.2024, 7.2606, 5.3081, 5.3094, 7.9479, 6.5619, 9.1192, 4.7846, 4.8413, 6.9721, 6.6668]
}
