{
  "n_part": 50,
  "n_trials": 30,
  "LR_group": 0.880731129786,
  "inv_temp_group": 1.29627642338164,
  "initQF_group": 1.07553390809335,
  "initQU_group": 9.48636281164363,
  "mu_R_group": [
    [5],
    [5]
  ],
  "sigma_R_group": 2,
  "LR": [0.8237, 0.9182, 0.953, 0.6389, 0.9473, 0.8421, 0.8409, 0.5273, 0.802, 0.708, 0.8709, 0.8899, 0.8512, 0.854, 0.9685, 0.6052, 0.7654, 0.6809, 0.7929, 0.5609, 0.8634, 0.8814, 0.9516, 0.9038, 0.6658, 0.9574, 0.9679, 0.7493, 0.8066, 0.8834, 0.8901, 0.7361, 0.6444, 0.779, 0.7849, 0.8072, 0.9975, 0.6451, 0.7677, 0.8271, 0.6927, 0.9177, 0.7794, 0.9783, 0.6625, 0.7965, 0.9157, 0.653, 0.9249, 0.9817],
  "inv_temp": [1.4661, 1.4886, 1.0264, 1.6651, 1.5204, 0.924, 2.1311, 1.5767, 0.9926, 1.1286, 1.594, 1.6368, 1.2214, 1.3786, 1.2989, 1.2749, 1.4226, 1.3323, 1.6039, 1.3214, 1.0887, 0.925, 1.4723, 1.246, 1.6811, 1.3455, 1.6074, 1.4396, 1.3719, 1.034, 1.3396, 0.8475, 1.4834, 1.0066, 1.2989, 1.0476, 1.7683, 1.1613, 1.2078, 2.0073, 1.198, 0.4823, 1.681, 0.9044, 1.1502, 1.4006, 1.3399, 1.0978, 1.4154, 1.3722],
  "initQF": [2.4602, 1.0069, 4.2778, 1.0356, 4.034, 1.1582, 2.8742, 1.3492, 2.2042, 2.0879, 2.6165, 3.4708, 3.9276, 1.3883, 3.0857, 1.3763, 4.5419, 1.9154, 3.8832, 1.1951, 2.4227, 1.5929, 2.9601, 2.2993, 2.529, 3.1962, 1.335, 3.8327, 1.2351, 2.7486, 2.7948, 3.6537, 2.0352, 2.7517, 2.518, 3.8865, 2.3872, 2.8678, 3.4334, 2.2129, 5.7157, 2.3124, 4.2487, 3.6374, 1.5985, 2.2747, 4.1152, 2.7758, 2.972, 1.101],
  "initQU": [9.8698, 5.1355, 9.4838, 6.642, 6.9864, 7.2228, 9.893, 7.0286, 7.7161, 9.5749, 9.2751, 8.6083, 7.405, 9.4956, 8.3326, 8.7131, 8.7132, 5.4095, 6.1019, 8.86, 7.7435, 9.191, 9.6016, 9.9649, 6.97, 8.2178, 7.7259, 9.3808, 5.7338, 9.7481, 8.0601, 9.2786, 7.6681, 7.7484, 9.4457, 8.3404, 8.9542, 9.0912, 6.6197, 9.8722, 9.1076, 5.9508, 8.7009, 8.4, 9.978, 7.9317, 5.9057, 9.6322, 7.2872, 7.7313]
}
