{
  "n_part": 50,
  "n_trials": 30,
  "LR_group": 0.209439673693851,
  "inv_temp_group": 3.70116653619334,
  "initQF_group": 2.77084619808011,
  "initQU_group": 6.35599620151334,
  "mu_R_group": [
    [5],
    [5]
  ],
  "sigma_R_group": 2,
  "LR": [0.0148, 0.2965, 0.1745, 0.0233, 0.2853, 0.2944, 0.6965, 0.1154, 0.3991, 0.2889, 0.0012, 0.2411, 0.157, 0.1981, 0.4293, 0.47, 0.4875, 0.1976, 0.3206, 0.1295, 0.2472, 0.2049, 0.207, 0.5202, 0.0851, 0.1116, 0.277, 0.3914, 0.5409, 0.4314, 0.2513, 0.3773, 0.2551, 0.2086, 0.1151, 0.0837, 0.2495, 0.5014, 0.0235, 0.0749, 0.2952, 0.6633, 0.3843, 0.2866, 0.0155, 0.1688, 0.3869, 0.2844, 0.1827, 0.4594],
  "inv_temp": [3.829, 3.5179, 4.0684, 3.8182, 3.7144, 3.9785, 3.9648, 3.8331, 3.992, 4.1328, 3.3864, 3.4131, 4.7555, 3.4437, 3.6746, 3.7168, 3.5003, 3.3303, 4.1817, 3.6216, 4.1549, 4.0282, 3.8116, 4.1667, 3.5292, 4.0531, 3.7493, 3.9772, 3.2335, 4.1312, 3.0796, 3.2777, 3.7122, 3.321, 3.6133, 3.6074, 3.9964, 3.3437, 3.9561, 4.1126, 3.8576, 3.9422, 4.0802, 4.1527, 4.2699, 4.0008, 3.9264, 3.4008, 4.048, 3.5773],
  "initQF": [4.2311, 4.2597, 4.2167, 3.7235, 6.3406, 3.2449, 4.0585, 4.4389, 5.0183, 3.4468, 2.9798, 2.0759, 2.3748, 3.9303, 2.103, 3.0494, 3.9912, 3.3865, 2.5573, 6.0552, 3.9852, 1.1315, 3.0772, 4.5284, 1.6502, 6.7097, 4.1817, 5.1663, 2.9759, 2.4095, 3.7883, 8.0938, 1.7466, 3.6532, 2.4079, 3.8408, 1.8716, 3.4717, 3.7066, 4.5032, 2.8592, 6.4632, 2.6992, 2.0499, 3.5085, 3.7785, 1.2196, 6.3129, 4.5402, 1.8173],
  "initQU": [3.7811, 4.9215, 4.4815, 6.3503, 9.2219, 4.4677, 5.7402, 4.8006, 7.8666, 5.2464, 6.825, 2.263, 4.7661, 6.7055, 6.2764, 6.9264, 7.8769, 7.1859, 7.352, 6.4936, 6.1607, 6.3319, 2.3266, 8.3881, 5.3431, 9.0092, 7.3836, 3.6863, 8.7159, 3.5834, 1.1127, 7.8577, 4.855, 4.0937, 6.7284, 6.4199, 3.1471, 4.4539, 5.5674, 7.4648, 8.3673, 4.7276, 2.3451, 7.1783, 4.6782, 5.4316, 6.3465, 9.1649, 5.2982, 5.4352]
}
