{
  "n_part": 50,
  "n_trials": 30,
  "LR_group": 0.578879699343815,
  "inv_temp_group": 2.77639875537716,
  "initQF_group": 4.63854596414603,
  "initQU_group": 9.02409558161162,
  "mu_R_group": [
    [5],
    [5]
  ],
  "sigma_R_group": 2,
  "LR": [0.9008, 0.7346, 0.296, 0.7192, 0.8137, 0.5344, 0.6866, 0.2249, 0.7162, 0.3803, 0.6151, 0.6845, 0.7528, 0.2113, 0.3064, 0.649, 0.8842, 0.6969, 0.3577, 0.2338, 0.8662, 0.4036, 0.8112, 0.7733, 0.5665, 0.699, 0.6627, 0.3563, 0.5258, 0.7177, 0.7284, 0.6963, 0.682, 0.3836, 0.5164, 0.7363, 0.8489, 0.4233, 0.8017, 0.6678, 0.6758, 0.5805, 0.3351, 0.4931, 0.3218, 0.6179, 0.5713, 0.4901, 0.4926, 0.5998],
  "inv_temp": [2.7251, 2.6998, 2.5275, 3.0035, 3.3044, 2.7815, 2.9248, 2.203, 3.0858, 3.2207, 2.8573, 3.2536, 2.74, 3.024, 2.7076, 2.9717, 2.3268, 3.2278, 2.9491, 2.918, 2.9541, 2.5915, 2.834, 2.6411, 2.8863, 2.6457, 3.2599, 2.9991, 2.8646, 2.5386, 3.5579, 3.107, 2.19, 2.7627, 2.2951, 2.9456, 2.4938, 2.7879, 2.9054, 2.4572, 3.2638, 2.8783, 2.9426, 3.0575, 2.4457, 2.6727, 2.9485, 3.0723, 3.1094, 2.5309],
  "initQF": [1.4351, 5.5166, 3.7449, 7.1763, 4.5696, 6.7808, 8.1893, 5.0085, 8.3668, 4.5361, 3.0658, 4.8446, 5.3971, 6.5568, 5.3576, 5.8618, 6.664, 4.0904, 7.6192, 6.8083, 5.9271, 8.4291, 3.5152, 4.1222, 2.3377, 2.7515, 3.3681, 4.761, 4.8861, 6.203, 5.7149, 3.066, 2.856, 3.2506, 2.2582, 5.591, 5.5556, 3.806, 7.1478, 4.3096, 4.5527, 6.8902, 3.6016, 5.0116, 3.3554, 4.3714, 3.8443, 7.4466, 5.4936, 5.3683],
  "initQU": [8.2866, 7.6231, 9.0038, 7.717, 5.6606, 8.1447, 6.7075, 8.4503, 7.8496, 8.7517, 7.4059, 9.5998, 6.6145, 9.624, 9.5528, 9.7236, 7.7439, 4.1546, 7.7701, 8.1558, 9.4605, 8.9648, 6.5942, 9.5918, 8.561, 8.493, 8.9115, 8.7789, 8.4387, 8.4357, 5.9935, 7.146, 8.1387, 8.9967, 8.5913, 8.6421, 8.1787, 4.8443, 6.8339, 6.7219, 6.6525, 9.6749, 6.9799, 5.6331, 5.003, 8.1258, 6.349, 7.3005, 9.6318, 9.9508]
}
