{
  "n_part": 50,
  "n_trials": 30,
  "LR_group": 0.418476840713993,
  "inv_temp_group": 1.0646640160121,
  "initQF_group": 6.86413630098104,
  "initQU_group": 8.34787482698448,
  "mu_R_group": [
    [5],
    [5]
  ],
  "sigma_R_group": 2,
  "LR": [0.2885, 0.5678, 0.5609, 0.5786, 0.3338, 0.4683, 0.0326, 0.1941, 0.321, 0.2102, 0.7261, 0.4005, 0.6118, 0.0385, 0.6822, 0.4647, 0.3109, 0.6715, 0.3748, 0.4096, 0.5273, 0.2786, 0.2818, 0.5464, 0.1096, 0.2169, 0.4028, 0.274, 0.2546, 0.6937, 0.374, 0.4981, 0.2054, 0.6304, 0.0553, 0.5969, 0.4303, 0.2501, 0.8348, 0.2957, 0.1774, 0.4534, 0.511, 0.1372, 0.4971, 0.4465, 0.3665, 0.5531, 0.3984, 0.5798],
  "inv_temp": [1.0279, 1.031, 0.3296, 1.114, 0.4279, 1.6995, 0.8443, 0.7816, 1.1731, 1.0735, 1.0673, 0.7623, 0.6877, 0.9954, 0.9391, 1.1014, 0.6908, 0.5553, 1.4516, 1.2872, 1.6306, 0.8098, 1.335, 1.1721, 0.4078, 1.0856, 0.7779, 1.1119, 0.9912, 0.5034, 1.0185, 1.587, 1.0091, 0.8886, 0.9036, 0.5861, 1.091, 0.5097, 1.0953, 1.2186, 1.501, 1.2009, 1.5843, 1.537, 1.2129, 1.0593, 1.6945, 0.5112, 1.1017, 0.8975],
  "initQF": [4.8781, 5.2304, 7.8659, 7.5072, 5.413, 9.5967, 6.7769, 7.912, 7.3366, 5.2252, 7.0504, 6.959, 6.0169, 5.7867, 5.0365, 4.2191, 7.7224, 6.3797, 5.8452, 7.3227, 7.6162, 6.2836, 4.0305, 7.5397, 6.7812, 6.83, 6.2527, 9.9114, 7.0034, 8.9654, 5.0051, 6.8094, 9.9362, 9.5218, 6.5776, 8.115, 5.1771, 6.4522, 5.501, 6.694, 7.2851, 5.3542, 6.5365, 8.2765, 7.4278, 5.3516, 5.9693, 3.8923, 9.623, 7.0155],
  "initQU": [8.9227, 8.0475, 8.9658, 7.6029, 7.2651, 8.673, 7.1294, 8.1192, 7.6815, 8.1382, 8.3619, 4.9758, 8.4767, 9.3508, 6.3595, 8.4428, 9.4568, 4.3626, 6.7984, 6.8835, 9.7899, 7.8494, 9.2575, 5.4607, 7.728, 7.6113, 8.2879, 8.9236, 6.0028, 8.722, 7.7797, 6.7516, 9.9776, 7.7115, 8.991, 9.185, 5.5389, 9.7573, 8.9859, 9.9523, 7.1115, 8.8599, 8.7994, 9.281, 4.5267, 6.6377, 6.4753, 5.8811, 8.8495, 5.9059]
}
