{
  "n_part": 50,
  "n_trials": 30,
  "LR_group": 0.17149305366911,
  "inv_temp_group": 3.85113263851963,
  "initQF_group": 3.28637755825184,
  "initQU_group": 8.73603012412786,
  "mu_R_group": [
    [5],
    [5]
  ],
  "sigma_R_group": 2,
  "LR": [0.0488, 0.1253, 0.1197, 0.0265, 0.2525, 0.0408, 0.2402, 0.1529, 0.2206, 0.6206, 0.3017, 0.3566, 0.1483, 0.4282, 0.289, 0.2466, 0.0807, 0.008, 0.1296, 0.1857, 0.5463, 0.0157, 0.2423, 0.1627, 0.0473, 0.3985, 0.2304, 0.2603, 0.2369, 0.2199, 0.179, 0.6565, 0.5594, 0.0635, 0.5609, 0.0088, 0.2097, 0.3441, 0.1675, 0.2544, 0.0845, 0.36, 0.0629, 0.1165, 0.1757, 0.332, 0.1594, 0.3845, 0.1007, 0.1639],
  "inv_temp": [4.2211, 3.5895, 4.068, 3.6799, 4.2248, 3.7519, 4.289, 3.7811, 4.3487, 3.9485, 4.0974, 4.3192, 3.5884, 4.3397, 4.0924, 3.9892, 3.5666, 3.5241, 4.1427, 3.816, 4.0326, 4.2591, 3.5173, 4.2356, 3.2972, 3.9211, 3.1059, 3.4369, 4.4857, 3.7795, 3.9503, 4.2097, 3.0392, 4.4121, 3.8989, 3.8795, 3.9777, 3.834, 3.8875, 4.0867, 3.5777, 3.7421, 3.7598, 3.1774, 3.6733, 3.5219, 3.6743, 3.3077, 3.8368, 3.6755],
  "initQF": [5.2535, 1.1076, 4.1761, 1.4571, 4.399, 3.3698, 1.9744, 2.7636, 2.4275, 3.4235, 2.6821, 6.162, 2.6012, 3.5164, 3.2893, 3.8431, 3.709, 3.6091, 2.5686, 5.9221, 5.5649, 1.9962, 4.0107, 1.8152, 1.9543, 2.9087, 2.4746, 4.6987, 3.3841, 4.1399, 2.5479, 5.1038, 4.3745, 1.9388, 2.4505, 3.7679, 1.9129, 4.6865, 2.2717, 5.7591, 2.665, 8.2021, 9.4782, 3.1716, 4.9877, 1.6312, 3.3451, 1.7953, 4.7654, 3.3038],
  "initQU": [6.8816, 8.4599, 7.2784, 8.4647, 6.852, 7.1606, 6.9095, 8.8589, 7.4093, 3.6212, 8.7009, 7.0546, 8.4328, 9.8248, 9.1566, 8.1434, 8.6711, 3.4124, 9.1618, 9.3072, 9.6968, 8.4611, 5.8105, 6.2904, 4.9498, 6.8501, 9.5454, 9.5345, 8.5364, 9.6823, 9.0536, 7.7824, 8.3144, 8.5526, 9.4815, 8.5322, 6.3989, 8.1306, 9.1373, 5.1186, 7.2938, 7.9587, 7.9568, 9.1575, 7.3822, 9.7262, 9.2984, 9.9314, 8.2411, 6.1393]
}
