{
  "n_part": 50,
  "n_trials": 30,
  "LR_group": 0.559505946468562,
  "inv_temp_group": 2.86719355033711,
  "initQF_group": 1.17121843318455,
  "initQU_group": 5.55408950033598,
  "mu_R_group": [
    [5],
    [5]
  ],
  "sigma_R_group": 2,
  "LR": [0.6752, 0.5134, 0.5052, 0.5839, 0.3393, 0.7039, 0.8496, 0.9315, 0.6972, 0.0537, 0.8705, 0.4421, 0.6296, 0.6033, 0.5113, 0.6089, 0.6339, 0.6223, 0.6796, 0.3017, 0.6184, 0.4462, 0.6259, 0.7358, 0.7087, 0.6255, 0.6884, 0.906, 0.8888, 0.4018, 0.304, 0.5246, 0.673, 0.8295, 0.6232, 0.7041, 0.3804, 0.6143, 0.3066, 0.8411, 0.632, 0.6124, 0.5931, 0.5964, 0.2868, 0.6694, 0.9331, 0.2886, 0.588, 0.662],
  "inv_temp": [2.5783, 3.1214, 2.5351, 3.1268, 2.6317, 2.9444, 3.2253, 2.8819, 2.3422, 3.0849, 2.6765, 2.6744, 2.7853, 2.7424, 2.8782, 2.8255, 2.4188, 2.5495, 2.8765, 2.9337, 2.2724, 2.8922, 3.1907, 3.2155, 3.0332, 2.8253, 3.026, 2.9413, 3.2941, 2.5513, 3.3181, 2.648, 3.0258, 2.9135, 2.8607, 2.2884, 3.6378, 2.9695, 2.395, 3.8525, 2.4961, 3.1563, 2.8054, 2.2455, 2.7574, 2.9241, 2.8232, 2.9071, 2.8264, 2.8448],
  "initQF": [2.5891, 1.2531, 2.5877, 3.7101, 1.2722, 1.6934, 1.1973, 1.5282, 2.0802, 1.2648, 2.2246, 2.5276, 2.0821, 2.8819, 1.5724, 1.2809, 5.3858, 4.2322, 3.7049, 2.1889, 1.6229, 3.0196, 2.8833, 5.5039, 2.8648, 4.0095, 2.757, 1.799, 3.4141, 1.1836, 1.0106, 2.3579, 2.9019, 2.5061, 1.0318, 2.345, 3.1808, 3.1404, 3.0758, 3.241, 1.4851, 1.3262, 3.0995, 1.324, 1.1887, 1.9675, 1.0588, 1.7558, 4.5593, 1.0408],
  "initQU": [8.711, 5.01, 6.6346, 2.516, 4.7592, 2.9886, 9.2182, 4.7429, 9.0508, 8.2938, 5.1697, 6.8685, 5.7839, 5.8857, 6.3679, 3.7905, 6.1381, 4.9357, 5.7258, 5.925, 1.7126, 4.8429, 6.4494, 5.6761, 2.972, 6.5248, 7.8329, 5.8776, 3.8099, 9.4428, 8.442, 3.4281, 7.2464, 4.471, 6.7771, 7.4112, 3.5442, 3.0879, 6.0766, 6.7483, 4.4486, 5.4045, 3.3291, 4.504, 4.3649, 7.6353, 4.551, 5.3557, 3.9975, 1.7377]
}
