{
  "n_part": 50,
  "n_trials": 30,
  "LR_group": 0.113703411305323,
  "inv_temp_group": 3.1114970240742,
  "initQF_group": 6.48347259592265,
  "initQU_group": 6.61041497508995,
  "mu_R_group": [
    [5],
    [5]
  ],
  "sigma_R_group": 2,
  "LR": [0.3306, 0.1995, 0.2149, 0.0044, 0.0008, 0.0183, 0.1266, 0.3056, 0.0916, 0.0115, 0.5969, 0.1405, 0.0156, 0.0256, 0.2056, 0.2287, 0.1107, 0.3342, 0.0186, 0.0135, 0.0548, 0.0205, 0.4036, 0.0576, 0.0089, 0.0143, 0.0812, 0.2263, 0.4433, 0.4349, 0.245, 0.6235, 0.1068, 0.1122, 0.4691, 0.3873, 0.3796, 0.181, 0.1151, 0.0226, 0.0404, 0.2434, 0.5278, 0.083, 0.1654, 0.0503, 0.0781, 0.0797, 0.0789, 0.2837],
  "inv_temp": [3.3208, 3.2765, 2.9907, 3.054, 2.7531, 3.0955, 3.1881, 3.6233, 3.412, 2.9628, 3.2182, 2.7711, 3.375, 3.4034, 3.7478, 3.2359, 2.9691, 3.1313, 2.9608, 2.8637, 3.1616, 2.8426, 3.162, 3.218, 3.0959, 3.0527, 2.9168, 2.7786, 3.3663, 3.1182, 3.3608, 2.7382, 3.1622, 3.3134, 3.1036, 3.0541, 2.8769, 3.7289, 3.3366, 3.6588, 3.1355, 2.9221, 2.6575, 2.9207, 3.1794, 3.4156, 3.1873, 2.7599, 3.3121, 2.6165],
  "initQF": [5.7518, 5.8512, 2.587, 8.3236, 5.2377, 5.8154, 9.2738, 7.7568, 6.2666, 7.511, 7.282, 9.8092, 7.0353, 7.496, 7.1786, 5.729, 6.6787, 9.761, 4.7323, 6.727, 9.2077, 6.0142, 4.3767, 4.7439, 5.7032, 4.7888, 5.9622, 5.6546, 6.1174, 7.2976, 7.7327, 9.8399, 6.3461, 5.8418, 9.4255, 9.8921, 6.57, 5.8182, 2.839, 9.306, 4.8083, 4.2359, 6.9535, 6.417, 1.019, 6.2839, 8.4355, 7.3112, 8.3081, 8.8217],
  "initQU": [5.5929, 8.0188, 6.2136, 5.5343, 5.0311, 7.586, 7.6118, 7.8508, 4.6786, 6.9357, 2.4539, 7.5809, 8.004, 6.9814, 8.0119, 7.2338, 8.1313, 8.8351, 6.6757, 4.3815, 7.4465, 5.8099, 9.5974, 3.3963, 5.7789, 7.4544, 6.3069, 5.3981, 6.001, 7.8695, 8.4008, 7.9308, 8.9574, 7.1858, 5.2909, 7.9652, 5.2418, 6.9834, 5.9616, 6.061, 4.7434, 6.8441, 7.2487, 4.4553, 6.1007, 6.6695, 7.799, 6.7287, 7.4372, 4.4149]
}
