{
  "n_part": 50,
  "n_trials": 30,
  "LR_group": 0.600112417479977,
  "inv_temp_group": 2.7908955339808,
  "initQF_group": 1.96462136460468,
  "initQU_group": 4.3958311562892,
  "mu_R_group": [
    [5],
    [5]
  ],
  "sigma_R_group": 2,
  "LR": [0.4488, 0.5946, 0.4249, 0.6503, 0.6641, 0.4348, 0.533, 0.5611, 0.9328, 0.431, 0.5887, 0.8122, 0.8877, 0.2832, 0.4378, 0.976, 0.3634, 0.6421, 0.4008, 0.6285, 0.5836, 0.8487, 0.3524, 0.7911, 0.4804, 0.6272, 0.4452, 0.3908, 0.7838, 0.3513, 0.4098, 0.5185, 0.5031, 0.3187, 0.6283, 0.4479, 0.2019, 0.6052, 0.9332, 0.6608, 0.2861, 0.5961, 0.6474, 0.4374, 0.5938, 0.5786, 0.4955, 0.4527, 0.8934, 0.9025],
  "inv_temp": [2.7386, 2.0435, 2.834, 2.8135, 2.9753, 3.1069, 2.8053, 2.7265, 2.1952, 2.6811, 2.3213, 2.8765, 2.9976, 2.8817, 3.1185, 3.1826, 2.5501, 3.4049, 3.2161, 2.5984, 2.757, 2.8349, 2.1053, 2.5093, 3.2996, 3.045, 3.062, 3.0101, 2.6711, 2.1734, 2.738, 2.9977, 2.8555, 3.357, 2.7635, 2.6189, 3.0506, 2.864, 2.7794, 2.4535, 2.4443, 2.9851, 3.1651, 2.671, 2.6823, 3.0065, 2.8749, 2.7309, 2.8495, 2.6211],
  "initQF": [4.6794, 1.9935, 2.0878, 3.6311, 7.3448, 3.7096, 2.3058, 1.7283, 6.5912, 3.9893, 1.1615, 1.0536, 1.1195, 1.6388, 3.8016, 3.0053, 2.0131, 1.8919, 3.572, 1.2536, 1.0133, 4.8153, 1.7266, 3.0737, 3.9223, 4.2325, 4.9323, 3.6101, 2.0265, 1.098, 3.0275, 1.3869, 3.1344, 4.69, 3.1882, 4.175, 1.2648, 1.1246, 3.0397, 2.5044, 1.2529, 2.1089, 2.3279, 1.1979, 2.8321, 2.3676, 3.5218, 1.5102, 4.7153, 4.8819],
  "initQU": [8.1973, 7.4636, 5.9004, 4.7368, 3.3398, 6.276, 4.2353, 1.2713, 7.0485, 2.754, 5.8894, 6.7422, 3.7555, 3.4706, 7.4201, 4.7222, 7.6694, 5.5898, 6.9477, 8.6828, 1.2776, 4.5056, 4.6944, 3.3929, 2.3953, 7.0111, 5.8604, 2.8126, 5.2516, 5.1983, 4.4388, 4.6604, 3.9146, 2.8926, 5.2412, 6.1659, 4.4868, 3.8859, 3.452, 2.2025, 3.5789, 1.143, 3.3783, 3.7833, 1.6733, 2.9113, 5.2913, 3.5601, 4.5939, 4.357]
}
