{
  "n_part": 50,
  "n_trials": 30,
  "LR_group": 0.4294501489494,
  "inv_temp_group": 1.65530068334192,
  "initQF_group": 7.04844397702254,
  "initQU_group": 1.22745003155433,
  "mu_R_group": [
    [5],
    [5]
  ],
  "sigma_R_group": 2,
  "LR": [0.4953, 0.3529, 0.5017, 0.5731, 0.5196, 0.6633, 0.3104, 0.4638, 0.3737, 0.5904, 0.4731, 0.4098, 0.037, 0.27, 0.6317, 0.0023, 0.346, 0.5101, 0.2628, 0.214, 0.4317, 0.0064, 0.4308, 0.7038, 0.2535, 0.2504, 0.4024, 0.2719, 0.1742, 0.4713, 0.4377, 0.4902, 0.3912, 0.3741, 0.3928, 0.1901, 0.8039, 0.398, 0.4115, 0.4768, 0.5321, 0.4281, 0.6284, 0.5677, 0.6038, 0.1912, 0.709, 0.7163, 0.3664, 0.614],
  "inv_temp": [1.5924, 1.7535, 1.872, 1.1881, 1.8698, 1.8491, 1.887, 1.6126, 1.7871, 2.153, 1.9037, 1.5766, 1.2282, 1.8339, 1.174, 1.909, 2.0098, 2.4217, 1.7256, 1.7371, 1.9554, 1.7888, 2.0768, 1.7103, 1.6273, 1.6441, 1.0896, 1.4118, 1.5632, 0.7694, 1.6174, 1.7543, 1.3008, 1.4879, 1.4416, 1.6077, 1.7478, 2.2679, 1.4122, 1.6923, 1.9862, 1.9343, 1.7384, 1.9059, 1.8819, 1.4136, 1.5168, 1.4775, 1.8103, 1.8564],
  "initQF": [6.2829, 6.6626, 8.4633, 6.5875, 6.1784, 5.0582, 5.9968, 8.9443, 6.8132, 5.3802, 8.2918, 7.2303, 6.7357, 4.0084, 8.3487, 5.6994, 5.6125, 7.9893, 8.104, 6.8919, 4.9416, 6.555, 4.4114, 6.4638, 6.572, 6.0413, 8.3564, 4.5923, 4.7694, 9.6819, 8.3173, 7.0832, 7.8567, 7.9727, 7.6147, 4.6003, 7.5916, 5.6137, 3.8867, 7.2532, 7.1164, 6.4966, 6.2222, 6.4321, 5.639, 6.7869, 8.4969, 6.1221, 5.6757, 9.1779],
  "initQU": [1.7354, 3.2258, 1.2132, 4.3906, 1.4427, 2.3492, 3.507, 1.2819, 5.379, 2.3959, 3.4353, 1.1889, 1.5817, 4.5962, 3.0201, 1.6494, 1.0767, 3.0406, 4.3354, 1.0997, 1.6524, 3.5151, 1.143, 1.2866, 3.3877, 2.5539, 2.6482, 2.5769, 2.043, 1.6535, 6.3162, 3.4633, 3.6108, 2.1413, 6.4953, 4.1776, 1.1246, 1.2523, 2.154, 1.6987, 1.4363, 1.0281, 4.0288, 2.0815, 2.351, 2.5393, 1.811, 1.6759, 2.2296, 4.1822]
}
