{
  "n_part": 50,
  "n_trials": 30,
  "LR_group": 0.855714144185185,
  "inv_temp_group": 2.75440137484111,
  "initQF_group": 8.39888176089153,
  "initQU_group": 2.98797190212645,
  "mu_R_group": [
    [5],
    [5]
  ],
  "sigma_R_group": 2,
  "LR": [0.9769, 0.6357, 0.7448, 0.9844, 0.7274, 0.8936, 0.7477, 0.8839, 0.7202, 0.9329, 0.8431, 0.8378, 0.9011, 0.7317, 0.6908, 0.7707, 0.8005, 0.6576, 0.9623, 0.7717, 0.6017, 0.7015, 0.9889, 0.6947, 0.6079, 0.5818, 0.5964, 0.8122, 0.9407, 0.7056, 0.7827, 0.9274, 0.8246, 0.7882, 0.9863, 0.6319, 0.7451, 0.9006, 0.9533, 0.756, 0.6667, 0.7686, 0.7318, 0.8474, 0.7275, 0.7714, 0.5307, 0.9543, 0.7548, 0.7469],
  "inv_temp": [2.7934, 2.7915, 2.599, 2.8574, 2.8863, 2.5772, 2.3436, 3.0542, 2.6398, 3.1298, 2.9126, 2.8239, 2.5179, 2.6963, 3.3004, 2.5662, 2.4473, 2.1982, 2.5565, 2.7245, 3.1367, 2.7324, 2.9499, 3.1745, 2.8499, 3.3196, 2.7379, 2.6455, 2.6435, 2.9809, 2.7377, 2.4893, 2.733, 2.7203, 2.892, 2.3479, 3.0187, 2.2121, 2.924, 2.6669, 2.4994, 2.7994, 2.8278, 2.5183, 3.1297, 2.8829, 2.7063, 2.5579, 2.3431, 2.6183],
  "initQF": [8.7565, 5.1786, 5.1819, 6.1083, 9.3063, 5.1457, 7.9852, 5.9638, 8.5579, 5.853, 5.7642, 9.9903, 4.4245, 8.6189, 7.7807, 8.5382, 7.8739, 2.516, 7.1132, 8.5029, 7.0221, 8.7729, 4.7906, 7.9652, 8.2631, 6.9046, 6.7486, 9.7706, 9.7466, 5.6449, 8.2862, 8.6061, 8.0973, 6.2679, 6.9769, 7.2966, 7.8788, 6.0521, 7.2482, 9.1082, 7.4458, 4.0236, 7.0559, 7.0817, 9.875, 6.7839, 6.7128, 9.8685, 6.6233, 8.2758],
  "initQU": [5.3051, 4.5978, 2.2474, 1.8526, 4.1046, 5.8873, 3.0091, 2.4129, 2.0306, 3.0761, 4.2928, 4.7064, 3.9058, 1.6044, 4.8481, 1.2781, 3.1073, 2.3077, 3.5466, 2.8864, 1.0555, 7.9152, 5.5128, 4.2362, 7.5581, 3.376, 5.5655, 2.1507, 1.9597, 3.4256, 1.252, 2.9958, 7.2148, 5.4053, 2.2104, 5.7159, 3.1633, 5.282, 2.4131, 2.021, 2.9622, 2.9314, 3.8013, 4.2167, 3.8826, 2.4877, 2.6182, 4.2196, 1.0096, 2.9671]
}
