{
  "n_part": 50,
  "n_trials": 30,
  "LR_group": 0.377070300281048,
  "inv_temp_group": 3.88474379782565,
  "initQF_group": 2.60046613961458,
  "initQU_group": 2.12892976519652,
  "mu_R_group": [
    [5],
    [5]
  ],
  "sigma_R_group": 2,
  "LR": [0.3202, 0.3073, 0.343, 0.296, 0.6651, 0.5184, 0.6968, 0.2736, 0.7096, 0.2571, 0.4709, 0.2977, 0.7989, 0.0888, 0.304, 0.4965, 0.4675, 0.2635, 0.1454, 0.0739, 0.5372, 0.4077, 0.1859, 0.2945, 0.4285, 0.2198, 0.0939, 0.4223, 0.0288, 0.4618, 0.4551, 0.6754, 0.3997, 0.2338, 0.3004, 0.3291, 0.2135, 0.3479, 0.4736, 0.7755, 0.314, 0.4257, 0.3882, 0.2093, 0.2703, 0.2036, 0.5185, 0.2913, 0.1166, 0.3532],
  "inv_temp": [3.9919, 3.8874, 4.4276, 3.658, 4.4161, 4.1994, 3.7211, 3.6254, 4.1039, 3.5657, 3.5504, 4.2851, 3.8159, 4.2824, 4.2592, 3.9115, 3.4287, 3.8293, 4.128, 4.3336, 3.8745, 3.9797, 3.6074, 3.8448, 4.0815, 4.0087, 3.1581, 3.5697, 4.013, 3.8729, 3.6479, 3.7867, 4.1413, 3.5022, 4.154, 3.3702, 3.7849, 4.0997, 3.9818, 4.01, 4.1294, 3.7364, 3.9104, 4.1499, 3.7007, 4.653, 4.0594, 4.0095, 4.4122, 3.4051],
  "initQF": [2.7556, 5.8781, 3.7107, 1.8352, 2.7377, 4.9967, 2.6457, 1.5159, 2.0117, 1.1438, 1.3753, 3.9254, 3.1349, 2.3355, 1.3371, 4.0277, 2.668, 3.8174, 9.7873, 3.0439, 2.6272, 1.773, 1.6933, 4.6215, 2.6364, 2.2766, 1.7733, 1.8649, 1.29, 5.0508, 1.919, 8.2757, 4.0259, 2.981, 4.3396, 2.3939, 1.5378, 4.1331, 1.3271, 5.4393, 3.207, 3.1143, 4.2603, 3.4409, 2.3247, 2.4037, 1.1336, 3.082, 5.0519, 2.0935],
  "initQU": [2.9045, 1.1049, 2.1024, 1.2306, 3.0019, 5.0175, 4.001, 2.9294, 1.3556, 1.4972, 2.453, 3.9149, 3.5908, 5.5094, 1.1711, 5.0814, 1.4375, 4.3656, 4.7546, 5.1777, 1.9104, 4.8603, 3.138, 1.1482, 4.087, 2.8606, 3.5423, 3.3344, 1.2572, 1.1572, 2.4409, 2.291, 2.7393, 3.0257, 1.7736, 5.6983, 3.6599, 2.8451, 1.4388, 2.49, 2.6691, 1.9665, 1.0174, 1.4581, 2.9695, 1.7842, 2.4472, 3.0462, 3.736, 3.079]
}
