{
  "n_part": 50,
  "n_trials": 30,
  "LR_group": 0.486969796940684,
  "inv_temp_group": 0.947353133233264,
  "initQF_group": 5.22409435384907,
  "initQU_group": 2.66715595591813,
  "mu_R_group": [
    [5],
    [5]
  ],
  "sigma_R_group": 2,
  "LR": [0.4984, 0.8007, 0.5009, 0.5762, 0.8038, 0.8013, 0.3903, 0.4471, 0.4878, 0.3574, 0.6076, 0.4573, 0.3692, 0.0887, 0.3293, 0.5395, 0.8418, 0.3858, 0.5874, 0.5362, 0.3233, 0.3049, 0.2791, 0.3887, 0.5283, 0.5977, 0.8475, 0.1755, 0.6758, 0.0941, 0.3764, 0.4889, 0.6434, 0.7025, 0.1996, 0.4263, 0.7931, 0.3722, 0.5409, 0.2132, 0.4533, 0.7812, 0.6862, 0.6662, 0.5399, 0.4975, 0.7146, 0.219, 0.4308, 0.7055],
  "inv_temp": [1.046, 0.7548, 1.4746, 0.6043, 0.545, 0.5291, 0.6754, 1.42, 0.2267, 0.846, 0.802, 1.1014, 0.5598, 0.7975, 1.0566, 0.6209, 0.7427, 0.7735, 1.2997, 0.3812, 0.7584, 1.0921, 0.6453, 0.7654, 1.2969, 0.9731, 1.0227, 0.8644, 1.4813, 0.8269, 0.5798, 0.795, 0.7135, 0.7015, 0.8187, 1.0676, 1.4746, 0.6027, 1.0203, 0.8029, 0.6711, 0.779, 0.2936, 1.3013, 1.1133, 0.8686, 1.0117, 1.0318, 1.3788, 1.31],
  "initQF": [3.2511, 4.1329, 4.2778, 4.9442, 3.203, 6.2399, 5.8686, 3.0373, 5.1988, 5.0545, 4.8669, 4.5917, 8.2835, 5.3725, 3.1045, 6.2019, 2.6505, 3.3555, 4.1616, 5.1841, 5.6228, 3.7461, 2.2071, 2.0811, 6.5479, 3.5628, 5.1498, 6.4606, 5.1919, 4.7005, 5.1954, 5.867, 5.9219, 9.3895, 3.2028, 1.6742, 7.5803, 2.6837, 4.073, 7.1348, 7.982, 6.6234, 6.8364, 5.3738, 3.9417, 6.7322, 4.1221, 2.8626, 6.2725, 3.9135],
  "initQU": [7.5428, 4.1441, 3.554, 6.0236, 5.3437, 4.3666, 2.137, 3.7372, 1.4625, 1.856, 3.8024, 3.8928, 4.5622, 3.5939, 4.882, 3.3671, 6.9214, 1.7363, 3.8892, 5.9234, 3.4966, 5.0534, 1.8611, 1.8578, 4.8097, 3.9326, 2.2906, 3.7956, 3.2093, 3.1605, 1.0379, 3.6507, 1.2574, 3.2516, 2.6626, 2.8294, 3.1899, 2.9515, 1.7836, 5.3811, 2.2187, 3.205, 3.7827, 5.513, 4.7672, 1.0632, 3.2685, 3.5719, 1.2201, 2.6945]
}
