{
  "n_part": 50,
  "n_trials": 30,
  "LR_group": 0.117022884543985,
  "inv_temp_group": 0.109518845565617,
  "initQF_group": 2.44987288163975,
  "initQU_group": 3.92401701188646,
  "mu_R_group": [
    [5],
    [5]
  ],
  "sigma_R_group": 2,
  "LR": [0.3568, 0.0113, 0.8433, 0.171, 0.0307, 0.055, 0.0142, 0.1599, 0.0014, 0.2628, 0.1712, 0.0898, 0.0286, 0.3616, 0.0547, 0.0128, 0.2162, 0.3518, 0.0914, 0.1579, 0.4536, 0.0122, 0.2363, 0.3894, 0.3139, 0.1139, 0.5255, 0.2438, 0.2546, 0.1941, 0.3436, 0.2755, 0.1539, 0.0766, 0.196, 0.3115, 0.178, 0.1054, 0.4978, 0.0682, 0.3791, 0.2356, 0.0164, 0.0183, 0.362, 0.0883, 0.319, 0.3315, 0.4261, 0.2462],
  "inv_temp": [0.3007, 0.1332, 0.1633, 0.2866, 0.0815, 0.3058, 0.6242, 0.6905, 0.3709, 0.2532, 0.1072, 0.1726, 0.4869, 0.6356, 0.0276, 0.554, 0.1531, 0.3321, 0.4152, 0.4809, 0.6831, 0.0156, 0.5275, 0.1974, 0.0863, 0.1861, 0.3695, 0.139, 0.0899, 0.0244, 0.4049, 0.1884, 0.1394, 0.6651, 0.081, 0.2434, 0.1472, 0.2839, 0.2384, 0.4483, 0.2083, 0.055, 0.9238, 0.1193, 0.162, 0.0084, 0.0009, 0.7379, 0.0112, 0.0358],
  "initQF": [2.9007, 5.6566, 4.1822, 4.9075, 1.3677, 3.0081, 2.9443, 1.4028, 1.7258, 3.9741, 3.7392, 4.4541, 2.2917, 1.778, 2.1403, 2.4585, 2.7918, 2.447, 2.7246, 3.6381, 3.5262, 4.3027, 6.842, 2.186, 1.792, 2.2404, 4.3342, 3.5337, 2.1062, 3.4823, 1.191, 2.2419, 2.648, 3.3158, 1.9544, 2.3404, 3.1318, 1.7634, 3.0504, 2.0776, 1.2195, 3.6533, 1.3902, 5.1774, 5.7794, 2.5364, 5.9289, 3.4416, 3.0151, 2.7022],
  "initQU": [1.7612, 4.8937, 1.6686, 3.573, 4.0053, 4.9656, 7.7659, 4.0932, 2.076, 1.4443, 7.2128, 4.9165, 4.9542, 4.066, 3.0071, 1.3034, 2.6536, 2.3542, 3.5853, 4.1788, 8.7986, 2.4949, 4.2574, 9.4857, 3.1072, 4.6835, 2.9435, 2.0236, 3.5314, 2.8554, 4.3695, 3.6826, 2.3549, 3.4865, 3.4469, 2.7083, 4.831, 6.2166, 3.728, 3.8846, 4.8428, 2.2403, 4.7468, 2.1819, 7.6176, 2.2761, 3.6215, 4.5861, 5.1563, 2.7006]
}
