{
  "n_part": 50,
  "n_trials": 30,
  "LR_group": 0.82049316749908,
  "inv_temp_group": 2.44289661291987,
  "initQF_group": 8.06060788827017,
  "initQU_group": 4.80142328469083,
  "mu_R_group": [
    [5],
    [5]
  ],
  "sigma_R_group": 2,
  "LR": [0.8212, 0.735, 0.7277, 0.4002, 0.7158, 0.6976, 0.8608, 0.8158, 0.8393, 0.8764, 0.5811, 0.7624, 0.8651, 0.9509, 0.9245, 0.9589, 0.6292, 0.6202, 0.8076, 0.9599, 0.5483, 0.7296, 0.8129, 0.7202, 0.8668, 0.9214, 0.686, 0.7711, 0.4713, 0.8595, 0.9897, 0.6693, 0.4423, 0.674, 0.9889, 0.624, 0.6424, 0.9039, 0.3996, 0.721, 0.803, 0.916, 0.8629, 0.72, 0.7619, 0.6079, 0.5607, 0.601, 0.4576, 0.7454],
  "inv_temp": [2.1835, 2.7152, 2.6717, 2.4476, 2.9461, 2.4023, 2.2367, 2.0883, 2.5988, 2.2744, 2.193, 2.5239, 2.2487, 2.5673, 2.0729, 2.4963, 2.7774, 2.0005, 2.9252, 2.546, 2.3362, 1.8599, 2.5663, 2.6491, 1.8885, 2.1305, 2.3643, 2.1793, 2.4205, 2.3973, 2.2919, 2.4317, 2.1273, 1.9657, 2.8148, 1.5401, 2.5958, 2.695, 2.3561, 1.9911, 2.0351, 2.4204, 2.9148, 2.0137, 2.9115, 2.3269, 2.5512, 2.6006, 2.4371, 2.1564],
  "initQF": [8.7907, 9.5097, 8.3696, 7.6755, 9.3004, 5.1913, 9.9982, 6.5448, 9.8559, 8.3137, 9.6456, 4.8418, 6.6493, 9.31, 8.3123, 9.4816, 8.3967, 5.6383, 8.3231, 9.9899, 7.3962, 6.6738, 7.5197, 9.0783, 6.7471, 7.1781, 6.4283, 9.0631, 8.9542, 6.6984, 9.6722, 6.8093, 7.9174, 8.7207, 5.189, 5.6094, 8.5201, 4.6368, 4.9628, 9.0693, 9.6558, 9.1575, 7.3679, 6.8726, 8.0597, 8.9396, 2.9013, 8.1892, 6.4224, 8.1772],
  "initQU": [5.5432, 5.7824, 5.0919, 3.9676, 5.6831, 6.382, 4.1738, 8.4716, 1.9911, 2.2866, 2.832, 5.0944, 3.9312, 5.9933, 3.7291, 4.0426, 5.8873, 5.3427, 2.6039, 5.2917, 9.2317, 5.1767, 2.0557, 5.4876, 7.9638, 3.7337, 3.5321, 4.3054, 5.4649, 3.3574, 5.7501, 2.5375, 3.4166, 4.3946, 7.803, 4.7392, 5.8925, 2.6098, 1.4928, 4.4165, 5.7401, 1.344, 8.4649, 5.7714, 5.3738, 5.1936, 3.9629, 3.8565, 5.6572, 5.7642]
}
