{
  "n_part": 50,
  "n_trials": 30,
  "LR_group": 0.395290771266446,
  "inv_temp_group": 3.22082055965438,
  "initQF_group": 1.72099536424503,
  "initQU_group": 5.66377914627083,
  "mu_R_group": [
    [5],
    [5]
  ],
  "sigma_R_group": 2,
  "LR": [0.7514, 0.4162, 0.3114, 0.1665, 0.7672, 0.586, 0.4789, 0.2201, 0.6536, 0.4255, 0.3409, 0.4798, 0.4257, 0.4282, 0.3122, 0.3399, 0.4538, 0.6031, 0.694, 0.1995, 0.5441, 0.7134, 0.4331, 0.0886, 0.4299, 0.8714, 0.5275, 0.351, 0.558, 0.3904, 0.5297, 0.6538, 0.575, 0.5637, 0.5105, 0.4632, 0.5863, 0.4506, 0.1532, 0.4767, 0.7115, 0.4948, 0.1702, 0.3609, 0.3737, 0.3946, 0.448, 0.5982, 0.4466, 0.4081],
  "inv_temp": [2.6848, 3.3544, 3.4566, 2.9171, 3.0963, 3.8467, 3.0088, 3.452, 3.1533, 3.445, 3.1634, 3.4513, 3.0879, 2.5994, 3.0442, 3.2549, 2.9154, 3.9191, 3.5008, 2.9719, 3.439, 2.6805, 3.3965, 2.9725, 3.0214, 3.6249, 3.4664, 3.0882, 3.2659, 3.606, 2.8763, 3.0927, 3.8276, 3.5062, 2.9844, 3.2434, 3.114, 3.0413, 3.6361, 2.7457, 3.2761, 3.1299, 3.2049, 3.1803, 3.3238, 2.377, 3.1274, 4.06, 2.7781, 3.5146],
  "initQF": [4.8751, 1.2771, 2.6357, 3.0789, 1.4626, 1.3039, 3.1672, 2.4001, 5.3818, 2.0576, 3.8569, 1.6551, 2.7167, 3.4785, 1.1118, 3.3532, 4.9637, 4.2633, 3.7733, 1.5667, 3.564, 1.3842, 3.3534, 3.8496, 2.3766, 4.9697, 1.071, 4.0662, 2.9282, 3.4224, 1.1541, 1.6633, 1.9069, 4.4476, 1.9867, 3.6526, 2.1458, 2.9956, 1.2702, 1.9631, 2.3087, 2.1737, 4.004, 1.5159, 1.8664, 4.97, 6.371, 4.1002, 6.9917, 4.8019],
  "initQU": [2.8674, 7.8547, 7.3128, 4.8861, 5.1357, 4.1035, 4.2268, 6.2237, 4.464, 5.939, 5.1254, 7.947, 6.7402, 4.958, 9.6704, 5.6899, 5.2194, 4.3609, 2.7766, 2.6811, 5.9951, 4.004, 8.446, 5.0656, 8.4909, 6.0473, 6.322, 6.124, 5.9368, 6.3923, 5.7349, 6.1793, 5.2469, 6.9886, 4.7746, 4.1196, 6.177, 4.9294, 2.1959, 6.6068, 5.7725, 5.4565, 3.116, 5.9399, 5.9233, 8.2516, 7.4286, 6.3147, 7.7559, 6.8455]
}
