{
  "n_part": 50,
  "n_trials": 30,
  "LR_group": 0.0205648571718484,
  "inv_temp_group": 1.1884913535323,
  "initQF_group": 7.02899447479285,
  "initQU_group": 7.48251658235677,
  "mu_R_group": [
    [5],
    [5]
  ],
  "sigma_R_group": 2,
  "LR": [0.1785, 0.1065, 0.1204, 0.3543, 0.0016, 0.0958, 0.1221, 0.1611, 0.2179, 0.2566, 0.2549, 0.0882, 0.2396, 0.0089, 0.4379, 0.3259, 0.271, 0.0448, 0.2533, 0.1763, 0.2216, 0.1845, 0.001, 0.1552, 0.205, 0.1246, 0.0584, 0.4928, 0.0678, 0.1918, 0.0045, 0.1334, 0.4048, 0.1829, 0.3483, 0.283, 0.062, 0.0863, 0.1198, 0.1811, 0.0696, 0.1687, 0.2637, 0.2908, 0.0421, 0.1473, 0.2515, 0.0815, 0.0915, 0.0605],
  "inv_temp": [0.9433, 0.7966, 1.1485, 0.2507, 0.776, 1.4105, 0.9087, 1.0634, 1.6186, 1.0735, 0.6835, 0.9516, 1.1894, 0.8568, 1.1031, 1.1586, 1.092, 1.0342, 1.1561, 1.1204, 1.5024, 1.2758, 0.4214, 1.1034, 1.2345, 0.9968, 1.0462, 1.0703, 0.951, 1.2038, 1.1418, 1.2804, 1.2034, 0.7482, 0.9082, 1.0513, 1.5946, 1.2822, 1.3275, 1.5292, 0.8019, 1.3095, 1.2914, 1.0301, 0.9666, 1.7621, 1.6211, 1.6111, 1.3474, 1.3798],
  "initQF": [8.7918, 9.4023, 8.8979, 3.4223, 7.8989, 4.5682, 8.034, 5.111, 5.1459, 3.9292, 2.9516, 9.7514, 7.8064, 6.7304, 3.7891, 6.4363, 4.3534, 3.12, 5.8559, 9.6764, 6.9396, 6.4724, 8.0744, 9.287, 7.1028, 5.6681, 8.8753, 6.5712, 4.6818, 6.454, 8.2936, 7.9058, 3.6485, 5.1014, 9.2611, 8.156, 5.0232, 4.7054, 7.3939, 5.0871, 9.1815, 8.8176, 1.1808, 7.1934, 6.1816, 5.1486, 9.3744, 5.3319, 6.0587, 7.0456],
  "initQU": [3.8769, 4.831, 6.6073, 6.2269, 9.8229, 3.604, 9.1742, 5.5431, 3.5147, 8.4367, 6.8597, 6.8865, 9.1012, 8.996, 9.3996, 6.9306, 9.0849, 6.4254, 8.5437, 6.1021, 9.2047, 7.0119, 6.6685, 8.4116, 3.9598, 8.8783, 9.5776, 6.682, 6.0461, 5.1198, 9.2529, 8.6296, 7.8796, 4.9703, 6.368, 7.6461, 6.6605, 8.0804, 9.6381, 9.6543, 6.3789, 6.4644, 8.2088, 4.0537, 5.4466, 7.8971, 9.4851, 5.4312, 9.6315, 5.8775]
}
