{
  "n_part": 50,
  "n_trials": 30,
  "LR_group": 0.255423455033451,
  "inv_temp_group": 3.87902579037473,
  "initQF_group": 3.3678750731051,
  "initQU_group": 3.94392297999002,
  "mu_R_group": [
    [5],
    [5]
  ],
  "sigma_R_group": 2,
  "LR": [0.496, 0.1804, 0.3467, 0.1114, 0.3588, 0.2444, 0.0862, 0.5972, 0.3918, 0.1278, 0.8593, 0.6502, 0.4162, 0.2368, 0.1213, 0.4196, 0.3573, 0.2708, 0.0721, 0.3188, 0.3189, 0.6144, 0.2062, 0.3645, 0.2782, 0.2871, 0.1402, 0.3002, 0.5267, 0.3106, 0.0138, 0.3571, 0.247, 0.6693, 0.0705, 0.1148, 0.4337, 0.484, 0.3313, 0.1996, 0.6539, 0.2519, 0.2724, 0.081, 0.1315, 0.5959, 0.4099, 0.3853, 0.4233, 0.3713],
  "inv_temp": [4.1846, 3.3284, 3.8936, 3.7858, 3.5853, 3.864, 3.9142, 3.7589, 3.9748, 4.4923, 4.1924, 4.3542, 4.2696, 3.8475, 2.9808, 4.2216, 4.0706, 3.8587, 4.0976, 3.767, 4.2749, 4.1056, 3.4303, 4.0455, 3.513, 3.675, 3.6286, 4.6087, 3.6615, 3.5702, 4.0146, 3.948, 4.119, 3.9647, 3.579, 4.1982, 3.9195, 3.8378, 4.0303, 3.733, 4.1475, 3.2624, 4.3287, 4.0768, 3.868, 4.0398, 4.1836, 3.9268, 4.3868, 4.3227],
  "initQF": [1.4782, 4.263, 5.5988, 3.3378, 2.4326, 6.1551, 6.8458, 5.2075, 3.4543, 3.6401, 5.1944, 4.6562, 1.0262, 2.0336, 1.3751, 1.3038, 5.5286, 4.0959, 4.9212, 4.4989, 3.8063, 7.0058, 2.2653, 2.4571, 4.5188, 6.3707, 2.4572, 7.7182, 4.052, 4.9666, 2.5346, 4.4636, 5.1699, 3.1555, 5.5931, 4.946, 4.4102, 1.1965, 1.38, 4.848, 1.044, 2.241, 4.0685, 6.7769, 3.3415, 1.4721, 3.6432, 2.5936, 5.2428, 3.3445],
  "initQU": [2.852, 2.6844, 2.5343, 4.0104, 3.5271, 2.9895, 4.2892, 4.4759, 9.5407, 7.753, 4.4835, 5.3464, 6.4041, 3.7093, 2.9915, 6.3779, 3.7574, 4.7404, 7.574, 6.6789, 3.5308, 3.2614, 2.2653, 5.42, 2.5124, 1.156, 3.3404, 4.3821, 1.6313, 6.0943, 6.1988, 4.2613, 3.0358, 5.6169, 4.3631, 5.5771, 5.1909, 5.9592, 5.8977, 6.2352, 3.1442, 3.4454, 2.0952, 4.755, 5.411, 3.3611, 2.6184, 3.0378, 1.7269, 6.7598]
}
