{
  "n_part": 50,
  "n_trials": 30,
  "LR_group": 0.94344299309887,
  "inv_temp_group": 2.85912420717068,
  "initQF_group": 6.62749634659849,
  "initQU_group": 7.56983613152988,
  "mu_R_group": [
    [5],
    [5]
  ],
  "sigma_R_group": 2,
  "LR": [0.7996, 0.8924, 0.853, 0.8442, 0.7663, 0.9228, 0.8474, 0.625, 0.8056, 0.9083, 0.8765, 0.9659, 0.8593, 0.8821, 0.6806, 0.7353, 0.9736, 0.7781, 0.7305, 0.9631, 0.6534, 0.5421, 0.9852, 0.8581, 0.9518, 0.9159, 0.9848, 0.7944, 0.8624, 0.3868, 0.8669, 0.7446, 0.9748, 0.7752, 0.8791, 0.512, 0.7633, 0.7716, 0.7526, 0.745, 0.8545, 0.7264, 0.9069, 0.8691, 0.9408, 0.8883, 0.9393, 0.9058, 0.9451, 0.9705],
  "inv_temp": [3.0542, 2.7558, 2.9419, 2.9372, 2.5084, 2.7121, 3.3832, 2.9347, 3.2137, 2.918, 3.0655, 2.9946, 2.9564, 3.0801, 3.0055, 3.4565, 2.947, 2.7081, 3.0669, 2.5066, 2.2658, 2.5415, 3.0429, 2.7683, 2.9004, 2.6276, 2.9326, 2.9452, 2.5643, 2.454, 3.1844, 2.6174, 2.6173, 2.9435, 3.2039, 3.1223, 2.8198, 3.327, 2.8652, 3.035, 2.2501, 3.0341, 2.8981, 2.9006, 2.873, 2.868, 2.9128, 3.1213, 2.2034, 3.0631],
  "initQF": [7.2968, 7.8486, 7.832, 6.9756, 1.6599, 9.8514, 6.916, 2.3271, 3.924, 8.9229, 5.9247, 4.0852, 9.0355, 7.2277, 7.571, 6.6863, 4.9027, 7.0395, 3.9506, 7.912, 8.7364, 7.1154, 6.3108, 9.9952, 5.985, 7.3365, 5.2426, 4.882, 8.3048, 4.8938, 2.7638, 6.3168, 7.3528, 8.7308, 7.3484, 5.3015, 7.1705, 8.6443, 5.863, 6.138, 5.4188, 7.4901, 7.0144, 7.1714, 2.6363, 2.8597, 9.5706, 6.529, 2.6364, 5.4625],
  "initQU": [4.4109, 8.1661, 6.2721, 6.7241, 6.8349, 7.8691, 7.7952, 4.7871, 7.268, 8.0536, 6.2661, 5.1016, 7.8338, 8.2275, 5.4428, 4.5422, 8.7151, 7.4316, 6.276, 9.9332, 5.2311, 6.2263, 3.5633, 7.3251, 7.0388, 5.2159, 6.3793, 9.0171, 5.6854, 6.0738, 8.3029, 8.2447, 5.6724, 7.1302, 7.7005, 5.6734, 6.1615, 6.2655, 2.6361, 3.9659, 8.623, 5.6438, 8.8922, 9.0556, 9.737, 6.4699, 8.5019, 3.7215, 6.7534, 6.7749]
}
