{
  "n_part": 50,
  "n_trials": 30,
  "LR_group": 0.472275372594595,
  "inv_temp_group": 3.19201795966364,
  "initQF_group": 6.40162979695015,
  "initQU_group": 9.54902613349259,
  "mu_R_group": [
    [5],
    [5]
  ],
  "sigma_R_group": 2,
  "LR": [0.3361, 0.1908, 0.4744, 0.3461, 0.6058, 0.2536, 0.4487, 0.288, 0.6641, 0.3863, 0.4949, 0.6854, 0.7709, 0.6347, 0.4212, 0.6702, 0.5419, 0.4408, 0.6794, 0.4974, 0.6353, 0.4061, 0.6085, 0.6571, 0.7278, 0.509, 0.6541, 0.4552, 0.3134, 0.334, 0.2865, 0.5369, 0.1565, 0.5555, 0.9758, 0.3387, 0.4349, 0.8816, 0.2462, 0.5131, 0.6423, 0.3639, 0.8076, 0.6493, 0.436, 0.5543, 0.5709, 0.1784, 0.5284, 0.7349],
  "inv_temp": [3.1145, 2.7458, 3.9251, 3.3978, 3.4624, 3.431, 3.4535, 3.2255, 3.4974, 3.1596, 3.3267, 2.9911, 2.856, 4.0251, 3.2259, 3.6461, 3.0728, 2.9127, 3.0985, 2.784, 2.7832, 3.0471, 3.2035, 3.0221, 3.1716, 2.9084, 3.5054, 3.6969, 3.3027, 2.9038, 3.04, 3.2249, 3.2557, 3.4676, 3.3721, 3.2739, 2.5281, 3.2081, 3.1188, 3.8481, 3.1269, 3.4419, 2.4606, 2.6155, 2.792, 2.76, 3.0028, 3.399, 3.1785, 3.2969],
  "initQF": [7.9249, 5.2705, 6.8646, 7.3471, 2.799, 6.2398, 3.8964, 5.3111, 3.3216, 4.0869, 7.9652, 5.4044, 8.0486, 6.4318, 7.1699, 7.8121, 7.3234, 7.9209, 8.7922, 6.7487, 3.0427, 5.1309, 9.466, 5.7032, 7.8145, 6.7902, 6.2733, 6.9848, 5.4187, 6.7991, 5.2444, 7.0306, 5.949, 7.9662, 4.1099, 7.3368, 8.172, 7.739, 5.4083, 4.9716, 8.644, 7.4137, 6.9901, 6.6698, 9.157, 6.9221, 7.8349, 5.9091, 4.9297, 7.8983],
  "initQU": [7.8252, 9.8718, 7.7932, 9.7339, 8.3909, 5.2205, 7.3811, 6.0981, 6.9045, 8.7252, 6.2465, 7.5675, 9.7399, 8.9776, 9.9727, 7.158, 7.4563, 7.6246, 9.4879, 9.4532, 6.2386, 9.7013, 8.4208, 9.9772, 9.4037, 9.6485, 9.0951, 8.2194, 5.9951, 8.9346, 9.693, 8.2714, 8.6029, 4.8743, 8.0731, 8.1248, 6.0947, 7.8531, 6.3563, 7.4459, 9.7838, 8.6336, 7.8546, 8.6105, 7.5534, 7.4082, 8.1594, 7.7127, 9.05, 9.6056]
}
