{
  "n_part": 50,
  "n_trials": 30,
  "LR_group": 0.69486427330412,
  "inv_temp_group": 1.89091329812072,
  "initQF_group": 9.23822543839924,
  "initQU_group": 7.49559422046877,
  "mu_R_group": [
    [5],
    [5]
  ],
  "sigma_R_group": 2,
  "LR": [0.6014, 0.6949, 0.4842, 0.6307, 0.5959, 0.6186, 0.4549, 0.7604, 0.8134, 0.8991, 0.8705, 0.7639, 0.7002, 0.39, 0.7453, 0.7253, 0.5779, 0.6863, 0.6982, 0.8554, 0.7333, 0.2874, 0.7704, 0.5581, 0.9393, 0.7639, 0.8967, 0.5205, 0.785, 0.5601, 0.7032, 0.8104, 0.881, 0.7958, 0.8344, 0.5998, 0.6304, 0.5473, 0.4133, 0.5255, 0.5167, 0.7031, 0.4239, 0.7331, 0.3454, 0.5006, 0.9381, 0.7329, 0.2473, 0.784],
  "inv_temp": [1.983, 1.7383, 1.9492, 1.4151, 2.1826, 2.0019, 2.0127, 2.43, 2.1873, 1.4015, 1.8789, 1.7916, 1.6868, 1.7253, 2.0435, 2.4952, 2.2737, 2.0446, 1.7429, 2.7546, 1.5753, 2.2767, 1.652, 1.511, 1.8992, 2.4974, 2.0698, 1.8996, 2.1186, 2.2391, 1.8377, 1.8147, 1.8024, 1.6384, 2.3805, 2.0091, 2.3627, 1.5235, 1.8283, 1.9206, 1.9639, 1.8159, 1.7769, 1.929, 2.295, 2.0784, 1.8618, 1.6412, 1.8245, 2.0351],
  "initQF": [8.5826, 6.3366, 9.4625, 7.9553, 9.3042, 5.0598, 9.2931, 9.2259, 8.7078, 9.6141, 8.4897, 8.0649, 9.7568, 9.269, 5.5392, 6.9606, 8.207, 6.8442, 8.8307, 5.4022, 8.6988, 7.4794, 6.9483, 9.0138, 8.8733, 7.2369, 8.3161, 7.2497, 7.9874, 8.7478, 5.3405, 7.3746, 9.6679, 7.4058, 8.9586, 9.2669, 8.1947, 7.2836, 5.1434, 9.3641, 9.2285, 6.7144, 5.9788, 7.4212, 6.7218, 9.9277, 8.9188, 8.2319, 9.6028, 8.4759],
  "initQU": [7.1337, 6.9973, 8.83, 7.1673, 8.6132, 8.4584, 7.365, 7.192, 7.4188, 8.5822, 7.7596, 6.6626, 8.365, 8.8377, 6.4701, 7.3866, 9.5943, 4.886, 4.4373, 8.8741, 3.6999, 7.5106, 4.8916, 6.8218, 9.664, 7.7708, 7.3588, 5.5902, 5.4787, 5.9727, 6.1012, 4.0212, 8.0246, 7.1895, 9.1086, 7.5443, 7.1245, 5.2285, 5.3315, 7.2049, 8.6086, 9.924, 8.0664, 8.7964, 6.2919, 6.7832, 7.3569, 8.3024, 9.7846, 7.3918]
}
