{
  "n_part": 50,
  "n_trials": 30,
  "LR_group": 0.730881261406466,
  "inv_temp_group": 1.0292829759419,
  "initQF_group": 6.25265823607333,
  "initQU_group": 3.70100789074786,
  "mu_R_group": [
    [5],
    [5]
  ],
  "sigma_R_group": 2,
  "LR": [0.6022, 0.5614, 0.4328, 0.7995, 0.8743, 0.935, 0.6432, 0.4248, 0.1184, 0.6638, 0.4562, 0.9005, 0.7852, 0.8228, 0.5906, 0.7063, 0.8482, 0.5291, 0.7849, 0.599, 0.4528, 0.6072, 0.2678, 0.4933, 0.9029, 0.9197, 0.6564, 0.8948, 0.5218, 0.7516, 0.8803, 0.952, 0.9626, 0.7364, 0.6898, 0.6944, 0.8457, 0.4603, 0.6382, 0.5475, 0.6697, 0.7821, 0.6028, 0.4303, 0.8844, 0.8325, 0.9584, 0.617, 0.7798, 0.6147],
  "inv_temp": [1.1843, 1.4748, 1.1615, 0.8443, 0.9588, 0.6191, 0.7884, 1.2616, 1.0871, 0.8866, 1.3692, 1.2197, 0.974, 1.4014, 1.2574, 0.5732, 1.1823, 1.1311, 1.0891, 1.4073, 1.1972, 1.0725, 0.7045, 1.3003, 1.2341, 0.9383, 0.9659, 1.7482, 1.1398, 1.3158, 0.8474, 1.4041, 0.9802, 1.436, 1.2575, 0.8796, 0.9097, 0.6103, 1.665, 1.6981, 0.9565, 1.1146, 0.5833, 0.7997, 0.8837, 1.2268, 0.9489, 0.8482, 0.7846, 0.8151],
  "initQF": [4.8801, 7.6054, 6.79, 5.6158, 5.779, 8.2791, 6.0757, 5.8665, 9.9815, 5.4716, 4.5353, 7.914, 7.0677, 7.1728, 4.7929, 8.8019, 7.6805, 8.2473, 5.8078, 4.6067, 5.978, 6.1043, 8.5665, 8.0036, 5.984, 6.7823, 5.8051, 6.1232, 3.5534, 6.017, 2.4629, 4.4891, 3.4524, 8.8739, 2.2675, 8.9295, 7.0176, 9.4165, 4.6784, 5.5728, 2.9703, 3.9379, 9.3049, 7.2333, 7.7848, 7.4863, 5.7454, 2.3754, 7.1236, 6.322],
  "initQU": [4.5258, 5.9028, 4.0275, 5.0635, 6.1083, 4.3633, 6.766, 6.6284, 6.2201, 2.7133, 5.681, 4.7037, 2.49, 3.1761, 6.5033, 3.9924, 6.8454, 3.558, 2.7589, 4.036, 5.1778, 5.5887, 2.8588, 6.0391, 6.1452, 5.0893, 3.4355, 5.0851, 4.4428, 1.8607, 4.1596, 6.5097, 3.4601, 2.1923, 3.9992, 2.8055, 4.1801, 5.6485, 1.6219, 5.1096, 5.0555, 4.2195, 2.5199, 1.5484, 3.3159, 2.0423, 1.6097, 5.4816, 2.9319, 2.7096]
}
