{
  "n_part": 50,
  "n_trials": 30,
  "LR_group": 0.479245249414816,
  "inv_temp_group": 3.49260686663911,
  "initQF_group": 8.77427069237456,
  "initQU_group": 2.73284816439264,
  "mu_R_group": [
    [5],
    [5]
  ],
  "sigma_R_group": 2,
  "LR": [0.608, 0.5688, 0.4632, 0.5235, 0.4913, 0.3837, 0.7455, 0.5622, 0.7592, 0.2411, 0.3438, 0.2346, 0.6294, 0.8208, 0.5454, 0.3641, 0.4898, 0.3616, 0.4754, 0.5368, 0.7172, 0.0978, 0.1935, 0.5992, 0.6263, 0.7918, 0.37, 0.7232, 0.606, 0.4499, 0.1324, 0.3776, 0.637, 0.371, 0.3186, 0.4699, 0.4432, 0.466, 0.4292, 0.5971, 0.2451, 0.4103, 0.2625, 0.5414, 0.5604, 0.3997, 0.6646, 0.5696, 0.4692, 0.5468],
  "inv_temp": [3.1727, 3.5673, 4.3112, 2.8182, 3.8053, 3.7538, 3.988, 3.2984, 3.5961, 3.3093, 3.4396, 3.6751, 3.7349, 3.6848, 3.5891, 3.858, 3.6344, 3.4972, 3.126, 2.9182, 3.5059, 3.5515, 3.8486, 3.6703, 3.3379, 3.5634, 3.5865, 3.6667, 3.1781, 3.2407, 3.6183, 3.9348, 3.6625, 2.9349, 3.3258, 3.4243, 3.8038, 3.2928, 4.2041, 3.4674, 3.6438, 4.1113, 3.7844, 3.502, 4.0503, 3.039, 3.2887, 3.4589, 3.2159, 3.3522],
  "initQF": [6.9422, 7.6059, 8.251, 5.2622, 7.2348, 6.7661, 9.6647, 8.6768, 4.8455, 7.114, 6.6277, 8.5989, 5.603, 9.0575, 2.2794, 9.7173, 8.7945, 8.2316, 7.6855, 7.9006, 8.6547, 6.5473, 7.0035, 9.2107, 5.5979, 8.5822, 6.3043, 9.0437, 7.8824, 7.837, 6.1622, 8.9645, 7.3482, 8.9829, 7.6698, 8.5314, 9.5472, 7.5252, 8.6402, 4.5743, 9.9444, 6.2706, 7.7899, 7.1939, 8.4065, 6.9621, 8.3392, 5.2709, 8.6708, 6.8547],
  "initQU": [4.7167, 3.7887, 1.4566, 1.5331, 1.4084, 1.3215, 4.1198, 4.0099, 4.5676, 3.3765, 2.3387, 5.282, 4.9013, 1.6855, 4.1081, 6.776, 6.5706, 3.7173, 4.896, 1.6925, 4.0173, 1.4275, 4.3541, 5.3319, 2.1261, 2.648, 3.0858, 3.7416, 5.9925, 2.4478, 3.5987, 2.1975, 6.3169, 1.7216, 5.1318, 3.9179, 1.226, 3.4829, 4.9105, 3.4188, 2.3022, 3.1596, 4.0402, 3.2531, 4.7502, 3.9542, 1.7735, 5.4751, 3.9834, 1.7601]
}
