{
  "n_part": 50,
  "n_trials": 30,
  "LR_group": 0.619215987622738,
  "inv_temp_group": 0.439831760013476,
  "initQF_group": 7.131777549861,
  "initQU_group": 3.28343489626423,
  "mu_R_group": [
    [5],
    [5]
  ],
  "sigma_R_group": 2,
  "LR": [0.5543, 0.3766, 0.5014, 0.5597, 0.594, 0.414, 0.6259, 0.4534, 0.8829, 0.6713, 0.5273, 0.8295, 0.8242, 0.3662, 0.3371, 0.3753, 0.5067, 0.6666, 0.368, 0.5561, 0.5488, 0.4698, 0.7846, 0.6302, 0.5622, 0.6484, 0.7068, 0.5331, 0.4402, 0.5594, 0.3972, 0.6385, 0.8836, 0.4825, 0.5795, 0.9049, 0.5493, 0.4645, 0.6788, 0.4838, 0.6665, 0.4176, 0.584, 0.6369, 0.8744, 0.1705, 0.4152, 0.7371, 0.6632, 0.8429],
  "inv_temp": [0.3459, 0.3758, 0.6492, 0.8244, 0.3471, 0.1473, 0.3465, 0.0942, 0.1577, 0.4063, 0.464, 0.4001, 0.6913, 0.5044, 0.5725, 0.4811, 0.8977, 0.3684, 1.103, 0.0629, 0.5521, 0.6491, 0.0931, 0.5681, 0.7652, 0.3633, 0.6814, 0.3129, 0.2219, 0.5503, 0.4594, 0.178, 0.3935, 0.4071, 0.7524, 0.7171, 0.561, 0.19, 0.3946, 0.2689, 0.3271, 0.2964, 0.4207, 0.8809, 1.058, 0.7927, 0.176, 0.4105, 0.3138, 0.4372],
  "initQF": [7.0437, 4.6222, 6.4776, 5.867, 4.4399, 7.959, 9.5199, 5.0757, 6.2107, 7.5402, 5.8956, 8.8069, 3.4755, 9.0439, 6.1081, 7.9804, 7.9894, 5.8172, 4.133, 5.0644, 6.1729, 9.8277, 5.8801, 6.2739, 7.9897, 5.3947, 4.5196, 6.5288, 5.0458, 4.4346, 7.2396, 8.4879, 6.1341, 5.7696, 8.6878, 9.6825, 7.4108, 9.4405, 2.7938, 5.7539, 9.7986, 7.1804, 5.9461, 7.8623, 8.1802, 6.0553, 8.6591, 3.1679, 5.4275, 4.4224],
  "initQU": [5.8816, 8.3786, 1.2741, 3.6767, 2.8239, 5.5236, 7.0659, 5.6541, 3.6301, 1.9375, 1.7078, 5.6921, 2.4639, 2.2123, 2.8971, 2.1836, 6.5713, 6.2194, 2.0303, 5.9948, 3.6056, 2.4984, 3.4826, 3.5389, 3.4539, 2.9295, 3.4059, 4.4547, 1.6679, 5.589, 4.5951, 2.3432, 6.2879, 1.4178, 3.2733, 7.3562, 1.1501, 4.6086, 3.8937, 4.8759, 2.2707, 2.4181, 5.8553, 2.6595, 2.4383, 6.3499, 1.2746, 4.0762, 4.0733, 1.0431]
}
