{
  "n_part": 50,
  "n_trials": 30,
  "LR_group": 0.122725090710446,
  "inv_temp_group": 2.38351993728429,
  "initQF_group": 8.47986915940419,
  "initQU_group": 3.60970803140663,
  "mu_R_group": [
    [5],
    [5]
  ],
  "sigma_R_group": 2,
  "LR": [0.184, 0.1259, 0.2501, 0.3087, 0.6639, 0.3379, 0.0165, 0.2269, 0.0311, 0.242, 0.2462, 0.1696, 0.0821, 0.2326, 0.1038, 0.5205, 0.1228, 0.3709, 0.2625, 0.1075, 0.2264, 0.0377, 0.2202, 0.3243, 0.1119, 0.169, 0.0733, 0.0781, 0.3198, 0.1482, 0.0061, 0.0689, 0.2186, 0.1927, 0.0962, 0.2497, 0.0178, 0.1197, 0.111, 0.1256, 0.3391, 0.1227, 0.3102, 0.3496, 0.3911, 0.2892, 0.0212, 0.0624, 0.4265, 0.2686],
  "inv_temp": [2.1097, 2.068, 2.1141, 2.0452, 2.6912, 2.3853, 2.2246, 2.2016, 2.4673, 2.088, 2.7595, 2.0089, 2.2528, 2.388, 2.054, 2.4439, 2.2771, 2.9492, 2.5569, 2.0569, 2.6267, 1.9355, 2.6112, 2.4814, 2.1954, 2.7324, 2.6905, 2.2586, 2.2659, 2.325, 2.9666, 2.5138, 2.3357, 2.4364, 2.4345, 2.5281, 2.7155, 2.6039, 2.4063, 2.7442, 2.4127, 2.2352, 2.3621, 2.5957, 1.7961, 2.3148, 1.6006, 2.2649, 2.5211, 2.4362],
  "initQF": [7.3489, 6.7025, 9.1183, 5.0665, 9.2388, 3.2594, 8.2392, 8.3994, 9.0132, 8.1158, 8.3542, 9.6788, 9.3066, 9.1365, 7.1655, 7.4606, 6.7402, 4.2014, 9.4543, 4.7761, 9.3592, 7.79, 5.9277, 7.4288, 7.6501, 8.7716, 8.3338, 9.5501, 6.3287, 4.3602, 8.9028, 6.8576, 5.4487, 9.6851, 8.4824, 6.9108, 9.6054, 7.0774, 8.7198, 8.1912, 6.6836, 7.0348, 8.308, 9.0621, 7.8617, 8.1035, 5.7496, 9.202, 6.5775, 3.8038],
  "initQU": [2.4482, 1.7122, 5.2023, 2.7706, 5.1426, 3.1163, 2.9487, 1.9385, 4.5654, 3.485, 5.6662, 3.174, 3.3652, 3.7638, 6.3969, 3.1024, 3.2496, 5.0542, 1.2684, 3.024, 1.7806, 6.3442, 5.5544, 4.8615, 1.8791, 5.0368, 1.3622, 4.3735, 4.3496, 2.9558, 5.501, 4.7693, 4.3281, 4.8373, 2.9056, 1.6673, 6.9922, 2.4189, 3.107, 2.6432, 3.2007, 3.4302, 4.8438, 1.6707, 5.3591, 6.6582, 1.3478, 2.5847, 4.1211, 1.1884]
}
