{
  "n_part": 50,
  "n_trials": 30,
  "LR_group": 0.331873657880351,
  "inv_temp_group": 3.8677747908514,
  "initQF_group": 1.7970257429406,
  "initQU_group": 5.7159040751867,
  "mu_R_group": [
    [5],
    [5]
  ],
  "sigma_R_group": 2,
  "LR": [0.2805, 0.4249, 0.3485, 0.2002, 0.3603, 0.5339, 0.2974, 0.3662, 0.386, 0.7193, 0.5836, 0.3041, 0.0423, 0.2877, 0.6009, 0.5347, 0.6872, 0.2101, 0.3686, 0.3904, 0.235, 0.4468, 0.1532, 0.3561, 0.536, 0.0728, 0.0976, 0.4731, 0.1868, 0.1587, 0.4391, 0.2354, 0.1161, 0.407, 0.2543, 0.7678, 0.8388, 0.2488, 0.4224, 0.5538, 0.6898, 0.2675, 0.2493, 0.511, 0.2402, 0.2762, 0.1557, 0.4493, 0.2003, 0.1037],
  "inv_temp": [4.5389, 3.6785, 3.8326, 3.7292, 3.6076, 4.4433, 3.8044, 3.7299, 4.1951, 3.8146, 3.7332, 3.8972, 3.8423, 3.825, 4.2258, 3.5471, 4.0581, 4.0693, 3.6636, 3.6613, 3.6025, 3.8668, 3.7635, 3.8984, 3.9378, 3.0401, 3.8035, 4.1573, 3.705, 3.9418, 3.9386, 3.7519, 3.7374, 3.8722, 3.8297, 3.4944, 3.4014, 4.1117, 3.694, 3.2924, 3.5912, 3.518, 3.3583, 3.3651, 3.6939, 3.6173, 3.9669, 3.439, 3.624, 3.5015],
  "initQF": [2.845, 2.0417, 2.9441, 4.3451, 3.0839, 3.3708, 3.6999, 3.9114, 3.0431, 1.4601, 5.3382, 1.9686, 2.8091, 1.0928, 1.9106, 1.7451, 3.1997, 3.4417, 3.6528, 2.5819, 2.4003, 2.2592, 3.3108, 1.7772, 1.1437, 1.0674, 1.3337, 3.3151, 1.1672, 3.0811, 6.4263, 1.8577, 2.9098, 5.0428, 4.4548, 2.5708, 2.5952, 2.0213, 2.1771, 4.5041, 1.3156, 1.3763, 1.2112, 1.4146, 2.8017, 3.2252, 2.0898, 3.3058, 2.6486, 1.1283],
  "initQU": [5.737, 5.1395, 5.01, 8.6191, 5.8952, 5.5779, 5.6366, 4.7613, 6.9766, 7.168, 5.0076, 6.2776, 1.264, 6.0287, 3.7685, 5.7686, 6.4072, 2.6258, 5.4292, 3.8587, 6.2897, 7.9141, 4.046, 6.361, 7.6266, 4.5102, 4.5069, 3.9565, 5.5008, 7.3716, 6.0851, 2.5702, 4.6099, 8.5911, 1.9818, 5.4927, 4.9326, 4.9975, 4.5333, 1.9888, 9.1674, 8.9014, 2.701, 2.147, 4.2603, 6.816, 5.918, 6.8968, 1.7526, 7.4607]
}
