{
  "n_part": 50,
  "n_trials": 30,
  "LR_group": 0.973484881222248,
  "inv_temp_group": 2.49379335786216,
  "initQF_group": 1.25416451902129,
  "initQU_group": 5.14705825573765,
  "mu_R_group": [
    [5],
    [5]
  ],
  "sigma_R_group": 2,
  "LR": [0.7384, 0.7033, 0.9044, 0.9689, 0.809, 0.9616, 0.8343, 0.6991, 0.8819, 0.7909, 0.9371, 0.9241, 0.9935, 0.8778, 0.7378, 0.7322, 0.8553, 0.7767, 0.8862, 0.9001, 0.8152, 0.7899, 0.7137, 0.8953, 0.7458, 0.6915, 0.7844, 0.6614, 0.9024, 0.8415, 0.9293, 0.8741, 0.8852, 0.9281, 0.9173, 0.6055, 0.7653, 0.9687, 0.9378, 0.8492, 0.8523, 0.4939, 0.9986, 0.8576, 0.6843, 0.5013, 0.7689, 0.9017, 0.9408, 0.8076],
  "inv_temp": [1.9961, 2.4203, 2.1974, 2.263, 2.7789, 3.0145, 2.8139, 2.4894, 2.6727, 2.1783, 2.4749, 2.0939, 2.1117, 2.0585, 2.3963, 2.2684, 2.8936, 2.4016, 2.0697, 2.2122, 2.4462, 2.3211, 2.4137, 2.4447, 2.7123, 2.3583, 2.3061, 2.7583, 2.4121, 2.1905, 2.8683, 3.2743, 2.6571, 2.5072, 3.0043, 2.5365, 2.3359, 2.6377, 2.4091, 2.6667, 2.3365, 3.0595, 2.8054, 2.1004, 2.9038, 2.7242, 2.6514, 2.5754, 2.3074, 2.6909],
  "initQF": [3.3871, 1.2271, 3.3984, 2.5873, 1.1361, 2.9392, 4.8537, 1.4749, 2.4891, 3.3054, 3.0982, 2.2099, 3.2434, 2.2555, 7.1834, 1.753, 3.5563, 5.6923, 3.2862, 3.976, 4.2024, 2.8838, 5.2323, 3.4994, 3.8921, 2.5649, 1.2891, 2.4201, 2.4135, 1.459, 1.109, 1.5224, 2.4122, 3.463, 1.0303, 3.296, 2.0127, 4.5101, 2.1133, 2.846, 1.6517, 3.9678, 3.994, 2.6872, 2.2753, 4.8913, 1.2727, 1.6088, 1.314, 1.0105],
  "initQU": [4.7574, 3.2888, 7.8507, 5.9226, 4.642, 8.9999, 3.7215, 3.5231, 5.6158, 5.1592, 6.346, 5.0223, 5.3047, 5.7516, 4.4749, 3.6204, 3.8604, 3.4175, 1.7278, 6.8499, 6.0018, 4.643, 3.7086, 3.2749, 6.6142, 2.813, 4.2141, 5.4981, 3.1834, 8.2455, 4.2575, 6.083, 6.7983, 5.5347, 8.0996, 4.3846, 6.973, 5.4295, 3.7661, 2.7815, 6.7727, 3.9263, 2.7136, 3.2176, 5.6922, 4.0052, 5.8817, 4.3339, 9.0731, 7.2326]
}
