{
  "n_part": 50,
  "n_trials": 30,
  "LR_group": 0.858715524431318,
  "inv_temp_group": 4.93035471299663,
  "initQF_group": 1.85766232269816,
  "initQU_group": 2.89756541955285,
  "mu_R_group": [
    [5],
    [5]
  ],
  "sigma_R_group": 2,
  "LR": [0.8545, 0.9934, 0.7342, 0.6926, 0.5878, 0.8229, 0.5229, 0.6642, 0.9613, 0.8422, 0.7782, 0.8381, 0.8787, 0.7311, 0.9835, 0.6916, 0.653, 0.6424, 0.8346, 0.7474, 0.869, 0.9237, 0.7483, 0.7197, 0.6567, 0.5962, 0.7931, 0.6739, 0.7448, 0.9273, 0.8896, 0.927, 0.7717, 0.9784, 0.9225, 0.784, 0.9307, 0.8444, 0.687, 0.9459, 0.8515, 0.5367, 0.9416, 0.7439, 0.5721, 0.8824, 0.9499, 0.8123, 0.957, 0.8094],
  "inv_temp": [4.7136, 4.7322, 4.549, 4.7888, 4.8051, 4.8142, 4.9323, 4.798, 4.5454, 4.544, 4.4805, 4.9884, 4.72, 4.7899, 4.5953, 4.4311, 4.9601, 4.9548, 4.9891, 4.7571, 4.4988, 4.8685, 4.8673, 4.6638, 4.4515, 4.5457, 4.792, 4.6653, 4.2156, 4.9745, 4.7323, 4.8993, 4.9318, 4.6795, 4.7948, 4.8097, 4.8728, 4.9057, 4.8126, 4.7918, 4.8982, 4.7559, 4.5888, 4.1882, 4.7595, 4.2668, 4.9576, 4.2146, 4.9648, 4.6988],
  "initQF": [3.023, 1.6188, 1.9317, 4.8413, 2.0552, 1.8789, 1.6577, 3.2895, 6.2712, 4.5546, 1.5531, 4.0649, 1.7303, 3.7994, 2.2262, 2.6266, 2.5824, 3.6323, 5.3142, 1.2385, 3.1712, 5.2066, 2.4166, 3.2008, 4.0923, 5.3571, 1.3939, 3.7442, 3.2185, 3.0549, 1.5456, 1.9957, 1.9945, 1.833, 2.8337, 4.4773, 2.2377, 3.411, 3.3134, 5.1987, 1.9127, 3.2803, 5.3322, 3.6369, 1.0299, 3.6476, 1.7292, 3.389, 1.6775, 5.165],
  "initQU": [1.2044, 3.8359, 1.3089, 2.2385, 2.0457, 1.2301, 2.841, 1.4665, 2.6605, 2.3956, 3.8754, 3.6543, 1.8415, 4.3403, 1.6794, 3.865, 2.8861, 3.8773, 1.8348, 4.7246, 1.3221, 1.215, 2.7512, 1.8358, 4.1033, 4.4235, 4.1077, 3.8377, 5.9797, 1.3436, 1.1772, 2.4821, 5.403, 2.0982, 2.7133, 1.8975, 2.1086, 4.985, 1.6634, 1.0804, 4.7962, 4.0487, 2.4515, 9.3871, 3.7849, 4.2909, 3.6644, 1.9771, 5.4349, 3.9191]
}
