{
  "n_part": 50,
  "n_trials": 30,
  "LR_group": 0.615349319530651,
  "inv_temp_group": 4.22367370920256,
  "initQF_group": 5.32731460593641,
  "initQU_group": 3.35655351285823,
  "mu_R_group": [
    [5],
    [5]
  ],
  "sigma_R_group": 2,
  "LR": [0.5499, 0.4708, 0.3365, 0.6672, 0.7557, 0.383, 0.1876, 0.8106, 0.5554, 0.6715, 0.9024, 0.3801, 0.7843, 0.5884, 0.3605, 0.3533, 0.2258, 0.9504, 0.1917, 0.6902, 0.9093, 0.6813, 0.8344, 0.5783, 0.3006, 0.6092, 0.7996, 0.5469, 0.8247, 0.5789, 0.7072, 0.8209, 0.3249, 0.7841, 0.5847, 0.6998, 0.3694, 0.5246, 0.7848, 0.1836, 0.6506, 0.5431, 0.3523, 0.4917, 0.8254, 0.6749, 0.7333, 0.5599, 0.6705, 0.7383],
  "inv_temp": [4.6024, 4.0145, 3.7688, 4.2937, 3.9513, 4.0967, 4.4392, 4.0666, 4.4377, 4.0332, 3.9794, 4.4329, 4.3287, 4.7824, 3.9339, 4.4622, 4.0076, 4.6376, 3.7694, 3.946, 4.1952, 4.4936, 4.2984, 4.3402, 4.6902, 3.7214, 3.943, 4.1058, 4.3717, 4.7353, 3.8235, 4.0347, 4.2752, 4.102, 3.8971, 4.3158, 4.3634, 4.9169, 4.3636, 4.1878, 4.3903, 4.1911, 4.171, 4.7905, 4.0213, 4.2977, 4.3988, 4.1898, 3.8728, 4.7864],
  "initQF": [7.797, 5.2831, 4.4984, 3.7896, 5.3883, 3.7432, 6.2086, 4.4887, 4.0213, 7.6775, 4.4546, 7.6801, 3.6112, 4.5762, 6.4721, 4.2508, 4.467, 7.4545, 6.298, 6.1248, 6.4099, 4.4404, 4.7327, 3.4307, 1.1924, 6.9123, 4.1675, 3.7475, 7.2799, 3.4565, 4.645, 4.8583, 3.0219, 2.9569, 1.9849, 7.2273, 5.7879, 6.6118, 8.806, 3.1014, 5.4868, 3.9023, 8.9188, 5.9702, 5.8968, 8.7183, 6.1163, 7.9115, 5.3268, 3.6498],
  "initQU": [1.6451, 2.9833, 3.915, 4.6735, 5.0397, 6.2728, 2.4758, 4.4327, 2.2019, 2.9068, 1.5915, 2.3594, 3.6722, 4.7047, 4.5322, 3.2624, 5.3282, 3.3008, 4.3977, 5.6428, 1.0424, 2.1369, 4.8722, 3.9675, 4.1463, 6.5412, 7.127, 4.2125, 3.2846, 1.1938, 4.8182, 5.5414, 2.2721, 5.594, 7.4781, 3.2597, 5.3402, 5.4242, 5.1949, 2.7655, 4.8556, 2.7847, 4.1815, 7.3519, 1.4562, 4.3124, 6.0111, 3.3718, 4.4349, 5.636]
}
