{
  "n_part": 50,
  "n_trials": 30,
  "LR_group": 0.975166175048798,
  "inv_temp_group": 3.24753750348464,
  "initQF_group": 8.5944000731688,
  "initQU_group": 6.76453468832187,
  "mu_R_group": [
    [5],
    [5]
  ],
  "sigma_R_group": 2,
  "LR": [0.9039, 0.9135, 0.9789, 0.9084, 0.6714, 0.9076, 0.6427, 0.8965, 0.9464, 0.9001, 0.9849, 0.9838, 0.8342, 0.8591, 0.8758, 0.9755, 0.7826, 0.7825, 0.8138, 0.7447, 0.9368, 0.7809, 0.9769, 0.6634, 0.8722, 0.9361, 0.7392, 0.9524, 0.9988, 0.7503, 0.6679, 0.9616, 0.8486, 0.8043, 0.9289, 0.6629, 0.9062, 0.9139, 0.743, 0.8228, 0.8457, 0.642, 0.7037, 0.9244, 0.7547, 0.906, 0.7883, 0.805, 0.9327, 0.8938],
  "inv_temp": [3.3867, 3.6593, 3.5852, 3.003, 3.5662, 3.3164, 2.874, 2.6931, 3.236, 3.3844, 3.1543, 2.8684, 3.2575, 3.0727, 3.5521, 3.218, 3.1495, 2.987, 3.1341, 3.6358, 2.2119, 3.6188, 2.9758, 3.0409, 3.3027, 3.511, 3.154, 3.6338, 3.3794, 3.2345, 3.163, 3.6086, 2.7486, 3.744, 3.3813, 3.432, 3.1602, 3.5437, 3.2638, 3.2256, 3.4701, 3.3617, 3.9153, 3.0989, 2.861, 3.4165, 2.6345, 3.0584, 2.7572, 3.5009],
  "initQF": [4.564, 8.6459, 8.0504, 6.4243, 7.4602, 6.6466, 9.3118, 7.6381, 7.6604, 7.1539, 6.6365, 8.8666, 8.1776, 8.1714, 6.0119, 8.9539, 8.9855, 6.3982, 7.4321, 9.4217, 5.7625, 7.9555, 4.1323, 6.4686, 9.3351, 5.7231, 9.3502, 9.4874, 7.0134, 8.8711, 5.739, 7.0086, 8.552, 8.6096, 7.9627, 9.2533, 8.8035, 7.1809, 6.954, 9.1016, 8.1501, 9.8272, 8.9496, 9.8875, 8.8935, 8.8403, 6.6371, 7.7503, 6.4687, 4.9267],
  "initQU": [9.2758, 5.428, 4.5192, 8.2063, 9.7822, 7.7934, 8.3572, 9.482, 9.6434, 7.7983, 6.6641, 8.5911, 5.8101, 4.8952, 9.9794, 9.0042, 5.7459, 5.4468, 9.0159, 7.3361, 7.3994, 5.8341, 5.8739, 6.891, 6.233, 4.8934, 5.2314, 7.9658, 6.2055, 8.0873, 6.5496, 6.0552, 6.4328, 8.2465, 8.2706, 7.7545, 4.9781, 6.9548, 6.7951, 5.9389, 5.7861, 4.8481, 6.462, 1.4767, 3.3527, 6.1021, 7.0857, 7.7334, 2.2195, 5.6195]
}
