{
  "n_part": 50,
  "n_trials": 30,
  "LR_group": 0.249778798548505,
  "inv_temp_group": 2.87120817578398,
  "initQF_group": 1.16061693709344,
  "initQU_group": 2.94801396783441,
  "mu_R_group": [
    [5],
    [5]
  ],
  "sigma_R_group": 2,
  "LR": [0.6576, 0.2396, 0.3339, 0.5519, 0.0833, 0.1541, 0.0591, 0.1146, 0.4216, 0.363, 0.4039, 0.3533, 0.4168, 0.1025, 0.1769, 0.4808, 0.2289, 0.6835, 0.5791, 0.3399, 0.3205, 0.4982, 0.4011, 0.4943, 0.5862, 0.1028, 0.0708, 0.0546, 0.3921, 0.2221, 0.4245, 0.3934, 0.4493, 0.6951, 0.3545, 0.2392, 0.1521, 0.6911, 0.2029, 0.0548, 0.4892, 0.3944, 0.3393, 0.0708, 0.3217, 0.1047, 0.1216, 0.0322, 0.086, 0.479],
  "inv_temp": [3.1827, 2.5087, 2.7926, 3.3495, 2.7995, 2.525, 2.8991, 2.2895, 2.944, 3.4315, 2.62, 2.93, 2.6505, 2.5388, 3.2963, 2.6954, 3.2839, 2.8227, 3.0924, 2.8007, 3.2328, 2.6001, 2.6486, 2.7756, 2.6458, 3.0574, 2.9578, 2.7769, 2.0009, 2.6894, 2.6058, 2.8579, 2.9752, 2.8838, 2.3803, 3.3525, 2.7683, 3.1394, 2.9249, 2.176, 2.3075, 3.1023, 3.328, 2.6389, 2.3201, 3.2021, 2.7813, 3.2198, 2.7885, 2.6959],
  "initQF": [2.1465, 4.0984, 3.8032, 3.5248, 5.4343, 1.834, 4.4168, 3.2702, 7.0453, 4.3508, 2.0227, 3.0092, 2.0187, 4.0871, 1.4678, 1.0555, 4.3422, 6.7119, 2.193, 1.7887, 2.8644, 2.4369, 2.7015, 2.4125, 1.2958, 4.3166, 4.8917, 4.4041, 1.805, 1.0051, 1.8082, 1.1526, 3.4247, 6.2494, 1.974, 6.143, 1.1049, 1.1446, 5.3192, 3.715, 4.2755, 2.023, 3.5495, 3.3311, 1.7866, 2.4048, 2.0772, 1.0888, 5.5777, 3.0554],
  "initQU": [9.4647, 2.7556, 2.6266, 1.8025, 1.699, 2.5057, 4.3185, 2.5604, 1.9592, 2.7921, 4.6777, 4.8714, 3.181, 3.9547, 3.3572, 5.1584, 1.1706, 5.0968, 2.5302, 1.733, 3.3543, 3.3381, 2.8787, 2.7802, 3.1252, 3.4121, 3.1846, 4.8151, 4.8792, 3.2676, 3.7483, 2.3394, 2.6491, 4.4872, 3.5717, 4.3682, 2.2963, 2.4621, 2.9885, 3.4299, 1.3165, 3.3545, 1.6215, 3.7087, 5.2032, 5.2063, 2.9912, 3.8766, 7.6597, 4.0259]
}
