{
  "n_part": 50,
  "n_trials": 30,
  "LR_group": 0.465441407170147,
  "inv_temp_group": 4.43772223312408,
  "initQF_group": 9.62644380098209,
  "initQU_group": 4.56547354860231,
  "mu_R_group": [
    [5],
    [5]
  ],
  "sigma_R_group": 2,
  "LR": [0.4008, 0.346, 0.4137, 0.3991, 0.563, 0.4626, 0.7431, 0.3515, 0.5696, 0.3798, 0.5244, 0.5203, 0.4897, 0.6364, 0.136, 0.5634, 0.7563, 0.4545, 0.519, 0.9309, 0.8753, 0.4872, 0.3447, 0.3718, 0.6813, 0.6864, 0.1253, 0.6974, 0.6781, 0.4041, 0.327, 0.4501, 0.3998, 0.2512, 0.9251, 0.1928, 0.34, 0.0659, 0.3421, 0.637, 0.5339, 0.6883, 0.4071, 0.6292, 0.5217, 0.497, 0.5806, 0.4621, 0.1822, 0.8892],
  "inv_temp": [4.7024, 4.341, 4.4583, 4.2603, 4.2176, 4.4204, 4.1375, 4.367, 4.1858, 4.8315, 4.382, 4.5953, 4.756, 4.3863, 4.5505, 4.8559, 4.5043, 4.7329, 4.2986, 4.4433, 4.6087, 4.2229, 4.0445, 4.3079, 4.3448, 4.3435, 4.2457, 4.8113, 4.5903, 4.5105, 4.7793, 4.2042, 3.8234, 4.9219, 4.5704, 4.4646, 4.5153, 4.7469, 4.3669, 4.2028, 4.1235, 4.2683, 4.7785, 4.5471, 4.7161, 4.3776, 4.9406, 4.5634, 4.6596, 4.0013],
  "initQF": [8.4595, 9.7712, 9.1952, 7.9148, 8.2808, 9.2105, 8.0713, 8.0019, 5.3331, 9.8518, 5.673, 4.7238, 9.4405, 6.61, 7.9463, 4.2868, 6.6625, 9.5796, 6.7746, 9.8647, 9.8572, 9.7683, 9.4668, 7.3245, 5.5765, 8.4776, 9.0574, 5.6595, 9.155, 9.9136, 9.3203, 8.2489, 7.7839, 9.7037, 8.3682, 9.4329, 8.2223, 8.2976, 9.9397, 8.6502, 8.7169, 6.2554, 9.8535, 7.7466, 8.9256, 9.8827, 8.9684, 7.6358, 8.1261, 9.3532],
  "initQU": [4.0612, 6.467, 5.0219, 6.3238, 5.0547, 2.2978, 3.5363, 1.9767, 5.6209, 2.5903, 4.9464, 4.0738, 3.8749, 7.457, 3.9118, 4.5011, 6.707, 1.1058, 4.1069, 4.6066, 2.8402, 6.4692, 6.1648, 3.5935, 3.8767, 2.5219, 3.8372, 4.5319, 2.68, 6.8104, 6.2507, 6.8692, 4.0674, 4.0076, 4.0913, 3.3474, 3.5413, 7.2001, 5.5586, 4.7466, 4.1446, 6.2826, 3.4946, 3.8304, 4.0158, 2.2913, 7.2203, 5.2364, 5.0166, 5.2281]
}
