{
  "n_part": 50,
  "n_trials": 30,
  "LR_group": 0.432512472616509,
  "inv_temp_group": 4.25765779218636,
  "initQF_group": 7.92305295309052,
  "initQU_group": 9.26050334051251,
  "mu_R_group": [
    [5],
    [5]
  ],
  "sigma_R_group": 2,
  "LR": [0.2391, 0.0854, 0.4623, 0.4207, 0.5749, 0.2757, 0.687, 0.3852, 0.5703, 0.6059, 0.3571, 0.4429, 0.693, 0.5879, 0.4092, 0.1798, 0.7652, 0.712, 0.3712, 0.5637, 0.6929, 0.4674, 0.4976, 0.0246, 0.37, 0.5481, 0.2739, 0.5417, 0.6472, 0.3657, 0.4321, 0.647, 0.6261, 0.1936, 0.5857, 0.474, 0.3699, 0.5448, 0.3264, 0.3911, 0.5534, 0.4663, 0.5571, 0.313, 0.4672, 0.47, 0.3653, 0.6359, 0.421, 0.4945],
  "inv_temp": [4.0045, 3.8602, 4.8609, 3.8071, 4.5086, 4.4765, 4.7839, 4.337, 3.9971, 4.3157, 4.0798, 4.2494, 4.5478, 4.7205, 4.3658, 4.1987, 4.2781, 4.3688, 4.0984, 4.1209, 4.2796, 4.2303, 4.5763, 4.1723, 4.2912, 4.1025, 4.4865, 4.0682, 4.549, 3.8527, 3.898, 4.2453, 4.364, 4.2966, 4.6329, 4.986, 4.8806, 4.1615, 4.496, 4.6201, 3.9452, 4.6629, 4.3266, 4.3947, 3.9294, 3.8394, 4.3263, 3.8078, 3.4504, 4.5661],
  "initQF": [5.416, 8.3096, 6.9501, 9.1134, 9.9122, 8.472, 8.5722, 3.9932, 8.2245, 9.2486, 8.1332, 5.1643, 9.1358, 6.6278, 5.6909, 6.8582, 9.3069, 5.652, 7.5817, 9.0989, 7.4224, 4.8216, 8.0994, 9.6513, 8.869, 6.6459, 8.1553, 9.6354, 5.6463, 5.4939, 6.544, 4.0565, 6.4446, 7.1846, 9.0605, 6.8636, 5.1175, 7.8391, 6.4046, 6.6649, 8.5404, 8.5251, 7.0065, 8.2018, 4.6936, 8.5596, 6.1325, 7.7679, 7.6715, 9.8985],
  "initQU": [5.7788, 9.1291, 5.517, 6.7984, 7.6731, 8.5441, 7.6651, 7.2512, 7.3764, 8.3393, 7.4918, 9.8754, 8.0589, 7.343, 8.3091, 8.0535, 9.004, 9.4538, 7.1865, 8.3997, 8.2343, 4.8208, 9.1842, 8.8967, 8.8521, 8.3866, 9.3011, 7.8934, 5.1789, 8.0239, 8.0661, 9.0006, 7.0274, 8.0593, 9.1185, 8.7525, 8.0433, 8.8497, 9.8865, 8.6242, 6.5842, 9.2546, 6.3839, 7.9267, 8.0587, 7.8844, 9.5776, 8.9914, 8.7174, 9.5206]
}
