{
  "n_part": 50,
  "n_trials": 30,
  "LR_group": 0.812890290515497,
  "inv_temp_group": 3.12339571071789,
  "initQF_group": 2.94592794892378,
  "initQU_group": 3.92453784239478,
  "mu_R_group": [
    [5],
    [5]
  ],
  "sigma_R_group": 2,
  "LR": [0.9674, 0.8788, 0.9733, 0.7307, 0.7712, 0.3358, 0.588, 0.8787, 0.7183, 0.9828, 0.9218, 0.8118, 0.6434, 0.39, 0.8574, 0.988, 0.9835, 0.63, 0.7629, 0.7947, 0.9203, 0.9369, 0.5541, 0.9315, 0.7101, 0.7562, 0.4732, 0.7308, 0.8529, 0.5454, 0.832, 0.8557, 0.5183, 0.5424, 0.9601, 0.8076, 0.8541, 0.796, 0.9042, 0.7759, 0.79, 0.8339, 0.8157, 0.6327, 0.8671, 0.6921, 0.7475, 0.9583, 0.6491, 0.5247],
  "inv_temp": [3.104, 3.4512, 2.6482, 3.9237, 2.9271, 3.1512, 3.6493, 2.9309, 3.0814, 3.0439, 2.9761, 3.2911, 3.3425, 3.1024, 3.287, 2.8415, 2.8558, 3.0243, 2.4671, 3.3432, 3.6037, 3.1824, 3.192, 3.0272, 3.5554, 3.1252, 2.5623, 3.3099, 2.9398, 3.1033, 3.1134, 3.0556, 3.5068, 2.9908, 3.4706, 3.119, 3.0167, 3.496, 3.0624, 3.3731, 3.1844, 3.3107, 2.8995, 2.9922, 3.4225, 2.8109, 3.2136, 3.0324, 3.2239, 2.7982],
  "initQF": [1.2856, 3.0655, 4.9925, 3.2057, 1.8198, 5.4665, 2.176, 6.4611, 3.9617, 4.016, 5.1367, 1.8262, 3.1421, 2.8019, 2.4958, 3.844, 4.4471, 3.9898, 3.0098, 1.1293, 4.6789, 2.4558, 2.0825, 3.5069, 4.2529, 2.3019, 3.2465, 2.6938, 4.4197, 2.1893, 2.8277, 2.007, 2.8295, 3.3314, 1.9769, 4.4672, 1.0566, 3.192, 2.8194, 4.7021, 4.0679, 1.2501, 3.7232, 4.9187, 3.1006, 2.4348, 6.832, 1.7141, 5.2972, 2.8741],
  "initQU": [2.8819, 7.4996, 4.4321, 1.4816, 6.0505, 2.3565, 3.8592, 1.6373, 4.569, 2.7199, 4.2122, 4.4914, 4.1314, 2.7654, 2.2288, 4.5721, 5.3786, 1.7872, 3.2659, 3.8003, 4.917, 4.0039, 3.6203, 7.9009, 3.6907, 4.9708, 2.2114, 5.2172, 3.3213, 3.0162, 2.3226, 4.0579, 2.0695, 1.4517, 3.6069, 3.4564, 8.8319, 5.7343, 2.1654, 4.7201, 3.339, 6.2695, 3.6634, 3.8986, 5.0558, 2.7795, 5.2099, 7.787, 3.4302, 1.9089]
}
