{
  "n_part": 50,
  "n_trials": 30,
  "LR_group": 0.934501666808501,
  "inv_temp_group": 4.32034580502659,
  "initQF_group": 7.41544882184826,
  "initQU_group": 6.07585116894916,
  "mu_R_group": [
    [5],
    [5]
  ],
  "sigma_R_group": 2,
  "LR": [0.7863, 0.7513, 0.8258, 0.9673, 0.9756, 0.7136, 0.7678, 0.7235, 0.6875, 0.8893, 0.7273, 0.7186, 0.6732, 0.918, 0.866, 0.9308, 0.9171, 0.8697, 0.6805, 0.705, 0.7461, 0.997, 0.6718, 0.8872, 0.5583, 0.9699, 0.8812, 0.7891, 0.6622, 0.8744, 0.6536, 0.9045, 0.8852, 0.9592, 0.9245, 0.7108, 0.9647, 0.5462, 0.834, 0.9548, 0.8803, 0.9945, 0.744, 0.8607, 0.7692, 0.4898, 0.7259, 0.794, 0.8394, 0.9648],
  "inv_temp": [4.465, 4.4568, 4.4042, 4.3738, 4.3443, 3.6446, 4.6948, 4.2657, 4.332, 4.4143, 4.1986, 4.6273, 4.3972, 3.9599, 4.1036, 4.0815, 4.3345, 4.4164, 4.217, 3.857, 4.3203, 3.9852, 4.6191, 3.7535, 3.9932, 3.9283, 4.4366, 4.2807, 4.5425, 4.4842, 4.0332, 4.3005, 4.5536, 4.2181, 4.6898, 4.3046, 3.9597, 4.3533, 4.3066, 4.7048, 4.1857, 4.3486, 4.2462, 4.3025, 4.4762, 4.4996, 4.5893, 4.3459, 4.5004, 4.1234],
  "initQF": [6.6009, 6.3042, 7.5074, 8.0315, 6.9307, 6.6845, 6.9481, 9.4363, 8.2455, 8.1463, 5.8463, 8.9721, 7.667, 7.078, 9.9284, 7.5566, 4.6352, 6.8305, 4.6628, 7.0319, 8.3382, 8.9755, 8.9324, 5.6791, 9.6931, 6.7004, 7.4947, 8.1855, 9.3206, 7.6951, 6.5993, 5.2854, 8.3531, 4.5696, 9.6555, 8.3056, 4.5558, 9.5525, 8.885, 9.328, 8.8511, 5.285, 6.3761, 9.4126, 9.271, 6.0904, 3.3565, 6.3357, 9.5986, 9.5976],
  "initQU": [6.3049, 9.2614, 7.8268, 3.8769, 6.2844, 5.1168, 8.0381, 6.124, 4.5158, 6.5837, 7.23, 7.8254, 6.5993, 3.514, 7.63, 1.1854, 8.0488, 5.4162, 3.2641, 6.3059, 2.0385, 5.7961, 4.9789, 6.0148, 7.1352, 5.2787, 9.0889, 9.025, 4.7632, 3.2576, 7.6661, 8.2307, 6.356, 4.5796, 6.6907, 3.7583, 3.4277, 6.5584, 5.6112, 6.0581, 4.8678, 5.8138, 6.1909, 4.1515, 3.9676, 7.9767, 2.9127, 6.8116, 6.5817, 6.5325]
}
