{
  "n_part": 50,
  "n_trials": 30,
  "LR_group": 0.313130006426945,
  "inv_temp_group": 0.0430330540984869,
  "initQF_group": 4.66339817084372,
  "initQU_group": 2.10196963138878,
  "mu_R_group": [
    [5],
    [5]
  ],
  "sigma_R_group": 2,
  "LR": [0.2495, 0.1559, 0.1973, 0.5509, 0.5725, 0.3191, 0.2807, 0.2047, 0.1957, 0.3205, 0.1298, 0.6795, 0.1794, 0.2991, 0.1041, 0.139, 0.5318, 0.4995, 0.6314, 0.4638, 0.2189, 0.6278, 0.1442, 0.2489, 0.4507, 0.5827, 0.7925, 0.1813, 0.2605, 0.2378, 0.3155, 0.5853, 0.2608, 0.7349, 0.4876, 0.6797, 0.0482, 0.638, 0.3341, 0.4457, 0.1617, 0.774, 0.3988, 0.4093, 0.2121, 0.5604, 0.3436, 0.4181, 0.2263, 0.4315],
  "inv_temp": [0.1682, 0.5689, 0.271, 0.296, 0.1281, 0.2232, 0.0565, 0.1087, 0.1482, 0.0014, 0.0595, 0.5675, 0.3344, 0.0389, 0.1127, 0.0991, 0.0671, 0.0177, 0.3754, 0.0144, 0.2734, 0.3024, 0.1779, 0.7208, 0.215, 0.1131, 0.4767, 0.1868, 0.2183, 0.0372, 0.468, 0.1264, 0.2998, 0.216, 0.5525, 0.6814, 0.511, 0.0272, 0.1903, 0.3532, 0.3124, 0.2555, 0.117, 0.0656, 0.0522, 0.1365, 0.3852, 0.0981, 0.2591, 0.495],
  "initQF": [3.0255, 6.912, 5.2183, 4.4715, 5.6795, 4.8556, 4.8133, 5.9608, 5.1012, 1.6743, 8.878, 7.4031, 6.4752, 4.1179, 2.4799, 5.0185, 3.6875, 8.1007, 5.2644, 3.5374, 4.1714, 2.0215, 1.0791, 4.719, 4.264, 2.1922, 8.9681, 6.2525, 4.334, 6.1375, 2.5413, 3.4132, 5.4213, 7.0332, 4.7302, 5.2613, 2.7361, 9.421, 5.1713, 5.5046, 5.0404, 4.8583, 7.956, 3.3185, 2.5338, 6.3561, 3.3794, 1.9032, 3.7557, 4.7246],
  "initQU": [1.1905, 2.2398, 3.7697, 1.8172, 4.0368, 2.8446, 3.2668, 2.2855, 1.6195, 2.1638, 5.163, 1.7176, 1.8591, 3.6884, 3.6238, 4.0892, 3.3172, 2.9237, 2.2992, 1.1107, 1.5264, 6.6453, 5.9252, 6.0856, 4.804, 2.1222, 2.887, 1.5215, 1.8859, 1.0241, 1.6753, 1.7286, 5.4256, 1.8953, 5.3464, 3.7582, 1.7909, 3.8267, 1.9897, 2.5309, 1.7075, 2.3533, 2.4616, 2.0523, 3.0451, 2.736, 4.2714, 1.5188, 3.7394, 5.4357]
}
