{
  "n_part": 50,
  "n_trials": 30,
  "LR_group": 0.714801958063617,
  "inv_temp_group": 4.58457434200682,
  "initQF_group": 8.63387156371027,
  "initQU_group": 3.77671211282723,
  "mu_R_group": [
    [5],
    [5]
  ],
  "sigma_R_group": 2,
  "LR": [0.8668, 0.5384, 0.8595, 0.7242, 0.9583, 0.6462, 0.6375, 0.967, 0.6227, 0.7486, 0.5291, 0.6464, 0.7971, 0.6774, 0.6927, 0.717, 0.796, 0.6596, 0.8398, 0.9671, 0.9611, 0.4896, 0.5476, 0.6256, 0.6594, 0.4384, 0.9457, 0.3835, 0.8247, 0.7317, 0.7039, 0.6081, 0.9696, 0.8141, 0.6985, 0.7548, 0.6898, 0.5726, 0.6169, 0.8147, 0.5596, 0.5539, 0.3891, 0.9173, 0.6249, 0.7779, 0.9299, 0.6449, 0.995, 0.4357],
  "inv_temp": [4.2492, 4.5682, 4.5561, 4.4542, 4.7369, 4.5808, 4.9102, 4.884, 4.5334, 4.8748, 4.5113, 4.5604, 4.5583, 4.3613, 4.7985, 4.4549, 4.161, 4.7883, 4.8694, 4.7013, 4.3388, 4.5009, 4.9689, 4.7215, 4.5123, 4.9015, 4.9, 4.5624, 4.231, 4.7241, 4.3431, 4.4668, 4.2854, 4.7073, 4.9757, 4.4417, 4.6168, 4.158, 4.7793, 4.0221, 4.5983, 4.8905, 4.8438, 4.1524, 4.9218, 4.7895, 4.2742, 4.7729, 4.5299, 4.2484],
  "initQF": [8.4824, 6.08, 6.0233, 8.2487, 6.1213, 9.9507, 5.9262, 6.3896, 5.2327, 8.3198, 9.1791, 6.7953, 8.2703, 6.873, 7.3379, 6.8124, 7.4582, 9.2195, 8.5001, 9.495, 7.6844, 7.1038, 7.7113, 9.6172, 9.2424, 7.4656, 8.5809, 6.1253, 8.6992, 7.0756, 8.8289, 5.7906, 9.296, 7.6629, 6.9214, 6.3799, 9.9992, 8.4767, 6.6042, 7.7678, 9.0603, 9.6671, 5.1417, 7.517, 7.5645, 5.2002, 9.0241, 8.293, 4.5995, 7.3905],
  "initQU": [6.0516, 6.3487, 2.6037, 2.0422, 6.5803, 2.5997, 2.6191, 4.606, 5.8589, 3.9626, 4.0631, 4.7128, 4.0284, 5.915, 3.7056, 2.425, 4.6286, 3.8627, 4.8405, 4.9143, 3.9627, 5.1451, 4.2681, 3.8053, 1.4744, 3.8843, 5.0058, 7.5432, 4.2603, 2.5401, 4.2904, 6.3814, 4.5517, 5.6486, 3.1769, 5.5146, 2, 3.4936, 1.832, 5.3979, 2.9537, 3.5085, 6.2957, 6.071, 4.7989, 1.8713, 1.1543, 6.1308, 4.964, 3.4317]
}
