{
  "n_part": 50,
  "n_trials": 30,
  "LR_group": 0.650138358352706,
  "inv_temp_group": 3.57373679289594,
  "initQF_group": 8.35816281894222,
  "initQU_group": 2.32814798783511,
  "mu_R_group": [
    [5],
    [5]
  ],
  "sigma_R_group": 2,
  "LR": [0.5547, 0.6154, 0.8001, 0.6508, 0.9302, 0.7351, 0.705, 0.4142, 0.9125, 0.581, 0.5277, 0.8032, 0.6954, 0.5211, 0.4699, 0.4409, 0.7227, 0.6544, 0.4762, 0.649, 0.1701, 0.4706, 0.8619, 0.6502, 0.636, 0.8217, 0.5318, 0.6763, 0.7341, 0.2561, 0.8266, 0.7504, 0.5749, 0.7176, 0.9054, 0.7814, 0.8386, 0.4566, 0.4356, 0.6214, 0.4455, 0.3384, 0.3457, 0.8841, 0.1967, 0.9512, 0.8133, 0.1896, 0.6189, 0.645],
  "inv_temp": [4.0865, 3.3641, 3.8151, 3.7865, 3.5424, 3.2256, 3.9728, 2.9521, 3.3626, 3.4282, 3.813, 3.3907, 3.3854, 3.809, 4.0713, 3.6056, 3.4755, 3.4507, 3.9464, 2.9159, 3.2522, 4.6464, 3.4201, 3.8305, 3.8935, 3.839, 3.4625, 3.8255, 3.4283, 3.854, 3.8281, 3.5764, 3.9004, 3.5907, 3.5993, 3.223, 3.5014, 3.9789, 3.5384, 2.9417, 3.519, 4.0238, 3.3497, 3.629, 3.6748, 3.0027, 3.9488, 2.6363, 3.6004, 3.9239],
  "initQF": [8.2778, 6.057, 6.6038, 5.5141, 9.707, 9.4731, 7.2649, 6.4711, 8.084, 9.9327, 8.4745, 7.9914, 9.0755, 7.4259, 8.4405, 6.4113, 6.7118, 3.1653, 5.8272, 8.4852, 9.8668, 4.9419, 6.7536, 7.0971, 9.4355, 6.7792, 8.5051, 8.3999, 8.4422, 9.7772, 8.8725, 4.9566, 8.2973, 6.4974, 7.1436, 7.7292, 7.5226, 5.9278, 7.7212, 6.5624, 5.9716, 9.6442, 8.4362, 9.9449, 9.2551, 4.5023, 7.7823, 7.8907, 8.1009, 9.0357],
  "initQU": [4.0377, 3.721, 1.7075, 1.7432, 3.048, 1.9907, 2.5284, 2.8948, 3.6432, 3.0867, 2.4534, 4.202, 3.7297, 1.3967, 3.1861, 1.3954, 2.2784, 3.5322, 1.5725, 4.0474, 2.1424, 1.8229, 6.8607, 1.9187, 2.7478, 6.3338, 3.7912, 1.6034, 2.5951, 4.3134, 2.26, 2.1534, 6.7667, 3.0337, 3.3396, 4.4722, 1.3539, 1.9469, 4.4449, 4.511, 1.8073, 3.2198, 4.2158, 2.9048, 5.4149, 1.1043, 1.6489, 1.912, 1.1422, 1.9]
}
