{
  "n_part": 50,
  "n_trials": 30,
  "LR_group": 0.529052251717076,
  "inv_temp_group": 3.66265798336826,
  "initQF_group": 9.05229869089089,
  "initQU_group": 3.56017128750682,
  "mu_R_group": [
    [5],
    [5]
  ],
  "sigma_R_group": 2,
  "LR": [0.6293, 0.3821, 0.5788, 0.4817, 0.324, 0.4453, 0.531, 0.4906, 0.2615, 0.8461, 0.3992, 0.3331, 0.3248, 0.562, 0.7164, 0.6459, 0.345, 0.3132, 0.5395, 0.5017, 0.9094, 0.5235, 0.5568, 0.4597, 0.3025, 0.4473, 0.5955, 0.5819, 0.0828, 0.4272, 0.3408, 0.79, 0.5377, 0.505, 0.1713, 0.8291, 0.5005, 0.9008, 0.3147, 0.7827, 0.5534, 0.6089, 0.5629, 0.9625, 0.305, 0.4935, 0.4315, 0.2853, 0.9824, 0.6597],
  "inv_temp": [3.405, 4.0474, 3.6631, 3.5642, 4.1439, 3.406, 3.468, 3.4243, 3.8057, 3.6155, 4.2651, 3.9262, 3.7485, 3.2619, 3.8946, 3.8197, 3.8677, 3.8229, 3.6303, 3.035, 3.6988, 3.8263, 3.6517, 3.8498, 3.6583, 3.6309, 3.6181, 3.772, 3.8404, 3.9557, 3.8084, 3.8765, 3.8039, 3.54, 3.4856, 3.7949, 3.4643, 3.5056, 3.9341, 3.1612, 3.233, 3.481, 3.3957, 3.5988, 3.718, 4.2436, 3.5761, 4.3733, 4.1099, 3.5956],
  "initQF": [8.706, 9.5507, 7.6167, 5.8208, 8.2544, 5.7523, 8.6709, 9.9426, 9.0575, 8.1175, 9.1434, 9.8421, 9.7865, 8.0738, 6.1489, 8.621, 6.064, 9.4539, 8.2267, 8.3716, 8.6163, 8.4928, 7.8261, 7.5333, 6.6844, 2.6605, 4.2566, 9.1482, 9.4998, 8.6214, 6.4855, 8.31, 7.5496, 1.2934, 8.2091, 8.7797, 5.2633, 5.2571, 8.1648, 9.9242, 7.8581, 9.2335, 8.7354, 9.4785, 9.7401, 9.9764, 9.0754, 8.4954, 9.2203, 8.6339],
  "initQU": [4.0015, 5.2904, 6.8567, 1.9646, 5.7081, 1.8319, 4.0705, 3.557, 7.0115, 3.0296, 2.9397, 3.6656, 4.9944, 2.6506, 5.0782, 3.7302, 4.9286, 6.0257, 3.0461, 4.3257, 3.2774, 8.0776, 3.9112, 4.3036, 2.7974, 4.3834, 4.1197, 5.4513, 3.144, 7.379, 3.4596, 2.0912, 3.6042, 3.4292, 8.0048, 3.2807, 5.6907, 2.076, 6.0391, 4.979, 4.8109, 2.9603, 3.1802, 1.9259, 4.3307, 3.3786, 4.4282, 4.8619, 6.2297, 4.6345]
}
