{
  "n_part": 50,
  "n_trials": 30,
  "LR_group": 0.529771512374282,
  "inv_temp_group": 1.31736903917044,
  "initQF_group": 8.04976954264566,
  "initQU_group": 3.944827104453,
  "mu_R_group": [
    [5],
    [5]
  ],
  "sigma_R_group": 2,
  "LR": [0.6833, 0.3913, 0.2097, 0.4345, 0.623, 0.0322, 0.6629, 0.8932, 0.4652, 0.4572, 0.7169, 0.2859, 0.2439, 0.4064, 0.2548, 0.27, 0.529, 0.4379, 0.7397, 0.7663, 0.3582, 0.3664, 0.9623, 0.375, 0.5748, 0.5575, 0.516, 0.2379, 0.6953, 0.1365, 0.4449, 0.3719, 0.4183, 0.529, 0.6105, 0.4639, 0.2062, 0.6325, 0.3226, 0.681, 0.906, 0.5714, 0.5082, 0.8779, 0.5505, 0.1814, 0.4953, 0.6106, 0.5042, 0.885],
  "inv_temp": [0.9238, 1.109, 1.0153, 1.0163, 0.9099, 1.8058, 1.8405, 1.0087, 1.366, 1.6243, 1.0601, 1.3039, 1.6526, 1.6633, 1.2642, 1.2759, 1.188, 1.9532, 1.3528, 1.0373, 1.3301, 1.2401, 1.327, 1.3899, 1.2664, 1.2438, 1.6203, 1.4855, 1.3497, 1.1757, 1.3966, 1.1613, 1.9068, 1.159, 1.3471, 1.6337, 1.2553, 1.3998, 1.4367, 1.2678, 1.4021, 1.214, 1.4396, 1.6579, 1.092, 1.2969, 1.3012, 1.2635, 0.7582, 1.477],
  "initQF": [7.7121, 9.4512, 5.9219, 8.0758, 8.707, 4.4957, 9.4989, 5.8199, 6.8704, 5.422, 8.4002, 7.9701, 5.9564, 9.2166, 8.2028, 8.2604, 6.1543, 8.3008, 9.0875, 9.8562, 7.8062, 7.7012, 5.7439, 8.3058, 8.1361, 7.6232, 6.1341, 7.1048, 9.1671, 9.9052, 7.9382, 9.2241, 8.5133, 9.7933, 4.3328, 7.456, 6.654, 8.3306, 7.0356, 7.0443, 5.3936, 8.6706, 7.0034, 7.4078, 7.6058, 7.4491, 9.371, 7.6725, 7.551, 5.6812],
  "initQU": [5.0256, 4.3739, 6.442, 4.3358, 4.4436, 4.1366, 1.1953, 6.451, 5.1871, 6.7255, 2.068, 5.4296, 4.3699, 4.5092, 7.2269, 4.8713, 4.0681, 3.3633, 7.6426, 2.8667, 3.2805, 2.6081, 3.7708, 2.1762, 4.0955, 4.9154, 5.2358, 4.5929, 6.1596, 2.9124, 6.3182, 1.6858, 6.0732, 2.8682, 3.0935, 3.3354, 5.3781, 5.2388, 4.9547, 6.7361, 6.2626, 3.8022, 4.0052, 5.493, 4.7286, 3.2136, 4.2563, 2.0618, 5.7882, 3.179]
}
