{
  "n_part": 50,
  "n_trials": 30,
  "LR_group": 0.133586483076215,
  "inv_temp_group": 0.993813258828595,
  "initQF_group": 8.40929367090575,
  "initQU_group": 8.001592540415,
  "mu_R_group": [
    [5],
    [5]
  ],
  "sigma_R_group": 2,
  "LR": [0.3929, 0.2236, 0.4849, 0.0364, 0.5112, 0.0528, 0.3544, 0.0597, 0.2975, 0.0833, 0.1891, 0.4444, 0.1754, 0.0809, 0.02, 0.0955, 0.4532, 0.1194, 0.3498, 0.569, 0.3265, 0.1022, 0.1412, 0.2028, 0.2421, 0.3521, 0.0875, 0.0486, 0.1406, 0.0772, 0.1426, 0.1312, 0.2807, 0.0132, 0.3709, 0.4707, 0.1491, 0.0934, 0.0469, 0.0123, 0.258, 0.1286, 0.0933, 0.0184, 0.2235, 0.06, 0.0781, 0.1125, 0.1729, 0.012],
  "inv_temp": [0.8765, 0.4565, 0.9956, 1.1564, 1.1607, 0.9107, 1.0901, 0.9195, 1.1355, 1.7276, 1.0886, 1.1788, 0.2523, 1.2444, 0.4584, 0.1485, 0.8374, 1.1313, 1.1203, 0.8813, 0.6961, 0.8077, 0.6827, 1.3028, 0.5865, 1.3798, 0.8588, 0.9423, 0.6987, 1.2622, 1.3247, 1.078, 1.0908, 1.5254, 0.6482, 1.0767, 0.7455, 0.995, 0.9076, 1.104, 1.0697, 0.7354, 1.0342, 0.8474, 0.3108, 1.8192, 0.6234, 1.1496, 1.286, 1.4355],
  "initQF": [8.0644, 4.225, 7.3504, 7.13, 3.3869, 9.8279, 8.0817, 3.7827, 8.8907, 6.608, 7.1089, 9.3419, 9.9744, 5.0225, 7.72, 7.8003, 9.2861, 4.7838, 6.7386, 7.2855, 7.525, 3.8282, 8.5021, 8.3836, 6.7512, 8.2098, 7.8532, 8.3717, 9.4027, 7.3249, 6.4627, 7.7053, 9.2897, 9.4743, 7.9658, 6.757, 9.9805, 8.3725, 7.1339, 5.6559, 6.4179, 9.8033, 8.6828, 8.2825, 4.8417, 9.5757, 7.8552, 9.239, 6.2013, 8.921],
  "initQU": [9.6626, 6.7202, 6.4988, 5.7359, 9.9815, 8.5019, 5.1924, 8.0998, 8.631, 9.8727, 9.4586, 7.7013, 7.4606, 8.8028, 9.7578, 9.6895, 6.8974, 7.7729, 9.127, 8.3437, 8.5409, 5.0473, 8.6771, 7.8271, 7.6578, 7.2687, 7.3894, 8.8197, 7.7347, 8.7177, 8.4139, 8.5906, 4.6536, 9.7222, 8.528, 5.2156, 8.758, 5.7703, 7.2642, 9.4331, 9.1407, 7.2572, 5.2375, 9.494, 9.1629, 8.2246, 5.6684, 8.7087, 6.4585, 9.5504]
}
