{
  "n_part": 50,
  "n_trials": 30,
  "LR_group": 0.267707024235278,
  "inv_temp_group": 3.04119997075759,
  "initQF_group": 2.17226856946945,
  "initQU_group": 9.25683776452206,
  "mu_R_group": [
    [5],
    [5]
  ],
  "sigma_R_group": 2,
  "LR": [0.2694, 0.6141, 0.2239, 0.4053, 0.3341, 0.1679, 0.4816, 0.1913, 0.5078, 0.3232, 0.1602, 0.0923, 0.475, 0.5442, 0.256, 0.1789, 0.5859, 0.4893, 0.2262, 0.0516, 0.1897, 0.3491, 0.3364, 0.3952, 0.3406, 0.475, 0.22, 0.3244, 0.159, 0.5829, 0.0381, 0.1196, 0.2014, 0.2238, 0.2549, 0.2554, 0.2739, 0.4733, 0.3426, 0.2399, 0.3152, 0.3088, 0.2124, 0.6316, 0.1474, 0.2468, 0.5174, 0.4017, 0.1363, 0.5835],
  "inv_temp": [3.1673, 3.0451, 3.1544, 3.2126, 3.1395, 3.2439, 3.334, 2.8377, 3.1662, 2.764, 3.2582, 3.414, 2.6037, 2.669, 3.185, 2.889, 3.409, 2.9053, 2.8527, 3.2036, 2.5112, 3.5154, 2.1973, 2.9736, 3.0519, 3.1712, 3.0878, 2.5303, 2.9391, 3.6091, 3.0354, 3.1667, 3.1896, 2.755, 3.2581, 2.8412, 3.3136, 3.1768, 2.8232, 3.1349, 3.3845, 2.8115, 3.3168, 2.6835, 3.0075, 3.1608, 3.2152, 2.7049, 2.5892, 3.1407],
  "initQF": [2.9526, 4.1664, 5.7726, 1.9126, 4.3315, 5.6636, 3.5356, 1.5041, 3.4972, 2.467, 2.4755, 3.7795, 1.5068, 1.7208, 4.3228, 3.5672, 2.7519, 2.9309, 2.3649, 2.9936, 3.312, 3.1678, 1.5492, 2.4144, 2.6878, 2.1047, 3.8245, 2.0202, 3.0505, 4.3556, 2.9586, 1.7905, 1.3823, 4.0313, 3.4255, 1.7247, 3.261, 3.4525, 2.9691, 7.0047, 6.1673, 1.1395, 2.765, 4.185, 1.1297, 1.6398, 3.8001, 2.6601, 1.3247, 1.5021],
  "initQU": [9.5827, 7.9714, 6.8412, 8.1994, 5.6628, 7.5009, 5.4519, 7.9588, 7.2586, 9.0149, 8.5387, 8.3618, 5.4019, 5.8996, 8.7772, 9.5835, 9.5054, 8.1383, 6.7066, 7.1514, 9.8068, 7.0063, 6.3057, 7.9649, 8.84, 4.6741, 7.2379, 7.0197, 7.6687, 6.1965, 9.9624, 8.5107, 8.0182, 8.3876, 6.29, 8.3422, 9.5211, 8.8389, 8.773, 9.8932, 7.4995, 6.9241, 7.4446, 7.2015, 8.1793, 9.8786, 6.7021, 9.4092, 9.0603, 9.7184]
}
