{
  "n_part": 50,
  "n_trials": 30,
  "LR_group": 0.335931960493326,
  "inv_temp_group": 0.626357913715765,
  "initQF_group": 4.24980354821309,
  "initQU_group": 5.97927011549473,
  "mu_R_group": [
    [5],
    [5]
  ],
  "sigma_R_group": 2,
  "LR": [0.1574, 0.2128, 0.245, 0.2568, 0.6887, 0.4928, 0.1675, 0.5643, 0.0346, 0.4833, 0.6681, 0.0482, 0.7567, 0.2503, 0.2376, 0.2675, 0.6902, 0.1619, 0.585, 0.5366, 0.2589, 0.2871, 0.1529, 0.2268, 0.6381, 0.3781, 0.2481, 0.1535, 0.4787, 0.4453, 0.0305, 0.2404, 0.8135, 0.4682, 0.4651, 0.4695, 0.1639, 0.103, 0.1849, 0.4071, 0.2619, 0.3699, 0.3402, 0.3132, 0.2258, 0.2701, 0.4183, 0.3533, 0.329, 0.1837],
  "inv_temp": [1.1853, 0.2806, 0.6829, 0.4751, 0.3856, 0.4223, 0.2718, 0.8056, 0.6696, 0.5311, 0.3419, 0.6772, 1.1341, 0.4868, 0.7411, 0.7932, 0.635, 0.8344, 0.1915, 0.844, 0.75, 0.9575, 0.1562, 0.2855, 0.7734, 0.9099, 0.522, 0.394, 1.1718, 0.8724, 0.3779, 0.6542, 0.4311, 1.0236, 0.7667, 0.3565, 0.3929, 0.5074, 0.5961, 0.7538, 0.4369, 0.6157, 0.7101, 0.8715, 0.4948, 0.5541, 0.5815, 1.0773, 0.7773, 0.2991],
  "initQF": [3.7723, 6.321, 3.5737, 3.6673, 5.642, 4.692, 2.7026, 2.0832, 1.0099, 3.5356, 3.8847, 1.7708, 3.5743, 5.5033, 5.7372, 3.8, 2.9206, 3.583, 6.282, 2.1265, 2.8829, 6.6757, 5.7059, 4.802, 3.0594, 3.5863, 2.5731, 4.9321, 2.7501, 5.9142, 4.0064, 5.7807, 2.5049, 7.2101, 7.0509, 5.2078, 6.5658, 4.7525, 8.9072, 2.9688, 4.3542, 4.4068, 4.9061, 5.3134, 5.4036, 4.3286, 4.9504, 5.4842, 8.1555, 2.9561],
  "initQU": [6.8991, 2.527, 5.0679, 6.0131, 3.3409, 2.7709, 7.9282, 5.2084, 9.112, 8.7639, 5.5171, 9.4148, 5.0448, 6.2622, 6.436, 7.7652, 4.8378, 7.2106, 6.368, 4.1285, 5.5137, 4.4193, 2.7742, 5.3262, 4.923, 6.2567, 5.877, 8.2302, 4.4665, 7.3864, 6.1199, 6.2856, 5.1458, 4.8818, 4.4481, 3.2355, 6.0846, 3.403, 6.4104, 7.5596, 8.3584, 1.4054, 3.4738, 5.7188, 7.2061, 8.4228, 1.9269, 4.2326, 6.6176, 3.6444]
}
