{
  "n_part": 50,
  "n_trials": 30,
  "LR_group": 0.513587158638984,
  "inv_temp_group": 0.585295922355726,
  "initQF_group": 9.63955384143628,
  "initQU_group": 4.56194137479179,
  "mu_R_group": [
    [5],
    [5]
  ],
  "sigma_R_group": 2,
  "LR": [0.5025, 0.0764, 0.5246, 0.6445, 0.1608, 0.5565, 0.4761, 0.5033, 0.5345, 0.4209, 0.1627, 0.492, 0.298, 0.4667, 0.5117, 0.6765, 0.6469, 0.75, 0.5286, 0.4381, 0.3454, 0.9021, 0.3084, 0.5036, 0.827, 0.3556, 0.3462, 0.2665, 0.1215, 0.6668, 0.9126, 0.2892, 0.6347, 0.723, 0.6048, 0.6321, 0.8052, 0.4666, 0.279, 0.537, 0.7165, 0.8643, 0.4565, 0.8582, 0.5407, 0.6674, 0.8473, 0.4072, 0.7768, 0.3312],
  "inv_temp": [0.1778, 0.4822, 1.0134, 0.2505, 0.1867, 0.6302, 0.9498, 1.2265, 0.2556, 0.6915, 0.4984, 1.0095, 0.9472, 0.2158, 0.3774, 0.563, 0.597, 0.5642, 0.3835, 0.5636, 0.784, 0.3332, 0.807, 0.66, 0.155, 0.5734, 0.1412, 0.993, 0.6957, 0.4483, 0.4692, 1.3077, 0.2033, 0.8527, 0.9513, 0.1892, 0.483, 0.7078, 0.0672, 0.7075, 0.3405, 1.0271, 0.7038, 0.2356, 0.507, 0.7418, 0.2834, 0.3227, 0.4199, 0.5461],
  "initQF": [8.7392, 7.1637, 9.4276, 9.5883, 7.3422, 9.0343, 9.1267, 8.9199, 8.6667, 8.8259, 7.9811, 8.4469, 7.4796, 8.296, 9.516, 8.6492, 9.7879, 9.0356, 8.6227, 9.8184, 9.5326, 7.8084, 9.1596, 9.8771, 9.7273, 9.606, 9.2593, 9.5477, 8.9408, 8.8881, 7.4346, 8.4132, 3.882, 7.8025, 8.7292, 7.813, 8.1893, 9.4283, 8.4391, 9.3278, 7.9153, 7.7369, 7.509, 9.7666, 6.8429, 8.6363, 7.9927, 9.0051, 8.2303, 6.5438],
  "initQU": [4.1757, 5.6773, 6.3381, 3.4189, 2.096, 3.6787, 2.7744, 7.1149, 5.1076, 2.7785, 4.2227, 4.3815, 2.5308, 4.0548, 2.2339, 4.3646, 8.6695, 2.3017, 2.171, 3.0221, 1.3478, 6.4817, 8.0394, 4.4106, 3.1606, 1.4425, 5.2495, 2.4558, 6.1234, 1.9109, 3.6772, 4.7245, 2.4704, 5.8535, 9.8297, 7.3034, 1.9749, 7.9255, 3.0766, 6.1092, 5.6443, 1.4995, 1.029, 4.775, 1.6315, 6.733, 5.8597, 3.4864, 6.3555, 3.6127]
}
