{
  "n_part": 50,
  "n_trials": 30,
  "LR_group": 0.510912009282038,
  "inv_temp_group": 3.73812058125623,
  "initQF_group": 2.78002938814461,
  "initQU_group": 4.64976941840723,
  "mu_R_group": [
    [5],
    [5]
  ],
  "sigma_R_group": 2,
  "LR": [0.4429, 0.1914, 0.7828, 0.5885, 0.3981, 0.5575, 0.5914, 0.7538, 0.4665, 0.6617, 0.4282, 0.2496, 0.6328, 0.6166, 0.489, 0.5244, 0.6617, 0.6355, 0.6028, 0.4741, 0.9687, 0.4966, 0.8205, 0.4221, 0.6665, 0.585, 0.4808, 0.7255, 0.5703, 0.5507, 0.4173, 0.7086, 0.8336, 0.5492, 0.4143, 0.5778, 0.818, 0.6714, 0.3614, 0.6152, 0.6996, 0.6953, 0.5175, 0.844, 0.4608, 0.3749, 0.4452, 0.5304, 0.868, 0.4879],
  "inv_temp": [3.7964, 4.1558, 3.8518, 3.7372, 3.7258, 3.4947, 3.1984, 3.6153, 4.2928, 3.5406, 3.5291, 4.2358, 3.1856, 3.7384, 4.1631, 3.4053, 3.6339, 4.13, 3.5277, 4.1103, 3.9523, 3.5968, 3.6221, 3.4768, 3.8625, 3.5906, 3.6352, 3.911, 3.482, 3.5505, 4.3924, 3.6525, 4.39, 3.9985, 4.3377, 3.6599, 3.9963, 3.6257, 3.2391, 3.7724, 3.4325, 4.4625, 3.6259, 3.7409, 3.8321, 2.8859, 3.5834, 3.9108, 3.8603, 3.5674],
  "initQF": [1.8612, 5.2732, 3.8469, 3.7856, 3.3857, 3.3688, 1.8152, 2.1959, 3.841, 4.6425, 1.3639, 3.5266, 7.6882, 1.4142, 2.5931, 3.9813, 4.1927, 1.612, 2.5344, 4.3005, 4.7747, 3.1151, 2.8718, 4.8067, 3.235, 1.7048, 4.809, 1.1641, 1.0588, 3.3817, 2.152, 1.8575, 4.5162, 3.9034, 3.3143, 1.6518, 5.0265, 3.2894, 3.6056, 5.2998, 2.9134, 1.8221, 2.1168, 4.7975, 4.7017, 1.517, 5.522, 4.707, 1.9512, 6.1276],
  "initQU": [4.1545, 5.0636, 5.6638, 3.6797, 5.0637, 4.6427, 3.9176, 7.6613, 6.7724, 1.2701, 3.5533, 4.7096, 3.4341, 3.9543, 3.1667, 2.7571, 2.2022, 3.4323, 5.8231, 1.6095, 4.2049, 1.5392, 6.6123, 3.0888, 4.6658, 5.6189, 5.4714, 5.4481, 5.1478, 6.0961, 6.2219, 4.0343, 1.0109, 3.3935, 4.3371, 4.6526, 5.3757, 5.4334, 9.917, 6.471, 4.2921, 2.2284, 2.6727, 1.7807, 4.4853, 5.9007, 3.3013, 6.5399, 2.5421, 2.1874]
}
