{
  "n_part": 50,
  "n_trials": 30,
  "LR_group": 0.764462917111814,
  "inv_temp_group": 3.53044469025917,
  "initQF_group": 2.0843505167868,
  "initQU_group": 7.39677198021673,
  "mu_R_group": [
    [5],
    [5]
  ],
  "sigma_R_group": 2,
  "LR": [0.7725, 0.8683, 0.6486, 0.4936, 0.5404, 0.7772, 0.8573, 0.9142, 0.6073, 0.539, 0.7639, 0.9818, 0.7847, 0.5898, 0.6894, 0.8782, 0.6485, 0.5857, 0.7339, 0.7966, 0.7105, 0.5466, 0.6271, 0.9265, 0.7569, 0.8431, 0.6373, 0.7212, 0.8667, 0.5382, 0.6816, 0.6559, 0.5518, 0.6465, 0.8842, 0.8132, 0.9132, 0.8277, 0.7538, 0.6981, 0.6795, 0.8513, 0.9203, 0.9784, 0.8565, 0.7352, 0.6889, 0.7906, 0.7332, 0.6213],
  "inv_temp": [3.9953, 3.3919, 3.6554, 3.3886, 3.6619, 3.419, 3.047, 3.5571, 3.5611, 3.2001, 3.4741, 3.1994, 3.459, 3.2099, 3.0505, 3.2646, 3.2423, 3.868, 3.2865, 3.8958, 3.6422, 3.7994, 3.488, 3.3679, 3.8591, 3.8089, 3.6116, 3.2732, 3.807, 3.3225, 3.731, 3.5419, 3.813, 3.3204, 3.6014, 3.5552, 3.4002, 3.62, 3.4479, 3.4189, 4.1379, 3.6534, 3.6514, 3.7473, 3.4699, 3.3445, 3.4866, 3.2401, 3.1835, 3.5554],
  "initQF": [3.0402, 2.1386, 1.7485, 5.0352, 1.885, 4.0576, 4.2751, 3.5373, 2.495, 3.6463, 1.1533, 4.0009, 3.4957, 1.605, 4.9873, 2.0087, 3.0503, 2.0124, 1.5041, 4.387, 1.3723, 3.4262, 6.5018, 3.374, 3.1939, 2.7883, 6.4578, 2.4785, 1.0261, 4.3602, 3.3268, 3.2677, 1.5434, 4.0403, 1.7826, 2.8691, 1.6069, 3.5049, 2.1148, 3.299, 3.3972, 1.2711, 4.1285, 4.4666, 4.8452, 3.7391, 3.8222, 6.1172, 2.83, 1.4618],
  "initQU": [5.8916, 5.6146, 7.5197, 8.7312, 6.1452, 7.6781, 5.4328, 7.3693, 8.4904, 9.5737, 8.7332, 7.9417, 6.1612, 5.9849, 7.3202, 7.1729, 7.482, 8.0059, 9.2197, 8.6755, 5.7015, 6.4393, 9.2126, 6.7317, 9.5457, 7.4694, 6.3192, 6.0314, 9.4109, 7.3987, 6.6135, 8.7878, 6.4561, 7.8818, 4.5012, 9.375, 3.4675, 6.5487, 5.2437, 9.7194, 5.4016, 2.4643, 8.8434, 6.8429, 5.8609, 7.7762, 2.9687, 7.1767, 7.7749, 7.2893]
}
