{
  "n_part": 50,
  "n_trials": 30,
  "LR_group": 0.459747840184718,
  "inv_temp_group": 1.01087828166783,
  "initQF_group": 4.22108648577705,
  "initQU_group": 4.73448172630742,
  "mu_R_group": [
    [5],
    [5]
  ],
  "sigma_R_group": 2,
  "LR": [0.5422, 0.5955, 0.3386, 0.3999, 0.2484, 0.3352, 0.5752, 0.2103, 0.5909, 0.5046, 0.4422, 0.6789, 0.3378, 0.3875, 0.4948, 0.8583, 0.3678, 0.5897, 0.5452, 0.5942, 0.575, 0.2768, 0.4819, 0.8386, 0.5428, 0.5812, 0.336, 0.3613, 0.3119, 0.5891, 0.1367, 0.4667, 0.4018, 0.3457, 0.6294, 0.5967, 0.1831, 0.8356, 0.3389, 0.5154, 0.7323, 0.6294, 0.5869, 0.364, 0.6686, 0.637, 0.1855, 0.6476, 0.1882, 0.1653],
  "inv_temp": [0.1929, 0.8988, 0.8483, 1.4402, 0.831, 1.6859, 0.3067, 1.3566, 0.8914, 1.0914, 1.3684, 0.5957, 0.7682, 1.042, 1.5037, 0.5914, 0.9469, 0.975, 1.141, 0.6914, 0.6744, 0.6832, 1.4835, 1.2229, 0.9847, 0.7102, 0.4563, 1.0263, 1.2349, 1.6046, 0.8677, 0.9454, 1.2857, 0.8527, 0.8627, 0.5075, 1.4133, 1.1618, 1.2546, 0.5735, 1.2733, 0.648, 0.8873, 1.1474, 0.8979, 1.1906, 1.5482, 0.7676, 0.5503, 1.1098],
  "initQF": [2.4856, 3.7645, 1.9696, 5.7756, 4.3729, 5.7474, 4.3757, 7.1583, 6.9141, 4.8083, 4.8085, 3.8329, 5.3738, 5.7146, 5.9605, 2.5939, 3.068, 3.671, 1.9322, 2.401, 3.9613, 2.8161, 4.8342, 4.6692, 3.3029, 6.1015, 5.0969, 3.5358, 5.5418, 2.6663, 3.2657, 2.7864, 3.5411, 2.8805, 4.4752, 2.1929, 4.6589, 5.94, 3.9376, 2.2219, 7.5944, 2.9163, 1.7541, 4.8759, 5.9387, 4.5167, 5.6002, 3.5719, 3.4403, 1.8307],
  "initQU": [4.2071, 5.4436, 7.1718, 1.6576, 2.6058, 3.5655, 4.9283, 3.1414, 7.6269, 2.0745, 1.3107, 4.3774, 3.0404, 4.2586, 4.1937, 3.6713, 5.9825, 7.008, 5.3933, 6.8636, 3.7639, 6.3176, 6.7127, 3.1649, 6.7842, 5.2212, 3.1375, 2.8693, 2.2821, 5.784, 2.7213, 9.1941, 2.3586, 4.2125, 3.9232, 6.7293, 4.3959, 8.1031, 4.2352, 3.5729, 6.5364, 6.0588, 4.9303, 8.3605, 5.7386, 2.0953, 4.2783, 4.1981, 4.7972, 5.0022]
}
