{
  "n_part": 50,
  "n_trials": 30,
  "LR_group": 0.827827159781009,
  "inv_temp_group": 4.49709063745104,
  "initQF_group": 7.24147163610905,
  "initQU_group": 4.30871198698878,
  "mu_R_group": [
    [5],
    [5]
  ],
  "sigma_R_group": 2,
  "LR": [0.907, 0.6169, 0.9367, 0.6374, 0.8312, 0.7115, 0.6214, 0.7127, 0.8679, 0.6101, 0.6152, 0.8725, 0.7366, 0.9975, 0.6076, 0.8827, 0.9531, 0.9685, 0.9369, 0.7985, 0.7252, 0.6633, 0.5844, 0.8413, 0.7596, 0.6832, 0.6053, 0.6739, 0.7576, 0.7596, 0.7972, 0.5899, 0.719, 0.8435, 0.5995, 0.7923, 0.7265, 0.6434, 0.5284, 0.7943, 0.8565, 0.8478, 0.3975, 0.7952, 0.9669, 0.8628, 0.9479, 0.7553, 0.7846, 0.7713],
  "inv_temp": [4.0925, 4.3925, 4.6755, 4.7184, 4.2617, 4.7564, 4.3745, 4.7718, 4.111, 4.9448, 4.3496, 4.5084, 4.5422, 4.3525, 4.5257, 4.852, 4.0946, 4.1836, 4.8073, 4.1851, 4.4869, 4.0347, 4.6868, 4.177, 4.804, 3.7292, 4.005, 3.9868, 4.3244, 4.3295, 4.1646, 4.7883, 4.5655, 4.0688, 4.7755, 4.6745, 4.4522, 4.4967, 4.7551, 4.7036, 4.6251, 4.6512, 4.4571, 4.8687, 4.626, 4.6037, 4.6305, 4.8143, 4.6042, 4.4945],
  "initQF": [7.3921, 7.8507, 6.5313, 8.1346, 5.1938, 3.182, 8.9769, 4.0597, 7.5231, 8.1904, 3.3882, 7.1038, 6.3855, 4.8882, 8.0197, 9.5474, 5.2781, 5.0498, 8.2749, 6.447, 5.5793, 5.1579, 6.113, 9.1957, 7.1295, 7.847, 6.6207, 5.3844, 6.5191, 8.74, 5.0857, 7.5137, 2.5209, 6.3083, 9.8575, 7.9519, 7.6907, 8.2047, 4.3079, 6.0948, 4.472, 3.4526, 6.5911, 9.7204, 5.5655, 6.7474, 6.4351, 9.9533, 8.2347, 3.9359],
  "initQU": [2.4239, 3.4575, 3.9807, 1.3908, 5.3437, 5.8954, 3.218, 5.0746, 4.9294, 3.2073, 6.2146, 6.2619, 5.6468, 8.3714, 4.3656, 3.855, 1.3749, 1.9331, 2.675, 5.6023, 4.3748, 5.1726, 7.328, 1.9166, 4.8303, 4.0274, 2.6053, 3.3024, 6.17, 5.3973, 6.0949, 3.3669, 5.0212, 5.4325, 5.7959, 6.2032, 4.2835, 7.6527, 6.9509, 5.4318, 6.6092, 5.6296, 5.2153, 1.003, 4.3068, 4.4297, 2.4707, 4.7727, 4.6782, 1.7835]
}
