{
  "n_part": 50,
  "n_trials": 30,
  "LR_group": 0.449910677038133,
  "inv_temp_group": 3.84122967720032,
  "initQF_group": 9.03075068700127,
  "initQU_group": 2.79683224577457,
  "mu_R_group": [
    [5],
    [5]
  ],
  "sigma_R_group": 2,
  "LR": [0.5381, 0.5724, 0.2957, 0.6291, 0.3654, 0.6246, 0.3864, 0.1347, 0.6516, 0.2663, 0.6326, 0.0341, 0.4765, 0.6605, 0.3503, 0.5784, 0.587, 0.4502, 0.2432, 0.4037, 0.5316, 0.6044, 0.1459, 0.4714, 0.5849, 0.1042, 0.3215, 0.5254, 0.3657, 0.3076, 0.5567, 0.1341, 0.2315, 0.5554, 0.4585, 0.1832, 0.5892, 0.4069, 0.6063, 0.1266, 0.4013, 0.5891, 0.1285, 0.6732, 0.6574, 0.5059, 0.5193, 0.1832, 0.8209, 0.538],
  "inv_temp": [3.8633, 3.7525, 3.77, 4.1301, 4.2779, 3.5207, 3.8708, 3.5363, 3.6756, 3.9677, 4.0454, 3.924, 3.4309, 3.7201, 3.6256, 3.719, 3.9606, 4.0807, 3.9746, 4.2289, 4.0364, 3.7985, 4.0363, 4.0095, 3.6251, 3.7013, 3.6477, 3.6814, 3.4304, 4.6352, 3.6846, 3.6219, 3.9914, 4.2214, 3.9078, 3.475, 4.1449, 3.5732, 4.2396, 4.0926, 3.6776, 3.5845, 3.5623, 4.2558, 3.9433, 3.4062, 3.7593, 3.9245, 3.4659, 3.8999],
  "initQF": [5.724, 6.6784, 8.1213, 9.85, 5.3463, 2.6317, 7.3684, 9.7238, 9.8027, 9.738, 7.7393, 5.7738, 7.8562, 9.6415, 7.3032, 7.5489, 8.1756, 7.5932, 8.2493, 9.9519, 8.5142, 9.9096, 7.6817, 7.3684, 7.4354, 6.2346, 9.2801, 8.8201, 7.1831, 8.6169, 9.0101, 8.9667, 7.3679, 9.0295, 8.6729, 6.5626, 9.4712, 8.5753, 9.4797, 9.5489, 6.8825, 7.3482, 7.0372, 9.3483, 8.4856, 9.603, 9.6522, 6.2299, 7.7229, 9.4347],
  "initQU": [3.3903, 4.9705, 2.3762, 3.9117, 1.3883, 2.7984, 5.6801, 3.1072, 5.0601, 2.6422, 1.2684, 1.5939, 4.8489, 2.5005, 4.0856, 3.6842, 2.8426, 3.0322, 4.1962, 2.2288, 2.1793, 6.1146, 1.3608, 2.3745, 3.6123, 1.1471, 6.0807, 4.7351, 1.9415, 1.4064, 2.7669, 4.6331, 4.0892, 3.9408, 5.5444, 5.2126, 5.0319, 2.8201, 4.7024, 1.5462, 3.5393, 5.0045, 4.5752, 3.1191, 6.1859, 4.1232, 1.9997, 3.065, 1.8101, 2.0319]
}
