{
  "n_part": 50,
  "n_trials": 30,
  "LR_group": 0.63657360849902,
  "inv_temp_group": 2.72435778868385,
  "initQF_group": 5.43451864249073,
  "initQU_group": 1.63160089799203,
  "mu_R_group": [
    [5],
    [5]
  ],
  "sigma_R_group": 2,
  "LR": [0.437, 0.5635, 0.7232, 0.6029, 0.5788, 0.9241, 0.3805, 0.5924, 0.404, 0.7894, 0.3946, 0.6518, 0.8929, 0.6225, 0.3733, 0.5377, 0.6799, 0.6338, 0.7779, 0.2717, 0.9119, 0.3189, 0.3678, 0.6491, 0.5441, 0.7831, 0.6802, 0.7517, 0.9085, 0.9694, 0.1707, 0.4451, 0.6139, 0.4996, 0.4944, 0.6772, 0.9384, 0.5518, 0.6753, 0.5731, 0.7868, 0.621, 0.5869, 0.5811, 0.5407, 0.4183, 0.3395, 0.361, 0.6337, 0.5393],
  "inv_temp": [2.4234, 3.0191, 2.8907, 2.6263, 2.8012, 2.4758, 3.1888, 3.2094, 2.2574, 2.3738, 2.677, 2.8115, 2.3674, 2.8088, 2.5896, 2.9652, 2.6175, 2.5415, 2.8019, 2.7556, 2.4751, 2.7059, 2.8299, 3.2972, 2.7102, 2.5742, 2.7166, 2.4328, 2.7894, 2.5553, 2.6686, 2.6953, 2.5789, 2.7068, 2.5527, 2.9511, 2.5032, 2.7559, 2.2333, 2.7194, 2.8221, 3.1305, 3.0468, 2.6212, 2.5883, 2.5071, 2.5701, 3.2543, 2.5333, 3.0119],
  "initQF": [6.3415, 4.3885, 2.3413, 7.2781, 7.1108, 5.8093, 2.9846, 5.7676, 8.8194, 7.6525, 3.4407, 5.4416, 4.949, 5.2969, 7.4338, 4.7144, 3.4837, 7.7264, 6.6535, 1.5531, 2.3528, 5.146, 4.3329, 7.2488, 2.8575, 7.1089, 2.9286, 2.346, 3.534, 7.452, 2.6642, 4.7671, 6.3757, 6.9203, 4.4139, 4.0061, 5.3704, 3.3007, 7.1354, 5.9363, 6.459, 6.7179, 4.7382, 1.283, 1.9399, 6.5888, 4.7992, 4.9748, 6.6725, 6.7913],
  "initQU": [3.3487, 4.8534, 1.0548, 2.3046, 3.1959, 1.3248, 1.2748, 6.2234, 3.4126, 2.888, 2.4045, 4.05, 1.8652, 3.3927, 6.0014, 1.8882, 2.4313, 1.3452, 4.4117, 3.105, 2.9568, 2.8706, 1.8247, 1.1835, 1.1262, 1.5774, 3.5116, 1.6303, 1.6822, 2.754, 1.41, 1.5027, 1.4279, 1.6245, 1.9526, 2.9091, 3.9318, 6.8871, 4.8355, 3.555, 2.064, 3.6028, 1.8561, 1.366, 3.3189, 2.7059, 4.3896, 1.8329, 3.4883, 2.4571]
}
