{
  "n_part": 50,
  "n_trials": 30,
  "LR_group": 0.936377068981528,
  "inv_temp_group": 1.66880134493113,
  "initQF_group": 6.98721818090416,
  "initQU_group": 9.19145201309584,
  "mu_R_group": [
    [5],
    [5]
  ],
  "sigma_R_group": 2,
  "LR": [0.9119, 0.9363, 0.7244, 0.878, 0.6403, 0.8164, 0.74, 0.8866, 0.5495, 0.9077, 0.8369, 0.9961, 0.8342, 0.9598, 0.7194, 0.924, 0.783, 0.8466, 0.8973, 0.6246, 0.7754, 0.8231, 0.7548, 0.9565, 0.894, 0.7891, 0.8344, 0.8673, 0.7802, 0.5036, 0.8405, 0.8129, 0.6042, 0.7562, 0.8411, 0.7857, 0.7819, 0.9646, 0.9673, 0.8608, 0.8346, 0.684, 0.9341, 0.8862, 0.6765, 0.9041, 0.9628, 0.8058, 0.7873, 0.7528],
  "inv_temp": [1.208, 1.9407, 2.0161, 1.7645, 1.9079, 1.4833, 1.5284, 0.9657, 1.7015, 1.5231, 1.6375, 1.4454, 1.771, 1.5482, 1.4807, 1.7909, 1.396, 1.9124, 2.4012, 2.2456, 1.8928, 1.4182, 1.8767, 1.519, 1.2618, 1.8098, 1.7134, 1.3949, 1.6982, 2.0533, 1.9088, 2.0057, 1.6217, 2.0179, 1.4662, 1.3573, 1.7508, 1.2425, 1.8155, 2.0937, 1.9363, 1.6881, 1.5988, 1.6996, 2.1182, 1.7435, 1.7396, 1.056, 1.7846, 1.3448],
  "initQF": [7.8246, 8.3176, 7.7869, 5.7278, 3.9597, 7.269, 9.0608, 5.567, 3.3858, 9.0898, 6.7226, 7.3903, 8.6217, 9.0959, 7.4894, 9.98, 6.0891, 6.8524, 8.0051, 9.3972, 4.7816, 6.9403, 5.0955, 8.5382, 8.3101, 3.7179, 8.6838, 5.9983, 5.6234, 6.7989, 7.8829, 6.2416, 9.0002, 8.2105, 7.9981, 6.1997, 5.9991, 6.3545, 6.1879, 6.708, 6.1473, 5.0751, 7.4499, 8.2042, 6.4208, 7.1681, 5.7454, 9.7541, 8.2903, 6.0883],
  "initQU": [8.3683, 7.938, 9.0782, 9.752, 5.3859, 8.1518, 8.3021, 5.1954, 8.1079, 8.1145, 7.4244, 6.8399, 8.8756, 8.7903, 8.4338, 8.8653, 7.7433, 8.25, 6.87, 7.4549, 8.0044, 8.6996, 5.3471, 7.796, 7.8513, 9.4623, 7.7012, 8.0115, 9.4795, 9.7339, 9.025, 9.9563, 9.3793, 6.8116, 9.8059, 8.238, 5.9909, 9.4217, 6.8892, 5.29, 5.6899, 9.5069, 6.3682, 7.6627, 7.2607, 4.8965, 9.016, 9.8158, 8.5146, 8.1064]
}
