{
  "n_part": 50,
  "n_trials": 30,
  "LR_group": 0.860225070733577,
  "inv_temp_group": 3.5343979857862,
  "initQF_group": 4.76162645267323,
  "initQU_group": 5.91204422200099,
  "mu_R_group": [
    [5],
    [5]
  ],
  "sigma_R_group": 2,
  "LR": [0.9717, 0.7285, 0.8411, 0.6515, 0.9646, 0.943, 0.7954, 0.83, 0.7086, 0.9086, 0.8987, 0.6148, 0.7447, 0.8211, 0.8901, 0.736, 0.9521, 0.6138, 0.6578, 0.8768, 0.7723, 0.7385, 0.9355, 0.8274, 0.5165, 0.8914, 0.384, 0.627, 0.6433, 0.6917, 0.8636, 0.7882, 0.7883, 0.8959, 0.9308, 0.9319, 0.7773, 0.9484, 0.9813, 0.6422, 0.4546, 0.8184, 0.8314, 0.858, 0.6116, 0.8593, 0.9805, 0.6682, 0.7739, 0.6819],
  "inv_temp": [3.389, 3.4087, 3.4254, 3.3694, 4.1054, 3.4386, 3.6712, 3.6602, 3.5351, 3.304, 3.9953, 2.9856, 3.0852, 3.096, 3.8311, 3.6298, 3.1857, 3.6956, 3.4588, 3.5664, 3.8645, 3.5483, 3.5072, 3.1174, 3.1439, 3.555, 3.3976, 3.0722, 3.2472, 3.4439, 3.9538, 3.878, 3.6571, 3.728, 3.0931, 3.5774, 3.6186, 3.2888, 2.9316, 3.2537, 3.5302, 2.9088, 4.0804, 3.455, 3.1407, 3.5252, 3.4465, 2.982, 3.7475, 3.4204],
  "initQF": [6.4266, 7.7976, 3.0128, 6.8083, 4.7889, 4.2462, 3.8443, 7.5453, 7.639, 5.4409, 7.5434, 1.7853, 6.256, 5.7767, 7.176, 5.008, 6.6933, 4.1513, 2.3653, 5.2384, 5.2296, 1.1011, 8.0531, 6.318, 6.9397, 3.3948, 2.4005, 7.7918, 6.862, 7.5499, 1.9057, 4.8274, 4.8681, 1.8803, 7.6681, 4.9133, 7.5911, 6.5899, 1.364, 5.1796, 6.9543, 7.1937, 5.7391, 5.1738, 3.4052, 8.7162, 3.829, 3.1177, 4.4041, 6.4395],
  "initQU": [5.7324, 6.4893, 6.5722, 6.9464, 5.2704, 7.2054, 5.1937, 6.5472, 7.0541, 7.6188, 4.3135, 4.959, 2.3634, 7.4461, 7.8339, 5.6633, 6.7056, 8.8394, 7.9379, 9.2403, 4.3628, 6.2966, 7.8982, 6.4337, 8.9329, 7.7602, 5.7032, 4.3345, 7.3281, 3.042, 7.2308, 6.4566, 3.4003, 5.4046, 3.4113, 7.0849, 6.4937, 4.8529, 1.9348, 5.4863, 5.8489, 6.6262, 5.3729, 4.8717, 4.6593, 5.6914, 2.4778, 8.4223, 5.8669, 8.3748]
}
