{
  "n_part": 50,
  "n_trials": 30,
  "LR_group": 0.197943522129208,
  "inv_temp_group": 1.24783020233735,
  "initQF_group": 7.87638700893149,
  "initQU_group": 3.7561103105545,
  "mu_R_group": [
    [5],
    [5]
  ],
  "sigma_R_group": 2,
  "LR": [0.3062, 0.0761, 0.1721, 0.045, 0.2492, 0.3269, 0.2953, 0.2513, 0.1619, 0.3004, 0.5441, 0.378, 0.5274, 0.4181, 0.3886, 0.3418, 0.186, 0.4683, 0.0548, 0.0596, 0.1065, 0.311, 0.1989, 0.1565, 0.3673, 0.0047, 0.3347, 0.657, 0.3043, 0.0364, 0.1082, 0.1555, 0.4653, 0.0708, 0.3006, 0.2471, 0.2269, 0.0837, 0.0101, 0.2604, 0.3565, 0.1735, 0.2213, 0.5293, 0.2995, 0.3766, 0.2011, 0.4212, 0.1466, 0.0844],
  "inv_temp": [0.9183, 1.1003, 1.5041, 0.8691, 0.8745, 1.0027, 0.9262, 1.3478, 1.351, 0.8553, 1.0989, 1.3485, 0.9616, 1.0794, 0.8632, 1.2003, 1.8161, 1.3, 2.0549, 0.9936, 1.1185, 1.1097, 1.0791, 1.4884, 1.613, 1.6803, 1.5966, 1.427, 0.6987, 0.5847, 1.7549, 1.3595, 1.7367, 1.2734, 1.1555, 1.4507, 1.6432, 0.8387, 1.0147, 1.2981, 1.6022, 1.161, 1.7237, 1.4229, 1.2946, 1.2804, 1.1563, 0.9661, 1.5565, 1.7402],
  "initQF": [8.3967, 5.7772, 5.7138, 5.2067, 6.275, 7.5317, 7.436, 6.4986, 8.1997, 6.8819, 7.4185, 9.2397, 9.2432, 7.9848, 7.1665, 8.1697, 5.9194, 5.8065, 7.0319, 7.0957, 7.4885, 7.8135, 7.9288, 8.9786, 8.788, 5.4931, 7.1912, 7.9388, 6.8494, 8.3016, 6.1993, 7.6018, 9.9523, 8.3214, 5.5944, 6.2573, 8.3662, 8.7052, 7.7228, 8.2259, 6.2699, 7.4684, 9.7215, 7.7411, 9.5428, 9.5569, 6.9649, 8.0838, 6.8882, 7.0965],
  "initQU": [3.738, 3.3097, 1.2472, 5.2075, 5.0584, 1.1751, 2.8998, 1.9673, 2.9288, 3.3686, 2.8645, 4.6186, 4.6422, 6.0628, 4.5501, 1.0872, 1.2028, 1.4313, 8.6914, 1.5618, 1.8929, 2.4494, 3.6778, 3.3153, 4.3061, 4.6016, 2.4881, 2.8381, 1.8872, 6.6353, 2.7452, 7.724, 3.5033, 2.4496, 3.0351, 4.5985, 4.7403, 2.3663, 5.5431, 6.2309, 4.1129, 2.2229, 4.6403, 3.9147, 6.4794, 3.2893, 5.0825, 1.0758, 6.3916, 3.0244]
}
