{
  "n_part": 50,
  "n_trials": 30,
  "LR_group": 0.419576656073332,
  "inv_temp_group": 2.05874129082076,
  "initQF_group": 1.1052549444139,
  "initQU_group": 1.42568570026197,
  "mu_R_group": [
    [5],
    [5]
  ],
  "sigma_R_group": 2,
  "LR": [0.1938, 0.5773, 0.5307, 0.1282, 0.1875, 0.3874, 0.4864, 0.8219, 0.7092, 0.5256, 0.256, 0.4728, 0.515, 0.1929, 0.458, 0.1664, 0.5999, 0.7066, 0.4894, 0.2966, 0.3354, 0.5299, 0.6848, 0.2861, 0.8196, 0.5842, 0.8089, 0.6397, 0.7882, 0.2818, 0.2556, 0.0935, 0.5821, 0.4351, 0.6001, 0.4233, 0.5749, 0.5426, 0.4546, 0.4832, 0.1402, 0.4178, 0.0878, 0.2318, 0.3508, 0.4737, 0.2335, 0.3753, 0.7628, 0.3826],
  "inv_temp": [1.6472, 1.6775, 2.237, 2.0594, 2.3802, 1.8338, 1.7982, 2.3547, 1.925, 2.1762, 1.8097, 2.2017, 2.3978, 1.8129, 2.5023, 2.0243, 2.3699, 1.8368, 1.2912, 2.3395, 2.1902, 1.6368, 2.0859, 1.9704, 2.1005, 1.9849, 2.3307, 2.2567, 2.3657, 1.6379, 1.8935, 2.1065, 2.7102, 1.8335, 2.2873, 2.3332, 1.7161, 1.7833, 2.104, 2.0812, 2.1176, 1.6808, 1.5318, 1.6708, 2.0405, 2.6317, 1.9533, 2.1168, 1.7635, 1.8648],
  "initQF": [1.2725, 4.5342, 3.086, 1.958, 1.354, 1.5317, 1.4349, 2.4628, 3.1448, 1.9868, 2.3246, 4.0714, 2.3028, 1.2442, 3.0779, 2.0518, 4.8396, 2.2567, 3.5238, 1.0895, 1.6724, 2.3588, 1.1904, 1.231, 1.6566, 3.836, 1.3846, 1.3177, 4.2563, 2.7863, 2.2214, 1.0684, 2.9925, 1.2716, 2.8472, 3.3681, 1.1738, 3.2408, 1.3695, 3.8931, 2.8473, 1.2314, 3.4631, 1.1059, 2.686, 1.3806, 1.7658, 5.1026, 7.0268, 2.9418],
  "initQU": [2.0339, 2.8154, 2.5256, 2.9634, 1.1353, 2.8371, 1.1479, 1.2463, 5.3604, 2.5391, 1.6778, 3.799, 1.784, 2.4611, 1.4188, 3.1052, 3.5274, 1.107, 3.7974, 3.4397, 1.9237, 2.5977, 2.4319, 2.8884, 2.4673, 3.1551, 1.94, 5.0179, 2.8786, 3.746, 2.8686, 2.4101, 2.3257, 4.7274, 1.7098, 1.1176, 1.7112, 1.9776, 5.4964, 3.3798, 5.0406, 6.192, 2.1257, 2.7736, 2.7266, 3.8836, 1.4469, 2.0105, 4.7626, 2.4593]
}
