{
  "n_part": 50,
  "n_trials": 30,
  "LR_group": 0.113703411305323,
  "inv_temp_group": 3.1114970240742,
  "initQF_group": 6.48347259592265,
  "initQU_group": 6.61041497508995,
  "mu_R_group": [
    [5],
    [5]
  ],
  "sigma_R_group": 2,
  "LR": [0.3306, 0.0812, 0.159, 0.3089, 0.0627, 0.4449, 0.0194, 0.0987, 0.0004, 0.0443, 0.0286, 0.1278, 0.1645, 0.1356, 0.1039, 0.0089, 0.2483, 0.5007, 0.3711, 0.0968, 0.0439, 0.0278, 0.0014, 0.178, 0.1316, 0.2854, 0.0895, 0.4267, 0.4728, 0.0516, 0.575, 0.0798, 0.088, 0.1702, 0.165, 0.2052, 0.3374, 0.2484, 0.0588, 0.0277, 0.3057, 0.2014, 0.3868, 0.3008, 0.3397, 0.0008, 0.2293, 0.0711, 0.0079, 0.4415],
  "inv_temp": [2.4078, 3.2804, 3.4156, 3.2357, 3.1204, 3.6544, 2.9567, 2.6892, 3.0994, 3.1797, 2.8074, 3.1285, 2.8198, 3.3705, 3.6548, 3.2634, 2.9933, 3.3835, 3.0796, 3.2023, 3.4226, 2.9468, 3.0048, 2.8384, 2.634, 3.2471, 3.0486, 3.0965, 3.123, 3.3163, 2.7612, 2.548, 3.6636, 3.5857, 2.9093, 2.8946, 3.4248, 2.6706, 3.7186, 3.3152, 2.961, 2.8465, 2.7834, 3.2442, 3.2988, 3.4799, 3.3175, 2.9127, 3.3861, 3.1512],
  "initQF": [7.3417, 9.7791, 6.989, 8.3081, 7.672, 4.1334, 1.8514, 5.9141, 7.5787, 6.4287, 4.5592, 6.4181, 6.4664, 6.2855, 6.2845, 5.474, 4.9955, 7.9565, 5.0517, 9.6017, 9.3318, 3.6788, 3.9392, 7.882, 5.7891, 4.6877, 6.5627, 6.7055, 7.3095, 5.1563, 8.3643, 7.9801, 7.3845, 8.3636, 7.7499, 9.451, 8.2019, 5.9332, 6.9676, 6.4189, 9.0238, 8.659, 1.3548, 7.3925, 5.8295, 8.3019, 8.8326, 4.8823, 3.6375, 6.5411],
  "initQU": [7.6225, 5.0637, 4.2665, 8.9486, 6.7287, 5.877, 7.7354, 5.1941, 5.6023, 7.0122, 7.5597, 9.139, 7.9685, 6.8178, 8.1649, 4.6959, 5.9582, 6.9037, 7.9539, 6.4711, 9.7521, 8.3563, 7.3828, 8.2619, 6.0386, 7.2484, 9.5724, 7.5614, 8.0096, 6.5745, 4.7228, 6.0902, 7.16, 8.8733, 7.8151, 8.7745, 8.4941, 7.314, 6.9389, 5.0476, 5.5874, 6.7083, 4.4943, 4.6863, 6.4816, 9.1312, 7.3655, 6.7814, 5.9249, 2.6091]
}
