{
  "n_part": 50,
  "n_trials": 30,
  "LR_group": 0.233928036643192,
  "inv_temp_group": 3.14082393771969,
  "initQF_group": 5.65944719221443,
  "initQU_group": 6.20785260084085,
  "mu_R_group": [
    [5],
    [5]
  ],
  "sigma_R_group": 2,
  "LR": [0.0758, 0.4305, 0.318, 0.1275, 0.0792, 0.3504, 0.0309, 0.2726, 0.2469, 0.065, 0.2626, 0.7105, 0.46, 0.3177, 0.4912, 0.0934, 0.0729, 0.2616, 0.2788, 0.2123, 0.116, 0.3376, 0.0936, 0.1848, 0.194, 0.1269, 0.4398, 0.5282, 0.1019, 0.3565, 0.5152, 0.1518, 0.0945, 0.1701, 0.2072, 0.0967, 0.3624, 0.2217, 0.3007, 0.5255, 0.3329, 0.22, 0.379, 0.3731, 0.0107, 0.2524, 0.6939, 0.1033, 0.2665, 0.3158],
  "inv_temp": [2.7544, 2.8962, 3.6214, 3.1305, 2.9061, 2.8955, 3.1536, 3.0383, 3.3883, 3.4415, 3.122, 3.3429, 3.2629, 2.3019, 3.566, 3.1522, 2.8856, 2.8171, 3.2891, 2.993, 3.5975, 2.4131, 3.515, 3.0035, 3.1759, 3.1346, 2.966, 3.5023, 2.9215, 2.8085, 3.1249, 3.1207, 2.7471, 3.0731, 3.8707, 3.3998, 2.9882, 3.4759, 3.0926, 3.1239, 3.5927, 2.9272, 2.8331, 3.416, 3.4409, 3.3388, 3.7772, 3.2066, 3.3202, 3.2453],
  "initQF": [7.5013, 9.1448, 7.7229, 6.4781, 7.1346, 2.3757, 4.583, 8.2045, 9.9765, 6.1482, 7.833, 7.074, 8.0171, 9.8752, 5.664, 4.4696, 6.7655, 6.1209, 7.8216, 5.4573, 6.3014, 4.1357, 6.9846, 6.3728, 6.9666, 8.4118, 7.3039, 5.8315, 5.2992, 5.3526, 6.434, 2.9747, 7.9542, 7.5687, 4.8553, 4.735, 3.7274, 7.225, 1.8837, 6.9649, 7.3112, 4.5793, 6.3349, 4.4467, 5.6517, 5.6808, 1.617, 4.5373, 5.0977, 7.1261],
  "initQU": [5.2427, 7.1159, 7.3255, 7.6832, 2.7545, 8.4598, 5.7647, 6.6028, 6.9765, 4.3898, 6.7221, 5.9988, 4.8764, 9.703, 7.9127, 6.0314, 6.1412, 6.4814, 1.4559, 4.1373, 4.3947, 4.5235, 5.4701, 7.6545, 5.5663, 9.1272, 7.3687, 2.3419, 1.2268, 5.8505, 6.8681, 7.8525, 5.8796, 6.4895, 7.2929, 6.675, 5.7197, 6.4111, 6.3374, 8.9824, 8.4608, 7.7443, 6.6488, 8.4113, 6.5374, 3.3723, 6.7422, 5.6041, 8.5597, 7.921]
}
