{
  "n_part": 50,
  "n_trials": 30,
  "LR_group": 0.422108984319493,
  "inv_temp_group": 1.02747646276839,
  "initQF_group": 2.88030373235233,
  "initQU_group": 2.32687843963504,
  "mu_R_group": [
    [5],
    [5]
  ],
  "sigma_R_group": 2,
  "LR": [0.5565, 0.0549, 0.618, 0.2876, 0.4656, 0.5079, 0.5609, 0.3628, 0.5094, 0.2628, 0.2654, 0.4435, 0.4449, 0.4083, 0.621, 0.3439, 0.0411, 0.5605, 0.2674, 0.3639, 0.3133, 0.3542, 0.7632, 0.6154, 0.261, 0.512, 0.1623, 0.6108, 0.4685, 0.1516, 0.3889, 0.6941, 0.7555, 0.371, 0.6181, 0.5185, 0.183, 0.5617, 0.5117, 0.6709, 0.5102, 0.5401, 0.5383, 0.3539, 0.6637, 0.1189, 0.8211, 0.5451, 0.5568, 0.4093],
  "inv_temp": [0.7669, 1.4557, 0.8779, 0.4886, 0.4641, 0.5813, 1.2107, 1.3583, 1.241, 1.4984, 0.6869, 1.4745, 0.6149, 1.6066, 0.8426, 0.9995, 1.0905, 1.3015, 1.1742, 1.1651, 0.7086, 0.9983, 1.3389, 1.0358, 1.1278, 1.1925, 0.3404, 1.1464, 0.708, 0.8491, 0.8314, 1.1446, 1.0595, 0.6653, 0.5782, 1.0104, 1.3522, 0.7714, 0.6796, 0.4987, 0.5714, 1.0246, 1.1073, 1.0394, 1.6291, 1.9637, 0.801, 1.4011, 1.3537, 1.2206],
  "initQF": [4.8271, 1.4993, 1.9624, 4.4152, 2.5496, 4.1076, 1.1959, 2.424, 2.051, 5.5294, 3.1241, 3.8293, 2.0049, 1.9911, 8.2157, 5.1506, 4.8228, 5.6209, 5.9737, 2.1942, 2.43, 6.1639, 1.1154, 1.5715, 2.6729, 3.258, 3.2224, 1.177, 5.2983, 1.7874, 2.8837, 2.357, 2.3636, 2.7439, 2.5311, 2.6389, 5.7172, 4.6821, 3.7499, 2.2101, 4.2331, 4.3076, 5.0244, 2.0747, 2.7587, 2.1023, 4.3276, 4.2919, 4.6433, 4.0739],
  "initQU": [2.6003, 3.0575, 4.637, 3.0891, 1.9995, 4.7552, 3.8121, 1.9887, 4.3014, 1.7944, 2.5207, 1.4071, 2.3972, 5.9925, 3.0015, 3.4461, 3.3843, 1.1395, 1.7231, 3.6242, 3.9951, 1.5064, 1.0891, 1.575, 1.8126, 7.6491, 8.3688, 3.4704, 5.3814, 3.9125, 2.8109, 2.2794, 1.7438, 2.2865, 4.1045, 4.0433, 1.989, 1.5065, 3.5216, 1.838, 5.084, 3.3531, 4.9428, 1.1185, 2.3373, 3.678, 4.9554, 7.7368, 4.9177, 3.7337]
}
