{
  "n_part": 50,
  "n_trials": 30,
  "LR_group": 0.466356652788818,
  "inv_temp_group": 3.79099740181118,
  "initQF_group": 3.77754301507957,
  "initQU_group": 5.54019890143536,
  "mu_R_group": [
    [5],
    [5]
  ],
  "sigma_R_group": 2,
  "LR": [0.4992, 0.6124, 0.6221, 0.7845, 0.6833, 0.5263, 0.6545, 0.8243, 0.6246, 0.4791, 0.5367, 0.436, 0.6839, 0.6771, 0.7446, 0.7477, 0.6834, 0.2042, 0.5849, 0.2207, 0.2585, 0.5519, 0.3953, 0.5026, 0.676, 0.6525, 0.3835, 0.5603, 0.6291, 0.3626, 0.3253, 0.4174, 0.7871, 0.2617, 0.5274, 0.3785, 0.5221, 0.5792, 0.645, 0.487, 0.4007, 0.5568, 0.4426, 0.3901, 0.5788, 0.6674, 0.6996, 0.5296, 0.441, 0.4631],
  "inv_temp": [3.3587, 3.8993, 3.3667, 3.7546, 3.9843, 4.331, 4.394, 3.6118, 4.0339, 3.67, 3.8232, 3.3141, 4.1264, 4.0828, 3.9149, 3.6095, 3.5863, 3.671, 3.8878, 3.4575, 3.9283, 3.8889, 3.9487, 3.9287, 3.7351, 3.6985, 3.7837, 3.8365, 3.7472, 3.6728, 3.8053, 3.6756, 4.0642, 3.6616, 3.5103, 4.2572, 4.0278, 3.7127, 3.9018, 3.6274, 4.027, 3.6823, 4.0746, 3.6851, 3.7976, 4.1436, 3.9489, 4.0011, 4.2216, 3.7159],
  "initQF": [2.5685, 5.0617, 5.1807, 5.4279, 7.5681, 4.3063, 3.0111, 3.2768, 5.0937, 6.9935, 2.8052, 2.124, 6.1723, 4.0319, 3.3146, 5.2795, 5.0782, 8.0256, 5.7462, 7.8953, 3.7464, 4.9951, 4.5611, 4.6974, 5.0825, 7.2138, 4.1784, 4.6685, 4.7784, 8.7078, 5.1286, 3.8069, 2.8501, 1.7056, 2.71, 3.3452, 2.4693, 2.0828, 3.6631, 4.7409, 5.9224, 3.7764, 8.2416, 3.0412, 6.3141, 6.1017, 3.8334, 5.2282, 2.4214, 4.8774],
  "initQU": [8.9394, 5.9217, 7.8889, 5.0813, 4.4169, 6.2397, 7.3215, 5.6696, 7.1758, 5.1321, 8.5112, 6.0861, 4.2712, 6.9302, 8.219, 6.1799, 4.3569, 3.7009, 6.4544, 8.1075, 7.1276, 9.5195, 4.9912, 5.0975, 4.1427, 5.3616, 5.4246, 4.4236, 7.8105, 7.0345, 3.1176, 4.8911, 3.6679, 4.7334, 2.5184, 7.8847, 5.9474, 4.2643, 6.423, 6.4075, 8.251, 3.7428, 5.5785, 4.0806, 6.8052, 6.8791, 2.5355, 5.258, 9.6585, 6.9152]
}
