{
  "n_part": 50,
  "n_trials": 30,
  "LR_group": 0.778839591424912,
  "inv_temp_group": 2.84749549231492,
  "initQF_group": 8.54926818911918,
  "initQU_group": 8.84917520754971,
  "mu_R_group": [
    [5],
    [5]
  ],
  "sigma_R_group": 2,
  "LR": [0.6473, 0.7109, 0.5669, 0.8003, 0.8302, 0.8182, 0.3814, 0.5955, 0.661, 0.5411, 0.4589, 0.7309, 0.8009, 0.7338, 0.6763, 0.6894, 0.678, 0.9104, 0.829, 0.8262, 0.3836, 0.7747, 0.4532, 0.9687, 0.7746, 0.8386, 0.9953, 0.8823, 0.7976, 0.597, 0.5646, 0.4611, 0.7342, 0.7156, 0.8369, 0.818, 0.6917, 0.8251, 0.755, 0.5203, 0.5829, 0.7164, 0.8789, 0.9594, 0.6914, 0.8868, 0.4469, 0.8206, 0.7907, 0.7604],
  "inv_temp": [3.3048, 2.9482, 2.4728, 3.3046, 3.1203, 2.3458, 2.51, 3.6389, 2.7864, 2.6722, 2.6819, 2.5811, 2.9047, 2.7053, 2.8307, 2.9096, 2.45, 2.7991, 2.6149, 3.1067, 3.0603, 2.7264, 2.8882, 2.8018, 3.2711, 2.9714, 2.8508, 2.5888, 2.8196, 2.7829, 3.1245, 2.6002, 2.942, 3.0802, 2.7437, 3.2926, 2.7454, 2.6606, 2.6743, 3.2436, 2.6597, 3.3091, 3.1802, 2.6194, 2.5992, 3.073, 3.0069, 2.6074, 3.2465, 2.8047],
  "initQF": [9.0731, 9.3149, 7.5386, 4.5974, 8.3492, 8.0375, 8.2038, 7.3157, 8.0649, 7.8268, 6.2276, 8.5848, 9.5239, 7.4162, 9.5799, 6.6083, 9.7091, 7.4898, 6.6539, 9.6898, 9.6277, 7.0315, 8.6963, 8.356, 7.9303, 5.0471, 9.5546, 9.4907, 6.9614, 9.9684, 6.3965, 7.9861, 7.402, 9.0516, 6.0931, 9.1074, 6.2294, 8.5527, 7.5376, 6.5886, 8.6345, 6.9263, 9.5663, 6.9831, 7.7895, 4.2738, 8.0482, 8.8635, 5.403, 8.3516],
  "initQU": [8.661, 8.8907, 9.2694, 8.7439, 8.2945, 6.8588, 7.1663, 8.407, 7.045, 7.941, 7.8147, 4.9063, 6.7828, 8.96, 5.9425, 8.91, 9.7944, 5.2487, 8.9716, 8.9397, 7.5615, 8.3501, 7.0162, 8.1234, 5.8035, 8.6856, 7.1484, 7.9673, 8.3928, 6.7207, 6.9973, 9.9642, 7.3066, 9.3347, 7.6907, 5.723, 8.4145, 8.8358, 6.7879, 7.9358, 9.4646, 9.8635, 9.4994, 5.6224, 8.9388, 8.6102, 9.2417, 9.0997, 8.3338, 6.9692]
}
