{
  "n_part": 50,
  "n_trials": 30,
  "LR_group": 0.825097440741956,
  "inv_temp_group": 2.27962243370712,
  "initQF_group": 6.34349095728248,
  "initQU_group": 8.98531311494298,
  "mu_R_group": [
    [5],
    [5]
  ],
  "sigma_R_group": 2,
  "LR": [0.9356, 0.9772, 0.527, 0.9325, 0.9296, 0.6976, 0.88, 0.601, 0.9056, 0.8071, 0.743, 0.9508, 0.9687, 0.8038, 0.9271, 0.9304, 0.9564, 0.7459, 0.915, 0.8801, 0.6946, 0.8278, 0.6762, 0.9325, 0.5213, 0.4127, 0.7492, 0.7218, 0.7138, 0.8554, 0.8335, 0.7566, 0.688, 0.9215, 0.6967, 0.7364, 0.9413, 0.8832, 0.894, 0.7189, 0.4582, 0.764, 0.9813, 0.5513, 0.7544, 0.6756, 0.9892, 0.9086, 0.8199, 0.9671],
  "inv_temp": [2.4596, 1.886, 3.1917, 2.7403, 1.9128, 2.4355, 2.3759, 1.9492, 2.5465, 2.6714, 1.6421, 2.5803, 1.9866, 2.1723, 2.3897, 2.0228, 2.3363, 2.2298, 1.9013, 2.1147, 2.6996, 2.2556, 2.7504, 2.4295, 2.2865, 2.6935, 2.1311, 2.2328, 2.5441, 2.2439, 2.5655, 2.035, 2.6617, 2.078, 2.4828, 2.2381, 2.3258, 2.9216, 2.2393, 2.0379, 2.2778, 2.2779, 2.109, 2.3796, 2.3967, 2.2935, 2.4148, 1.7757, 2.4771, 2.5669],
  "initQF": [5.7652, 7.6712, 4.2541, 7.4593, 8.9996, 4.9443, 1.012, 9.2965, 7.2729, 3.2307, 4.5493, 2.1219, 7.4359, 6.2033, 5.6573, 6.2259, 6.8946, 5.7258, 9.7272, 6.4766, 6.4399, 7.6754, 3.6922, 2.4673, 6.3499, 4.8022, 7.2951, 6.2778, 3.7544, 6.7578, 4.7198, 8.9028, 5.8671, 9.8365, 5.1552, 3.6622, 4.0527, 7.3381, 6.4437, 5.9807, 5.4417, 7.6728, 8.5946, 5.7256, 3.798, 5.1279, 6.245, 7.7582, 6.9632, 8.534],
  "initQU": [5.8624, 9.7687, 8.1707, 5.8974, 6.6508, 7.5609, 9.9858, 7.6138, 9.7074, 7.5745, 7.2348, 9.4459, 8.4574, 7.3008, 8.9559, 3.9555, 3.3185, 7.569, 7.7338, 8.1178, 9.2608, 7.8655, 8.2474, 9.565, 7.4061, 6.0917, 9.8418, 7.8278, 8.7615, 8.7061, 9.8803, 9.2844, 5.0682, 6.1498, 7.6343, 9.0897, 5.7001, 9.0956, 8.8797, 9.1003, 8.3543, 7.0226, 7.1128, 8.5544, 7.8715, 8.5047, 4.9952, 8.3248, 9.98, 7.4759]
}
