{
  "n_part": 50,
  "n_trials": 30,
  "LR_group": 0.172062749741599,
  "inv_temp_group": 1.81532111135311,
  "initQF_group": 5.83448677370325,
  "initQU_group": 4.89575602672994,
  "mu_R_group": [
    [5],
    [5]
  ],
  "sigma_R_group": 2,
  "LR": [0.1705, 0.2286, 0.1706, 0.2373, 0.2069, 0.2333, 0.2654, 0.0704, 0.2853, 0.0295, 0.3342, 0.2311, 0.1766, 0.515, 0.1741, 0.0912, 0.2739, 0.1564, 0.2017, 0.4297, 0.3443, 0.1794, 0.4826, 0.0421, 0.4798, 0.0662, 0.2906, 0.055, 0.2806, 0.1171, 0.1003, 0.0451, 0.3525, 0.1396, 0.4825, 0.4278, 0.2837, 0.115, 0.0253, 0.1406, 0.4226, 0.1124, 0.3231, 0.4184, 0.3522, 0.3828, 0.4188, 0.1794, 0.3898, 0.4291],
  "inv_temp": [1.7911, 2.1458, 1.5792, 1.7173, 1.9888, 2.2914, 2.0098, 2.052, 1.2576, 1.8466, 2.2052, 1.7162, 1.7841, 2.0868, 1.3113, 1.3751, 1.6146, 2.1156, 2.4149, 2.0761, 1.933, 1.5283, 1.8852, 2.4608, 1.635, 1.3284, 1.8105, 1.8178, 2.0769, 1.6739, 1.7747, 1.6678, 2.1522, 1.3463, 1.7977, 2.534, 1.3409, 1.9797, 1.7849, 1.262, 1.712, 1.7562, 1.6524, 1.1733, 1.9075, 1.6269, 1.6839, 1.9417, 1.8974, 1.6974],
  "initQF": [8.6764, 5.0673, 3.2552, 8.9744, 7.2042, 9.4565, 3.7039, 4.7518, 4.7222, 4.73, 5.2277, 4.9784, 8.0579, 5.4845, 4.163, 3.4702, 7.1173, 5.3357, 5.6339, 3.544, 6.7682, 5.4397, 4.3186, 5.6747, 7.0774, 7.9814, 6.6135, 8.6084, 2.5723, 3.0796, 3.9765, 7.1496, 7.5008, 7.2418, 9.175, 6.1553, 5.4657, 6.4611, 4.0435, 4.3153, 3.7224, 3.7512, 4.0901, 6.8567, 2.4022, 4.7217, 2.7599, 6.309, 3.0435, 3.5345],
  "initQU": [2.5503, 7.6113, 5.196, 5.5561, 7.495, 7.2556, 3.1898, 3.2889, 4.4401, 4.6529, 4.8109, 2.9699, 6.3399, 6.7004, 2.7666, 7.5951, 4.6378, 7.7658, 3.3598, 3.2829, 1.0589, 4.8364, 3.744, 4.483, 3.8742, 4.4063, 2.319, 5.1914, 6.7183, 6.7085, 3.9805, 2.8119, 1.7191, 8.7201, 5.9408, 6.0513, 1.4872, 3.4219, 3.9766, 2.7647, 3.3615, 4.4793, 2.4904, 3.094, 7.3523, 4.3607, 4.5387, 3.3749, 1.137, 5.1881]
}
