{
  "n_part": 50,
  "n_trials": 30,
  "LR_group": 0.51853398908861,
  "inv_temp_group": 4.33151523349807,
  "initQF_group": 9.90095955366269,
  "initQU_group": 6.92704092105851,
  "mu_R_group": [
    [5],
    [5]
  ],
  "sigma_R_group": 2,
  "LR": [0.3988, 0.6101, 0.9722, 0.5838, 0.257, 0.2997, 0.9245, 0.8064, 0.3949, 0.4278, 0.4231, 0.8955, 0.4917, 0.6534, 0.1899, 0.5843, 0.474, 0.4226, 0.626, 0.3577, 0.474, 0.4358, 0.4142, 0.6137, 0.221, 0.5241, 0.7649, 0.7045, 0.3327, 0.6138, 0.4669, 0.6321, 0.3843, 0.4667, 0.7215, 0.7854, 0.7284, 0.628, 0.6303, 0.6285, 0.7378, 0.6827, 0.5209, 0.3581, 0.1381, 0.5287, 0.8982, 0.3492, 0.5672, 0.8713],
  "inv_temp": [4.9907, 4.2308, 4.4788, 4.2857, 4.0414, 4.3967, 4.0551, 4.271, 4.0116, 4.4217, 4.7814, 4.2889, 4.6393, 4.7669, 3.7717, 4.8781, 4.7367, 4.1451, 4.0163, 4.5611, 4.5034, 4.4749, 3.9001, 3.8323, 4.2798, 3.7069, 4.147, 4.368, 3.9286, 4.2453, 4.1029, 4.8091, 4.2211, 4.3179, 4.2939, 4.8043, 4.1866, 4.5752, 3.6006, 4.2203, 4.9127, 3.877, 4.3162, 4.3485, 4.7203, 4.5602, 4.569, 4.0642, 4.2565, 4.1932],
  "initQF": [8.335, 9.2758, 5.5487, 7.3896, 8.4692, 7.7301, 9.5284, 7.8575, 8.4472, 6.9739, 8.1795, 7.111, 9.3879, 8.1468, 9.8389, 5.917, 8.0532, 9.6189, 9.9363, 7.4409, 9.4244, 9.4251, 9.6151, 8.2429, 9.4456, 9.3146, 8.1154, 8.6789, 9.1891, 5.6743, 8.7242, 8.7294, 9.7898, 6.5664, 9.4085, 5.1837, 7.6303, 8.1029, 8.665, 9.5072, 9.955, 9.9559, 9.796, 9.3494, 8.6635, 9.87, 7.4039, 9.9838, 9.1411, 7.9125],
  "initQU": [8.1641, 4.3102, 6.2294, 5.0497, 2.8737, 6.6059, 9.2185, 5.4634, 6.0668, 7.4327, 9.5246, 5.6639, 9.4834, 6.0025, 6.1123, 7.6243, 8.1268, 4.7115, 6.7729, 5.5343, 7.8721, 6.7652, 5.8633, 7.107, 5.2705, 5.6392, 7.6813, 2.3485, 4.9044, 7.4653, 5.2178, 8.4112, 5.9322, 9.0842, 5.7407, 5.8964, 5.5444, 7.483, 6.3219, 5.1663, 7.0307, 9.6161, 8.3557, 6.4831, 7.4275, 4.2129, 7.171, 4.2175, 7.181, 5.6762]
}
