{
  "n_part": 50,
  "n_trials": 30,
  "LR_group": 0.737606681650504,
  "inv_temp_group": 0.162391543854028,
  "initQF_group": 9.57559057651088,
  "initQU_group": 8.85582101740874,
  "mu_R_group": [
    [5],
    [5]
  ],
  "sigma_R_group": 2,
  "LR": [0.644, 0.6846, 0.691, 0.6536, 0.9119, 0.6301, 0.8588, 0.5486, 0.7676, 0.9309, 0.9793, 0.6205, 0.6851, 0.781, 0.8877, 0.7984, 0.7981, 0.8758, 0.3776, 0.7569, 0.9743, 0.7514, 0.2151, 0.4478, 0.9058, 0.9392, 0.946, 0.4387, 0.6767, 0.8431, 0.7877, 0.8773, 0.31, 0.7688, 0.7757, 0.9567, 0.913, 0.7209, 0.7777, 0.7849, 0.319, 0.6966, 0.2643, 0.5537, 0.288, 0.6257, 0.7743, 0.5956, 0.8038, 0.7944],
  "inv_temp": [0.3121, 0.6459, 0.3989, 0.1264, 0.2095, 0.5228, 0.3554, 0.445, 0.2358, 0.0844, 0.0457, 0.0613, 0.3212, 0.3063, 0.2133, 0.0442, 0.4772, 0.9051, 0.4944, 0.1748, 0.0828, 0.1122, 0.0555, 0.0439, 0.4587, 0.0548, 0.2461, 0.464, 0.7184, 0.0731, 0.6712, 0.3569, 0.2602, 0.2615, 0.5738, 0.222, 0.127, 0.1768, 0.2378, 0.2771, 0.5662, 0.2123, 0.1712, 0.2882, 0.5759, 0.8322, 0.065, 0.1142, 0.1258, 0.3997],
  "initQF": [9.4771, 7.6888, 7.6499, 6.4417, 7.5851, 9.2302, 8.292, 8.7043, 8.0019, 7.2288, 9.751, 9.2963, 9.7287, 7.4479, 9.3532, 9.5812, 7.0577, 6.7478, 8.5869, 7.5582, 7.5862, 8.7947, 5.7544, 8.8756, 6.593, 9.8677, 6.0793, 8.4371, 7.4309, 7.7403, 9.1503, 6.3066, 9.6114, 8.1638, 9.5584, 3.6536, 6.4932, 5.4485, 8.3217, 9.7917, 7.2213, 8.8529, 8.5265, 9.9257, 7.4432, 8.9435, 7.7841, 9.9248, 8.447, 6.3037],
  "initQU": [7.8344, 7.2676, 7.2881, 7.7789, 7.9225, 8.7922, 9.2348, 7.6164, 9.7123, 7.7051, 8.2809, 9.8191, 9.3838, 9.2423, 7.8016, 8.159, 9.3759, 9.4453, 8.5988, 9.7498, 9.0356, 7.7397, 6.945, 6.671, 8.5839, 7.4249, 9.0506, 5.6197, 8.8944, 9.3492, 9.5319, 9.1973, 6.3567, 9.2712, 9.5855, 7.8515, 7.4985, 9.8315, 9.0561, 9.8042, 5.9284, 7.5691, 7.0305, 6.0895, 9.2179, 8.6132, 8.442, 8.2075, 8.6081, 7.4082]
}
