{
  "n_part": 50,
  "n_trials": 30,
  "LR_group": 0.629208508646116,
  "inv_temp_group": 1.60353384679183,
  "initQF_group": 3.77858511405066,
  "initQU_group": 6.69026719778776,
  "mu_R_group": [
    [5],
    [5]
  ],
  "sigma_R_group": 2,
  "LR": [0.7109, 0.8921, 0.5029, 0.7222, 0.6353, 0.5323, 0.8402, 0.4212, 0.7861, 0.5038, 0.6381, 0.5506, 0.673, 0.7382, 0.7179, 0.4967, 0.4458, 0.2704, 0.5893, 0.6043, 0.8518, 0.7529, 0.7241, 0.9846, 0.4736, 0.5295, 0.4724, 0.3996, 0.6592, 0.5816, 0.6129, 0.8332, 0.777, 0.3057, 0.7575, 0.5314, 0.7352, 0.6127, 0.4941, 0.6692, 0.7249, 0.6383, 0.7426, 0.5007, 0.7563, 0.624, 0.3748, 0.5874, 0.2646, 0.6003],
  "inv_temp": [1.3797, 1.7707, 1.1937, 1.3475, 1.7388, 1.7429, 1.3647, 2.062, 1.783, 1.6728, 1.6976, 1.7108, 1.3771, 1.6663, 1.559, 1.761, 1.9831, 1.2392, 1.1664, 1.4593, 1.4166, 1.8229, 1.6309, 1.511, 1.059, 1.7897, 0.9389, 1.3222, 1.8051, 0.9488, 1.716, 0.9938, 1.6912, 1.3414, 1.0515, 1.8388, 1.6953, 1.4293, 1.1979, 1.6823, 1.2351, 1.4461, 1.6994, 1.7163, 1.7668, 1.277, 1.8997, 1.6971, 1.4401, 1.9129],
  "initQF": [5.6982, 1.2969, 4.0728, 6.4734, 4.1519, 3.7382, 4.3557, 3.157, 2.4281, 2.779, 5.5788, 6.9032, 5.0243, 8.7313, 6.5026, 1.8249, 4.7361, 5.2189, 2.2875, 4.4062, 3.5477, 4.6467, 2.0405, 3.3471, 5.282, 1.0741, 4.4097, 5.3489, 1.5459, 5.0421, 5.5076, 4.7222, 4.7225, 4.7707, 5.4488, 3.8116, 1.2098, 3.9674, 4.055, 2.3293, 3.1869, 3.3549, 2.0043, 4.1236, 2.9689, 5.6907, 2.8247, 4.4481, 5.379, 2.9351],
  "initQU": [5.6575, 3.9207, 6.074, 4.0566, 8.9792, 4.6927, 7.9358, 5.2896, 7.8582, 7.8682, 6.1091, 6.5873, 5.1731, 3.7955, 7.243, 9.9943, 4.4745, 9.0727, 7.2514, 5.7812, 6.5567, 7.1137, 5.6426, 2.3617, 7.0743, 6.6079, 7.6746, 6.0652, 7.069, 5.6417, 8.8871, 8.9007, 8.4197, 7.549, 5.3001, 7.3646, 6.3391, 5.2716, 6.6421, 4.4059, 5.1828, 7.1674, 7.3026, 3.1551, 6.2006, 5.7941, 5.3766, 7.0203, 7.1743, 6.7663]
}
