{
  "n_part": 50,
  "n_trials": 30,
  "LR_group": 0.129965287866071,
  "inv_temp_group": 0.30234258971177,
  "initQ_group": [
    [4.6227562460117],
    [9.3748084960971]
  ],
  "mu_R_group": [
    [5],
    [5]
  ],
  "sigma_R_group": 2,
  "LR": [0.0052, 0.2299, 0.1515, 0.303, 0.3684, 0.2671, 0.1747, 0.2232, 0.1251, 0.2432, 0.0074, 0.2787, 0.3011, 0.0705, 0.4661, 0.2582, 0.3686, 0.1419, 0.0275, 0.2376, 0.0963, 0.4068, 0.1072, 0.2418, 0.2222, 0.2527, 0.0229, 0.4606, 0.0796, 0.3206, 0.1189, 0.1364, 0.146, 0.1999, 0.1689, 0.0141, 0.0542, 0.0807, 0.3985, 0.2331, 0.3286, 0.3149, 0.0526, 0.3563, 0.0074, 0.2586, 0.4057, 0.0827, 0.1949, 0.199],
  "inv_temp": [0.8985, 0.4194, 0.0419, 0.6725, 0.6458, 0.2882, 0.7341, 0.16, 0.484, 0.5894, 0.5459, 0.4194, 0.5441, 0.3321, 0.1774, 0.4768, 0.8013, 0.4191, 0.0575, 0.3612, 0.2357, 0.2522, 0.3483, 0.1091, 0.6653, 0.3163, 0.2834, 0.5108, 0.6635, 0.123, 0.1145, 0.5741, 0.8772, 0.4099, 0.7797, 0.3285, 0.0758, 0.1244, 0.113, 0.2804, 0.0201, 0.3044, 0.5918, 0.2034, 0.0593, 0.1713, 0.4279, 0.5536, 0.8719, 0.605],
  "initQF": [6.4697, 4.7979, 2.2397, 8.4921, 7.3965, 3.4653, 4.285, 6.5995, 5.8712, 3.4442, 8.0536, 4.6148, 6.2795, 3.8116, 9.8869, 5.5808, 1.3367, 3.5394, 7.1974, 7.073, 4.5338, 6.9665, 3.6992, 4.2978, 4.0833, 1.5591, 1.8123, 4.4424, 4.3213, 9.9794, 5.2621, 5.1435, 3.6644, 4.7669, 5.1528, 5.4042, 6.7859, 6.3558, 5.3525, 4.0026, 5.6607, 4.1968, 7.0339, 7.5148, 2.9514, 8.3814, 4.9996, 7.0181, 6.2058, 8.5517],
  "initQU": [6.074, 8.8205, 9.0124, 8.8688, 7.6603, 9.4286, 4.4194, 8.6611, 9.6407, 9.243, 7.0942, 4.5792, 9.6322, 9.8161, 9.4215, 9.4144, 5.6425, 9.2116, 8.9292, 8.3196, 8.4991, 9.6305, 7.1547, 8.6638, 6.3199, 9.6565, 7.8895, 3.11, 7.8984, 8.7506, 8.9862, 8.12, 8.5617, 8.1571, 7.198, 5.3411, 6.9287, 9.3748, 7.3339, 9.6523, 7.8823, 7.2325, 7.6514, 4.971, 7.6915, 9.5002, 9.4261, 7.8989, 6.8777, 7.6309]
}
