{
  "n_part": 50,
  "n_trials": 30,
  "LR_group": 0.579941951902583,
  "inv_temp_group": 3.69663949939422,
  "initQ_group": [
    [8.24129499285482],
    [1.44375357986428]
  ],
  "mu_R_group": [
    [5],
    [5]
  ],
  "sigma_R_group": 2,
  "LR": [0.2612, 0.5178, 0.6307, 0.5073, 0.3929, 0.5323, 0.7262, 0.7349, 0.5905, 0.504, 0.7065, 0.6822, 0.8471, 0.4846, 0.6482, 0.5687, 0.7283, 0.6555, 0.2377, 0.6871, 0.6503, 0.902, 0.5141, 0.2698, 0.7947, 0.8283, 0.486, 0.6387, 0.5797, 0.7703, 0.5826, 0.6856, 0.655, 0.6375, 0.505, 0.6929, 0.2916, 0.492, 0.4445, 0.7141, 0.6249, 0.3788, 0.3966, 0.4691, 0.8746, 0.8032, 0.9414, 0.4371, 0.4217, 0.6183],
  "inv_temp": [3.6603, 4.1304, 3.8166, 3.8676, 3.9713, 3.6376, 3.7453, 3.9049, 3.2536, 4.4097, 3.6382, 3.806, 4.0859, 3.8084, 3.6866, 3.822, 3.5527, 3.2414, 3.7676, 3.8304, 3.8254, 3.5388, 3.6593, 3.8922, 3.8198, 4.1191, 3.5544, 3.8102, 4.168, 3.4871, 3.8222, 3.7959, 3.9388, 3.8769, 3.7348, 4.0065, 3.5976, 3.6758, 3.6572, 3.1137, 3.8301, 3.5965, 3.987, 3.2759, 3.858, 4.4271, 3.5019, 3.5116, 3.5738, 3.5895],
  "initQF": [5.8575, 5.5341, 9.2065, 8.6354, 8.1191, 8.5652, 9.2624, 7.7895, 7.2649, 9.0816, 8.5418, 6.9937, 8.8587, 9.3451, 9.6712, 9.5371, 7.6596, 3.2106, 6.7457, 7.4809, 5.3866, 7.7461, 6.2395, 8.5505, 6.5885, 6.4258, 7.3476, 7.4589, 8.9714, 7.9198, 6.8239, 9.1994, 6.7085, 9.5689, 6.135, 8.0796, 8.9211, 4.8928, 5.3435, 6.4094, 9.0718, 9.4179, 9.8024, 9.0426, 9.7354, 5.8422, 6.5864, 7.3431, 6.9192, 5.2609],
  "initQU": [1.967, 1.9522, 3.6191, 1.2086, 2.9021, 1.6222, 1.4536, 2.7066, 2.6039, 3.5783, 2.3727, 1.348, 1.6527, 1.9371, 1.0509, 1.4107, 2.8356, 2.3106, 3.0957, 1.6064, 1.9535, 4.0132, 1.0142, 1.8619, 2.563, 4.0084, 2.3093, 5.4332, 4.3855, 2.1894, 4.5404, 2.3541, 4.4448, 2.5049, 5.6355, 5.0805, 4.6379, 4.7782, 1.3252, 4.1188, 3.1949, 2.4465, 3.7822, 1.4859, 1.1496, 3.2664, 2.1148, 3.8431, 2.9307, 2.0908]
}
