{
  "n_part": 50,
  "n_trials": 30,
  "LR_group": 0.414416743908077,
  "inv_temp_group": 0.94089591759257,
  "initQ_group": [
    [7.13016907102428],
    [8.42823853436857]
  ],
  "mu_R_group": [
    [5],
    [5]
  ],
  "sigma_R_group": 2,
  "LR": [0.5371, 0.186, 0.7845, 0.1357, 0.0585, 0.6617, 0.4099, 0.4383, 0.8308, 0.3123, 0.3925, 0.5487, 0.3272, 0.1753, 0.7002, 0.4202, 0.7379, 0.2037, 0.5095, 0.3118, 0.5949, 0.3966, 0.3868, 0.2347, 0.259, 0.5865, 0.7829, 0.6475, 0.1123, 0.0126, 0.4609, 0.7692, 0.6395, 0.2878, 0.4722, 0.4325, 0.4389, 0.392, 0.3728, 0.4243, 0.379, 0.2999, 0.2992, 0.4211, 0.495, 0.6512, 0.2649, 0.4717, 0.1115, 0.5662],
  "inv_temp": [1.4301, 1.404, 0.7757, 1.3483, 0.9558, 1.2212, 0.9014, 0.8147, 0.6155, 0.4711, 0.2989, 0.6187, 0.7926, 0.8738, 1.4328, 0.7574, 0.5658, 0.5303, 1.0191, 0.9881, 1.4541, 1.0699, 0.9291, 0.9049, 0.7708, 0.8958, 1.2092, 1.3213, 0.9069, 0.693, 1.0474, 0.9337, 0.2607, 1.1864, 0.8764, 0.8289, 0.5364, 0.8829, 0.7838, 0.6528, 0.7765, 1.1356, 0.7516, 0.7932, 1.0578, 1.356, 0.7538, 0.6019, 0.9028, 0.899],
  "initQF": [6.0794, 7.0614, 6.8341, 3.1013, 9.1682, 6.9084, 9.5313, 7.196, 9.6583, 7.2149, 7.4789, 7.8808, 9.5029, 9.9946, 9.4636, 8.1891, 3.5759, 6.6742, 2.2151, 7.6661, 6.8009, 6.5636, 9.1265, 7.6603, 4.8168, 6.2751, 7.5731, 7.9743, 4.6012, 7.9241, 7.4691, 4.8842, 5.6062, 6.3033, 6.7441, 7.3674, 4.9685, 9.758, 4.8388, 5.2124, 8.2063, 7.1768, 8.3064, 6.127, 5.3765, 5.1457, 8.4305, 6.649, 6.903, 7.0901],
  "initQU": [7.388, 6.8155, 9.1256, 9.3493, 8.9374, 8.323, 6.5773, 8.0439, 9.477, 6.9054, 8.1813, 5.6616, 6.8519, 6.4229, 9.8846, 7.9265, 7.8065, 7.8945, 8.5321, 6.5885, 6.7013, 7.8077, 8.1314, 6.1645, 5.3446, 6.9641, 9.5612, 5.9945, 6.7665, 9.8842, 9.0633, 6.7713, 8.4986, 8.239, 9.2622, 7.5632, 8.8564, 3.6362, 8.7658, 8.1319, 9.1368, 9.2579, 8.3268, 6.5966, 8.4961, 5.5524, 8.7051, 8.4603, 8.2266, 6.6103]
}
