{
  "n_part": 50,
  "n_trials": 30,
  "LR_group": 0.877081535523757,
  "inv_temp_group": 1.6235311224591,
  "initQ_group": [
    [4.86661669868045],
    [1.32160988426767]
  ],
  "mu_R_group": [
    [5],
    [5]
  ],
  "sigma_R_group": 2,
  "LR": [0.8263, 0.6769, 0.964, 0.8502, 0.9926, 0.8675, 0.4052, 0.6181, 0.7417, 0.8018, 0.5808, 0.7226, 0.715, 0.9406, 0.8445, 0.6712, 0.7239, 0.9393, 0.8121, 0.6087, 0.7942, 0.8466, 0.6453, 0.8113, 0.5375, 0.5668, 0.8908, 0.541, 0.9834, 0.7898, 0.7949, 0.9166, 0.601, 0.6459, 0.8367, 0.6545, 0.6138, 0.6697, 0.8501, 0.6833, 0.6393, 0.9132, 0.9633, 0.919, 0.6913, 0.6665, 0.959, 0.6477, 0.9456, 0.7188],
  "inv_temp": [1.535, 1.9433, 1.8248, 0.8554, 1.9984, 1.8981, 1.643, 1.471, 1.7256, 1.403, 1.7462, 1.8082, 1.4153, 1.9657, 1.5148, 1.7524, 2.0645, 1.3312, 1.277, 1.5643, 1.9733, 1.5019, 2.1595, 1.6072, 1.4872, 1.125, 1.4855, 1.4893, 2.0023, 2.0264, 0.9983, 1.8823, 1.9854, 1.7489, 1.5076, 1.7832, 1.8766, 1.7994, 1.7921, 1.6738, 2.0001, 1.8092, 1.8384, 1.6445, 1.8783, 1.3498, 1.5538, 1.8466, 1.7708, 2.2711],
  "initQF": [3.183, 5.6784, 3.8411, 4.6287, 4.0765, 3.4962, 6.5456, 2.0052, 2.3184, 6.6095, 7.2543, 4.604, 7.2689, 6.0641, 3.8551, 2.8233, 1.255, 5.0483, 3.4602, 4.6863, 5.4342, 4.2991, 3.7392, 6.621, 3.9728, 4.6018, 4.0544, 8.6733, 6.918, 7.4853, 6.7159, 3.8264, 1.0576, 1.6323, 5.8814, 1.859, 5.8052, 2.3667, 5.5522, 8.7774, 3.7234, 6.9618, 3.3221, 5.0998, 3.6732, 5.4002, 7.0392, 2.9478, 7.0408, 2.1016],
  "initQU": [4.5853, 4.8495, 1.2126, 1.6652, 2.6607, 1.5546, 3.3009, 2.7313, 3.2052, 1.5031, 2.3268, 3.2126, 1.8725, 2.5758, 3.5428, 3.0957, 5.7886, 3.3399, 1.6537, 3.45, 2.872, 2.2203, 4.2028, 3.6554, 2.8261, 2.4239, 2.1653, 1.3714, 3.0405, 1.4227, 4.8332, 1.6533, 1.855, 4.5088, 1.9566, 1.5605, 2.6533, 2.4755, 2.415, 3.9153, 3.8515, 1.1164, 3.9828, 2.8475, 2.3831, 2.9923, 1.4443, 1.9062, 4.0831, 2.9107]
}
