{
  "n_part": 50,
  "n_trials": 30,
  "LR_group": 0.784093634225428,
  "inv_temp_group": 0.490623982623219,
  "initQ_group": [
    [4.31979994778521],
    [8.21802700986154]
  ],
  "mu_R_group": [
    [5],
    [5]
  ],
  "sigma_R_group": 2,
  "LR": [0.8925, 0.7814, 0.8465, 0.9966, 0.6462, 0.6642, 0.6016, 0.7582, 0.5919, 0.4622, 0.6459, 0.833, 0.9581, 0.9319, 0.7479, 0.6476, 0.9812, 0.6168, 0.6642, 0.9402, 0.6413, 0.2001, 0.6103, 0.8412, 0.7255, 0.6976, 0.5888, 0.5722, 0.7385, 0.6688, 0.8875, 0.6324, 0.7597, 0.6593, 0.8106, 0.7116, 0.6291, 0.7779, 0.8438, 0.9784, 0.9271, 0.9305, 0.5763, 0.4741, 0.7179, 0.8168, 0.6838, 0.9013, 0.4773, 0.4554],
  "inv_temp": [0.6642, 0.5662, 0.8579, 0.6361, 0.1212, 0.2807, 0.3216, 0.1138, 0.6125, 0.2317, 1.0442, 0.8237, 0.426, 0.5119, 0.8325, 0.3633, 0.5774, 0.4542, 0.3596, 0.3154, 0.0072, 1.1328, 0.0017, 0.1672, 0.1568, 0.257, 0.8531, 0.2118, 0.9506, 0.3383, 0.6137, 0.3478, 0.6457, 0.6025, 0.5525, 0.2702, 0.886, 0.7617, 0.1288, 0.2812, 0.5492, 0.3788, 0.3508, 0.7231, 0.5766, 0.0953, 0.4033, 1.084, 0.4789, 0.6862],
  "initQF": [2.6396, 5.5861, 6.0004, 5.0759, 3.752, 5.6583, 7.0844, 2.3686, 5.2293, 3.2777, 1.9636, 3.3846, 3.1188, 5.1986, 6.9392, 6.8099, 6.2243, 7.0438, 6.7317, 2.2319, 3.7021, 5.1452, 7.5768, 3.3782, 6.7278, 3.7783, 6.3211, 5.3796, 3.6199, 5.1841, 5.3236, 5.9291, 5.324, 7.966, 1.6404, 5.9473, 4.2623, 3.6258, 5.1356, 4.4805, 5.3486, 5.9901, 7.8288, 7.836, 2.6512, 3.3918, 4.8123, 2.3833, 6.6153, 3.9658],
  "initQU": [4.9778, 8.291, 8.5308, 7.5142, 9.1151, 6.8112, 8.1525, 6.2239, 6.39, 1.9702, 3.9899, 7.8559, 9.4812, 6.7575, 8.5272, 4.1299, 8.74, 8.4297, 9.3099, 7.0492, 6.3699, 6.2495, 5.8201, 9.8053, 8.2974, 5.9189, 8.2867, 9.4632, 9.2094, 9.4509, 8.3653, 9.375, 4.5541, 7.8435, 5.7603, 7.3084, 5.9762, 6.8466, 9.3965, 4.5462, 7.0834, 7.0742, 5.7195, 5.6797, 9.8678, 8.2181, 9.2664, 9.7906, 9.0832, 8.2681]
}
