{
  "n_part": 50,
  "n_trials": 30,
  "LR_group": 0.0204677325673401,
  "inv_temp_group": 0.587053010240197,
  "initQ_group": [
    [1.89499078481458],
    [6.01282531302422]
  ],
  "mu_R_group": [
    [5],
    [5]
  ],
  "sigma_R_group": 2,
  "LR": [0.124, 0.1867, 0.0726, 0.1258, 0.0856, 0.0832, 0.194, 0.0971, 0.0987, 0.225, 0.5194, 0.3064, 0.0671, 0.4871, 0.3687, 0.5925, 0.1344, 0.5322, 0.1865, 0.162, 0.1788, 0.0633, 0.1166, 0.3201, 0.28, 0.2549, 0.3694, 0.0884, 0.0275, 0.2343, 0.081, 0.4053, 0.1328, 0.2811, 0.1387, 0.335, 0.113, 0.4982, 0.3152, 0.1014, 0.2322, 0.2089, 0.1561, 0.0629, 0.2397, 0.0983, 0.08, 0.2942, 0.0661, 0.0434],
  "inv_temp": [0.4279, 0.391, 0.363, 0.6816, 0.6556, 0.3995, 0.4234, 0.5698, 0.5477, 0.5091, 0.4779, 0.6729, 0.1316, 1.0939, 0.2408, 0.6937, 0.3621, 1.1538, 0.9108, 0.8159, 0.294, 0.9557, 0.2111, 0.1731, 0.3024, 0.5074, 0.7012, 0.2164, 0.1602, 0.2376, 0.6461, 0.6555, 0.3754, 0.948, 0.6936, 0.988, 0.3675, 0.5123, 0.6323, 0.5028, 0.9214, 0.7367, 0.9937, 0.7021, 0.5253, 0.6573, 0.5885, 0.5916, 0.2201, 0.5913],
  "initQF": [1.6472, 7.2073, 2.4724, 2.8322, 6.4957, 1.0733, 2.7535, 3.907, 2.8339, 2.0428, 1.7542, 4.8548, 4.6549, 1.5823, 6.3271, 5.1291, 2.7477, 2.4557, 3.7111, 2.0299, 1.1799, 1.267, 2.4293, 3.7751, 1.3496, 3.0083, 2.834, 3.0265, 2.1366, 3.6965, 4.2767, 2.6075, 4.5113, 6.3754, 3.7895, 2.7184, 2.7877, 2.5699, 3.3411, 1.3358, 5.4213, 1.1785, 1.0263, 2.9064, 1.1257, 1.052, 2.1363, 2.7353, 2.3526, 2.9712],
  "initQU": [5.6467, 8.1404, 7.1015, 4.6565, 3.6597, 6.0966, 5.1698, 5.5091, 6.8566, 6.5781, 8.9701, 3.8893, 1.9504, 5.6038, 4.8267, 6.049, 3.9674, 6.4467, 6.1095, 7.1354, 5.9918, 7.956, 4.1274, 7.9101, 7.1913, 7.2283, 6.0294, 3.879, 3.8762, 6.0035, 3.369, 6.3191, 8.7811, 6.9733, 6.3066, 6.6633, 2.6488, 7.5641, 4.9799, 4.7699, 5.6956, 7.2991, 8.2122, 5.9515, 3.8625, 4.7587, 7.258, 5.5309, 6.0621, 6.158]
}
