{
  "n_part": 50,
  "n_trials": 30,
  "LR_group": 0.787447803188115,
  "inv_temp_group": 4.31218384648673,
  "initQ_group": [
    [7.37479734793305],
    [4.16028319206089]
  ],
  "mu_R_group": [
    [5],
    [5]
  ],
  "sigma_R_group": 2,
  "LR": [0.7182, 0.4417, 0.777, 0.5442, 0.7533, 0.7047, 0.9587, 0.6883, 0.8614, 0.5874, 0.6038, 0.3585, 0.6626, 0.9576, 0.8364, 0.8617, 0.6578, 0.7412, 0.9215, 0.5857, 0.8544, 0.8843, 0.9506, 0.9515, 0.5297, 0.8962, 0.7466, 0.7896, 0.5893, 0.7369, 0.7585, 0.7675, 0.7891, 0.7629, 0.5413, 0.8618, 0.6735, 0.441, 0.9787, 0.7436, 0.7413, 0.6745, 0.4827, 0.4173, 0.5873, 0.7852, 0.8529, 0.7363, 0.9203, 0.6679],
  "inv_temp": [4.134, 4.8617, 4.9735, 4.4351, 4.6652, 4.3542, 4.001, 4.4536, 4.6052, 4.3189, 4.2819, 4.3807, 4.5991, 4.3508, 4.2776, 4.3548, 4.2359, 4.3324, 3.9142, 4.0367, 4.239, 4.2965, 4.0157, 4.2803, 4.1076, 3.8941, 4.0681, 4.1832, 4.1457, 4.001, 4.2989, 4.4956, 4.6281, 4.5366, 4.5743, 4.3585, 4.427, 4.7148, 4.4243, 3.7109, 3.9231, 3.9756, 4.4462, 4.2584, 4.4877, 4.7346, 3.4779, 4.4319, 4.3388, 4.3528],
  "initQF": [7.3739, 8.3448, 8.2227, 6.155, 9.7198, 4.9213, 4.5967, 7.1279, 7.1389, 9.1757, 6.1585, 6.5288, 4.6853, 7.1766, 4.5485, 8.2884, 5.1829, 7.5576, 6.8309, 9.743, 5.928, 6.463, 9.5077, 5.368, 8.3052, 8.8883, 7.5421, 8.3826, 7.9138, 8.3979, 8.3966, 9.2852, 7.8135, 6.7444, 7.7932, 7.9756, 6.5259, 8.7045, 8.5163, 7.7986, 9.8005, 9.7432, 7.3332, 7.5375, 7.5948, 7.8216, 6.7968, 6.5725, 6.1714, 7.6017],
  "initQU": [5.0393, 4.7327, 1.0598, 6.8951, 6.3227, 5.1228, 3.5997, 2.4472, 6.742, 5.4377, 4.9713, 3.9765, 3.767, 2.8027, 3.0388, 4.2269, 1.9562, 3.4852, 2.7797, 5.6905, 2.4841, 6.7321, 5.6703, 2.5572, 5.6686, 6.2839, 6.1344, 2.8579, 3.5935, 5.3007, 2.7506, 5.5164, 7.0598, 3.4766, 4.0395, 2.7916, 6.8879, 2.1435, 3.3858, 2.1474, 3.3287, 5.4206, 2.1557, 5.5805, 3.6155, 4.2284, 4.6339, 6.1735, 5.3639, 5.172]
}
