{
  "n_part": 50,
  "n_trials": 30,
  "LR_group": 0.622147065354511,
  "inv_temp_group": 2.85506278160028,
  "initQ_group": [
    [4.66713056317531],
    [8.51822565984912]
  ],
  "mu_R_group": [
    [5],
    [5]
  ],
  "sigma_R_group": 2,
  "LR": [0.7034, 0.4861, 0.5849, 0.7078, 0.6074, 0.5818, 0.4488, 0.7364, 0.4455, 0.6599, 0.5321, 0.6036, 0.7743, 0.2934, 0.3975, 0.5301, 0.5354, 0.8862, 0.4273, 0.7161, 0.4008, 0.4739, 0.3701, 0.6567, 0.4963, 0.704, 0.23, 0.7753, 0.3442, 0.6384, 0.7432, 0.8316, 0.6757, 0.3581, 0.732, 0.5258, 0.8544, 0.925, 0.2983, 0.7347, 0.7922, 0.418, 0.5916, 0.57, 0.7248, 0.4716, 0.6532, 0.9319, 0.3666, 0.8999],
  "inv_temp": [2.4878, 2.4015, 2.9513, 2.5105, 2.6253, 2.1994, 2.7987, 3.4593, 2.9238, 2.3376, 3.0546, 2.8807, 2.6399, 3.1831, 2.6961, 2.8284, 3.3993, 2.6145, 3.4841, 3.2078, 3.1702, 2.825, 3.0313, 2.6965, 2.972, 2.7815, 2.9655, 2.7181, 3.5657, 3.0836, 2.0363, 3.1225, 2.9919, 2.5811, 2.663, 3.3722, 2.4779, 2.9879, 2.663, 2.9692, 2.8282, 2.3674, 3.0665, 2.4356, 3.3846, 3.0826, 2.899, 2.6329, 2.5815, 3.0438],
  "initQF": [2.9516, 7.1494, 2.5706, 2.2012, 4.404, 5.2076, 6.0707, 4.8341, 6.5541, 6.8854, 4.8478, 4.3849, 6.284, 5.3632, 5.1669, 3.1187, 5.2185, 6.6937, 3.1776, 2.2465, 5.0208, 5.1463, 4.438, 7.4517, 6.3099, 4.6988, 5.4529, 3.9157, 4.94, 3.0309, 2.1207, 8.8999, 7.1071, 7.4086, 3.3917, 5.4641, 3.7364, 7.4688, 2.2921, 3.2009, 6.2168, 7.7138, 4.8589, 1.7367, 6.3727, 3.2227, 6.9424, 3.4171, 4.4061, 4.2339],
  "initQU": [8.9262, 9.521, 9.3098, 8.6369, 8.5068, 7.5586, 6.3519, 7.5165, 9.4722, 6.0945, 5.915, 7.5696, 9.1236, 6.369, 9.1753, 9.1019, 9.3527, 6.7705, 9.3744, 5.2514, 7.6699, 7.8811, 7.2122, 6.3195, 6.6465, 7.0371, 8.9881, 5.8672, 6.2032, 9.7271, 2.7607, 6.6812, 7.6079, 6.0367, 7.7442, 9.0621, 9.2313, 7.8651, 9.7212, 8.1939, 8.4358, 6.6849, 8.4588, 9.515, 8.6923, 5.2414, 5.8771, 6.3854, 8.9787, 3.2395]
}
