{
  "n_part": 50,
  "n_trials": 30,
  "LR_group": 0.68364135036245,
  "inv_temp_group": 3.30904408358037,
  "initQ_group": [
    [3.03262368962169],
    [4.13806240004487]
  ],
  "mu_R_group": [
    [5],
    [5]
  ],
  "sigma_R_group": 2,
  "LR": [0.4631, 0.7846, 0.4808, 0.7009, 0.7412, 0.6167, 0.3614, 0.9366, 0.33, 0.6344, 0.6514, 0.4818, 0.2486, 0.5887, 0.9538, 0.717, 0.7092, 0.362, 0.5249, 0.532, 0.5853, 0.6459, 0.5415, 0.8544, 0.531, 0.7618, 0.596, 0.6823, 0.8525, 0.9311, 0.272, 0.6392, 0.8702, 0.3977, 0.6397, 0.9808, 0.6956, 0.9062, 0.7907, 0.7692, 0.5034, 0.7364, 0.5903, 0.5328, 0.6433, 0.6572, 0.9592, 0.698, 0.4585, 0.8053],
  "inv_temp": [3.3432, 3.3924, 3.7206, 2.9692, 2.7909, 2.8248, 3.6377, 3.3475, 3.215, 3.0154, 3.3637, 3.2383, 3.6335, 3.4328, 3.3434, 3.7107, 2.9685, 3.3108, 3.7261, 3.7939, 3.4216, 2.951, 2.7107, 3.3866, 4.3945, 2.9633, 3.1876, 3.199, 3.3129, 3.4354, 2.9774, 3.358, 3.0728, 2.9854, 3.212, 3.5365, 3.4559, 2.6497, 2.4422, 3.314, 3.1307, 3.5702, 3.0057, 3.5858, 3.7232, 3.1592, 3.2887, 3.4829, 3.3975, 2.9203],
  "initQF": [6.6505, 4.071, 4.7842, 3.8601, 2.6487, 6.489, 1.0686, 1.7625, 4.6281, 3.1411, 5.5461, 3.999, 2.9681, 4.6766, 1.6047, 4.8181, 3.1832, 4.3213, 3.0982, 3.3479, 4.1409, 3.9199, 4.6344, 2.4611, 2.3942, 4.0101, 4.6709, 3.067, 3.4911, 1.5904, 4.895, 5.2624, 3.4316, 2.4584, 3.2719, 4.2321, 3.2659, 5.9618, 3.1623, 6.8765, 4.3455, 3.6514, 2.9728, 6.4666, 1.4967, 2.6176, 3.9891, 4.8472, 2.5648, 3.4319],
  "initQU": [3.6531, 3.2147, 4.7731, 1.4297, 3.2345, 8.7347, 4.2213, 6.3161, 6.1194, 2.3353, 4.9746, 8.9448, 1.0871, 4.5658, 2.1114, 2.5374, 4.6434, 1.7482, 2.7346, 3.3765, 4.9389, 5.4198, 5.1803, 5.5216, 7.3606, 7.25, 6.614, 3.2136, 2.6602, 4.6573, 6.1739, 3.2868, 4.3312, 4.4544, 6.3348, 2.4972, 5.7817, 4.5995, 6.1544, 5.7663, 2.1429, 5.0063, 4.0337, 1.813, 2.6349, 5.2514, 4.9562, 6.6382, 1.9745, 3.4705]
}
