{
  "n_part": 50,
  "n_trials": 30,
  "LR_group": 0.466134046204388,
  "inv_temp_group": 1.52513245586306,
  "initQ_group": [
    [9.77158926823176],
    [9.83819779264741]
  ],
  "mu_R_group": [
    [5],
    [5]
  ],
  "sigma_R_group": 2,
  "LR": [0.4514, 0.6193, 0.3525, 0.4029, 0.4242, 0.5994, 0.7721, 0.3003, 0.7585, 0.2645, 0.4152, 0.4158, 0.3647, 0.3896, 0.6583, 0.1048, 0.621, 0.4742, 0.3943, 0.7737, 0.3972, 0.5514, 0.5037, 0.4805, 0.2737, 0.5264, 0.3308, 0.2773, 0.4859, 0.509, 0.454, 0.3682, 0.8712, 0.2319, 0.4211, 0.6365, 0.7465, 0.3235, 0.4793, 0.4908, 0.4545, 0.5419, 0.6995, 0.2571, 0.4025, 0.5748, 0.2778, 0.2779, 0.4076, 0.3888],
  "inv_temp": [1.8783, 1.7678, 1.4308, 2.1792, 2.1381, 1.7658, 1.5628, 1.3909, 2.0269, 1.4007, 1.3879, 1.3671, 1.6364, 1.4868, 1.6596, 1.0902, 1.8163, 1.687, 1.2564, 1.2646, 1.3925, 2.0919, 1.6699, 1.2246, 1.6293, 1.5762, 1.2568, 1.0854, 0.9926, 1.7383, 1.1878, 1.3627, 1.3576, 1.3614, 1.4927, 1.3384, 1.6839, 1.5741, 1.511, 1.5301, 1.4078, 1.7695, 1.5072, 1.517, 1.619, 2.1171, 1.1833, 1.9053, 2.1519, 1.6334],
  "initQF": [7.5192, 8.6479, 8.8426, 7.243, 7.3287, 8.3611, 8.1348, 7.9764, 9.1772, 9.5867, 8.1213, 9.6545, 8.9849, 8.9646, 9.2026, 9.3058, 6.4738, 6.4816, 8.5391, 9.7995, 8.2584, 8.3118, 7.621, 9.4916, 8.984, 8.9859, 5.4257, 9.7782, 8.231, 8.375, 9.1544, 6.5997, 9.0418, 9.0619, 9.0984, 9.0361, 7.575, 9.6614, 6.2943, 6.7696, 7.4746, 7.658, 8.3758, 7.4556, 6.9194, 8.3918, 8.9161, 9.7785, 7.6461, 9.733],
  "initQU": [8.8981, 9.6506, 5.0301, 9.6856, 9.3182, 7.5465, 7.7285, 9.9121, 5.9905, 7.1881, 9.4804, 9.1346, 9.7787, 7.5879, 5.1352, 9.8232, 6.8502, 9.6867, 9.2741, 6.8552, 8.7097, 8.6832, 9.6662, 9.9159, 9.4447, 6.5152, 9.5787, 7.4721, 8.6552, 8.5122, 8.9824, 8.2167, 8.0775, 8.823, 8.0824, 9.6667, 9.3061, 8.6499, 7.4752, 7.84, 8.3706, 8.152, 9.8594, 9.2, 9.1059, 9.4414, 9.861, 8.9832, 7.2399, 7.9282]
}
