{
  "n_part": 50,
  "n_trials": 30,
  "mu_R_group": [
    [5],
    [5]
  ],
  "sigma_R_group": 2,
  "LR_group": 0.476405855733901,
  "inv_temp_group": 3.42646094388328,
  "initQF_group": 4.79295771755278,
  "initQU_group": 4.63372372533195,
  "LR": [0.2668, 0.6954, 0.455, 0.3275, 0.34, 0.3999, 0.6997, 0.5036, 0.6165, 0.5383, 0.6486, 0.6035, 0.2604, 0.3486, 0.3556, 0.3543, 0.3343, 0.4164, 0.0831, 0.3181, 0.3529, 0.3543, 0.3366, 0.4765, 0.8844, 0.494, 0.9327, 0.7376, 0.4762, 0.4251, 0.3867, 0.5636, 0.6571, 0.3365, 0.5054, 0.6165, 0.6754, 0.5118, 0.3591, 0.4753, 0.2271, 0.6753, 0.5711, 0.2179, 0.6643, 0.8205, 0.639, 0.9347, 0.5113, 0.497],
  "inv_temp": [3.1092, 3.528, 4.2174, 3.9242, 4.2717, 3.8917, 3.083, 3.9751, 3.6782, 2.8584, 3.3141, 3.1266, 2.8921, 2.8926, 3.0752, 3.5637, 3.2754, 3.1306, 3.6468, 3.1588, 3.5638, 3.903, 3.5828, 3.1136, 3.6946, 3.2791, 3.551, 3.5679, 3.9192, 4.1424, 3.4184, 3.4611, 3.6288, 3.5731, 3.5742, 3.3385, 3.4252, 3.2082, 3.4425, 3.3647, 4.065, 3.1884, 3.4321, 3.6792, 3.6725, 2.8643, 3.3783, 3.6375, 3.0992, 3.4194],
  "initQF": [5.7171, 7.3263, 1.7964, 4.0514, 5.5651, 6.2033, 7.1179, 3.2274, 1.3848, 2.4171, 7.6014, 7.351, 2.2053, 3.833, 3.6903, 4.7241, 5.1643, 2.9538, 7.0674, 3.6624, 6.0138, 5.6485, 5.135, 5.9532, 2.1408, 2.4933, 2.2303, 5.1183, 2.0437, 8.9793, 5.629, 4.6177, 8.8147, 7.6762, 5.1474, 5.0763, 5.1597, 6.4314, 3.2177, 5.4509, 6.8677, 4.1625, 3.2247, 5.9568, 4.3203, 2.935, 6.0375, 3.9897, 5.8202, 2.3816],
  "initQU": [3.6542, 2.6131, 8.9243, 2.7645, 8.4276, 5.1629, 2.3164, 2.619, 9.4046, 1.0012, 4.304, 4.2655, 2.4563, 2.5805, 5.8011, 5.7285, 5.7282, 4.308, 8.0091, 1.4619, 3.2117, 5.724, 4.81, 4.8156, 2.9137, 4.5807, 6.5282, 5.0339, 6.0157, 5.5197, 5.0911, 5.9709, 7.2848, 1.432, 3.5741, 3.6472, 3.5957, 1.3457, 4.0147, 3.2001, 3.3209, 7.0518, 6.0927, 3.587, 5.1627, 6.6946, 4.2363, 1.9866, 6.2692, 2.6482]
}
