{
  "n_part": 50,
  "n_trials": 30,
  "mu_R_group": [
    [5],
    [5]
  ],
  "sigma_R_group": 2,
  "LR_group": 0.606580588733777,
  "inv_temp_group": 1.37408191571012,
  "initQF_group": 2.10213409061544,
  "initQU_group": 7.45269060251303,
  "LR": [0.7238, 0.5408, 0.5828, 0.5513, 0.922, 0.471, 0.7551, 0.8113, 0.4267, 0.76, 0.5552, 0.8886, 0.6681, 0.6192, 0.638, 0.4504, 0.5799, 0.7036, 0.6328, 0.7023, 0.6171, 0.5732, 0.6503, 0.6396, 0.7123, 0.7093, 0.345, 0.4856, 0.474, 0.3069, 0.6538, 0.4782, 0.4215, 0.6393, 0.6143, 0.6649, 0.4986, 0.5394, 0.7022, 0.5038, 0.4331, 0.7761, 0.538, 0.5293, 0.5749, 0.523, 0.6789, 0.9551, 0.4422, 0.5809],
  "inv_temp": [0.901, 1.4492, 0.9871, 1.9309, 1.4068, 1.2564, 1.2638, 1.1782, 1.5372, 1.5015, 1.6877, 1.8392, 1.1578, 1.2776, 1.5947, 1.6769, 1.7307, 1.36, 0.7743, 0.9485, 1.341, 1.7924, 1.2668, 1.5704, 1.6035, 1.0506, 1.092, 0.9659, 1.3733, 1.3699, 1.7369, 1.5503, 1.2159, 1.6129, 1.2449, 1.0498, 1.3637, 1.0335, 0.9129, 1.7343, 1.4759, 1.5196, 1.3703, 1.6997, 1.6224, 1.5168, 1.2771, 1.3765, 1.1358, 1.7715],
  "initQF": [1.9136, 3.2345, 3.5985, 1.448, 1.9855, 1.0702, 2.8777, 7.3638, 3.2463, 2.2327, 1.5768, 2.0067, 4.0208, 1.8501, 1.7021, 3.5737, 4.1075, 5.6371, 1.4309, 5.3008, 4.965, 2.2436, 1.6865, 1.9392, 4.0668, 5.8483, 3.6194, 2.3458, 3.85, 4.723, 3.1408, 4.2513, 3.2425, 2.7052, 3.1725, 3.0175, 1.6855, 4.0108, 1.6133, 1.0577, 3.5652, 1.6524, 3.419, 5.1159, 4.6242, 3.5355, 1.2723, 1.2139, 1.055, 2.9247],
  "initQU": [6.0056, 7.9793, 7.1258, 8.1772, 3.2406, 4.1193, 4.0623, 8.1984, 6.3823, 8.7643, 7.0881, 6.6411, 6.4832, 7.7882, 7.4622, 6.8022, 2.828, 7.7115, 8.6955, 5.489, 5.9368, 5.7642, 6.7653, 8.0993, 5.6994, 7.9389, 9.6853, 7.4395, 7.2781, 5.0503, 4.9676, 4.2304, 6.9249, 9.1269, 9.3281, 8.6378, 4.9226, 4.1393, 5.858, 9.5305, 2.3908, 9.3714, 6.2757, 6.5314, 9.4487, 7.1776, 6.7933, 8.7227, 6.0095, 7.2772]
}
