{
  "n_part": 50,
  "n_trials": 30,
  "mu_R_group": [
    [5],
    [5]
  ],
  "sigma_R_group": 2,
  "LR_group": 0.509841875405982,
  "inv_temp_group": 0.489655479323119,
  "initQF_group": 7.54364439821802,
  "initQU_group": 1.06227424647659,
  "LR": [0.5624, 0.4774, 0.4938, 0.5784, 0.3725, 0.6711, 0.526, 0.269, 0.4397, 0.2387, 0.2763, 0.7475, 0.6771, 0.0094, 0.4841, 0.7625, 0.4367, 0.3387, 0.2804, 0.1522, 0.2781, 0.3938, 0.5996, 0.5501, 0.8094, 0.6549, 0.4649, 0.6421, 0.4163, 0.6245, 0.6008, 0.8878, 0.342, 0.2753, 0.6796, 0.5724, 0.5835, 0.6124, 0.9482, 0.972, 0.4385, 0.1633, 0.4531, 0.3023, 0.3396, 0.3491, 0.3468, 0.2876, 0.2985, 0.622],
  "inv_temp": [0.341, 0.4184, 0.5124, 0.695, 1.0676, 0.1708, 0.4133, 0.3615, 0.4938, 0.6628, 0.5549, 0.4316, 0.9521, 0.7782, 0.4154, 0.644, 0.3365, 0.8889, 0.8748, 0.5106, 0.4623, 0.7049, 0.6453, 0.134, 0.2579, 0.6495, 0.132, 0.5284, 0.7235, 0.4263, 0.815, 0.555, 0.2319, 0.4401, 0.596, 0.4965, 0.5289, 0.6131, 0.275, 0.1245, 0.7352, 0.5636, 0.3387, 0.1655, 0.8357, 0.1716, 0.6345, 0.4755, 0.7154, 0.8046],
  "initQF": [7.9407, 6.2515, 9.2683, 7.612, 9.1269, 8.0531, 9.7437, 9.0685, 6.5687, 5.3871, 3.7619, 1.8854, 7.381, 6.1371, 6.1092, 5.4321, 6.953, 8.555, 9.753, 9.5559, 7.8835, 4.3581, 7.9982, 6.3062, 7.0191, 7.3825, 7.0038, 3.0891, 6.468, 4.9236, 9.6259, 9.0534, 8.2991, 7.9838, 7.998, 3.8831, 4.7295, 7.3519, 6.25, 8.5499, 9.1733, 8.5464, 5.8807, 6.4024, 7.2161, 9.8593, 7.5653, 8.7778, 8.1718, 7.6691],
  "initQU": [1.3565, 2.1994, 2.1885, 1.8007, 1.8155, 1.5533, 2.9039, 1.587, 1.2503, 4.1443, 2.8691, 3.3909, 2.3047, 1.7433, 2.4346, 1.6286, 2.316, 1.6077, 6.3603, 1.4208, 2.3208, 3.5598, 1.8571, 1.9854, 1.7539, 5.0666, 1.2088, 2.4101, 3.0483, 3.8516, 1.408, 2.872, 3.891, 2.1602, 4.2685, 2.1817, 1.612, 1.3771, 3.1602, 2.0134, 1.0221, 2.573, 4.1773, 1.0539, 2.5663, 1.862, 2.1046, 1.2995, 1.1771, 1.3855]
}
