{
  "n_part": 50,
  "n_trials": 30,
  "mu_R_group": [
    [5],
    [5]
  ],
  "sigma_R_group": 2,
  "LR_group": 0.131616501603276,
  "inv_temp_group": 0.668737197993323,
  "initQF_group": 2.30371267395094,
  "initQU_group": 9.5768772426527,
  "LR": [0.3082, 0.0183, 0.3343, 0.0195, 0.3073, 0.3354, 0.1822, 0.2044, 0.1522, 0.1307, 0.0332, 0.1958, 0.1663, 0.1173, 0.1099, 0.1259, 0.4037, 0.2142, 0.2553, 0.242, 0.2409, 0.0824, 0.2022, 0.2243, 0.0461, 0.0195, 0.1764, 0.1861, 0.3887, 0.06, 0.2149, 0.0771, 0.1997, 0.4295, 0.0117, 0.0705, 0.4435, 0.181, 0.3639, 0.2902, 0.2631, 0.2444, 0.2735, 0.2594, 0.043, 0.348, 0.2906, 0.4958, 0.065, 0.3484],
  "inv_temp": [0.3203, 0.605, 1.0502, 0.4565, 0.1874, 0.4464, 0.6379, 0.943, 0.9473, 0.3058, 0.8234, 0.7808, 0.8107, 0.598, 0.4976, 0.4279, 0.8731, 1.0228, 0.5303, 0.8948, 0.1854, 0.0404, 0.6474, 0.7263, 0.5204, 0.6305, 0.5254, 0.4402, 0.8676, 0.8757, 1.0917, 0.8231, 0.5444, 0.6261, 0.5341, 0.9419, 0.7761, 0.7804, 0.8348, 0.2817, 0.7032, 0.5253, 0.5922, 0.6114, 0.4738, 0.5965, 0.3651, 1.3733, 0.1643, 0.9093],
  "initQF": [4.6637, 6.5749, 1.0522, 3.3909, 4.1331, 3.1558, 5.8127, 2.8722, 5.0919, 3.8404, 4.9852, 1.3877, 2.5926, 1.768, 1.0519, 3.8195, 3.074, 1.343, 3.1956, 1.9847, 3.7394, 3.0636, 4.1098, 1.6196, 4.2568, 3.55, 2.2103, 2.9368, 5.4296, 2.9507, 2.1742, 1.7147, 1.5856, 2.9796, 2.7451, 2.4383, 3.9154, 2.9319, 2.0243, 2.9315, 2.6353, 6.4225, 1.713, 2.6659, 2.5999, 1.2891, 1.6, 1.7144, 3.4739, 4.3328],
  "initQU": [6.8621, 8.5395, 7.822, 8.8786, 7.7744, 9.5083, 7.1688, 6.3854, 8.8439, 6.7474, 8.529, 9.7735, 7.3638, 7.3622, 9.5232, 8.0208, 9.4372, 6.9544, 6.9082, 8.2494, 8.9451, 9.6126, 9.6988, 7.7763, 8.4684, 6.8598, 8.6057, 8.22, 5.4662, 8.7417, 7.3402, 7.4932, 9.274, 8.4963, 9.0914, 8.6934, 9.7835, 6.999, 7.4709, 9.1168, 7.8133, 9.4587, 9.5625, 7.3248, 9.4117, 7.2171, 8.5477, 8.8403, 8.1355, 8.1987]
}
