{
  "n_part": 50,
  "n_trials": 30,
  "mu_R_group": [
    [5],
    [5]
  ],
  "sigma_R_group": 2,
  "LR_group": 0.470651645213366,
  "inv_temp_group": 2.14924250380136,
  "initQF_group": 2.60545497084968,
  "initQU_group": 9.52135110925883,
  "LR": [0.1948, 0.6006, 0.5968, 0.6674, 0.453, 0.3728, 0.2371, 0.4776, 0.5462, 0.498, 0.695, 0.2356, 0.1629, 0.529, 0.3716, 0.5442, 0.35, 0.3538, 0.6741, 0.2426, 0.6652, 0.6726, 0.8084, 0.4621, 0.6231, 0.363, 0.5671, 0.5573, 0.4389, 0.7421, 0.2226, 0.7103, 0.3279, 0.2715, 0.298, 0.4886, 0.6834, 0.4351, 0.3314, 0.4365, 0.1877, 0.5718, 0.6637, 0.6679, 0.2779, 0.9299, 0.4266, 0.4216, 0.7823, 0.2654],
  "inv_temp": [2.7016, 2.7247, 2.0944, 1.5621, 1.7051, 2.1859, 2.6064, 2.0455, 2.1072, 1.7644, 2.1914, 1.6889, 2.2113, 1.7287, 1.9448, 2.0841, 1.8732, 2.0174, 1.7554, 2.1179, 1.5087, 1.9964, 2.4396, 2.4423, 2.7985, 2.0547, 2.0648, 2.0293, 2.2429, 2.4404, 1.8492, 2.0199, 1.9883, 2.3377, 2.3828, 1.6806, 1.9641, 2.2059, 2.0499, 2.0516, 2.3105, 1.7608, 1.9833, 2.1482, 1.843, 1.5078, 2.1455, 1.7106, 2.0973, 2.0976],
  "initQF": [1.2437, 1.4718, 2.3288, 1.5683, 2.311, 3.1808, 4.5059, 4.5, 4.008, 2.6287, 3.9366, 5.2542, 2.7252, 5.6059, 4.4998, 2.6194, 5.1551, 2.0746, 4.3345, 5.4952, 5.1155, 2.0212, 3.9322, 2.1576, 3.0861, 4.0868, 2.0015, 1.0398, 2.3936, 4.6332, 3.6096, 3.9552, 1.0784, 6.1823, 3.3415, 2.0641, 1.2325, 4.6323, 3.7246, 2.6482, 4.8827, 2.1372, 4.5267, 3.7568, 7.6625, 5.6985, 1.9651, 2.5007, 2.9208, 5.0204],
  "initQU": [8.4214, 9.8022, 5.6596, 9.487, 6.5658, 8.3494, 9.4441, 8.9956, 8.8216, 9.2986, 8.8991, 7.7873, 7.5259, 7.8244, 8.3956, 8.0684, 8.1545, 7.8669, 7.7637, 9.7859, 8.6384, 8.2701, 8.1703, 8.2185, 9.6225, 8.7973, 6.1898, 8.4298, 3.7858, 9.9013, 2.9354, 5.3341, 8.7348, 9.4141, 9.2042, 8.4029, 9.1473, 6.9855, 9.7229, 9.7118, 8.7635, 8.8628, 7.7421, 8.4982, 6.9254, 9.2129, 8.565, 9.9325, 9.6325, 9.1832]
}
