{
  "n_part": 50,
  "n_trials": 30,
  "mu_R_group": [
    [5],
    [5]
  ],
  "sigma_R_group": 2,
  "LR_group": 0.715480575338006,
  "inv_temp_group": 1.06825058232062,
  "initQF_group": 9.24506307858974,
  "initQU_group": 5.54658389161341,
  "LR": [0.9907, 0.8402, 0.7579, 0.7244, 0.7832, 0.7511, 0.8983, 0.4102, 0.878, 0.2571, 0.8919, 0.6703, 0.9044, 0.6395, 0.648, 0.9609, 0.8991, 0.7213, 0.7627, 0.7741, 0.6348, 0.6748, 0.7284, 0.8174, 0.8231, 0.7676, 0.8463, 0.7064, 0.9901, 0.6529, 0.8768, 0.6383, 0.6967, 0.3014, 0.8973, 0.6747, 0.5744, 0.6334, 0.8412, 0.5546, 0.6761, 0.8147, 0.8276, 0.6315, 0.8796, 0.7969, 0.7441, 0.6718, 0.3216, 0.5508],
  "inv_temp": [0.9318, 0.8404, 1.0044, 0.8982, 1.046, 1.585, 1.4039, 0.9651, 0.8311, 0.7264, 0.5924, 1.0104, 1.2217, 0.6329, 1.3408, 0.8991, 0.8583, 0.7476, 0.999, 1.5248, 1.0455, 1.4227, 1.1266, 1.0356, 1.1288, 1.2406, 0.7487, 1.1049, 0.8894, 1.2457, 0.9927, 0.788, 0.6231, 1.0207, 0.8241, 1.3192, 1.5853, 0.4308, 1.369, 0.6577, 1.0695, 1.4882, 0.8518, 0.9247, 1.3913, 1.3383, 0.6568, 1.1545, 1.4711, 1.372],
  "initQF": [7.9436, 9.9885, 6.8759, 9.7984, 5.9433, 9.0784, 9.6952, 8.6961, 8.9966, 8.4999, 8.4631, 8.5669, 7.5293, 7.9591, 7.8344, 7.765, 9.3115, 6.8377, 8.1159, 6.9467, 8.0446, 7.9316, 9.3803, 9.709, 9.9622, 9.5158, 9.8295, 6.8143, 5.9737, 9.2951, 8.7137, 6.7998, 8.1892, 9.0798, 8.8996, 9.1042, 8.35, 7.4509, 5.0235, 9.5419, 8.3297, 5.5824, 6.6737, 9.4419, 9.1089, 7.8186, 7.6197, 7.1292, 6.6535, 7.9058],
  "initQU": [6.1027, 3.4725, 4.8975, 5.754, 3.0641, 6.1678, 5.3841, 6.4707, 3.5854, 2.3751, 5.7756, 6.9827, 7.0241, 8.5225, 5.6842, 4.6076, 5.9685, 6.2664, 7.0501, 9.3967, 3.5974, 9.191, 7.3084, 7.2321, 6.8329, 7.3076, 5.5037, 7.0253, 6.5638, 5.6334, 6.3508, 8.2027, 4.2714, 5.7752, 5.2162, 6.4854, 7.0927, 7.0937, 6.0071, 6.9827, 5.2727, 6.6769, 6.2479, 5.2263, 2.8014, 3.3169, 6.4994, 4.2884, 2.4657, 6.7616]
}
