{
  "n_part": 50,
  "n_trials": 30,
  "mu_R_group": [
    [5],
    [5]
  ],
  "sigma_R_group": 2,
  "LR_group": 0.449872330529615,
  "inv_temp_group": 3.9613807189744,
  "initQF_group": 9.25766709935851,
  "initQU_group": 8.3793115906883,
  "LR": [0.0834, 0.5852, 0.6231, 0.1373, 0.635, 0.4561, 0.2559, 0.6169, 0.589, 0.4913, 0.2511, 0.5154, 0.8125, 0.1051, 0.5868, 0.3154, 0.952, 0.4762, 0.461, 0.6855, 0.6475, 0.4563, 0.2745, 0.7607, 0.6691, 0.4309, 0.4952, 0.1578, 0.1007, 0.5786, 0.3944, 0.5648, 0.3215, 0.5773, 0.4528, 0.2302, 0.4668, 0.7375, 0.6505, 0.5718, 0.3933, 0.7054, 0.3139, 0.3357, 0.7346, 0.5516, 0.6358, 0.3554, 0.3921, 0.3932],
  "inv_temp": [4.5094, 3.8449, 3.521, 3.9546, 4.1617, 4.4413, 4.5952, 4.3272, 3.5795, 4.3167, 4.0153, 4.2482, 3.7383, 4.1603, 3.954, 3.9949, 3.7873, 3.884, 3.7986, 3.8176, 4.0479, 4.0685, 3.9199, 3.5139, 4.2591, 4.1431, 4.562, 4.4551, 4.3991, 3.9411, 3.7837, 3.6156, 3.9486, 4.1295, 3.782, 4.0389, 3.6101, 3.6379, 4.1009, 3.5113, 3.6759, 3.291, 4.1416, 3.7623, 3.7154, 4.3058, 3.6591, 3.7416, 3.9407, 3.8253],
  "initQF": [8.297, 7.6595, 7.1023, 9.3346, 9.6976, 7.1729, 8.4231, 7.8678, 8.7939, 7.093, 9.1409, 9.4422, 6.6721, 6.949, 5.86, 7.1589, 9.2006, 9.9555, 4.6854, 6.6717, 8.2804, 6.8804, 7.9549, 6.0217, 7.7845, 8.7705, 7.494, 9.7245, 7.1192, 8.45, 6.4962, 6.2305, 8.0377, 6.7634, 9.9806, 9.5175, 7.8277, 6.5597, 9.6577, 9.6685, 9.1648, 7.3904, 9.5053, 8.5426, 8.7346, 6.2529, 6.9237, 8.1145, 5.2289, 7.3753],
  "initQU": [9.3664, 6.0322, 6.8785, 9.7222, 7.0718, 8.101, 7.8785, 4.1329, 6.2385, 4.6554, 7.2972, 6.3143, 8.4688, 9.5776, 7.6867, 5.0516, 4.5575, 8.1875, 7.4793, 7.9649, 7.5821, 7.7382, 6.8362, 7.8768, 5.4983, 8.2239, 7.3186, 8.7953, 7.8535, 7.169, 6.0621, 7.7396, 8.3615, 8.3536, 7.7928, 9.9781, 8.6336, 8.101, 8.2838, 8.2845, 7.1904, 5.5255, 8.9464, 8.3226, 9.4797, 8.3338, 5.3814, 8.9423, 4.2378, 7.4957]
}
