{
  "n_part": 50,
  "n_trials": 30,
  "mu_R_group": [
    [5],
    [5]
  ],
  "sigma_R_group": 2,
  "LR_group": 0.753326439065859,
  "inv_temp_group": 3.34851587307639,
  "initQF_group": 3.72464654245414,
  "initQU_group": 2.21963565563783,
  "LR": [0.5084, 0.746, 0.4648, 0.526, 0.8572, 0.712, 0.5365, 0.5566, 0.9143, 0.7543, 0.7481, 0.7901, 0.5101, 0.9635, 0.6516, 0.7693, 0.7452, 0.6389, 0.5589, 0.6833, 0.5965, 0.3866, 0.72, 0.8047, 0.8965, 0.7628, 0.6635, 0.501, 0.8129, 0.4235, 0.8854, 0.6402, 0.751, 0.8819, 0.5791, 0.6959, 0.7576, 0.9391, 0.5587, 0.5389, 0.384, 0.5216, 0.5986, 0.8198, 0.5309, 0.752, 0.7843, 0.8496, 0.8111, 0.8751],
  "inv_temp": [2.7328, 3.1252, 3.3183, 3.6421, 3.6816, 3.8856, 3.2172, 3.3992, 3.6768, 3.1671, 3.6437, 3.3846, 3.6744, 3.8682, 3.0923, 3.0663, 3.5775, 3.6595, 3.4209, 3.5561, 3.3591, 3.4434, 3.6949, 3.6827, 3.9759, 3.5363, 3.4336, 3.649, 2.8747, 3.7366, 2.9126, 3.4155, 3.101, 3.6056, 3.9598, 2.8781, 3.2988, 3.6061, 3.1208, 3.2825, 3.0802, 3.2132, 3.0084, 3.244, 2.8515, 2.6082, 3.1836, 3.5548, 2.8229, 3.1473],
  "initQF": [4.8612, 5.1616, 2.5517, 2.4575, 3.579, 6.4108, 4.2239, 5.8938, 3.5043, 3.465, 3.6173, 2.5414, 3.9801, 2.2467, 5.4882, 6.6646, 1.616, 1.2542, 3.7017, 6.624, 5.1094, 1.9634, 2.3399, 6.306, 1.7289, 3.3755, 2.8849, 3.4948, 4.9599, 5.5217, 7.4618, 3.2494, 2.9148, 3.8245, 4.9279, 1.888, 3.9441, 5.3077, 1.9556, 2.8683, 3.9395, 4.8067, 4.1278, 4.7179, 7.9986, 5.1137, 2.648, 1.9305, 3.2034, 2.3547],
  "initQU": [2.5327, 4.2888, 6.1121, 2.2557, 3.2502, 2.3249, 1.8746, 2.9747, 5.5923, 4.3457, 1.8553, 2.6606, 1.5301, 2.2395, 1.1253, 4.0969, 2.7098, 4.8409, 3.0865, 1.943, 5.4713, 4.9585, 1.1228, 2.3408, 4.8019, 2.1199, 3.203, 2.5181, 2.4653, 1.3917, 1.8108, 6.1523, 2.7507, 3.1773, 3.4331, 3.6519, 1.9673, 1.1704, 1.4105, 1.7343, 3.9565, 1.1462, 1.8408, 5.6807, 3.3368, 4.2182, 2.4125, 2.6049, 3.8908, 3.3158]
}
