{
  "n_part": 50,
  "n_trials": 30,
  "mu_R_group": [
    [5],
    [5]
  ],
  "sigma_R_group": 2,
  "LR_group": 0.181501390179619,
  "inv_temp_group": 0.675968780415133,
  "initQF_group": 8.35439215693623,
  "initQU_group": 8.50459289457649,
  "LR": [0.2335, 0.4557, 0.2941, 0.4899, 0.122, 0.5671, 0.2153, 0.1433, 0.0433, 0.2346, 0.1019, 0.1558, 0.3397, 0.0248, 0.2503, 0.2029, 0.0988, 0.1922, 0.0145, 0.412, 0.2487, 0.3239, 0.2413, 0.4311, 0.0455, 0.1293, 0.1809, 0.1034, 0.0427, 0.1965, 0.2086, 0.1903, 0.1429, 0.0271, 0.0113, 0.2405, 0.0604, 0.1069, 0.0166, 0.0786, 0.4462, 0.3537, 0.4213, 0.3486, 0.2215, 0.0717, 0.2817, 0.0083, 0.4954, 0.3767],
  "inv_temp": [1.0706, 0.6703, 0.6658, 0.3805, 0.6241, 0.2986, 1.0078, 0.9515, 1.3584, 0.9273, 0.7356, 1.0847, 0.5108, 1.0142, 0.4881, 1.2661, 0.6397, 1.1311, 0.8956, 0.6581, 1.0005, 0.4963, 0.9201, 0.3072, 0.3712, 0.5753, 0.4245, 0.8168, 0.8881, 0.8631, 0.5239, 0.339, 0.4504, 0.2939, 0.4012, 0.9012, 0.3587, 0.4272, 0.8452, 0.6435, 1.1289, 0.6054, 0.6566, 0.6194, 0.6578, 0.8957, 0.872, 0.4956, 0.4007, 0.9552],
  "initQF": [8.4631, 7.8917, 9.2771, 7.4207, 7.8151, 6.6164, 8.4282, 8.5515, 6.461, 8.5144, 8.1256, 5.7108, 6.6114, 7.2344, 8.7725, 5.5192, 7.3183, 9.5523, 4.6895, 8.5673, 9.6212, 6.0751, 6.7666, 6.0429, 7.1661, 8.4007, 7.2246, 9.3154, 9.9503, 2.9276, 7.0687, 7.8184, 8.5544, 8.4455, 8.0168, 9.4876, 6.0981, 7.8002, 9.978, 7.9006, 8.265, 7.5403, 7.3824, 7.8632, 8.5161, 9.5606, 7.2919, 3.7321, 9.1382, 6.6864],
  "initQU": [7.7391, 7.9595, 9.811, 7.8457, 6.3695, 8.1462, 6.5314, 5.9018, 6.517, 6.9484, 2.717, 9.5489, 7.7418, 7.0858, 5.4196, 8.5182, 8.6602, 8.3756, 8.8411, 5.5606, 6.6187, 8.9419, 7.3889, 7.8444, 8.066, 7.9759, 5.2771, 6.7493, 7.7978, 9.1105, 7.2785, 6.8336, 8.7193, 8.8808, 9.5317, 7.9646, 7.6282, 7.5837, 8.9192, 9.0869, 7.948, 9.4337, 7.7038, 7.8052, 8.4707, 9.1839, 8.3571, 8.0733, 8.2877, 7.4098]
}
