{
  "n_part": 50,
  "n_trials": 30,
  "mu_R_group": [
    [5],
    [5]
  ],
  "sigma_R_group": 2,
  "LR_group": 0.241702133556828,
  "inv_temp_group": 1.46866433438845,
  "initQF_group": 4.82787083368748,
  "initQU_group": 2.64188701356761,
  "LR": [0.0811, 0.502, 0.1573, 0.111, 0.3109, 0.0972, 0.6451, 0.3289, 0.3644, 0.3084, 0.2826, 0.4882, 0.0868, 0.6233, 0.0977, 0.1945, 0.413, 0.0218, 0.1842, 0.651, 0.3871, 0.0981, 0.129, 0.3599, 0.1043, 0.3748, 0.1163, 0.1997, 0.4368, 0.3633, 0.3497, 0.4244, 0.0837, 0.5359, 0.4989, 0.3877, 0.2806, 0.0632, 0.1182, 0.3812, 0.2934, 0.6346, 0.0458, 0.2643, 0.2802, 0.2865, 0.1797, 0.1988, 0.436, 0.0764],
  "inv_temp": [1.3292, 1.7273, 2.209, 1.8218, 1.3475, 1.5426, 1.7587, 1.8236, 1.1564, 1.3253, 1.4651, 1.8361, 1.5201, 1.7272, 1.3611, 1.1633, 1.8713, 1.5911, 1.5665, 1.5847, 1.749, 1.4437, 1.3503, 1.391, 1.2877, 1.3412, 1.1144, 1.8536, 1.9711, 1.3202, 1.7167, 1.139, 1.18, 1.6451, 1.6595, 1.3644, 2.2045, 1.0929, 1.8872, 1.2128, 1.8045, 1.247, 1.3182, 1.2055, 2.2064, 1.5412, 1.6288, 1.2249, 1.6305, 1.629],
  "initQF": [4.3724, 6.0374, 1.7921, 4.9539, 6.0355, 4.1289, 3.0597, 6.8734, 2.7635, 2.8158, 2.3564, 1.266, 5.4783, 4.6375, 5.0611, 3.7899, 1.5549, 5.6965, 3.3928, 4.5985, 6.2847, 3.4667, 5.0578, 6.9677, 4.8732, 3.3487, 5.1846, 2.3423, 4.8168, 2.5591, 4.4911, 2.652, 5.7713, 4.8113, 6.7222, 8.0421, 7.6093, 6.9304, 5.644, 6.2575, 2.8448, 3.7062, 3.8391, 3.4147, 4.2218, 4.9099, 5.8203, 3.4293, 7.3386, 6.2843],
  "initQU": [1.2212, 2.693, 4.8641, 4.4885, 4.2542, 3.3235, 1.6988, 1.1502, 3.0746, 3.8613, 4.0019, 2.3301, 4.1059, 3.2222, 3.766, 3.3301, 4.8115, 2.2392, 3.6915, 2.0477, 3.0147, 1.0214, 5.759, 3.0026, 3.4949, 5.3952, 2.7786, 2.8978, 4.0761, 3.3891, 4.0985, 3.6882, 1.449, 1.0568, 3.4362, 2.7936, 2.7335, 4.1492, 2.1389, 1.8431, 3.8678, 2.2903, 5.6252, 3.9372, 3.8656, 2.9497, 3.6833, 5.4991, 3.7266, 5.0621]
}
