{
  "n_part": 50,
  "n_trials": 30,
  "mu_R_group": [
    [5],
    [5]
  ],
  "sigma_R_group": 2,
  "LR_group": 0.894715443253517,
  "inv_temp_group": 0.0250596413388848,
  "initQF_group": 2.87707099993713,
  "initQU_group": 8.6669699747581,
  "LR": [0.8717, 0.9913, 0.632, 0.6864, 0.9227, 0.9361, 0.8692, 0.5355, 0.6958, 0.7615, 0.6068, 0.9388, 0.7888, 0.7381, 0.9524, 0.6272, 0.8579, 0.8168, 0.8307, 0.9803, 0.9116, 0.6391, 0.7869, 0.8155, 0.9199, 0.7973, 0.9693, 0.8398, 0.8866, 0.9548, 0.8548, 0.8541, 0.8504, 0.885, 0.8301, 0.5304, 0.9743, 0.6204, 0.6611, 0.9441, 0.7525, 0.7306, 0.5394, 0.9293, 0.5077, 0.5726, 0.625, 0.7477, 0.6656, 0.8573],
  "inv_temp": [0.5608, 0.7019, 0.2092, 0.3655, 0.2678, 0.0229, 0.0949, 0.2699, 0.5579, 0.0707, 0.153, 0.4994, 0.4702, 0.4877, 0.3563, 0.5792, 0.1685, 0.5035, 0.3566, 0.3493, 0.1519, 0.2329, 0.0351, 0.1751, 0.5579, 0.2198, 0.3925, 0.064, 0.4485, 0.6368, 0.1021, 0.5082, 0.0208, 0.099, 0.2008, 0.0088, 0.2925, 0.0254, 0.0037, 0.4664, 0.6083, 0.3516, 0.3305, 0.1647, 0.8276, 0.1423, 0.0969, 0.8453, 0.1818, 0.6425],
  "initQF": [1.6842, 4.5158, 2.5745, 5.8602, 2.9675, 2.6965, 4.8039, 2.6381, 3.4243, 3.6656, 2.6252, 2.988, 3.2922, 3.3425, 3.7313, 3.431, 3.8394, 4.5413, 4.0034, 2.3278, 2.6609, 5.2582, 3.4185, 1.5964, 3.0342, 4.8575, 2.2198, 1.4769, 3.5872, 1.7919, 3.8646, 1.5315, 4.1679, 3.2137, 3.6592, 6.4409, 3.2756, 3.0624, 4.7845, 3.4013, 1.8079, 6.0156, 2.4618, 4.0226, 1.714, 3.1965, 4.1704, 4.3286, 2.3905, 2.948],
  "initQU": [9.2084, 7.4734, 6.6925, 6.3579, 9.8503, 7.3487, 8.6277, 9.3462, 8.7144, 7.4693, 9.3026, 7.376, 9.4295, 8.5598, 8.934, 9.2972, 6.6546, 7.4568, 8.2812, 9.1491, 7.4529, 9.5449, 8.6958, 9.6681, 9.442, 5.8163, 9.3913, 7.1407, 8.2184, 9.7229, 9.1239, 9.1829, 5.0974, 7.5079, 8.3471, 8.035, 9.36, 5.4136, 6.0842, 8.2989, 8.3957, 9.5605, 6.2302, 7.2478, 8.4311, 6.6494, 9.5685, 9.4555, 5.2129, 9.5797]
}
