{
  "n_part": 50,
  "n_trials": 30,
  "mu_R_group": [
    [5],
    [5]
  ],
  "sigma_R_group": 2,
  "LR_group": 0.943818612955511,
  "inv_temp_group": 1.01400206447579,
  "initQF_group": 4.54191894223914,
  "initQU_group": 1.79239569487981,
  "LR": [0.9931, 0.6607, 0.7203, 0.8137, 0.914, 0.3947, 0.9206, 0.9511, 0.9738, 0.8839, 0.8746, 0.7957, 0.7788, 0.6203, 0.5758, 0.8596, 0.634, 0.9098, 0.7491, 0.8203, 0.8237, 0.944, 0.7664, 0.9783, 0.9585, 0.9782, 0.8484, 0.8671, 0.7317, 0.9014, 0.9605, 0.6636, 0.9566, 0.9359, 0.8022, 0.9847, 0.9423, 0.8538, 0.783, 0.7896, 0.7016, 0.934, 0.9076, 0.9731, 0.7768, 0.8811, 0.9971, 0.4683, 0.8657, 0.748],
  "inv_temp": [1.0488, 0.6242, 1.2439, 0.9638, 1.297, 1.5904, 0.9842, 1.3774, 1.2156, 0.9425, 0.7385, 1.0381, 1.2356, 0.7519, 1.2645, 0.7382, 1.0348, 1.1496, 1.6058, 1.1306, 1.212, 0.5122, 1.1059, 0.4837, 1.4635, 1.0067, 0.8169, 0.8247, 0.8441, 1.3525, 1.0232, 0.9793, 1.2201, 1.2139, 1.1064, 1.5189, 1.0771, 1.0665, 1.0988, 1.0458, 0.607, 0.7316, 0.6781, 1.0799, 1.1944, 0.9433, 1.1612, 1.5441, 1.3763, 0.9949],
  "initQF": [3.4652, 3.6847, 4.4242, 3.1022, 5.4304, 2.8443, 6.2014, 5.509, 2.3093, 5.8054, 4.5978, 3.0811, 5.1266, 5.534, 3.1517, 6.2428, 6.165, 7.191, 6.9719, 6.173, 5.667, 3.4977, 5.28, 2.8205, 5.8129, 4.4901, 1.894, 5.0705, 6.3319, 4.7445, 2.0333, 1.7502, 3.8075, 6.6262, 4.1898, 3.4935, 3.0199, 3.8681, 2.2691, 5.7511, 4.8486, 7.5022, 5.1755, 3.0386, 5.2464, 4.4634, 5.2479, 2.8292, 6.1596, 7.148],
  "initQU": [1.5572, 6.1018, 3.6545, 2.2871, 2.3832, 2.3328, 1.5352, 4.1074, 2.1711, 1.0643, 5.1842, 2.8465, 2.7363, 2.6511, 5.8833, 4.2036, 3.9967, 2.0668, 1.4374, 2.1924, 3.5276, 3.904, 2.2014, 2.2991, 2.8809, 3.7045, 1.0904, 1.2438, 3.0128, 1.39, 3.8116, 2.2664, 1.6746, 2.0364, 2.1237, 2.9852, 4.3084, 1.0683, 2.0447, 4.0573, 3.4927, 4.2417, 1.5177, 2.7997, 3.1418, 8.5102, 1.2119, 2.6223, 5.1876, 4.1008]
}
