{
  "n_part": 50,
  "n_trials": 30,
  "mu_R_group": [
    [5],
    [5]
  ],
  "sigma_R_group": 2,
  "LR_group": 0.0749645412433892,
  "inv_temp_group": 0.26461667730473,
  "initQF_group": 4.89727288088761,
  "initQU_group": 8.79010446369648,
  "LR": [0.0397, 0.1409, 0.2942, 0.0741, 0.0866, 0.3473, 0.2943, 0.2367, 0.0036, 0.0933, 0.0808, 0.1372, 0.4679, 0.3689, 0.1992, 0.4302, 0.0244, 0.1072, 0.1041, 0.0546, 0.1226, 0.157, 0.3427, 0.3425, 0.1699, 0.6456, 0.2152, 0.0902, 0.2839, 0.1765, 0.1769, 0.5031, 0.1818, 0.076, 0.2025, 0.541, 0.1548, 0.3112, 0.2108, 0.5341, 0.0654, 0.281, 0.0299, 0.2609, 0.0609, 0.2749, 0.4596, 0.208, 0.4749, 0.0279],
  "inv_temp": [0.5755, 0.6159, 0.2647, 0.7073, 0.6426, 0.5274, 0.3381, 0.4742, 0.5603, 0.4372, 0.4531, 0.9195, 0.1323, 0.4044, 0.3027, 0.6577, 0.4994, 0.6705, 0.0405, 0.1744, 0.7087, 0.5847, 0.3519, 0.0688, 0.324, 0.2931, 0.3613, 0.1572, 0.4932, 0.3512, 0.0951, 0.0414, 0.1475, 0.3663, 0.4227, 0.4548, 0.5449, 0.1709, 0.0536, 0.1411, 0.3991, 0.7845, 0.564, 0.725, 0.3491, 0.9201, 0.194, 0.3034, 0.0976, 0.7454],
  "initQF": [3.1293, 3.7568, 4.0497, 6.2784, 5.2586, 5.2854, 6.2701, 3.6501, 3.2272, 5.7885, 6.6234, 7.3564, 4.7428, 7.6938, 8.3637, 4.837, 1.3463, 1.5266, 6.6254, 8.1759, 7.5774, 4.3818, 4.8292, 4.1514, 5.7447, 7.8945, 5.6785, 8.0501, 3.7421, 6.3547, 6.6722, 7.2049, 7.8802, 1.3156, 7.1794, 5.6747, 1.4056, 7.2935, 7.4589, 5.2957, 5.6191, 1.8516, 4.0287, 6.2662, 4.7596, 5.6907, 6.4063, 4.1631, 3.5335, 5.0443],
  "initQU": [7.7261, 7.2472, 5.4632, 8.9926, 7.5587, 8.4289, 8.2069, 9.2181, 7.922, 8.4338, 8.9651, 9.6397, 7.549, 8.3466, 8.8572, 7.0289, 9.3479, 7.6118, 8.1768, 8.2491, 6.981, 3.3486, 9.1397, 6.7119, 8.2331, 6.915, 7.42, 8.6423, 8.2299, 7.3795, 9.5513, 8.2716, 9.4887, 9.5306, 9.1333, 8.8345, 8.0217, 9.4878, 5.3612, 5.7447, 9.6294, 8.1228, 5.7079, 6.4104, 8.5675, 6.4941, 8.1939, 9.4183, 5.326, 4.8272]
}
