{
  "n_part": 50,
  "n_trials": 30,
  "mu_R_group": [
    [5],
    [5]
  ],
  "sigma_R_group": 2,
  "LR_group": 0.101547999307513,
  "inv_temp_group": 0.182124678976834,
  "initQF_group": 9.75003031967208,
  "initQU_group": 3.67035549716093,
  "LR": [0.1118, 0.0341, 0.2613, 0.2018, 0.1258, 0.2324, 0.1632, 0.0525, 0.2088, 0.3515, 0.0455, 0.4607, 0.247, 0.4754, 0.4325, 0.0363, 0.0334, 0.5593, 0.0226, 0.3268, 0.1436, 0.5398, 0.2407, 0.2777, 0.0506, 0.2448, 0.1479, 0.3767, 0.0307, 0.1186, 0.1775, 0.291, 0.1492, 0.2893, 0.1677, 0.3947, 0.483, 0.0462, 0.1446, 0.1292, 0.0174, 0.1991, 0.1084, 0.0665, 0.3443, 0.3262, 0.1406, 0.07, 0.421, 0.1934],
  "inv_temp": [1.0333, 0.2866, 0.1043, 0.1514, 0.3507, 0.3424, 0.4089, 0.0797, 0.052, 0.9488, 0.2942, 0.1721, 0.4005, 0.329, 0.5906, 0.4763, 0.1157, 0.1848, 0.3612, 0.5549, 0.258, 0.3416, 0.4573, 0.2366, 0.3016, 0.3804, 0.0379, 0.0205, 0.1166, 0.4993, 0.5479, 0.1517, 0.1515, 0.502, 0.4343, 0.2565, 0.5223, 0.0776, 0.0348, 0.37, 0.5236, 0.3246, 0.1333, 0.8522, 0.2066, 0.1046, 0.5189, 0.174, 0.0933, 0.1635],
  "initQF": [8.4957, 7.0745, 9.6936, 7.2375, 7.0708, 9.2098, 7.6553, 9.9232, 4.2098, 9.3516, 9.3059, 9.8341, 9.3802, 7.9724, 9.517, 9.7357, 9.0349, 9.1236, 8.2708, 8.4974, 9.2925, 8.3392, 8.5372, 7.921, 5.2608, 7.8608, 9.3077, 9.4037, 8.2683, 8.6061, 8.505, 9.3055, 7.9759, 9.6439, 8.6159, 8.5039, 8.9684, 8.239, 8.7067, 8.9047, 9.5458, 7.5303, 7.1077, 9.9993, 8.2352, 9.8849, 9.7433, 8.6039, 9.1581, 8.4231],
  "initQU": [3.081, 4.1427, 4.4592, 4.4552, 3.1198, 4.1949, 1.0452, 2.9906, 4.4516, 3.9418, 2.5154, 2.5528, 4.705, 3.2596, 4, 4.9546, 2.339, 5.1302, 6.5863, 3.6581, 8.1376, 1.6234, 5.8738, 4.8822, 6.7729, 2.2786, 2.3062, 1.4145, 2.3242, 3.1902, 2.4565, 3.0221, 5.4295, 4.7886, 8.659, 3.6125, 8.9327, 6.3947, 5.253, 4.7912, 6.2781, 3.4682, 2.9973, 8.644, 4.3365, 4.7924, 3.1427, 2.9216, 3.0048, 4.0955]
}
