{
  "n_part": 50,
  "n_trials": 30,
  "mu_R_group": [
    [5],
    [5]
  ],
  "sigma_R_group": 2,
  "LR_group": 0.871748697478324,
  "inv_temp_group": 1.79294252768159,
  "initQF_group": 6.84705995651893,
  "initQU_group": 2.47408866300248,
  "LR": [0.8789, 0.7828, 0.7457, 0.741, 0.8242, 0.9631, 0.921, 0.9714, 0.8661, 0.7303, 0.9624, 0.6416, 0.9707, 0.6899, 0.9992, 0.7963, 0.8027, 0.9528, 0.8439, 0.9281, 0.7073, 0.8484, 0.8741, 0.6377, 0.9861, 0.7319, 0.7051, 0.7359, 0.8002, 0.8219, 0.6614, 0.8718, 0.7367, 0.843, 0.993, 0.8651, 0.6956, 0.8407, 0.7543, 0.837, 0.8832, 0.7435, 0.7437, 0.6318, 0.4923, 0.6555, 0.9004, 0.7154, 0.8926, 0.9955],
  "inv_temp": [1.8569, 1.5907, 1.6443, 1.822, 1.5152, 1.7024, 1.9196, 1.4866, 2.0406, 1.7845, 2.2051, 1.7368, 1.776, 1.8212, 1.6503, 1.4106, 1.8932, 1.7882, 1.9527, 2.3896, 1.4917, 2.0148, 1.4765, 1.8626, 1.4119, 1.616, 1.9693, 1.7641, 1.3873, 1.6776, 1.7061, 2.0065, 1.7328, 1.4751, 1.6189, 1.3817, 1.8262, 1.7527, 1.7814, 1.9429, 1.6803, 1.8377, 1.616, 1.6509, 1.37, 1.4785, 2.0339, 1.7096, 1.5272, 1.3126],
  "initQF": [6.598, 9.3446, 5.5499, 7.0247, 9.2709, 6.3106, 9.731, 6.6898, 6.2829, 7.8076, 7.8307, 7.1868, 1.9031, 7.3097, 8.6097, 8.5006, 7.5448, 8.3498, 3.1623, 4.924, 8.9151, 6.4081, 8.5554, 4.9994, 9.7339, 6.8243, 7.1354, 6.4042, 6.749, 7.1252, 6.7929, 8.5153, 9.8487, 4.3489, 8.5955, 7.7271, 8.3667, 4.9149, 6.7996, 7.1527, 8.3372, 9.4341, 7.807, 5.9432, 8.7252, 8.0669, 5.2257, 6.4633, 9.1698, 6.6833],
  "initQU": [4.3357, 1.2216, 5.7495, 2.7816, 2.9847, 2.9116, 4.2385, 3.6298, 1.413, 2.1498, 4.1657, 4.5149, 3.5092, 4.6076, 5.6684, 4.6791, 7.7465, 1.6032, 4.5375, 2.3984, 4.2005, 4.3205, 3.9497, 1.6523, 4.8025, 5.1534, 4.4145, 4.2629, 1.399, 4.1761, 1.6783, 2.7351, 3.5356, 4.8375, 5.1013, 3.9156, 1.2394, 4.5199, 1.8241, 1.5812, 1.3128, 3.5993, 2.5561, 4.9727, 4.4026, 4.5222, 3.6403, 4.8083, 6.9276, 4.4115]
}
