{
  "n_part": 50,
  "n_trials": 30,
  "mu_R_group": [
    [5],
    [5]
  ],
  "sigma_R_group": 2,
  "LR_group": 0.0466415490955114,
  "inv_temp_group": 1.03211192297749,
  "initQF_group": 3.41025921003893,
  "initQU_group": 3.70414472790435,
  "LR": [0.0474, 0.1786, 0.0123, 0.6061, 0.1054, 0.1791, 0.1964, 0.0174, 0.1737, 0.2568, 0.1511, 0.0355, 0.6442, 0.0424, 0.0918, 0.0451, 0.1818, 0.1742, 0.1538, 0.1129, 0.1173, 0.095, 0.2059, 0.2508, 0.2223, 0.1003, 0.1354, 0.2094, 0.0382, 0.022, 0.0522, 0.1659, 0.1004, 0.1973, 0.1488, 0.0815, 0.1045, 0.0451, 0.1637, 0.0223, 0.0395, 0.16, 0.4384, 0.041, 0.1213, 0.0154, 0.0913, 0.0457, 0.1712, 0.0788],
  "inv_temp": [1.4045, 1.2548, 0.9997, 0.5894, 1.1, 0.8987, 0.4248, 1.1288, 1.1491, 0.9435, 1.5698, 0.8156, 1.3098, 1.2067, 1.2768, 1.3183, 0.8446, 1.4061, 0.9097, 1.4731, 0.4296, 1.4864, 1.1974, 1.4095, 1.6804, 0.3799, 0.947, 1.5194, 0.8439, 0.4692, 1.0161, 0.7811, 0.5673, 1.0695, 1.1456, 0.563, 1.1167, 1.0847, 1.5262, 0.7961, 0.8695, 0.8788, 0.7349, 0.6221, 0.7251, 1.0718, 0.9659, 1.305, 0.9953, 0.8899],
  "initQF": [6.2997, 7.5203, 3.4032, 5.3685, 2.5707, 1.8661, 2.4425, 2.8198, 3.9523, 6.7515, 4.1793, 3.0655, 2.1823, 4.3329, 2.7341, 2.8649, 1.9041, 2.8167, 2.1299, 2.7298, 5.1378, 2.9445, 4.3171, 1.0515, 4.2901, 8.0471, 2.3997, 5.3366, 3.0376, 6.0547, 6.5686, 3.5128, 2.9745, 2.532, 4.3932, 5.5822, 2.0171, 5.5054, 4.4545, 3.5226, 1.6739, 1.1983, 4.5043, 4.9718, 2.1375, 4.1545, 2.8852, 5.9985, 6.7223, 3.8288],
  "initQU": [3.8149, 4.7346, 4.2315, 6.8583, 5.9872, 4.2173, 6.4119, 2.9987, 6.1045, 2.643, 3.8743, 4.4828, 4.861, 2.6084, 4.8445, 5.3129, 4.2869, 6.1, 4.2257, 1.2867, 7.032, 6.4958, 3.1905, 3.9082, 4.9978, 4.7542, 5.382, 1.6036, 4.6246, 4.6388, 4.3675, 2.0695, 8.3217, 3.8803, 5.3965, 4.1816, 1.0657, 1.2128, 2.4009, 3.3092, 5.2834, 5.5284, 5.2614, 4.352, 3.3933, 7.6467, 3.629, 4.3388, 9.12, 3.7411]
}
