{
  "n_part": 50,
  "n_trials": 30,
  "mu_R_group": [
    [5],
    [5]
  ],
  "sigma_R_group": 2,
  "LR_group": 0.445814663544297,
  "inv_temp_group": 3.09215732268058,
  "initQF_group": 2.70492915343493,
  "initQU_group": 6.59643177082762,
  "LR": [0.4083, 0.3417, 0.2657, 0.6111, 0.1148, 0.0842, 0.5741, 0.3759, 0.4332, 0.3457, 0.5458, 0.6304, 0.1026, 0.2056, 0.6949, 0.3264, 0.1393, 0.5318, 0.2447, 0.6772, 0.3408, 0.4642, 0.0831, 0.4912, 0.5057, 0.5365, 0.3645, 0.2919, 0.6074, 0.4135, 0.008, 0.6605, 0.4186, 0.6014, 0.1373, 0.4096, 0.2015, 0.1793, 0.5511, 0.5419, 0.4424, 0.325, 0.5574, 0.7274, 0.3404, 0.4396, 0.5615, 0.2389, 0.6772, 0.3881],
  "inv_temp": [2.6277, 2.9202, 3.2498, 3.6694, 2.7389, 3.3368, 3.175, 3.1011, 2.8598, 2.6636, 2.7518, 3.3905, 3.1442, 3.7031, 2.6378, 3.0798, 2.8574, 3.408, 2.954, 2.9743, 3.3678, 3.057, 3.1384, 3.3359, 2.7127, 2.9057, 2.5088, 3.1521, 2.9492, 2.9073, 3.1761, 3.0174, 3.6903, 2.958, 3.3295, 2.8632, 3.3049, 2.5337, 3.093, 3.0422, 2.7535, 3.6488, 3.225, 2.8264, 2.9098, 2.9855, 2.9552, 2.9106, 3.0383, 3.2965],
  "initQF": [1.9666, 3.7882, 5.6072, 4.1731, 1.2126, 2.0762, 5.1832, 1.4067, 2.2311, 7.4667, 4.2172, 3.1368, 1.4407, 2.5304, 1.2574, 1.6342, 3.483, 1.4915, 2.9966, 1.6056, 5.0818, 2.2504, 4.4258, 1.4617, 2.2448, 3.8507, 5.7835, 3.629, 1.8847, 1.8368, 2.8503, 3.5105, 3.7861, 2.66, 1.993, 3.4335, 4.0989, 1.0287, 2.2944, 2.862, 3.3118, 1.2677, 2.4082, 5.1834, 6.3552, 4.118, 2.1067, 2.7595, 2.2244, 4.1279],
  "initQU": [7.2682, 5.5028, 3.807, 5.3845, 7.7117, 8.6905, 4.7419, 8.399, 7.3501, 3.2425, 6.6739, 9.0289, 9.39, 6.1664, 5.3884, 5.9757, 8.5599, 8.1546, 7.8573, 6.8072, 5.6787, 5.3224, 7.1344, 6.7628, 9.178, 3.8502, 1.3443, 5.1443, 5.8119, 7.9984, 7.5684, 8.3526, 7.5538, 6.503, 6.522, 6.9717, 5.7435, 6.1316, 5.6081, 1.8663, 5.0835, 6.7183, 4.5265, 7.4424, 7.5789, 9.3748, 6.4567, 7.1051, 2.0668, 7.7358]
}
