{
  "n_part": 50,
  "n_trials": 30,
  "mu_R_group": [
    [5],
    [5]
  ],
  "sigma_R_group": 2,
  "LR_group": 0.690574398264289,
  "inv_temp_group": 4.82012933818623,
  "initQF_group": 1.9127877340652,
  "initQU_group": 4.26073897723109,
  "LR": [0.6916, 0.4683, 0.8047, 0.6472, 0.7001, 0.7897, 0.1833, 0.5638, 0.437, 0.478, 0.6696, 0.7744, 0.9204, 0.7035, 0.8915, 0.7493, 0.8718, 0.4817, 0.3995, 0.922, 0.7952, 0.7039, 0.3358, 0.9049, 0.5949, 0.66, 0.2433, 0.7495, 0.7911, 0.6815, 0.5747, 0.9293, 0.5397, 0.8446, 0.6989, 0.4747, 0.9052, 0.6083, 0.5003, 0.6829, 0.9631, 0.6949, 0.3958, 0.6882, 0.9904, 0.4546, 0.7622, 0.8085, 0.5103, 0.5757],
  "inv_temp": [4.3221, 4.4737, 4.8411, 4.3365, 4.4581, 4.7524, 4.6127, 4.8499, 4.6184, 4.552, 4.9844, 4.8095, 4.6437, 4.9218, 4.7198, 4.7934, 4.7527, 4.7767, 4.5652, 4.7288, 4.6462, 4.4655, 4.5599, 4.7698, 4.5915, 4.0897, 4.8464, 4.7631, 4.8759, 4.9922, 4.8012, 4.6267, 4.7725, 4.7265, 4.6092, 4.3203, 4.9881, 4.4033, 4.6977, 4.4827, 4.6166, 4.8598, 4.8468, 4.9871, 4.2898, 4.6773, 4.9991, 4.9211, 4.4324, 4.7651],
  "initQF": [1.2393, 6.1065, 3.5388, 1.5502, 2.3977, 1.5529, 1.1571, 2.6598, 3.4748, 3.1162, 3.3104, 3.4327, 3.0735, 1.4624, 2.1564, 1.4507, 3.7319, 2.7715, 3.7581, 1.1399, 3.9781, 3.9935, 1.1107, 1.3507, 6.1135, 2.9084, 3.3195, 2.6353, 6.1954, 3.1808, 4.742, 6.0182, 2.9842, 1.3845, 1.4111, 2.694, 4.1927, 1.2995, 2.1947, 3.2076, 4.1232, 1.4315, 1.9525, 1.7066, 4.7086, 2.9303, 4.2186, 1.1006, 2.4695, 2.4821],
  "initQU": [2.1616, 3.5479, 4.9483, 4.4863, 3.4671, 2.8168, 7.4361, 5.3377, 4.4096, 5.011, 3.6492, 4.5789, 4.0246, 5.0285, 4.3918, 2.1464, 5.7272, 5.9359, 7.1058, 5.3806, 5.8136, 8.0284, 1.1674, 1.5817, 3.9177, 2.8492, 4.7651, 4.7379, 4.2193, 3.1166, 2.5639, 3.7325, 6.4782, 1.8064, 2.8167, 6.5376, 6.2043, 4.9804, 2.7386, 6.7555, 3.561, 2.7575, 5.5838, 1.1895, 5.6345, 2.0127, 3.9361, 5.3091, 6.3206, 3.2566]
}
