{
  "n_part": 50,
  "n_trials": 30,
  "mu_R_group": [
    [5],
    [5]
  ],
  "sigma_R_group": 2,
  "LR_group": 0.771813128143549,
  "inv_temp_group": 0.329091991297901,
  "initQF_group": 4.1631790578831,
  "initQU_group": 5.42190033895895,
  "LR": [0.6969, 0.5574, 0.741, 0.855, 0.8477, 0.7403, 0.8217, 0.6521, 0.4837, 0.7001, 0.8282, 0.8692, 0.7943, 0.5007, 0.8055, 0.762, 0.7189, 0.9935, 0.4553, 0.9421, 0.6059, 0.7069, 0.509, 0.8299, 0.7742, 0.2176, 0.5403, 0.6475, 0.5999, 0.8414, 0.6499, 0.7438, 0.4845, 0.5914, 0.6006, 0.8181, 0.9345, 0.6689, 0.7352, 0.876, 0.7943, 0.8013, 0.3796, 0.7792, 0.7639, 0.7101, 0.6505, 0.7567, 0.9648, 0.5366],
  "inv_temp": [0.1695, 0.0786, 0.2862, 0.1628, 0.6101, 0.2503, 0.7912, 0.2806, 0.0974, 0.673, 0.688, 0.1878, 0.547, 0.5777, 0.2266, 0.061, 0.1196, 0.6934, 0.3994, 0.3355, 0.1179, 0.638, 0.0557, 0.4184, 0.9153, 0.3561, 0.2757, 0.1101, 0.3717, 0.6414, 0.427, 0.2643, 1.1538, 0.2514, 0.5928, 0.5116, 0.2298, 0.2011, 0.6956, 0.0772, 0.0328, 0.0893, 0.3204, 0.278, 0.8562, 0.1149, 0.1106, 0.1137, 0.677, 0.5637],
  "initQF": [5.4436, 2.9808, 3.4137, 6.2456, 2.1131, 3.5737, 5.5763, 7.283, 4.7392, 1.537, 5.1374, 5.9967, 2.0136, 5.5387, 1.2364, 5.9827, 8.1913, 3.9148, 5.1732, 3.4774, 6.5078, 5.2749, 4.6065, 2.3681, 8.7162, 3.8985, 6.9232, 3.312, 2.332, 2.0993, 3.4321, 3.9897, 1.3216, 4.3006, 2.0657, 4.7307, 4.3543, 1.6279, 3.4928, 5.2186, 1.3008, 3.7258, 5.4796, 3.991, 1.7789, 2.2072, 4.7771, 2.4691, 1.0756, 5.7835],
  "initQU": [6.2818, 2.4976, 4.028, 6.3263, 6.1025, 6.1998, 6.4408, 8.9726, 7.902, 5.0139, 6.1784, 8.4197, 5.4757, 4.6649, 2.0008, 4.641, 3.7492, 1.3127, 6.5634, 3.8379, 8.6521, 5.9927, 5.7119, 3.1161, 8.6246, 5.4751, 5.3494, 2.5587, 3.9704, 3.3162, 2.2952, 8.8888, 5.4701, 4.9907, 4.6622, 9.3908, 4.8896, 6.6419, 4.2826, 3.2966, 6.819, 7.4474, 8.2038, 6.6367, 4.653, 9.8963, 5.224, 4.1318, 2.3833, 1.1907]
}
