{
  "n_part": 50,
  "n_trials": 30,
  "mu_R_group": [
    [5],
    [5]
  ],
  "sigma_R_group": 2,
  "LR_group": 0.255095004336908,
  "inv_temp_group": 4.81398491072468,
  "initQF_group": 4.58585537830368,
  "initQU_group": 8.65756230684929,
  "LR": [0.0993, 0.0153, 0.1463, 0.2003, 0.1796, 0.4494, 0.1443, 0.5087, 0.4488, 0.3021, 0.1373, 0.531, 0.1063, 0.2642, 0.4527, 0.5062, 0.5324, 0.2183, 0.2092, 0.2509, 0.1234, 0.3945, 0.4624, 0.2833, 0.5648, 0.3755, 0.3889, 0.1262, 0.4818, 0.2248, 0.4807, 0.5433, 0.0171, 0.475, 0.1497, 0.347, 0.2269, 0.0142, 0.2692, 0.1059, 0.2435, 0.2435, 0.2557, 0.1532, 0.0164, 0.3536, 0.6891, 0.4701, 0.3181, 0.1945],
  "inv_temp": [4.3627, 4.8104, 4.2293, 4.5438, 4.7214, 4.5004, 4.6656, 4.9948, 4.2937, 4.9736, 4.4911, 4.5688, 4.8318, 4.8912, 4.5714, 4.4511, 4.8615, 4.9839, 4.8727, 4.7642, 4.9154, 4.9402, 4.7921, 4.624, 4.5303, 4.857, 4.793, 4.9139, 4.6893, 4.7789, 4.558, 4.5664, 4.5252, 4.5628, 4.8462, 4.6137, 4.9352, 4.4338, 4.8884, 4.6753, 4.9267, 4.6737, 4.3299, 4.9772, 4.8952, 4.9572, 4.9142, 4.3884, 4.577, 4.9605],
  "initQF": [3.5925, 4.6378, 4.1726, 4.0779, 4.8992, 1.9379, 3.0757, 6.1998, 6.8384, 8.1123, 5.5867, 7.7754, 1.4403, 6.0895, 5.9778, 5.5317, 4.9706, 2.5943, 3.1795, 4.6339, 6.2516, 4.4479, 6.1603, 8.5189, 4.1765, 4.0981, 3.7169, 8.7855, 5.9376, 3.2978, 4.9924, 2.381, 4.1243, 4.7073, 5.0142, 3.1747, 3.9878, 3.7217, 3.386, 5.3563, 4.2129, 6.189, 1.2535, 5.834, 6.7963, 4.6242, 6.4562, 7.9508, 2.5011, 4.135],
  "initQU": [6.0751, 9.8354, 8.2217, 7.239, 8.4746, 8.3366, 5.9875, 7.5443, 9.7788, 5.7387, 9.9627, 5.3765, 6.4083, 2.9755, 8.5002, 4.6309, 9.8436, 7.8512, 7.8988, 8.5197, 8.9959, 9.7099, 8.4665, 8.5704, 6.6236, 6.3362, 8.5323, 8.5794, 9.4234, 8.9433, 7.5294, 6.0807, 7.0842, 7.5908, 9.2464, 9.2164, 7.4612, 4.5762, 7.8005, 6.7538, 5.4993, 9.7704, 8.3866, 8.6059, 8.8913, 6.0397, 9.006, 7.9204, 8.8172, 9.1545]
}
