{
  "n_part": 50,
  "n_trials": 30,
  "mu_R_group": [
    [5],
    [5]
  ],
  "sigma_R_group": 2,
  "LR_group": 0.676708772080019,
  "inv_temp_group": 2.98900625552051,
  "initQF_group": 3.56643151724711,
  "initQU_group": 3.94481805199757,
  "LR": [0.45, 0.3177, 0.7472, 0.7536, 0.5827, 0.876, 0.7796, 0.6154, 0.8266, 0.6612, 0.5032, 0.7156, 0.5765, 0.7667, 0.668, 0.9774, 0.5362, 0.7561, 0.9451, 0.7927, 0.2808, 0.6834, 0.8049, 0.6726, 0.5869, 0.6389, 0.5681, 0.6902, 0.617, 0.5572, 0.3016, 0.8116, 0.7529, 0.9689, 0.7497, 0.8655, 0.9198, 0.6918, 0.8194, 0.4116, 0.4979, 0.8343, 0.7915, 0.3135, 0.8133, 0.4147, 0.6109, 0.8715, 0.5633, 0.9928],
  "inv_temp": [3.5757, 2.728, 2.7555, 2.8642, 3.1398, 3.285, 3.3748, 3.1651, 2.816, 2.7745, 3.0426, 3.7877, 3.3545, 2.0286, 2.9107, 3.0208, 3.4414, 3.2897, 3.1519, 2.9104, 2.8783, 3.6737, 3.2856, 2.2032, 3.1159, 2.7707, 2.6618, 2.7864, 3.0132, 2.8094, 3.2287, 3.0226, 2.7952, 3.0241, 2.5043, 2.8761, 2.972, 3.1956, 2.7931, 2.9264, 2.9503, 3.1633, 3.3265, 3.3008, 2.8979, 3.2276, 2.9178, 2.6069, 2.657, 2.9252],
  "initQF": [5.1027, 5.8176, 2.7483, 1.8992, 1.6105, 2.819, 3.9701, 6.7073, 3.2212, 7.342, 7.1259, 1.4013, 2.3011, 1.4139, 3.5107, 1.9599, 2.532, 4.2006, 1.0293, 1.6833, 7.7328, 2.9435, 2.2442, 2.9162, 5.1568, 5.8291, 1.899, 5.7354, 5.2152, 5.4117, 2.6928, 4.7052, 3.7046, 2.1, 2.2312, 3.3982, 7.5191, 1.5298, 2.4118, 8.2921, 6.3834, 4.8373, 5.2563, 1.6919, 4.066, 2.49, 4.7792, 6.6302, 1.8809, 2.3411],
  "initQU": [4.9016, 2.3313, 5.8608, 3.0554, 6.2145, 1.5138, 2.941, 4.6922, 4.1588, 6.4374, 3.012, 3.5753, 4.0921, 1.2249, 4.5597, 7.8104, 3.4319, 3.3633, 3.5515, 1.3879, 5.0715, 5.8223, 5.0154, 3.2676, 5.7397, 3.9434, 4.8298, 1.6499, 4.0132, 3.8594, 7.5479, 3.1123, 3.5817, 3.5499, 4.6909, 6.032, 3.492, 4.1956, 8.5676, 6.756, 6.8152, 2.5095, 4.6449, 3.675, 4.9922, 3.8507, 3.6996, 3.289, 7.5825, 1.5804]
}
