{
  "n_part": 50,
  "n_trials": 30,
  "mu_R_group": [
    [5],
    [5]
  ],
  "sigma_R_group": 2,
  "LR_group": 0.557726269587874,
  "inv_temp_group": 1.46229262347333,
  "initQF_group": 3.48312941635959,
  "initQU_group": 4.0729214923922,
  "LR": [0.5226, 0.7392, 0.8636, 0.6146, 0.846, 0.68, 0.9911, 0.4963, 0.6899, 0.7798, 0.5545, 0.5977, 0.4116, 0.7205, 0.5623, 0.8818, 0.4474, 0.8061, 0.6824, 0.3541, 0.6935, 0.4444, 0.8416, 0.5384, 0.3335, 0.6132, 0.278, 0.9533, 0.4309, 0.4188, 0.4433, 0.6379, 0.3742, 0.9687, 0.8609, 0.7392, 0.4093, 0.51, 0.3199, 0.7236, 0.4913, 0.5684, 0.5491, 0.5607, 0.4606, 0.6267, 0.2636, 0.6648, 0.419, 0.7889],
  "inv_temp": [1.3807, 0.8363, 1.1594, 1.4688, 1.4226, 1.6731, 1.5558, 1.2738, 1.5031, 1.9981, 1.6434, 1.7912, 1.6173, 0.9715, 1.8679, 1.7132, 1.5898, 1.4992, 1.4355, 1.5777, 1.1336, 1.4374, 1.5684, 1.8296, 1.8474, 1.8114, 1.8467, 1.4212, 1.4172, 1.6506, 1.5464, 1.354, 1.7791, 1.7598, 1.6178, 1.619, 1.2684, 1.299, 1.7099, 1.7686, 1.3599, 0.9395, 0.9641, 1.0643, 1.6635, 1.6824, 1.508, 0.9732, 1.6785, 1.3799],
  "initQF": [3.5212, 5.4068, 5.115, 1.9534, 6.5963, 2.5081, 3.3754, 3.7719, 3.7809, 4.4371, 2.0413, 3.5438, 2.5199, 3.2718, 3.2165, 6.798, 1.7642, 5.2929, 1.7532, 3.0735, 3.7222, 2.1412, 2.6191, 3.2216, 4.7017, 2.0182, 2.7363, 1.46, 2.0931, 5.519, 4.258, 2.5372, 4.255, 4.5882, 3.8173, 1.2773, 2.4949, 3.2355, 3.2493, 3.5675, 2.4831, 2.6481, 2.6889, 4.1098, 6.2934, 3.3862, 2.4801, 4.0859, 5.0333, 4.6941],
  "initQU": [5.4158, 3.9785, 4.4474, 1.9953, 1.3578, 2.4385, 4.3526, 1.1972, 5.6088, 3.0501, 5.4021, 6.1675, 4.7007, 6.0001, 4.669, 4.045, 9.7568, 3.9042, 5.1988, 5.678, 3.5088, 5.2014, 5.8121, 3.6759, 3.9188, 4.714, 5.3424, 6.3885, 7.4231, 4.9364, 3.3179, 8.1462, 4.4206, 2.2585, 4.3573, 5.4279, 1.0831, 5.8278, 4.3184, 1.4597, 5.275, 4.7624, 2.9708, 6.6648, 3.5413, 3.4646, 5.7686, 6.8124, 3.1222, 1.608]
}
