{
  "n_part": 50,
  "n_trials": 30,
  "mu_R_group": [
    [5],
    [5]
  ],
  "sigma_R_group": 2,
  "LR_group": 0.73589963815175,
  "inv_temp_group": 1.36206605471671,
  "initQF_group": 3.18494084733538,
  "initQU_group": 6.61886588856578,
  "LR": [0.8332, 0.5127, 0.5142, 0.7774, 0.6155, 0.5593, 0.6989, 0.6998, 0.9858, 0.7999, 0.7759, 0.681, 0.8105, 0.6902, 0.2652, 0.9464, 0.6987, 0.5562, 0.8665, 0.9743, 0.7264, 0.5299, 0.7682, 0.7622, 0.5546, 0.8445, 0.7987, 0.6491, 0.3525, 0.8055, 0.5571, 0.8323, 0.6241, 0.884, 0.5628, 0.6657, 0.2316, 0.7772, 0.4808, 0.8548, 0.6083, 0.8629, 0.8289, 0.8341, 0.8539, 0.7159, 0.5039, 0.2357, 0.7286, 0.6688],
  "inv_temp": [1.2461, 1.2194, 1.7881, 1.34, 1.3838, 1.0387, 2.0282, 1.3217, 1.4678, 1.6416, 1.5059, 1.0887, 1.4598, 1.0438, 1.4695, 1.5922, 0.9598, 1.5364, 1.5164, 0.9879, 1.3971, 1.1657, 1.6039, 1.4214, 1.6445, 1.5872, 1.3085, 1.7333, 1.5184, 1.4167, 1.2119, 1.3498, 1.6761, 1.7293, 1.1614, 1.445, 1.226, 1.6332, 0.7657, 1.6762, 1.282, 1.3062, 1.2048, 1.322, 1.508, 2.1023, 1.5484, 1.644, 1.6487, 1.4909],
  "initQF": [5.7363, 1.0688, 3.3588, 2.0472, 2.849, 6.5304, 4.7234, 4.7, 1.3125, 2.8966, 5.5716, 4.8636, 4.3598, 3.1453, 5.2395, 1.9442, 5.9593, 4.908, 4.6084, 2.6312, 3.0471, 4.6955, 1.0402, 1.7393, 5.2408, 3.5549, 1.6494, 5.2985, 3.7053, 2.3107, 3.1476, 3.6417, 2.5258, 2.1845, 2.9618, 4.2254, 1.6793, 2.1048, 1.1606, 1.5699, 3.493, 5.1472, 4.0162, 4.2361, 4.8092, 2.271, 3.5642, 2.201, 5.0126, 2.3366],
  "initQU": [8.8159, 4.6218, 6.7136, 5.2217, 8.9798, 4.8284, 5.3586, 4.8832, 5.6218, 5.5094, 5.7538, 6.5687, 4.4047, 7.8658, 4.3625, 4.7845, 8.143, 6.5093, 6.0787, 8.9422, 6.5643, 8.7258, 5.8454, 7.303, 4.2781, 4.7984, 6.4803, 3.9281, 4.0644, 8.4457, 8.5562, 7.7823, 5.8608, 9.0953, 6.1362, 8.265, 5.5611, 3.3281, 7.7337, 6.8318, 8.25, 7.3255, 5.5499, 8.9554, 9.416, 5.8009, 6.8534, 7.1507, 3.7523, 5.4165]
}
