{
  "n_part": 50,
  "n_trials": 30,
  "mu_R_group": [
    [5],
    [5]
  ],
  "sigma_R_group": 2,
  "LR_group": 0.177284650038928,
  "inv_temp_group": 3.58204305055551,
  "initQF_group": 6.49027167516761,
  "initQU_group": 1.26759093441069,
  "LR": [0.2728, 0.3156, 0.4291, 0.2903, 0.1533, 0.241, 0.6442, 0.1157, 0.2581, 0.156, 0.0073, 0.2081, 0.223, 0.5045, 0.2907, 0.3743, 0.3971, 0.3487, 0.3089, 0.5067, 0.1945, 0.3561, 0.0602, 0.4349, 0.3857, 0.1875, 0.1541, 0.274, 0.0567, 0.1378, 0.3999, 0.3974, 0.1969, 0.1489, 0.3003, 0.0509, 0.27, 0.1908, 0.3288, 0.1162, 0.0149, 0.2412, 0.1451, 0.0413, 0.0724, 0.5777, 0.1461, 0.0294, 0.3365, 0.2358],
  "inv_temp": [3.6627, 3.8846, 3.9801, 3.802, 4.0014, 3.6987, 3.5482, 3.2684, 3.6296, 3.2282, 3.4311, 3.332, 3.8191, 4.0034, 3.9926, 3.6394, 3.8754, 3.7092, 3.3967, 3.6773, 3.2825, 3.3987, 3.7714, 3.3161, 3.4389, 3.4475, 3.3349, 4.105, 4.0553, 3.6007, 3.3127, 4.5232, 3.8274, 3.5383, 3.6843, 3.5521, 2.76, 3.0745, 3.9, 3.8856, 3.4526, 3.5786, 3.5575, 3.2613, 3.4312, 3.6531, 3.6346, 3.9032, 3.8194, 3.4368],
  "initQF": [1.3444, 6.9947, 7.5923, 6.338, 5.2456, 4.3932, 5.7474, 8.5445, 7.371, 6.4217, 7.14, 5.761, 7.6311, 1.4351, 4.6756, 7.8977, 6.1982, 8.8888, 4.3041, 7.817, 4.4224, 6.6149, 4.9019, 5.8357, 5.9293, 6.8049, 5.4129, 9.779, 5.2003, 7.1644, 9.4858, 9.7181, 6.7286, 6.5354, 6.8887, 4.6308, 4.1175, 9.2569, 5.9445, 7.7367, 3.3016, 3.9101, 6.1997, 6.7932, 9.1593, 8.7982, 5.4225, 4.9904, 6.6984, 7.6395],
  "initQU": [1.8706, 4.2514, 6.3194, 2.8882, 5.1438, 1.7309, 1.8059, 3.3393, 3.7545, 3.1306, 2.1831, 2.7233, 3.5178, 2.2439, 4.0779, 4.6616, 3.3562, 1.2902, 3.5922, 2.3804, 3.3489, 1.6189, 2.7575, 3.366, 3.3812, 1.7949, 3.472, 1.3126, 3.0866, 1.0282, 1.449, 4.6049, 1.1039, 2.623, 1.612, 2.0317, 3.6595, 2.3308, 4.9307, 3.8872, 1.5704, 3.483, 1.0276, 2.7027, 1.4776, 3.3246, 1.8624, 1.6104, 2.0012, 1.5094]
}
