{
  "n_part": 50,
  "n_trials": 30,
  "mu_R_group": [
    [5],
    [5]
  ],
  "sigma_R_group": 2,
  "LR_group": 0.834975175792351,
  "inv_temp_group": 4.0085724578239,
  "initQF_group": 9.74000823311508,
  "initQU_group": 3.36908261408098,
  "LR": [0.8298, 0.3735, 0.6533, 0.5031, 0.5957, 0.651, 0.912, 0.9928, 0.6158, 0.6748, 0.8995, 0.9366, 0.661, 0.9376, 0.8402, 0.8761, 0.6959, 0.8956, 0.9037, 0.8392, 0.8251, 0.7321, 0.8201, 0.7763, 0.9488, 0.9313, 0.575, 0.7134, 0.2398, 0.7875, 0.6585, 0.6255, 0.9561, 0.6071, 0.9538, 0.8702, 0.6687, 0.8642, 0.6492, 0.7691, 0.7107, 0.7374, 0.8567, 0.9061, 0.6218, 0.5661, 0.6831, 0.8557, 0.7799, 0.9201],
  "inv_temp": [4.0157, 4.0298, 3.9417, 3.8631, 4.1638, 4.144, 3.962, 3.9431, 4.7293, 4.0681, 4.3539, 4.0347, 4.0605, 4.0006, 4.3162, 3.886, 3.9214, 3.9176, 3.9259, 4.1562, 3.5924, 4.8153, 4.1267, 3.6843, 4.3694, 3.9407, 3.851, 3.971, 4.6666, 3.4193, 3.9029, 3.3617, 4.1928, 3.303, 3.6719, 4.0196, 4.5012, 4.0585, 4.095, 4.1367, 3.3548, 4.0945, 3.9557, 3.8675, 4.2404, 3.9154, 3.8211, 4.3528, 4.2394, 4.1839],
  "initQF": [9.4562, 8.8856, 8.4067, 7.9821, 7.9448, 8.7575, 8.9684, 7.7576, 8.0786, 9.2043, 8.0781, 6.2843, 7.3811, 8.4761, 9.2985, 8.1957, 9.8014, 6.9243, 5.4268, 9.9454, 3.6659, 9.1046, 9.5259, 6.2146, 7.5387, 9.7503, 7.588, 8.4642, 7.9118, 7.1936, 8.3528, 9.3989, 5.9722, 9.047, 7.7855, 9.6392, 7.1038, 7.4636, 8.1249, 9.8178, 7.1039, 9.163, 8.5967, 7.7357, 9.3604, 7.477, 7.4881, 8.837, 7.7739, 8.5455],
  "initQU": [1.0764, 4.1099, 5.9804, 7.5996, 5.4299, 2.5017, 3.4745, 4.0398, 4.6702, 5.3872, 4.9234, 3.4849, 5.6041, 3.9543, 1.5188, 1.1172, 3.1248, 4.5596, 4.5619, 2.3106, 5.4177, 3.2703, 4.0236, 3.1588, 6.2907, 5.4631, 1.5162, 5.7465, 1.0568, 3.5629, 4.1996, 4.8881, 1.0713, 3.2681, 4.4876, 5.5654, 4.7806, 4.1462, 5.6844, 1.2957, 5.5621, 2.8078, 7.6866, 4.241, 2.2158, 4.1218, 3.2905, 4.3427, 3.7379, 3.9261]
}
