{
  "n_part": 50,
  "n_trials": 30,
  "mu_R_group": [
    [5],
    [5]
  ],
  "sigma_R_group": 2,
  "LR_group": 0.922959770308807,
  "inv_temp_group": 4.95498857810162,
  "initQF_group": 1.77854852261953,
  "initQU_group": 4.22787802969106,
  "LR": [0.9787, 0.7943, 0.8076, 0.7921, 0.8957, 0.5467, 0.9599, 0.791, 0.8791, 0.8012, 0.832, 0.9218, 0.921, 0.6483, 0.8062, 0.6532, 0.782, 0.7443, 0.8162, 0.9607, 0.9481, 0.8883, 0.5297, 0.9395, 0.6243, 0.9222, 0.6789, 0.8824, 0.5676, 0.5127, 0.9478, 0.7168, 0.8707, 0.9235, 0.974, 0.8285, 0.724, 0.774, 0.7958, 0.659, 0.7187, 0.6558, 0.7321, 0.7313, 0.6971, 0.9915, 0.9116, 0.8747, 0.8525, 0.84],
  "inv_temp": [4.8364, 4.7109, 4.7483, 4.8699, 4.7995, 4.6922, 4.7261, 4.9174, 4.9279, 4.7404, 4.8827, 4.4549, 4.7827, 4.3787, 4.7898, 4.631, 4.9706, 4.9892, 4.8956, 4.8958, 4.6457, 4.7773, 4.6402, 4.821, 4.5549, 4.8446, 4.7306, 4.6993, 4.7171, 4.6943, 4.5087, 4.8979, 4.9017, 4.6528, 4.2382, 4.78, 4.6979, 4.6555, 4.9135, 4.6398, 4.6247, 4.8082, 4.2539, 4.8733, 4.8197, 4.9172, 4.9027, 4.8311, 4.7606, 4.6736],
  "initQF": [5.216, 4.7283, 1.4818, 1.5795, 4.361, 2.5635, 2.7367, 4.2933, 2.9309, 4.7926, 1.3717, 2.5656, 1.6161, 4.4486, 5.036, 4.1733, 2.5495, 1.365, 1.13, 2.2325, 3.2142, 2.2629, 4.9562, 1.5962, 2.5698, 1.6149, 4.3253, 2.5036, 4.0755, 2.84, 1.5453, 4.5543, 4.9872, 2.4386, 4.4323, 1.3944, 1.5701, 1.7155, 1.0184, 3.066, 4.0922, 1.461, 3.2128, 2.3468, 1.4593, 5.1304, 3.3916, 1.3025, 3.4202, 3.3915],
  "initQU": [4.048, 3.3654, 7.1384, 5.1409, 5.2956, 3.2195, 5.817, 3.7013, 4.0672, 6.2165, 7.3663, 5.7011, 8.9613, 1.4938, 3.3689, 1.6664, 5.173, 3.3879, 7.2819, 5.1286, 7.0107, 6.313, 5.5544, 2.5937, 2.4285, 3.6698, 3.1005, 3.0578, 5.6758, 2.7891, 3.7836, 4.4127, 3.4299, 2.066, 4.8015, 2.6388, 3.6123, 3.6925, 2.929, 2.2679, 3.564, 9.2884, 3.0164, 5.8849, 3.9866, 4.8929, 6.3318, 2.4315, 3.0828, 5.7799]
}
