{
  "n_part": 50,
  "n_trials": 30,
  "mu_R_group": [
    [5],
    [5]
  ],
  "sigma_R_group": 2,
  "LR_group": 0.167384451488033,
  "inv_temp_group": 3.02105203503743,
  "initQF_group": 6.57229844853282,
  "initQU_group": 5.54218516941182,
  "LR": [0.1374, 0.4272, 0.2948, 0.2214, 0.1523, 0.1622, 0.0255, 0.0861, 0.4707, 0.2554, 0.1649, 0.1654, 0.1596, 0.0753, 0.0806, 0.2416, 0.4451, 0.3567, 0.2701, 0.0191, 0.2849, 0.194, 0.6197, 0.4392, 0.0027, 0.4264, 0.0634, 0.0561, 0.2561, 0.2146, 0.4133, 0.0504, 0.0816, 0.4899, 0.0627, 0.3023, 0.1511, 0.1403, 0.1169, 0.2578, 0.1475, 0.603, 0.1158, 0.1659, 0.286, 0.4446, 0.2754, 0.2083, 0.4983, 0.1947],
  "inv_temp": [3.1067, 2.6019, 3.2731, 2.8771, 2.9797, 3.2018, 2.7664, 2.8892, 2.6325, 2.8877, 3.235, 3.1055, 3.3247, 2.9944, 3.5653, 3.0201, 3.0628, 3.136, 2.9603, 2.991, 2.9867, 3.1154, 3.298, 3.0073, 3.2939, 3.0414, 2.7313, 3.0994, 2.689, 3.2221, 3.2629, 2.7463, 2.9769, 3.1191, 2.8993, 3.0063, 2.897, 2.7702, 2.7148, 3.0852, 2.426, 3.3516, 3.6242, 3.0279, 3.5657, 3.0332, 2.8178, 3.2119, 3.1261, 3.7167],
  "initQF": [3.2984, 4.6328, 7.742, 6.3799, 8.344, 5.6869, 5.1859, 5.3473, 6.9776, 4.7999, 6.7128, 6.1829, 9.4685, 5.0239, 7.1237, 8.1071, 6.5277, 3.1821, 4.5358, 7.0514, 5.2663, 7.6483, 6.7813, 4.4661, 5.3912, 4.1797, 7.1146, 9.1934, 3.7554, 4.0762, 7.455, 7.0603, 4.5256, 9.7579, 7.5585, 5.6025, 6.5552, 5.097, 3.3214, 4.2409, 3.0351, 7.7286, 5.0668, 9.7101, 8.7203, 6.1266, 8.2086, 7.0598, 6.5451, 9.1786],
  "initQU": [4.6981, 3.2388, 6.64, 3.0092, 4.5082, 3.1361, 3.5719, 5.6335, 7.4428, 6.4184, 5.1858, 3.2833, 6.8642, 6.1258, 6.3767, 8.1829, 3.1481, 5.7922, 9.3448, 4.905, 5.2803, 6.6064, 5.3437, 5.026, 4.7569, 8.3839, 4.9675, 4.9598, 8.7893, 3.2054, 2.2897, 4.0841, 4.4863, 2.6201, 4.7864, 7.4928, 4.7367, 6.2346, 1.5408, 5.6693, 6.3537, 4.9358, 7.0594, 5.7525, 1.8511, 4.5101, 2.0155, 5.9721, 6.0457, 2.4327]
}
