{
  "n_part": 50,
  "n_trials": 30,
  "mu_R_group": [
    [5],
    [5]
  ],
  "sigma_R_group": 2,
  "LR_group": 0.974031976191327,
  "inv_temp_group": 1.59770356724039,
  "initQF_group": 7.01160014397465,
  "initQU_group": 5.91947306296788,
  "LR": [0.9421, 0.8118, 0.6883, 0.5131, 0.9512, 0.9831, 0.908, 0.6538, 0.6046, 0.9792, 0.8269, 0.8895, 0.8943, 0.8595, 0.8224, 0.9716, 0.9396, 0.9149, 0.9951, 0.5738, 0.9617, 0.9104, 0.7615, 0.9749, 0.9178, 0.7281, 0.8698, 0.9796, 0.9917, 0.7615, 0.8497, 0.8529, 0.4944, 0.9991, 0.7118, 0.6849, 0.5019, 0.883, 0.8553, 0.7443, 0.9969, 0.8304, 0.8583, 0.8874, 0.976, 0.8385, 0.9734, 0.421, 0.7783, 0.7938],
  "inv_temp": [1.6506, 1.143, 1.7716, 1.8098, 1.9423, 2.0202, 1.4429, 1.7495, 1.5052, 1.8128, 1.7086, 1.5302, 1.3212, 1.5621, 1.8907, 1.5222, 1.6101, 1.771, 1.2336, 1.5012, 1.7596, 1.5573, 1.6078, 1.6491, 2.1082, 2.0812, 1.3788, 1.6329, 1.0971, 1.5835, 1.7706, 1.4404, 2.1634, 1.9093, 1.8127, 2.0077, 1.8281, 1.8, 1.9028, 1.9627, 1.5553, 1.6804, 1.8491, 1.7552, 1.623, 1.8464, 1.524, 1.7352, 1.533, 1.1483],
  "initQF": [7.3515, 8.7595, 7.73, 5.0352, 8.1944, 8.267, 4.1621, 7.8197, 9.1506, 6.075, 6.9639, 7.1252, 8.7325, 9.1702, 9.9129, 6.5019, 5.4869, 5.1462, 4.3791, 7.4384, 7.3315, 9.679, 7.352, 6.2431, 3.7882, 8.8427, 7.1542, 4.3357, 7.1625, 5.7612, 8.6035, 7.4091, 9.7253, 9.7514, 5.0821, 8.0327, 6.2474, 6.494, 3.9735, 8.2992, 2.1744, 8.3766, 4.9674, 6.9384, 8.0766, 4.7118, 5.9029, 9.5737, 5.168, 6.6495],
  "initQU": [6.8835, 7.1247, 7.147, 5.1423, 8.4208, 6.4203, 6.7687, 6.1831, 6.0741, 3.7723, 3.4992, 6.1849, 4.9346, 8.7008, 6.7898, 9.6119, 8.3057, 8.7431, 4.2649, 6.7969, 3.3269, 7.2219, 5.6558, 2.454, 3.3799, 3.7473, 6.7858, 5.1027, 9.3415, 4.2403, 3.5539, 7.5451, 4.6987, 3.486, 6.9017, 6.4646, 9.5566, 5.9127, 4.6478, 7.9826, 6.054, 6.5812, 2.4992, 9.3214, 7.2454, 5.4356, 8.4652, 6.0931, 6.9243, 3.8316]
}
