{
  "n_part": 50,
  "n_trials": 30,
  "mu_R_group": [
    [5],
    [5]
  ],
  "sigma_R_group": 2,
  "LR_group": 0.939166464842856,
  "inv_temp_group": 1.87796851503663,
  "initQF_group": 6.89257058943622,
  "initQU_group": 1.19802588853054,
  "LR": [0.7804, 0.5495, 0.8916, 0.5697, 0.9964, 0.919, 0.8621, 0.9752, 0.8766, 0.6467, 0.8868, 0.7319, 0.9398, 0.7951, 0.995, 0.9273, 0.9296, 0.8041, 0.7596, 0.899, 0.9348, 0.9162, 0.9688, 0.8641, 0.9343, 0.6248, 0.8677, 0.9329, 0.9051, 0.6401, 0.9629, 0.7427, 0.7832, 0.9843, 0.5349, 0.8597, 0.8889, 0.9674, 0.873, 0.8756, 0.7602, 0.6538, 0.7903, 0.8481, 0.6829, 0.606, 0.7008, 0.8975, 0.9943, 0.6353],
  "inv_temp": [1.8886, 1.7172, 2.3691, 2.0188, 1.7948, 2.2239, 0.8672, 2.1729, 1.7785, 2.1467, 2.0529, 1.5521, 1.9378, 1.5152, 1.6346, 2.1172, 1.4388, 1.389, 1.8217, 0.7187, 1.7684, 2.4618, 2.0322, 1.5353, 1.687, 1.4491, 1.8438, 1.5376, 1.9408, 2.1367, 1.8887, 1.1234, 2.1372, 1.9296, 2.1929, 1.9628, 1.8379, 2.4491, 2.302, 1.7666, 2.035, 2.0148, 2.2795, 1.6727, 1.896, 2.6173, 2.081, 1.021, 2.0637, 1.8363],
  "initQF": [6.9373, 8.5169, 7.0951, 8.0081, 7.7395, 8.9937, 6.6589, 8.8603, 6.2328, 6.1005, 7.7699, 5.0118, 4.8533, 7.4078, 6.6354, 5.1559, 7.5906, 4.3916, 6.3314, 7.0109, 5.5056, 3.9964, 5.0115, 5.7777, 5.5896, 9.6378, 8.0941, 5.356, 5.8075, 7.0437, 9.1877, 6.2614, 6.7788, 8.0058, 7.8578, 9.7738, 7.4471, 7.7189, 5.4238, 6.8699, 8.9063, 8.8608, 7.6529, 5.8458, 8.085, 8.6873, 5.5112, 7.849, 5.708, 5.5595],
  "initQU": [2.6932, 4.1232, 1.2046, 2.5061, 1.9246, 2.6232, 4.0806, 2.1998, 3.7462, 2.0567, 1.4274, 2.2162, 4.8114, 1.1702, 1.4753, 1.3513, 3.1423, 1.6625, 2.6194, 1.1922, 5.2488, 4.291, 1.1815, 2.7305, 3.5231, 1.6028, 2.5494, 2.1102, 5.508, 2.4727, 1.6558, 1.0061, 2.1623, 3.634, 2.2524, 2.1942, 1.6589, 2.5094, 3.3673, 2.7544, 4.0097, 5.764, 3.6359, 2.9226, 3.43, 3.5141, 1.7414, 3.1676, 2.4604, 1.5243]
}
