{
  "n_part": 50,
  "n_trials": 30,
  "mu_R_group": [
    [5],
    [5]
  ],
  "sigma_R_group": 2,
  "LR_group": 0.67266918043606,
  "inv_temp_group": 4.82735903933644,
  "initQF_group": 3.89638385525905,
  "initQU_group": 9.23312091175467,
  "LR": [0.7665, 0.7762, 0.5508, 0.8341, 0.7729, 0.6268, 0.5933, 0.7415, 0.349, 0.5743, 0.8559, 0.6134, 0.4564, 0.5363, 0.5125, 0.8377, 0.7019, 0.6663, 0.7936, 0.6392, 0.7656, 0.9784, 0.4448, 0.5758, 0.6397, 0.7421, 0.4859, 0.5639, 0.9054, 0.6995, 0.6567, 0.7585, 0.9859, 0.9565, 0.7453, 0.7719, 0.5613, 0.6393, 0.8692, 0.793, 0.6991, 0.7257, 0.9, 0.7422, 0.6751, 0.7792, 0.9496, 0.3896, 0.6114, 0.5723],
  "inv_temp": [4.3751, 4.545, 4.8859, 4.7642, 4.8368, 4.56, 4.181, 4.9245, 4.7282, 4.4163, 4.9212, 4.5627, 4.8335, 4.6983, 4.4051, 4.6839, 4.3389, 4.621, 4.6375, 4.5919, 4.8959, 4.9998, 4.6171, 4.8826, 4.8213, 4.8718, 4.2732, 4.864, 4.7727, 4.8, 4.6756, 4.8014, 4.5326, 4.6197, 4.6055, 4.1424, 4.7902, 4.7142, 4.5635, 4.8418, 4.6784, 4.9287, 4.9852, 4.5592, 4.4219, 4.8311, 4.3851, 4.6102, 4.8059, 4.9191],
  "initQF": [9.5196, 4.2074, 1.0159, 2.6913, 3.1975, 2.2882, 6.6857, 7.2517, 7.8428, 2.4161, 6.4477, 6.2093, 4.2435, 3.5477, 4.88, 2.2079, 5.5496, 1.3898, 3.4429, 6.0679, 4.4145, 1.2766, 2.3693, 6.2334, 5.056, 7.423, 2.9104, 2.5325, 1.5025, 6.771, 5.023, 5.3114, 4.2908, 1.9616, 4.262, 5.445, 4.6675, 2.7128, 2.971, 5.8219, 5.9087, 3.2226, 5.6994, 3.8094, 4.7463, 2.3678, 2.9337, 6.8891, 4.4776, 2.5977],
  "initQU": [8.3614, 8.8088, 8.9082, 7.0466, 4.7231, 8.3835, 6.608, 4.918, 9.4358, 9.9567, 5.5552, 7.6029, 8.2169, 8.3508, 9.6878, 7.41, 6.7507, 8.2673, 9.0653, 8.2855, 7.0155, 6.86, 9.7719, 8.187, 7.569, 8.7895, 8.8491, 9.9483, 8.6558, 8.153, 8.1507, 8.9595, 6.79, 7.6204, 9.6357, 9.1337, 7.2859, 7.503, 9.2791, 9.4634, 7.5946, 8.8851, 8.6871, 6.2968, 8.9533, 7.644, 7.0244, 7.6932, 9.8145, 7.0517]
}
