{
  "n_part": 50,
  "n_trials": 30,
  "mu_R_group": [
    [5],
    [5]
  ],
  "sigma_R_group": 2,
  "LR_group": 0.180234808474779,
  "inv_temp_group": 2.0617337001022,
  "initQF_group": 5.92768347030506,
  "initQU_group": 5.00023508560844,
  "LR": [0.2968, 0.249, 0.1934, 0.3187, 0.1592, 0.1325, 0.0852, 0.406, 0.1014, 0.0305, 0.3082, 0.0209, 0.3423, 0.0901, 0.1383, 0.2771, 0.2851, 0.068, 0.193, 0.23, 0.2379, 0.0033, 0.2708, 0.0346, 0.4152, 0.5696, 0.1197, 0.103, 0.3082, 0.4783, 0.0867, 0.4576, 0.2015, 0.1952, 0.3837, 0.4798, 0.1709, 0.1471, 0.0461, 0.4084, 0.1157, 0.205, 0.3602, 0.1876, 0.5048, 0.3515, 0.2246, 0.0399, 0.33, 0.0234],
  "inv_temp": [2.2948, 1.867, 2.2008, 2.2628, 2.4816, 2.2367, 1.8513, 1.8137, 1.6737, 1.8487, 2.1266, 2.3031, 1.8904, 2.0272, 2.3848, 2.3228, 2.0608, 1.5756, 2.0284, 1.286, 1.9497, 1.6603, 2.0668, 2.1894, 1.9714, 1.8956, 2.3315, 2.5518, 2.0624, 2.0567, 1.946, 1.8875, 1.948, 2.4723, 1.5958, 1.3286, 1.9107, 2.1223, 1.7733, 2.4725, 1.8327, 2.0525, 1.5739, 2.0573, 1.7923, 2.2149, 2.444, 2.6153, 2.0444, 1.5921],
  "initQF": [8.6698, 5.347, 6.7238, 4.0911, 6.5621, 4.4599, 6.3269, 3.1997, 2.2176, 4.3688, 4.7195, 7.1095, 6.3051, 4.0982, 5.8016, 5.0856, 6.1412, 1.9422, 3.3518, 4.3687, 4.7893, 4.4226, 5.4664, 1.8797, 5.8014, 8.8559, 2.5544, 7.7812, 6.7529, 6.8003, 7.8355, 7.9684, 7.2605, 2.0508, 8.2116, 6.7301, 6.5731, 7.3901, 7.762, 8.4539, 8.6077, 8.9347, 5.2641, 5.6143, 4.7896, 7.683, 4.9015, 6.0721, 6.6122, 4.7312],
  "initQU": [7.6552, 1.3135, 3.5052, 8.0252, 7.698, 6.4486, 4.9073, 4.343, 6.2609, 2.5815, 6.477, 2.4969, 5.0497, 3.4697, 9.3376, 6.6614, 4.0145, 4.3062, 5.4335, 1.2911, 3.6571, 1.1955, 6.3874, 2.7139, 4.0433, 1.5099, 3.8176, 6.7506, 5.8723, 4.17, 4.1889, 6.1299, 3.1448, 3.8517, 1.3318, 1.9651, 5.5373, 3.8653, 6.0094, 4.798, 6.3394, 3.773, 3.691, 9.7477, 5.4142, 6.6578, 4.8238, 5.4397, 6.2882, 5.3291]
}
