{
  "n_part": 50,
  "n_trials": 30,
  "mu_R_group": [
    [5],
    [5]
  ],
  "sigma_R_group": 2,
  "LR_group": 0.28004965512082,
  "inv_temp_group": 0.154440018814057,
  "initQF_group": 2.75439156242646,
  "initQU_group": 2.71605286304839,
  "LR": [0.4174, 0.5006, 0.1929, 0.3405, 0.2169, 0.4939, 0.1667, 0.6078, 0.3987, 0.4581, 0.517, 0.3116, 0.1003, 0.4464, 0.51, 0.6039, 0.4784, 0.3205, 0.1377, 0.4526, 0.4584, 0.3971, 0.2584, 0.0265, 0.573, 0.3032, 0.4529, 0.164, 0.4106, 0.1891, 0.1502, 0.0368, 0.2432, 0.1895, 0.3578, 0.4394, 0.1788, 0.4856, 0.5996, 0.1848, 0.4139, 0.4495, 0.1167, 0.2626, 0.192, 0.3363, 0.1162, 0.2121, 0.3546, 0.1958],
  "inv_temp": [0.685, 0.4131, 0.0391, 0.1861, 0.0766, 0.2746, 0.2422, 0.0229, 0.0596, 0.5192, 0.4453, 0.1806, 0.1622, 0.2778, 0.1369, 0.1463, 0.6381, 0.1211, 0.5989, 0.4776, 0.1598, 0.2966, 0.2944, 0.1777, 0.2235, 0.2669, 0.8284, 0.1531, 0.2078, 0.1733, 0.1313, 0.0966, 0.0103, 0.4411, 0.1924, 0.2203, 0.8558, 0.2576, 0.1949, 0.5157, 0.1701, 0.6828, 0.1428, 0.405, 0.0904, 0.0118, 0.1335, 0.2217, 0.1357, 0.2315],
  "initQF": [5.0522, 4.0576, 2.0933, 3.7094, 5.2448, 2.8624, 5.3135, 1.9521, 5.0793, 4.1676, 2.4429, 5.6892, 6.4868, 3.8452, 4.5523, 2.9195, 4.3935, 4.5167, 1.5211, 1.7556, 2.3834, 1.9908, 2.9902, 6.338, 4.3294, 1.3139, 5.719, 2.2002, 3.1184, 3.3686, 1.715, 3.1076, 4.4335, 2.5445, 3.8389, 4.5809, 5.0487, 5.7683, 6.4821, 5.9841, 6.023, 2.5994, 4.07, 5.7828, 6.2131, 6.2051, 2.3832, 5.521, 3.0263, 3.6904],
  "initQU": [3.0992, 3.2581, 1.9124, 2.4983, 2.2475, 7.2365, 1.0992, 2.8147, 2.5415, 6.9165, 1.1071, 5.2528, 3.7733, 4.179, 1.8588, 6.7225, 2.6291, 4.3328, 3.6662, 3.3351, 2.171, 2.3195, 1.8298, 2.9458, 1.7703, 2.7012, 1.0866, 5.316, 2.9631, 1.2218, 3.0374, 2.9774, 2.9297, 3.2005, 2.7969, 1.578, 6.227, 5.3861, 2.7242, 3.9582, 2.6933, 3.3329, 2.8683, 2.1972, 2.0723, 2.5009, 1.6213, 3.4004, 5.987, 3.1682]
}
