{
  "n_part": 50,
  "n_trials": 30,
  "mu_R_group": [
    [5],
    [5]
  ],
  "sigma_R_group": 2,
  "LR_group": 0.376574699766934,
  "inv_temp_group": 3.24919461505488,
  "initQF_group": 5.06707288231701,
  "initQU_group": 2.77838603639975,
  "LR": [0.4675, 0.4267, 0.3503, 0.6646, 0.4871, 0.3824, 0.2789, 0.1062, 0.1415, 0.2056, 0.3538, 0.5852, 0.5894, 0.474, 0.7816, 0.4483, 0.1599, 0.3377, 0.3801, 0.5407, 0.62, 0.3905, 0.1643, 0.2676, 0.2553, 0.1465, 0.1359, 0.2962, 0.2458, 0.0801, 0.2467, 0.8673, 0.1743, 0.6357, 0.4645, 0.3865, 0.3825, 0.4073, 0.0882, 0.4592, 0.4073, 0.3581, 0.278, 0.3817, 0.2839, 0.1032, 0.5495, 0.3358, 0.5252, 0.4975],
  "inv_temp": [2.9216, 3.4442, 3.328, 3.0683, 3.8945, 2.8553, 3.0996, 3.4272, 3.1365, 2.9477, 2.7932, 3.4814, 3.3555, 3.5829, 3.0071, 3.5855, 2.97, 3.0237, 3.0839, 3.3412, 3.4762, 3.0746, 3.652, 3.3592, 3.2139, 3.3815, 2.9634, 3.1981, 2.8601, 3.6138, 3.1823, 2.9051, 3.1448, 3.1273, 3.2242, 3.493, 3.6551, 3.5435, 3.4644, 2.951, 3.2609, 3.1319, 3.3693, 3.1244, 2.9356, 3.1491, 3.9086, 3.0772, 3.0737, 3.1601],
  "initQF": [3.6923, 4.2016, 6.0179, 7.9005, 6.5039, 7.3649, 6.506, 6.9345, 6.449, 2.8035, 5.0005, 2.9906, 3.2588, 4.5357, 6.0055, 4.2333, 6.629, 3.072, 4.3908, 4.344, 4.494, 3.7405, 6.6986, 4.8788, 2.1471, 6.8661, 6.119, 5.0118, 8.0555, 3.2993, 5.1504, 6.1874, 5.6643, 4.7541, 5.0115, 6.1621, 2.3406, 4.7766, 5.7686, 3.6498, 4.7671, 2.6415, 3.2655, 3.9281, 5.8299, 2.8906, 5.9373, 4.4457, 6.9516, 6.3278],
  "initQU": [2.6689, 4.4921, 1.5644, 1.1591, 6.1986, 3.8045, 4.8109, 2.0425, 1.2807, 2.9145, 1.9863, 4.3704, 3.3856, 2.8704, 2.9194, 5.0945, 2.362, 2.578, 4.0393, 1.0952, 3.0655, 2.6954, 2.4796, 5.0639, 3.922, 2.1568, 4.0153, 2.4731, 3.9601, 4.7964, 2.298, 2.0811, 5.8494, 3.2573, 3.977, 3.4087, 4.5717, 4.3978, 4.9961, 2.5262, 1.3523, 1.1186, 1.7542, 2.3115, 2.4645, 5.3851, 3.7218, 2.6057, 2.9625, 3.412]
}
