{
  "n_part": 50,
  "n_trials": 30,
  "mu_R_group": [
    [5],
    [5]
  ],
  "sigma_R_group": 2,
  "LR_group": 0.00292111840099096,
  "inv_temp_group": 2.73224765900522,
  "initQF_group": 9.6144546745345,
  "initQU_group": 7.65750892553478,
  "LR": [0.1712, 0.2476, 0.2664, 0.2079, 0.0663, 0.0875, 0.0357, 0.3824, 0.2027, 0.2658, 0.0544, 0.1332, 0.0721, 0.0909, 0.1286, 0.2528, 0.0903, 0.0316, 0.0034, 0.196, 0.1445, 0.313, 0.3823, 0.0773, 0.0476, 0.1122, 0.0273, 0.0424, 0.2574, 0.0181, 0.3482, 0.1453, 0.0023, 0.0091, 0.183, 0.0266, 0.3164, 0.0081, 0.0135, 0.2898, 0.1721, 0.0331, 0.1751, 0.5022, 0.1761, 0.1529, 0.2338, 0.1886, 0.3975, 0.0804],
  "inv_temp": [2.5088, 2.6702, 2.6091, 3.0217, 2.5756, 2.516, 2.3789, 2.9312, 2.9859, 3.2563, 2.5327, 2.4809, 2.8849, 3.0459, 2.9265, 2.6777, 2.3702, 2.7735, 2.9336, 2.7926, 2.8645, 1.8301, 2.4914, 2.7573, 2.2578, 2.4157, 3.0282, 2.5163, 2.6323, 2.735, 3.0901, 3.2319, 2.658, 2.9892, 2.5983, 2.8744, 3.0385, 2.8354, 2.1818, 2.8807, 2.6715, 2.0574, 2.8002, 2.1197, 2.4195, 2.7602, 2.837, 2.7199, 2.8017, 2.5364],
  "initQF": [8.2564, 9.0375, 9.6987, 8.0749, 8.7914, 9.2362, 9.9654, 7.7374, 8.2812, 6.4301, 7.9363, 8.9385, 9.9355, 8.4559, 7.9533, 9.6183, 8.5315, 9.2197, 9.2614, 8.7701, 7.2813, 8.3848, 9.3981, 8.9478, 9.0327, 8.9209, 7.2506, 6.6851, 6.1333, 7.6792, 9.7378, 9.2244, 7.678, 9.772, 8.2932, 9.4705, 8.1689, 7.6707, 8.4006, 9.755, 8.5662, 4.0319, 9.2645, 7.8696, 9.3255, 8.574, 7.126, 8.9601, 7.4852, 8.2382],
  "initQU": [7.8128, 7.0625, 4.8148, 6.6243, 8.9299, 9.0139, 5.582, 3.2588, 7.8741, 7.3095, 7.479, 7.9108, 9.6965, 7.75, 5.4419, 5.3868, 8.3627, 9.7318, 8.906, 5.8507, 6.7451, 6.0696, 7.9214, 6.4957, 6.4903, 3.2864, 5.4551, 6.1008, 6.64, 8.8109, 8.7031, 7.9716, 7.0961, 8.3193, 8.0153, 6.7665, 7.8401, 8.6188, 3.2971, 8.0514, 6.9345, 5.1506, 4.8542, 6.9248, 9.5677, 8.011, 8.5454, 6.5119, 8.5513, 7.7947]
}
