{
  "n_part": 50,
  "n_trials": 30,
  "mu_R_group": [
    [5],
    [5]
  ],
  "sigma_R_group": 2,
  "LR_group": 0.91453509661369,
  "inv_temp_group": 4.33714925544336,
  "initQF_group": 6.89201895543374,
  "initQU_group": 2.11165819992311,
  "LR": [0.5636, 0.895, 0.9537, 0.782, 0.7736, 0.8788, 0.6719, 0.7283, 0.8152, 0.9512, 0.4065, 0.8142, 0.7631, 0.9397, 0.7388, 0.756, 0.6707, 0.9779, 0.7002, 0.8149, 0.8834, 0.9572, 0.8118, 0.9766, 0.8043, 0.5493, 0.9349, 0.6877, 0.5438, 0.9372, 0.9865, 0.5326, 0.9345, 0.5155, 0.7199, 0.9893, 0.7643, 0.9059, 0.9309, 0.4784, 0.8772, 0.9398, 0.9207, 0.7721, 0.7397, 0.7998, 0.9355, 0.9967, 0.9166, 0.9574],
  "inv_temp": [4.9067, 4.2908, 4.6427, 4.6265, 4.6954, 4.9598, 4.0417, 4.303, 4.0526, 4.8971, 4.4984, 4.1523, 4.5509, 3.9408, 4.5776, 4.1604, 4.2727, 4.0033, 4.6788, 3.8624, 4.2492, 4.2828, 4.6172, 4.537, 4.4286, 4.5597, 4.8525, 3.9862, 4.7901, 4.5495, 4.7461, 3.8124, 4.7751, 4.0224, 4.5004, 4.7926, 4.43, 4.8282, 4.3309, 4.4167, 4.277, 4.3207, 4.0546, 4.2161, 4.6784, 4.6488, 4.6185, 4.5849, 4.3346, 4.61],
  "initQF": [6.2625, 4.7499, 1.755, 5.824, 8.6886, 7.1889, 6.2514, 7.7468, 6.632, 8.1616, 9.9609, 5.9141, 9.178, 7.7197, 5.7243, 5.4428, 9.1164, 6.2719, 2.948, 9.2632, 6.4842, 3.5003, 7.4132, 7.7836, 8.1457, 4.1539, 7.5746, 8.3256, 5.3444, 7.0419, 6.7371, 6.8115, 7.6441, 6.7427, 8.6667, 3.6868, 7.1761, 4.6804, 7.6166, 9.954, 8.9334, 5.4387, 5.0611, 8.8958, 9.022, 8.4454, 8.2149, 4.1963, 9.3561, 7.2158],
  "initQU": [1.129, 2.5509, 2.8187, 2.7673, 2.1619, 2.696, 5.9112, 1.6639, 3.3967, 3.5862, 2.0039, 1.3649, 3.9267, 2.6352, 1.0623, 1.2497, 2.2933, 2.3089, 3.5602, 4.3991, 2.4373, 2.8098, 1.8272, 1.7621, 3.8491, 3.5971, 2.2363, 7.0478, 3.484, 4.1898, 2.5375, 3.3372, 1.6796, 7.514, 3.4264, 2.455, 3.5881, 2.9507, 3.2159, 4.9529, 1.5672, 4.5914, 5.2405, 2.6937, 3.4662, 3.1305, 1.7676, 3.808, 2.6148, 2.5334]
}
