{
  "n_part": 50,
  "n_trials": 30,
  "mu_R_group": [
    [5],
    [5]
  ],
  "sigma_R_group": 2,
  "LR_group": 0.79521775059402,
  "inv_temp_group": 1.67765685706399,
  "initQF_group": 4.63953787018545,
  "initQU_group": 8.31341596809216,
  "LR": [0.9417, 0.8463, 0.7909, 0.7892, 0.8494, 0.8579, 0.8753, 0.4358, 0.4428, 0.7237, 0.5677, 0.6314, 0.5353, 0.7181, 0.8045, 0.4767, 0.7901, 0.2671, 0.5275, 0.8345, 0.7233, 0.9533, 0.7687, 0.9111, 0.4332, 0.8639, 0.7132, 0.8452, 0.8417, 0.8254, 0.7932, 0.7834, 0.6713, 0.8001, 0.9438, 0.6876, 0.909, 0.8105, 0.9685, 0.3321, 0.9826, 0.6288, 0.6359, 0.8218, 0.5835, 0.4799, 0.7854, 0.883, 0.9561, 0.9208],
  "inv_temp": [1.8973, 1.7762, 1.6086, 1.6046, 1.4577, 1.551, 2.2777, 1.7703, 1.2222, 1.428, 1.6267, 1.5728, 0.9718, 1.8588, 1.9184, 1.6466, 1.4867, 1.8, 2.0958, 1.939, 1.3816, 2.0703, 1.5418, 1.6826, 1.681, 1.8194, 2.0279, 1.8634, 1.8954, 1.8896, 1.7114, 1.8147, 1.4834, 1.9026, 2.3091, 1.0217, 1.7708, 1.6682, 1.9914, 1.5397, 1.5313, 1.3883, 1.8212, 1.8948, 2.0078, 1.1751, 1.5059, 1.4662, 1.7531, 2.0577],
  "initQF": [9.7163, 3.3564, 6.388, 4.4158, 4.2129, 4.9408, 4.5136, 7.3648, 4.8461, 7.5727, 3.3322, 2.6331, 3.2495, 5.9606, 4.6754, 5.3798, 5.0794, 5.0583, 6.5936, 3.5156, 2.3321, 6.7743, 6.5811, 2.8822, 4.7402, 3.7811, 4.3686, 3.936, 5.6933, 5.7381, 4.399, 5.3481, 3.861, 7.9795, 5.2373, 6.6108, 1.6902, 7.5721, 4.3824, 4.7621, 4.8316, 5.6987, 2.9525, 5.8144, 2.7653, 1.8901, 9.2325, 3.783, 4.6167, 1.4097],
  "initQU": [7.4918, 6.2809, 7.1884, 7.9438, 7.3627, 7.2966, 9.6334, 8.2852, 7.7207, 4.4205, 1.6238, 7.7894, 8.7265, 5.6803, 7.7667, 5.8986, 5.8573, 7.6542, 7.4831, 5.8304, 5.6534, 4.9953, 9.2964, 5.9541, 6.655, 6.9025, 8.1414, 9.4102, 6.9327, 8.5029, 7.385, 7.4436, 7.5314, 7.3825, 8.1672, 5.1905, 8.8146, 6.0032, 7.8679, 9.3726, 6.9018, 8.0148, 8.4559, 6.7662, 7.603, 5.984, 7.0818, 7.2138, 9.7962, 8.4665]
}
