{
  "n_part": 50,
  "n_trials": 30,
  "mu_R_group": [
    [5],
    [5]
  ],
  "sigma_R_group": 2,
  "LR_group": 0.181320618605241,
  "inv_temp_group": 4.96880358899944,
  "initQF_group": 9.72759744455107,
  "initQU_group": 7.74233628343791,
  "LR": [0.1588, 0.1304, 0.3084, 0.4026, 0.007, 0.3861, 0.1304, 0.3989, 0.1768, 0.2819, 0.2031, 0.2743, 0.266, 0.3788, 0.3024, 0.4859, 0.37, 0.5831, 0.0666, 0.1541, 0.2347, 0.3252, 0.1631, 0.0927, 0.28, 0.2182, 0.0546, 0.2857, 0.3168, 0.1566, 0.2463, 0.0168, 0.3114, 0.0505, 0.2033, 0.1593, 0.3632, 0.4028, 0.076, 0.3826, 0.2754, 0.1953, 0.3338, 0.3381, 0.2766, 0.3516, 0.0625, 0.0295, 0.1707, 0.3251],
  "inv_temp": [4.5122, 4.8402, 4.6999, 4.792, 4.3999, 4.7606, 4.6553, 4.5541, 4.6819, 4.7919, 4.8453, 4.6709, 4.9618, 4.5686, 4.2411, 4.8881, 4.7714, 4.5782, 4.4037, 4.4109, 4.9455, 4.7785, 4.7266, 4.8768, 4.9697, 4.9207, 4.4359, 4.5112, 4.8087, 4.8112, 4.5349, 4.8771, 4.5713, 4.9834, 4.7622, 4.4587, 4.5911, 4.5607, 4.5169, 4.6146, 4.9139, 4.9605, 4.9986, 4.7944, 4.4056, 4.8637, 4.4368, 4.6336, 4.6968, 4.9033],
  "initQF": [9.0412, 8.4738, 9.144, 7.5496, 9.7405, 9.6225, 8.9345, 7.8423, 9.3713, 8.977, 6.7789, 9.2692, 8.2432, 7.8283, 7.8354, 8.4297, 8.643, 6.9746, 9.9386, 7.7537, 6.9331, 8.6308, 7.0314, 7.6417, 8.87, 5.8339, 8.7704, 7.3235, 9.5909, 9.6654, 9.1803, 8.3585, 7.3257, 9.6249, 9.1052, 5.0914, 7.9343, 5.1707, 8.6199, 5.776, 9.0362, 9.2336, 7.1241, 9.5557, 6.3008, 9.7401, 7.2807, 6.2959, 8.8488, 8.8552],
  "initQU": [6.1767, 7.2406, 5.3461, 6.9698, 8.4019, 6.8935, 4.9711, 7.2383, 6.3015, 3.6602, 6.133, 6.6196, 8.409, 4.8437, 5.1507, 9.2997, 5.18, 7.5633, 5.5362, 7.9757, 6.7291, 8.681, 8.0624, 6.1155, 5.8899, 7.3503, 2.0682, 8.8709, 8.6056, 8.0951, 6.8139, 4.6463, 5.2342, 8.26, 7.442, 8.2689, 7.7198, 7.0482, 7.8926, 9.3266, 4.862, 6.4689, 6.7859, 7.3562, 7.1653, 8.5805, 4.4463, 8.824, 5.7011, 8.4954]
}
