{
  "n_part": 50,
  "n_trials": 30,
  "mu_R_group": [
    [5],
    [5]
  ],
  "sigma_R_group": 2,
  "LR_group": 0.0303085534833372,
  "inv_temp_group": 4.22653638524935,
  "initQF_group": 9.14927418204024,
  "initQU_group": 4.41505956905894,
  "LR": [0.0565, 0.2338, 0.1486, 0.03, 0.1799, 0.1642, 0.0692, 0.1347, 0.0154, 0.2459, 0.0321, 0.0806, 0.0258, 0.0451, 0.2736, 0.3695, 0.0781, 0.2003, 0.4228, 0.2958, 0.0362, 0.334, 0.307, 0.1206, 0.1861, 0.217, 0.048, 0.1901, 0.5201, 0.1184, 0.035, 0.1107, 0.3648, 0.1456, 0.1432, 0.3489, 0.0343, 0.0804, 0.2513, 0.3061, 0.0833, 0.0297, 0.1671, 0.1527, 0.7366, 0.2048, 0.2011, 0.2655, 0.3216, 0.084],
  "inv_temp": [4.3871, 4.4564, 4.6112, 4.3128, 4.2035, 4.1073, 4.4645, 3.9076, 4.1242, 4.2497, 4.7175, 4.1928, 4.4634, 3.9923, 4.1043, 4.6016, 4.1989, 4.0675, 4.3007, 4.5783, 4.3619, 4.1411, 3.6766, 3.9454, 4.7277, 3.9155, 4.4424, 4.7849, 4.7563, 4.016, 4.6331, 4.5187, 4.3228, 4.1836, 4.4055, 4.4013, 4.3887, 4.3803, 4.2539, 4.301, 3.8954, 3.8295, 4.1763, 4.2015, 3.8674, 4.2283, 3.9853, 4.0051, 4.5732, 4.1067],
  "initQF": [7.723, 7.4624, 8.903, 4.1597, 9.7706, 9.2164, 7.1099, 8.3624, 9.5889, 6.3657, 6.321, 9.0317, 6.8362, 5.3501, 8.8101, 7.9222, 8.3678, 8.4541, 7.9679, 9.2076, 5.7714, 7.6159, 8.0046, 4.4854, 9.9266, 8.0039, 8.8305, 7.5894, 7.6806, 6.9119, 9.1243, 7.5183, 9.5309, 8.6834, 5.7241, 8.3903, 6.2809, 8.7445, 9.7558, 7.6838, 9.2117, 9.3076, 8.4574, 7.3472, 8.5193, 8.1116, 9.6484, 8.8419, 8.4069, 4.8698],
  "initQU": [7.1529, 2.9789, 4.0004, 6.7403, 4.8973, 7.0804, 3.9098, 7.7709, 4.9951, 2.9598, 4.2484, 7.6215, 5.0388, 3.2437, 4.9954, 7.0268, 1.0104, 6.4596, 5.4443, 5.8998, 4.1156, 5.6825, 4.3811, 4.1622, 5.031, 2.2685, 3.9704, 4.6708, 7.6946, 3.6041, 4.9123, 2.4068, 3.6311, 7.3062, 8.5817, 8.9434, 6.1324, 2.3423, 4.4734, 5.1701, 6.05, 1.9142, 3.7402, 6.1334, 5.9873, 1.7022, 2.6878, 5.8127, 1.2372, 2.3949]
}
