{
  "n_part": 50,
  "n_trials": 30,
  "mu_R_group": [
    [5],
    [5]
  ],
  "sigma_R_group": 2,
  "LR_group": 0.513632586924359,
  "inv_temp_group": 1.32321978919208,
  "initQF_group": 6.17884132522158,
  "initQU_group": 2.58936931705102,
  "LR": [0.8429, 0.5075, 0.6612, 0.3819, 0.2619, 0.0001, 0.6034, 0.3533, 0.8854, 0.7255, 0.4715, 0.5445, 0.2855, 0.5652, 0.5254, 0.2452, 0.3929, 0.3006, 0.597, 0.4282, 0.6536, 0.3232, 0.5018, 0.49, 0.852, 0.579, 0.693, 0.42, 0.3993, 0.6388, 0.2833, 0.4354, 0.431, 0.4152, 0.436, 0.4334, 0.5007, 0.4282, 0.6815, 0.8125, 0.3265, 0.6208, 0.6371, 0.3611, 0.372, 0.547, 0.1095, 0.6325, 0.0928, 0.6123],
  "inv_temp": [1.0667, 1.4272, 0.7589, 1.3762, 1.074, 1.1815, 0.6631, 1.296, 0.9979, 1.5613, 1.6026, 1.4057, 0.844, 1.0542, 0.4943, 1.1723, 1.4239, 0.3549, 1.4139, 1.3319, 0.8771, 1.2491, 1.6228, 1.2983, 1.5269, 1.1046, 1.401, 1.7746, 1.6722, 1.0692, 1.3251, 1.0807, 0.7983, 1.5426, 1.736, 0.6737, 2.0598, 1.549, 0.8532, 1.4282, 1.1345, 1.2167, 1.0766, 0.9489, 0.9702, 1.4274, 1.1843, 1.4799, 1.649, 1.8666],
  "initQF": [6.4102, 8.0551, 3.9981, 3.5653, 7.2182, 9.2196, 5.1409, 5.51, 5.9327, 5.8354, 4.0251, 4.5942, 2.9374, 8.692, 3.1838, 3.1925, 6.4929, 6.8324, 5.0321, 5.5617, 7.4941, 5.1395, 4.2545, 7.576, 8.4957, 3.6159, 3.9563, 4.2462, 5.7644, 4.0654, 5.1505, 1.8617, 7.9806, 6.0623, 7.4532, 9.5697, 5.5058, 5.1596, 7.4405, 5.0809, 4.8401, 2.6864, 2.5289, 5.6234, 9.7457, 8.2453, 4.375, 3.3187, 7.9028, 5.7457],
  "initQU": [4.5808, 4.231, 4.8671, 1.8743, 4.9743, 1.6245, 2.3374, 2.137, 1.7451, 2.5977, 2.3733, 3.9936, 3.6317, 1.8279, 2.8988, 3.815, 2.6564, 3.3815, 1.8712, 2.9124, 2.6809, 2.7044, 3.0916, 4.8428, 3.9715, 1.734, 3.4768, 2.7889, 2.0417, 5.0561, 3.3817, 3.9153, 2.4284, 5.7723, 1.1183, 2.0417, 1.1674, 7.7105, 1.0706, 6.3068, 4.7995, 4.7365, 3.8228, 5.3334, 2.7454, 1.1043, 2.0639, 6.8475, 2.5014, 4.336]
}
