{
  "n_part": 50,
  "n_trials": 30,
  "mu_R_group": [
    [5],
    [5]
  ],
  "sigma_R_group": 2,
  "LR_group": 0.858363180886954,
  "inv_temp_group": 2.73585620219819,
  "initQF_group": 7.79061034810729,
  "initQU_group": 1.66021459898911,
  "LR": [0.6788, 0.7557, 0.7212, 0.6174, 0.9712, 0.9706, 0.7416, 0.6236, 0.6699, 0.3074, 0.5618, 0.7108, 0.9331, 0.6347, 0.8158, 0.6956, 0.9183, 0.887, 0.7609, 0.8236, 0.8824, 0.933, 0.6651, 0.4475, 0.6028, 0.7805, 0.7665, 0.8074, 0.9303, 0.475, 0.7314, 0.6408, 0.6946, 0.9535, 0.9735, 0.9479, 0.9134, 0.9976, 0.951, 0.5801, 0.9649, 0.9637, 0.6367, 0.6698, 0.7775, 0.8421, 0.9722, 0.6963, 0.935, 0.8444],
  "inv_temp": [2.3268, 2.2324, 2.14, 2.7981, 2.5029, 2.4098, 2.6354, 2.6822, 2.6114, 2.8092, 3.0168, 2.4652, 2.6424, 3.0255, 2.3822, 2.8689, 3.0046, 3.0096, 3.3098, 2.5219, 2.989, 2.6869, 3.3662, 2.1643, 2.8695, 2.2526, 3.2214, 2.8115, 2.1847, 3.1054, 2.7492, 3.0845, 2.6532, 2.5297, 2.7789, 2.8447, 2.9738, 2.8441, 2.7996, 2.3489, 2.472, 2.7962, 3.0178, 2.4978, 2.8827, 3.1767, 2.5289, 3.1485, 3.013, 2.5659],
  "initQF": [6.0421, 7.4169, 9.6593, 5.0746, 4.6087, 7.9566, 6.6126, 7.9009, 8.27, 5.5866, 6.6485, 8.9019, 8.8246, 8.1276, 7.0984, 9.0304, 6.9092, 8.2292, 8.6778, 7.875, 7.0923, 9.6448, 7.0791, 6.2695, 8.9304, 9.7852, 7.6273, 5.2188, 4.9675, 5.4661, 4.7586, 7.7188, 8.096, 4.1517, 7.9756, 8.1912, 8.2162, 6.0373, 7.7274, 8.7707, 8.0356, 5.9979, 6.3936, 6.4911, 6.5217, 6.0705, 5.5965, 6.9433, 6.7034, 4.384],
  "initQU": [1.9752, 3.4883, 1.9581, 1.6955, 2.7406, 1.7883, 3.7688, 3.3629, 3.7146, 2.0945, 1.8387, 2.8524, 3.8825, 2.3171, 3.9075, 1.8177, 1.8455, 1.4887, 2.705, 4.983, 5.2374, 3.1857, 3.2844, 2.7735, 3.0284, 3.1721, 2.9647, 3.8307, 1.0711, 3.3233, 6.2534, 2.5888, 1.886, 1.8245, 1.3236, 2.643, 1.3382, 6.3051, 2.7692, 3.7307, 1.3938, 2.1067, 3.1387, 3.8349, 2.145, 4.3103, 5.0069, 3.4083, 2.8272, 2.8571]
}
