{
  "n_part": 50,
  "n_trials": 30,
  "mu_R_group": [
    [5],
    [5]
  ],
  "sigma_R_group": 2,
  "LR_group": 0.435087888967246,
  "inv_temp_group": 1.77040623850189,
  "initQF_group": 5.65036658826284,
  "initQU_group": 2.58933205110952,
  "LR": [0.463, 0.2714, 0.4648, 0.1754, 0.9075, 0.2403, 0.1466, 0.3985, 0.4345, 0.6525, 0.4553, 0.4526, 0.303, 0.2578, 0.4436, 0.4253, 0.6295, 0.6974, 0.1675, 0.3933, 0.4224, 0.5716, 0.1188, 0.5083, 0.5479, 0.5012, 0.4232, 0.5458, 0.2228, 0.3774, 0.4214, 0.4044, 0.1592, 0.4739, 0.3459, 0.3684, 0.5116, 0.195, 0.2925, 0.5646, 0.5797, 0.5952, 0.4237, 0.4873, 0.1026, 0.2449, 0.1545, 0.816, 0.6855, 0.1137],
  "inv_temp": [2.3017, 1.7962, 1.4343, 2.0231, 2.3134, 1.962, 2.2396, 1.4322, 1.7141, 1.4394, 1.699, 1.5084, 1.9803, 1.7591, 1.5127, 1.4718, 1.4212, 2.0839, 2.0815, 1.1486, 1.5143, 2.1466, 2.2773, 1.4856, 2.0894, 1.4104, 2.0824, 1.725, 1.7176, 1.3473, 1.3551, 1.9292, 2.1959, 1.7031, 2.0034, 1.4812, 2.2213, 2.1276, 1.8645, 1.9163, 1.4253, 2.0166, 1.6418, 1.7811, 1.5749, 2.0278, 2.0291, 1.9529, 1.479, 1.2178],
  "initQF": [4.4416, 3.3847, 6.5268, 5.778, 4.7931, 3.9066, 4.4255, 3.4479, 4.7193, 7.5669, 1.6636, 3.5133, 5.3144, 5.4265, 5.2009, 5.5768, 9.0038, 5.6229, 6.4733, 6.814, 4.7165, 3.5752, 8.5652, 6.0532, 6.9999, 6.2664, 6.0332, 2.4887, 1.5251, 4.7734, 2.3957, 9.83, 1.7358, 4.1416, 6.0964, 7.4112, 4.0751, 3.2283, 6.3084, 7.1043, 7.7445, 4.1959, 8.4874, 3.7096, 3.8052, 5.2978, 6.3259, 3.0588, 5.2089, 9.3054],
  "initQU": [4.3008, 3.4168, 1.3341, 1.8466, 3.1783, 5.1723, 3.729, 4.1513, 3.9258, 3.1343, 4.0007, 1.0807, 3.384, 3.7544, 1.927, 1.2001, 1.0725, 2.281, 3.0493, 2.143, 4.0375, 2.7173, 2.3657, 2.0473, 3.8012, 3.9517, 2.0332, 1.9916, 4.4105, 5.6048, 2.8792, 1.8066, 3.9239, 1.1682, 1.8882, 4.0614, 1.9142, 2.0571, 2.4833, 6.1763, 1.9512, 1.0812, 3.3267, 3.5415, 3.0787, 3.4943, 4.948, 2.9886, 3.8634, 3.9102]
}
