{
  "n_part": 50,
  "n_trials": 30,
  "mu_R_group": [
    [5],
    [5]
  ],
  "sigma_R_group": 2,
  "LR_group": 0.196453262818977,
  "inv_temp_group": 2.05843523493968,
  "initQF_group": 8.30137274693698,
  "initQU_group": 8.86773260496557,
  "LR": [0.3002, 0.3732, 0.2915, 0.4921, 0.0039, 0.1151, 0.2813, 0.5712, 0.1613, 0.2121, 0.0094, 0.1715, 0.5625, 0.0001, 0.2903, 0.2657, 0.3885, 0.1098, 0.2656, 0.1891, 0.2344, 0.2224, 0.152, 0.0313, 0.1343, 0.1812, 0.2297, 0.1851, 0.1864, 0.126, 0.4329, 0.2882, 0.2031, 0.2049, 0.3526, 0.4162, 0.1324, 0.2064, 0.1098, 0.1935, 0.1499, 0.3223, 0.2444, 0.2728, 0.0518, 0.0329, 0.4615, 0.2707, 0.2795, 0.1366],
  "inv_temp": [1.6835, 1.9869, 1.7889, 2.0439, 2.0179, 1.7963, 2.2046, 2.1453, 1.9513, 2.5614, 2.0367, 2.247, 1.8678, 1.8213, 1.8998, 1.9164, 2.0122, 2.0493, 1.9578, 1.8299, 2.0739, 1.4879, 1.9694, 1.6322, 1.9849, 1.9683, 1.6723, 2.1398, 2.5015, 2.128, 2.4976, 2.1568, 1.7215, 1.6497, 1.929, 2.2346, 2.861, 1.8146, 1.991, 1.1413, 2.1412, 1.9989, 2.4643, 2.0744, 2.6012, 1.7939, 2.0356, 2.4084, 2.0236, 2.1139],
  "initQF": [6.4131, 9.6486, 7.1723, 9.2113, 8.9759, 9.3617, 7.9815, 9.2961, 7.273, 7.0128, 9.6605, 7.9456, 5.8656, 9.3136, 9.3639, 8.806, 8.7664, 8.182, 6.7312, 8.6019, 9.0153, 8.2456, 9.2563, 8.4273, 7.1721, 5.8484, 8.365, 9.1852, 7.9725, 9.0115, 4.7729, 4.3237, 7.9356, 7.6321, 5.1588, 6.3347, 8.7836, 8.4584, 6.097, 9.0476, 8.3423, 5.3048, 7.8796, 6.624, 9.7651, 7.9104, 8.8077, 8.9772, 5.0403, 7.6649],
  "initQU": [9.3004, 6.9305, 8.2241, 8.0386, 8.9405, 2.7188, 8.0983, 5.9995, 8.8062, 6.3332, 6.4678, 5.4253, 9.8878, 6.616, 8.5973, 9.3461, 8.6614, 9.5925, 3.9791, 7.5753, 9.5271, 9.4993, 9.3174, 9.4949, 8.9721, 8.1245, 7.9972, 9.7847, 9.618, 8.9391, 9.4831, 5.9201, 9.3433, 9.6481, 9.7051, 6.3978, 9.3036, 9.5299, 7.5347, 8.5642, 9.321, 7.2129, 9.0034, 7.639, 7.9906, 8.5267, 6.1993, 7.064, 9.0999, 8.976]
}
