{
  "n_part": 50,
  "n_trials": 30,
  "mu_R_group": [
    [5],
    [5]
  ],
  "sigma_R_group": 2,
  "LR_group": 0.018129521748051,
  "inv_temp_group": 2.7088127809111,
  "initQF_group": 7.2503208136186,
  "initQU_group": 2.56482000928372,
  "LR": [0.1778, 0.1908, 0.0659, 0.0387, 0.1634, 0.3504, 0.1849, 0.0961, 0.3489, 0.3178, 0.0702, 0.0936, 0.1115, 0.255, 0.0756, 0.1934, 0.0743, 0.2507, 0.2257, 0.0891, 0.0887, 0.069, 0.2223, 0.2382, 0.1913, 0.0461, 0.069, 0.0678, 0.1044, 0.178, 0.2324, 0.2349, 0.0767, 0.2275, 0.2204, 0.1407, 0.2556, 0.1225, 0.0574, 0.2039, 0.1814, 0.1556, 0.1433, 0.0665, 0.2054, 0.1661, 0.1278, 0.1552, 0.0752, 0.0127],
  "inv_temp": [2.4252, 3.0872, 2.8298, 2.6916, 2.9609, 2.7773, 1.975, 3.1035, 3.0831, 2.7175, 1.878, 2.7483, 2.4543, 2.9997, 2.1447, 2.7627, 2.8076, 2.4671, 2.7784, 2.8107, 2.671, 2.6574, 2.3162, 2.4502, 2.8551, 3.006, 3.315, 2.4194, 2.6263, 2.5181, 2.9457, 2.7493, 3.0217, 2.3223, 2.2309, 2.7104, 2.6254, 2.1246, 2.614, 2.8668, 2.624, 2.9392, 2.2514, 2.8888, 2.6053, 2.4892, 2.1608, 2.8282, 2.4566, 2.8494],
  "initQF": [8.6848, 5.8532, 9.3809, 7.4158, 8.8739, 4.2352, 9.9865, 7.0875, 7.2341, 2.293, 6.602, 4.6644, 3.5143, 9.1386, 5.0669, 7.0714, 9.2025, 8.0784, 6.4646, 5.7866, 8.1679, 7.054, 7.1595, 5.4357, 9.4576, 7.5911, 4.8175, 7.3324, 6.2492, 4.8147, 7.5797, 3.7422, 6.5792, 6.5648, 7.0123, 9.1899, 8.9214, 7.7324, 5.6581, 8.6483, 6.0016, 5.5736, 6.9615, 6.4021, 7.1757, 7.9529, 8.5348, 9.1719, 3.3397, 4.6636],
  "initQU": [3.2841, 1.5671, 2.3933, 1.7617, 1.5934, 1.3206, 4.0294, 2.358, 2.0499, 4.5526, 2.8045, 3.068, 1.8814, 3.7268, 3.6618, 2.7477, 1.5504, 1.8701, 1.395, 2.0218, 3.7593, 3.344, 1.1723, 2.1042, 2.8552, 2.5643, 2.5609, 2.8548, 4.3506, 1.3522, 3.1712, 6.2793, 3.1556, 4.3963, 3.3441, 3.6966, 2.5746, 4.2188, 2.9605, 6.7674, 1.473, 2.268, 4.308, 4.4082, 4.9472, 2.7616, 1.75, 1.7096, 3.185, 6.745]
}
