{
  "n_part": 50,
  "n_trials": 30,
  "mu_R_group": [
    [5],
    [5]
  ],
  "sigma_R_group": 2,
  "LR_group": 0.420043880585581,
  "inv_temp_group": 3.98888803902082,
  "initQF_group": 5.98287666402757,
  "initQU_group": 5.39477206626907,
  "LR": [0.621, 0.311, 0.4284, 0.436, 0.0577, 0.3959, 0.3921, 0.3822, 0.1805, 0.3426, 0.647, 0.3913, 0.5253, 0.1857, 0.6272, 0.1541, 0.4664, 0.6067, 0.5407, 0.7784, 0.5832, 0.3722, 0.3926, 0.5063, 0.382, 0.3921, 0.5827, 0.7195, 0.2936, 0.1306, 0.8354, 0.3592, 0.3048, 0.5375, 0.5975, 0.2386, 0.0186, 0.0946, 0.0566, 0.6633, 0.5729, 0.32, 0.5978, 0.5617, 0.8071, 0.8856, 0.5509, 0.4715, 0.4207, 0.6463],
  "inv_temp": [3.7815, 4.087, 4.2307, 3.2968, 3.7515, 4.1165, 4.1771, 3.9428, 4.0747, 3.9754, 3.5802, 4.2924, 4.5968, 3.5656, 4.0705, 3.972, 3.6126, 4.2797, 4.1655, 4.3409, 3.722, 4.421, 3.8592, 3.1513, 4.0731, 4.4721, 3.9546, 3.9485, 4.104, 4.133, 4.0704, 4.2406, 3.7077, 3.2849, 3.866, 4.1208, 4.1047, 4.2266, 4.0121, 4.2233, 3.8203, 3.7998, 4.7694, 4.7565, 4.0786, 4.0683, 3.8689, 3.1104, 3.4984, 4.1764],
  "initQF": [5.3984, 5.5105, 2.6112, 8.5888, 5.0535, 2.6171, 4.5154, 8.0759, 6.0348, 4.8881, 8.2056, 7.8993, 4.5158, 6.2838, 5.7067, 3.8509, 8.1349, 4.5359, 5.9591, 7.9286, 4.4131, 8.9598, 9.3637, 7.7342, 6.0193, 6.5363, 5.6019, 4.5214, 9.1301, 1.3097, 6.7985, 5.8812, 3.7173, 3.7479, 4.1156, 4.7645, 1.7005, 5.8536, 6.8507, 8.0646, 3.7781, 7.4064, 4.0885, 3.2251, 3.6979, 9.9976, 9.5764, 6.9153, 8.4375, 5.42],
  "initQU": [5.9367, 7.044, 3.6671, 6.2493, 6.193, 2.6161, 5.828, 5.2896, 2.7116, 4.0735, 3.3156, 6.9327, 6.2432, 4.9657, 8.9308, 5.6855, 2.7814, 5.747, 7.8162, 8.5058, 6.2618, 5.2067, 4.8191, 5.5629, 7.2065, 6.6321, 5.4905, 7.7427, 8.4277, 5.4829, 7.6069, 6.8116, 6.8071, 5.3713, 4.062, 4.9626, 5.4986, 9.3053, 7.183, 5.1552, 9.0794, 4.8485, 4.781, 6.4434, 5.9244, 3.7097, 3.9012, 6.6646, 9.5, 6.0319]
}
