{
  "n_part": 50,
  "n_trials": 30,
  "mu_R_group": [
    [5],
    [5]
  ],
  "sigma_R_group": 2,
  "LR_group": 0.622891793958843,
  "inv_temp_group": 1.72268372727558,
  "initQF_group": 5.06152870808728,
  "initQU_group": 2.93375430535525,
  "LR": [0.5953, 0.6973, 0.5654, 0.5779, 0.5788, 0.2255, 0.738, 0.6998, 0.8184, 0.2944, 0.5166, 0.561, 0.5316, 0.9933, 0.7999, 0.5516, 0.8688, 0.5958, 0.8351, 0.3219, 0.5839, 0.5, 0.6171, 0.6652, 0.7725, 0.7632, 0.5596, 0.4188, 0.6654, 0.6347, 0.7851, 0.3796, 0.4485, 0.9024, 0.5018, 0.6739, 0.6221, 0.7971, 0.3481, 0.6065, 0.8096, 0.6763, 0.4271, 0.3837, 0.9372, 0.4087, 0.4145, 0.4522, 0.5994, 0.4632],
  "inv_temp": [1.8795, 1.7079, 1.818, 1.8578, 1.6531, 1.865, 1.4459, 1.8678, 1.2449, 1.9889, 2.0351, 1.9967, 1.8555, 2.1928, 1.3878, 2.0245, 1.786, 2.0136, 1.6171, 1.6775, 1.3272, 2.2587, 1.5584, 1.7554, 1.6853, 1.7441, 1.5238, 1.5881, 1.4307, 1.4978, 1.1896, 2.1144, 2.2238, 1.516, 1.2397, 1.6438, 1.5504, 1.2928, 1.5041, 1.7495, 1.7491, 2.0457, 1.7111, 1.9263, 1.3388, 1.8867, 1.8139, 1.5993, 1.594, 1.7534],
  "initQF": [2.9844, 1.9412, 6.6644, 5.9084, 4.8707, 4.8269, 4.0128, 1.7265, 3.9056, 6.0412, 2.8997, 4.0596, 2.8954, 4.1159, 3.957, 3.1991, 5.0978, 6.7139, 2.588, 6.8046, 5.4239, 4.5113, 6.4115, 6.0973, 6.9962, 5.7317, 4.2358, 4.3258, 2.3276, 4.1415, 1.8168, 4.6427, 3.2443, 5.6062, 3.8988, 5.8904, 6.8407, 3.9224, 1.3487, 6.5964, 5.5751, 3.2188, 3.5522, 7.4915, 1.3317, 5.5744, 5.6148, 5.8942, 3.5446, 5.8667],
  "initQU": [3.9596, 4.3968, 2.7695, 2.8972, 2.4889, 6.2174, 4.062, 4.107, 4.2193, 1.923, 1.6472, 3.7159, 2.5784, 6.2597, 4.8169, 2.3992, 2.8622, 1.366, 3.9087, 3.8529, 3.9019, 1.5925, 3.5654, 3.1564, 1.5016, 2.0249, 2.8472, 3.374, 3.8118, 4.105, 1.371, 1.7547, 1.983, 2.8612, 4.3564, 6.4083, 9.4232, 2.106, 3.1706, 2.08, 2.1648, 3.8891, 3.1614, 4.1145, 2.461, 2.1854, 5.1147, 5.4245, 1.0908, 4.7379]
}
