{
  "n_part": 50,
  "n_trials": 30,
  "mu_R_group": [
    [5],
    [5]
  ],
  "sigma_R_group": 2,
  "LR_group": 0.293999074958265,
  "inv_temp_group": 0.19856006023474,
  "initQF_group": 9.57892419560812,
  "initQU_group": 3.49771253857762,
  "LR": [0.471, 0.1809, 0.4927, 0.3405, 0.2147, 0.5431, 0.1107, 0.0764, 0.256, 0.0231, 0.4307, 0.3741, 0.3901, 0.2742, 0.1283, 0.0935, 0.5245, 0.0856, 0.1764, 0.3604, 0.2435, 0.4985, 0.4393, 0.6126, 0.3542, 0.3441, 0.5625, 0.3278, 0.2289, 0.1457, 0.1108, 0.3127, 0.378, 0.2014, 0.098, 0.2072, 0.1445, 0.2325, 0.1218, 0.5083, 0.3795, 0.2126, 0.2887, 0.2124, 0.3769, 0.3309, 0.2815, 0.3612, 0.7554, 0.0748],
  "inv_temp": [0.1442, 0.268, 0.0248, 0.1237, 0.1145, 0.2626, 0.1515, 0.1914, 0.4299, 0.1396, 0.2548, 0.1799, 0.0133, 0.4568, 0.4878, 0.4044, 1.1163, 0.463, 0.2972, 0.3162, 0.4038, 0.7376, 0.4904, 0.8579, 0.2649, 0.5448, 0.752, 0.2951, 0.604, 0.3432, 0.335, 0.0355, 0.2477, 0.5302, 0.0185, 0.3768, 0.3443, 0.0827, 0.17, 0.4312, 0.373, 0.3184, 0.5084, 0.4366, 0.6773, 0.3001, 0.4542, 0.2336, 0.4808, 0.5625],
  "initQF": [6.6406, 5.9763, 5.2504, 9.6355, 8.2558, 5.9638, 8.8995, 9.8574, 9.7599, 8.4102, 8.9943, 8.2547, 9.1991, 6.3403, 5.6085, 8.158, 9.5202, 9.1649, 9.0029, 8.9644, 7.3833, 8.4695, 9.9245, 8.9527, 6.9739, 8.0031, 8.1207, 8.761, 6.1781, 8.7643, 8.4677, 9.6708, 9.9351, 8.7744, 8.7703, 7.8233, 7.5076, 8.9254, 9.7922, 7.7115, 9.6756, 8.3395, 8.2984, 9.1197, 7.1594, 9.5816, 9.8186, 5.7045, 8.6337, 2.7793],
  "initQU": [4.0589, 3.3359, 1.3298, 4.0052, 5.9295, 3.6023, 1.5775, 7.1393, 5.4084, 4.4468, 5.7392, 4.2059, 1.8149, 1.0337, 1.517, 4.9337, 7.3477, 2.5477, 9.1577, 3.2946, 5.0834, 5.1081, 1.8011, 4.963, 7.4265, 1.4915, 1.8047, 3.0858, 6.2005, 3.7267, 6.6833, 5.2486, 4.1137, 2.684, 1.444, 3.0739, 4.6839, 5.9892, 6.101, 4.7792, 2.1028, 1.9036, 1.6673, 3.7311, 3.8408, 2.1063, 3.5369, 1.9758, 4.1017, 2.1579]
}
