{
  "n_part": 50,
  "n_trials": 30,
  "mu_R_group": [
    [5],
    [5]
  ],
  "sigma_R_group": 2,
  "LR_group": 0.564103705110028,
  "inv_temp_group": 1.636503796326,
  "initQF_group": 4.23847198206931,
  "initQU_group": 8.12292209966108,
  "LR": [0.8277, 0.6212, 0.5883, 0.8537, 0.2383, 0.3257, 0.8242, 0.537, 0.5657, 0.6536, 0.4167, 0.224, 0.9256, 0.7231, 0.7169, 0.863, 0.3894, 0.631, 0.2721, 0.2236, 0.3561, 0.5581, 0.5161, 0.5237, 0.6262, 0.1047, 0.8429, 0.4957, 0.7256, 0.4697, 0.5073, 0.5289, 0.4515, 0.7555, 0.8449, 0.7442, 0.4754, 0.4547, 0.3958, 0.6727, 0.2185, 0.3675, 0.5375, 0.9793, 0.7869, 0.701, 0.5381, 0.6051, 0.405, 0.514],
  "inv_temp": [1.9783, 1.7806, 1.2649, 1.655, 1.2193, 1.4658, 0.9402, 1.4098, 1.3798, 1.3447, 1.8977, 1.9099, 1.6031, 1.3963, 1.5459, 1.2964, 2.1853, 1.2085, 1.5817, 1.9655, 1.3057, 1.6523, 1.8046, 2.0792, 1.5152, 1.8186, 1.8188, 1.3544, 1.3639, 1.3416, 1.8752, 1.4593, 1.2746, 1.4855, 1.9086, 1.6372, 1.0563, 1.8299, 1.8501, 1.8509, 2.3638, 1.4358, 1.8407, 1.6129, 1.6171, 2.2302, 1.4264, 2.1669, 1.9754, 1.002],
  "initQF": [2.9483, 7.0029, 3.9707, 4.7976, 5.4135, 9.4081, 2.4709, 4.3109, 2.456, 6.5349, 5.4643, 1.8759, 4.4887, 3.8034, 7.4112, 3.381, 2.5981, 3.6976, 3.6245, 6.1895, 5.9038, 5.0977, 1.4622, 6.6741, 3.0527, 2.7742, 2.9849, 4.3086, 2.9841, 4.5663, 2.7229, 2.5511, 5.8753, 2.4497, 2.854, 4.6341, 3.2225, 7.0322, 5.5187, 3.0679, 5.043, 8.3195, 2.4728, 4.5628, 3.8355, 1.6708, 3.5513, 6.0872, 1.6227, 5.019],
  "initQU": [8.8472, 7.848, 6.1194, 6.0213, 6.08, 8.6693, 7.3781, 6.8935, 7.3359, 8.0813, 9.5912, 9.4217, 7.0633, 6.2378, 5.1448, 6.3715, 5.358, 8.8611, 6.5699, 6.4053, 8.5565, 8.1331, 9.064, 8.6494, 5.1621, 4.0695, 5.7455, 9.7009, 6.5172, 6.2569, 8.9284, 6.2243, 9.4831, 8.2175, 5.3365, 5.43, 6.9608, 8.6849, 6.022, 8.6145, 8.0723, 5.9935, 6.2325, 9.383, 8.3746, 9.3041, 8.2662, 7.7961, 5.5997, 9.2225]
}
