{
  "n_part": 50,
  "n_trials": 30,
  "mu_R_group": [
    [5],
    [5]
  ],
  "sigma_R_group": 2,
  "LR_group": 0.902603901689872,
  "inv_temp_group": 4.55981920589693,
  "initQF_group": 7.02841868624091,
  "initQU_group": 6.67966379062273,
  "LR": [0.6256, 0.7091, 0.7, 0.8346, 0.905, 0.5682, 0.9454, 0.8453, 0.6243, 0.6282, 0.6013, 0.8119, 0.8648, 0.8705, 0.583, 0.8398, 0.7588, 0.9854, 0.8461, 0.905, 0.638, 0.9236, 0.969, 0.4344, 0.7239, 0.4825, 0.7289, 0.8747, 0.6632, 0.7561, 0.9547, 0.7277, 0.9875, 0.9286, 0.9158, 0.8164, 0.8348, 0.6899, 0.8846, 0.9743, 0.8931, 0.8726, 0.9152, 0.5989, 0.9631, 0.9106, 0.8993, 0.7579, 0.8415, 0.7339],
  "inv_temp": [4.5008, 4.4478, 4.3817, 4.7891, 4.9903, 4.4672, 4.7508, 4.5191, 4.4809, 4.3504, 4.5085, 4.6351, 4.8537, 4.5133, 4.0689, 4.5226, 4.2594, 4.4845, 4.1044, 4.5915, 4.3333, 4.3718, 4.0914, 4.8535, 4.5131, 4.6675, 4.6884, 4.0261, 4.333, 4.3275, 4.3343, 4.0337, 4.345, 4.609, 3.9299, 4.9679, 4.3114, 4.2926, 4.295, 4.4216, 4.1849, 4.5879, 4.2022, 4.5174, 4.8464, 4.8395, 4.3319, 4.5318, 4.6522, 4.5251],
  "initQF": [6.7877, 7.4322, 8.0578, 6.7839, 5.7123, 8.374, 6.2078, 9.52, 2.2859, 6.7022, 5.6084, 4.0217, 9.8005, 9.7967, 5.8856, 7.778, 7.3954, 7.4941, 8.8849, 3.4142, 5.6658, 4.5762, 7.8963, 7.0739, 4.1252, 5.3959, 9.0488, 9.3783, 8.1185, 7.7679, 8.792, 3.1164, 4.1743, 7.5509, 4.2297, 9.2814, 4.5215, 3.8888, 4.8572, 9.497, 6.7946, 5.7546, 4.1639, 8.8714, 5.3463, 6.1336, 9.1375, 6.5002, 5.8911, 9.0751],
  "initQU": [9.4496, 8.8809, 6.4384, 6.0047, 2.9568, 6.1158, 7.7015, 6.6453, 7.0318, 4.8512, 6.9537, 5.5339, 6.3893, 6.7815, 3.3496, 7.1036, 6.1419, 4.2921, 6.5339, 6.3896, 5.1155, 3.8337, 5.8148, 7.1656, 9.2575, 3.8997, 6.8069, 3.0258, 7.594, 8.889, 6.9233, 5.7848, 7.1768, 9.4221, 6.8789, 6.6377, 7.1233, 9.3138, 5.9657, 4.8961, 3.5725, 6.4866, 8.7437, 6.5388, 5.9045, 3.6609, 8.3242, 6.0181, 7.2232, 5.0094]
}
