{
  "n_part": 50,
  "n_trials": 30,
  "mu_R_group": [
    [5],
    [5]
  ],
  "sigma_R_group": 2,
  "LR_group": 0.50309847574681,
  "inv_temp_group": 4.65282535995357,
  "initQF_group": 6.78823829768226,
  "initQU_group": 8.27418744168244,
  "LR": [0.469, 0.3648, 0.2726, 0.0972, 0.7494, 0.553, 0.418, 0.1906, 0.5056, 0.5332, 0.1749, 0.5048, 0.2723, 0.1241, 0.5162, 0.4654, 0.4738, 0.4005, 0.4723, 0.6936, 0.4458, 0.3545, 0.4576, 0.4236, 0.53, 0.4967, 0.611, 0.7099, 0.5244, 0.503, 0.4512, 0.5698, 0.5961, 0.7385, 0.9579, 0.5966, 0.5317, 0.9088, 0.0728, 0.4507, 0.3223, 0.3616, 0.592, 0.5823, 0.5098, 0.5684, 0.4475, 0.4344, 0.854, 0.5538],
  "inv_temp": [4.5095, 4.6754, 4.7512, 4.8908, 4.8172, 4.3439, 4.424, 4.4171, 4.9528, 4.5244, 4.7648, 4.4869, 4.4749, 4.6582, 4.7253, 4.3884, 4.3409, 4.6426, 4.7028, 4.6323, 4.9539, 4.9556, 4.8771, 4.6522, 4.7092, 4.887, 4.2454, 4.7107, 4.6456, 4.4564, 4.8091, 4.4386, 4.9077, 4.6397, 4.6728, 4.5915, 4.7808, 4.6828, 4.6128, 4.5591, 4.2139, 4.1111, 4.8876, 4.8573, 4.9986, 4.5966, 4.7545, 4.2814, 4.5836, 4.6364],
  "initQF": [6.4094, 3.109, 5.1656, 9.502, 7.4662, 6.1071, 6.3182, 9.0625, 5.7766, 8.1263, 7.9656, 8.1597, 7.1497, 7.5024, 7.8331, 5.0766, 5.9937, 5.1261, 8.5391, 7.8237, 6.9229, 5.6043, 4.5055, 8.7511, 3.27, 5.9759, 8.8301, 7.9688, 5.5344, 4.7974, 7.3356, 7.7031, 7.604, 7.6654, 6.1065, 8.2389, 4.0188, 7.8156, 6.1379, 7.1214, 6.5613, 7.1845, 7.0294, 4.9263, 6.58, 6.9326, 5.5171, 7.9036, 8.0855, 3.8547],
  "initQU": [9.5658, 9.0782, 7.6268, 8.6755, 7.5421, 7.2912, 6.3632, 3.9286, 6.8481, 5.6943, 7.3712, 7.78, 8.9724, 6.8955, 6.2381, 6.0855, 9.5678, 3.3341, 9.273, 7.8643, 6.1401, 8.6359, 6.1539, 7.2555, 7.9706, 6.4539, 9.7045, 4.6487, 9.9924, 8.5951, 7.959, 6.648, 4.425, 7.9705, 8.4019, 6.6593, 9.7255, 4.4853, 9.1808, 7.9476, 4.9005, 8.07, 8.8123, 7.0892, 8.4398, 4.9957, 6.9241, 3.8692, 7.9671, 9.2887]
}
