{
  "n_part": 50,
  "n_trials": 30,
  "mu_R_group": [
    [5],
    [5]
  ],
  "sigma_R_group": 2,
  "LR_group": 0.762494505615905,
  "inv_temp_group": 4.63595046661794,
  "initQF_group": 4.56563263921998,
  "initQU_group": 9.67125483416021,
  "LR": [0.5065, 0.474, 0.8409, 0.8984, 0.7155, 0.6349, 0.6446, 0.7698, 0.948, 0.9757, 0.5318, 0.7773, 0.874, 0.6482, 0.9969, 0.9761, 0.8578, 0.7541, 0.5009, 0.9822, 0.6696, 0.3787, 0.5298, 0.9999, 0.8595, 0.7592, 0.7071, 0.7366, 0.4839, 0.6615, 0.9761, 0.7728, 0.4519, 0.9792, 0.8207, 0.666, 0.8247, 0.9804, 0.6984, 0.8504, 0.5469, 0.7009, 0.8259, 0.4271, 0.6157, 0.8143, 0.3226, 0.5214, 0.8624, 0.742],
  "inv_temp": [4.5803, 4.1845, 4.6488, 4.6394, 4.7257, 4.8984, 4.106, 4.3776, 4.7421, 4.4438, 4.6145, 4.4538, 4.783, 4.6335, 4.8898, 4.9033, 4.3989, 4.2801, 4.8465, 4.4758, 4.5448, 4.8086, 4.4158, 4.1997, 4.6197, 4.7648, 4.9047, 4.4967, 4.9702, 4.2267, 4.3901, 4.8313, 4.8872, 4.5772, 4.7938, 4.5001, 4.1374, 4.3362, 4.9119, 4.4877, 4.4712, 4.7313, 4.5617, 4.2675, 4.7696, 4.7012, 4.4901, 4.3976, 4.3356, 4.5686],
  "initQF": [1.9555, 2.5016, 5.731, 2.9479, 4.671, 3.6402, 3.7122, 1.183, 4.6533, 7.2767, 5.7958, 1.1473, 2.42, 1.4232, 7.9792, 1.8786, 2.8991, 4.4187, 3.2436, 3.2624, 4.6163, 5.9378, 3.4649, 3.6378, 2.5206, 4.3989, 5.6399, 6.1905, 8.359, 1.0137, 2.4659, 5.8305, 5.5514, 5.7089, 5.0461, 5.4278, 3.6409, 1.1892, 4.0389, 6.9362, 4.4568, 2.0842, 7.385, 3.2062, 2.7655, 3.8674, 6.5767, 3.8303, 6.3331, 4.9237],
  "initQU": [5.343, 8.309, 9.856, 6.5642, 9.6204, 7.4987, 9.8959, 9.6317, 9.5175, 8.6435, 9.3744, 6.9001, 7.7873, 9.6051, 6.713, 7.4019, 6.7772, 9.132, 7.372, 8.3854, 9.5906, 9.1569, 8.0225, 9.3164, 6.9981, 8.915, 7.3272, 7.8241, 5.6695, 8.8992, 8.8015, 9.8104, 6.8355, 8.1399, 7.0235, 8.202, 7.5591, 8.3214, 6.6219, 8.5962, 7.5225, 9.6629, 9.3818, 6.3131, 6.2517, 7.4681, 9.5908, 7.8138, 7.8037, 8.1969]
}
