{
  "n_part": 50,
  "n_trials": 30,
  "mu_R_group": [
    [5],
    [5]
  ],
  "sigma_R_group": 2,
  "LR_group": 0.952035035705194,
  "inv_temp_group": 0.973218727158383,
  "initQF_group": 6.47446132288314,
  "initQU_group": 7.13745831139386,
  "LR": [0.7294, 0.7178, 0.8651, 0.834, 0.7546, 0.8598, 0.9773, 0.8571, 0.799, 0.9214, 0.9228, 0.7562, 0.5647, 0.6276, 0.9679, 0.9986, 0.9071, 0.8525, 0.8904, 0.9295, 0.9706, 0.7376, 0.7507, 0.7477, 0.6565, 0.8211, 0.966, 0.8316, 0.6218, 0.9055, 0.9137, 0.762, 0.7916, 0.9184, 0.9968, 0.8178, 0.8649, 0.982, 0.9946, 0.8611, 0.8729, 0.7915, 0.8244, 0.8604, 0.724, 0.9974, 0.978, 0.8652, 0.7557, 0.8137],
  "inv_temp": [1.5207, 1.0108, 0.6706, 0.9783, 1.1429, 0.6071, 0.7079, 1.0011, 1.1785, 0.1928, 0.8368, 1.7694, 1.262, 1.0358, 1.4426, 0.9952, 0.4735, 1.093, 1.1576, 1.1004, 1.4885, 0.9293, 0.9292, 0.7313, 1.3703, 0.9523, 1.1426, 0.4968, 1.0545, 0.9709, 1.5815, 1.2173, 0.7508, 0.9089, 1.0315, 0.8656, 0.738, 1.0627, 0.7885, 1.0297, 0.822, 1.182, 0.7129, 0.5572, 0.9532, 1.4929, 0.8659, 1.5514, 1.0226, 1.0744],
  "initQF": [3.6506, 7.8006, 5.6989, 7.0919, 7.3664, 7.1621, 9.5726, 8.1289, 8.1002, 5.4001, 5.0077, 5.8648, 7.8353, 7.2452, 8.513, 1.7927, 8.0968, 2.4046, 7.6931, 3.8871, 3.3977, 4.0952, 4.1202, 5.2135, 4.8383, 6.7512, 5.367, 7.3182, 8.8882, 8.6419, 8.2093, 6.4414, 7.1051, 6.4282, 8.173, 6.7276, 6.5822, 5.1846, 4.1693, 5.7983, 5.892, 3.8361, 4.5294, 5.6224, 3.2173, 6.2143, 4.599, 5.8942, 6.9277, 7.074],
  "initQU": [7.0972, 7.3061, 4.6206, 8.1204, 6.7334, 7.07, 8.6309, 9.4307, 3.3571, 7.7457, 6.7557, 5.9453, 6.4713, 7.4608, 2.5808, 7.6682, 5.0001, 8.2483, 5.0113, 7.8313, 8.9024, 8.6436, 6.4376, 7.456, 8.2677, 6.8755, 4.4517, 8.5625, 7.0495, 8.7532, 8.3159, 8.6887, 8.5039, 8.2326, 4.2852, 7.88, 4.8957, 7.2738, 9.2087, 6.2261, 7.1713, 6.8732, 5.4018, 7.1598, 4.7268, 4.6937, 3.9493, 5.2086, 8.8888, 9.1052]
}
