{
  "n_part": 50,
  "n_trials": 30,
  "mu_R_group": [
    [5],
    [5]
  ],
  "sigma_R_group": 2,
  "LR_group": 0.271843584720045,
  "inv_temp_group": 2.51183471642435,
  "initQF_group": 3.53900603274815,
  "initQU_group": 1.55566896265373,
  "LR": [0.5863, 0.2777, 0.5747, 0.3926, 0.6098, 0.3077, 0.4364, 0.0681, 0.0819, 0.3017, 0.0709, 0.1649, 0.4238, 0.3518, 0.3506, 0.2283, 0.5087, 0.344, 0.1634, 0.2553, 0.3727, 0.2628, 0.289, 0.4149, 0.4121, 0.5173, 0.3158, 0.1597, 0.052, 0.0589, 0.4004, 0.473, 0.0334, 0.1918, 0.3074, 0.3524, 0.5495, 0.4366, 0.2, 0.6164, 0.2526, 0.1133, 0.2822, 0.1034, 0.3314, 0.3819, 0.5953, 0.1891, 0.2811, 0.3378],
  "inv_temp": [2.6871, 2.5262, 1.8599, 2.2136, 2.3046, 1.9452, 2.4603, 2.7531, 2.7315, 2.5954, 2.5978, 2.7053, 2.6232, 2.4395, 2.9491, 2.475, 2.7414, 2.4153, 2.4542, 2.5568, 2.9598, 1.9981, 2.7685, 2.7929, 2.3867, 2.8555, 2.3119, 2.4514, 2.9883, 2.3758, 2.7572, 1.9813, 2.7222, 2.999, 2.5733, 2.8692, 2.4187, 2.8594, 2.3704, 2.2914, 2.6112, 2.2422, 2.3212, 2.6405, 2.1284, 2.7666, 2.1745, 2.6525, 3.1989, 2.7713],
  "initQF": [4.7789, 4.3158, 9.5068, 1.2534, 1.6228, 2.9084, 4.948, 1.4857, 3.6747, 3.5257, 5.6219, 3.4989, 3.8232, 2.8748, 7.1695, 4.8798, 1.8085, 3.7965, 3.1607, 4.5914, 5.1793, 3.0492, 5.0196, 1.5786, 4.3677, 3.2771, 2.8296, 4.0109, 4.306, 4.0685, 4.6307, 3.5713, 2.694, 3.1414, 5.7757, 3.5521, 1.8196, 3.9669, 2.8808, 4.75, 5.5069, 3.642, 6.0632, 6.1058, 5.8635, 5.0014, 4.2634, 2.1795, 2.3415, 6.0066],
  "initQU": [2.453, 6.5413, 1.9828, 2.6615, 2.3609, 3.7358, 2.5393, 3.6335, 5.232, 2.3682, 3.9169, 1.1994, 2.4693, 2.3438, 1.0931, 1.0118, 4.8004, 2.3367, 5.2546, 3.1873, 1.3428, 4.156, 2.2008, 3.9995, 1.2474, 1.4018, 2.1203, 1.0953, 2.5631, 3.0201, 6.0208, 1.3435, 1.7746, 4.0491, 2.8235, 3.275, 2.8964, 2.5112, 2.6852, 4.1885, 2.0362, 4.0194, 2.0056, 1.1826, 1.2429, 3.1606, 3.8282, 2.0308, 5.9505, 5.425]
}
