{
  "n_part": 50,
  "n_trials": 30,
  "LR_group": 0.00381648493930697,
  "inv_temp_group": 4.57810891442932,
  "initQF_group": 7.9528644636739,
  "initQU_group": 9.70508238277398,
  "mu_R_group": [
    [5],
    [5]
  ],
  "sigma_R_group": 2,
  "LR": [0.5309, 0.5311, 0.446, 0.4858, 0.4766, 0.4282, 0.5401, 0.3056, 0.6957, 0.686, 0.5418, 0.1893, 0.4607, 0.021, 0.2448, 0.6327, 0.6753, 0.3148, 0.2089, 0.5943, 0.3431, 0.3011, 0.598, 0.1775, 0.3025, 0.3938, 0.4352, 0.2108, 0.2579, 0.1027, 0.3928, 0.7278, 0.218, 0.3696, 0.4236, 0.5376, 0.4759, 0.0211, 0.3182, 0.5581, 0.0955, 0.4332, 0.2262, 0.218, 0.5887, 0.4393, 0.269, 0.1645, 0.6247, 0.3168],
  "inv_temp": [0.658, 0.7728, 0.4734, 0.3735, 0.4828, 0.5931, 0.2428, 0.8973, 0.4494, 0.5859, 0.4254, 0.0573, 0.5383, 0.9851, 0.6926, 1.0243, 0.6576, 0.5393, 0.5324, 0.6507, 0.7099, 0.5013, 0.2831, 0.0079, 0.0146, 0.6388, 0.567, 0.2494, 0.3126, 0.4301, 0.1507, 0.3244, 0.41, 0.5792, 1.1403, 0.328, 0.0134, 0.6981, 0.7176, 0.543, 0.3711, 0.6014, 0.2859, 0.7957, 0.443, 0.7445, 0.4166, 0.8587, 0.3584, 0.6995],
  "initQF": [8.6305, 9.549, 6.8372, 8.2658, 7.4963, 7.5578, 6.8848, 6.5497, 5.7566, 5.8764, 8.4667, 6.2272, 5.6916, 8.0362, 7.522, 9.1703, 9.259, 7.1756, 4.3728, 6.985, 7.1104, 5.8956, 2.8809, 7.3793, 7.4478, 6.019, 5.7784, 8.8141, 5.7538, 5.4925, 9.7339, 5.5241, 7.6013, 2.7181, 9.906, 9.1231, 8.1693, 5.8979, 9.7831, 6.3715, 5.9392, 4.2042, 8.4842, 7.9822, 7.2655, 5.0611, 8.678, 9.681, 9.1983, 9.539],
  "initQU": [2.9372, 4.7514, 3.7288, 6.5506, 2.8429, 2.7825, 2.77, 2.1719, 4.2277, 2.3207, 4.7599, 6.6659, 6.4321, 2.7141, 2.1081, 1.6585, 1.6951, 3.3017, 2.6287, 1.0888, 5.6951, 4.5659, 2.6055, 3.0929, 2.2688, 4.4699, 2.2243, 3.3872, 5.1056, 3.6429, 3.613, 2.0325, 3.8212, 3.1348, 1.6321, 1.3932, 2.883, 3.7063, 5.0567, 2.2259, 2.3302, 3.4456, 2.4633, 4.5801, 3.0566, 1.2253, 6.8157, 2.1271, 3.8885, 3.1157]
}
