{
  "n_part": 50,
  "n_trials": 30,
  "LR_group": 0.113703411305323,
  "inv_temp_group": 3.1114970240742,
  "initQF_group": 6.48347259592265,
  "initQU_group": 6.61041497508995,
  "mu_R_group": [
    [5],
    [5]
  ],
  "sigma_R_group": 2,
  "LR": [0.6169, 0.8141, 0.0973, 0.3603, 0.4638, 0.2963, 0.643, 0.5525, 0.4984, 0.1853, 0.2688, 0.223, 0.4244, 0.3076, 0.5428, 0.6129, 0.1717, 0.51, 0.3143, 0.3615, 0.3376, 0.5503, 0.6237, 0.2638, 0.6715, 0.2663, 0.313, 0.5156, 0.328, 0.0354, 0.4417, 0.3239, 0.3882, 0.6439, 0.052, 0.5467, 0.7341, 0.3807, 0.4216, 0.4495, 0.5181, 0.1167, 0.3599, 0.5991, 0.3182, 0.4713, 0.5368, 0.6342, 0.4076, 0.2921],
  "inv_temp": [0.6287, 0.454, 0.3092, 0.3386, 0.1965, 0.6663, 0.7948, 0.3046, 0.6064, 0.41, 0.8173, 0.3166, 0.3138, 0.0272, 0.8228, 0.7188, 0.3869, 0.6448, 0.5286, 0.4149, 0.7066, 0.6361, 0.8182, 0.3745, 0.9947, 0.5462, 0.4248, 0.2234, 1.0018, 0.2074, 0.7517, 0.9965, 0.6642, 0.208, 0.6539, 0.5652, 0.5792, 0.3865, 1.3819, 0.5482, 0.4656, 0.331, 0.014, 0.5718, 0.4441, 0.6188, 0.6688, 0.5046, 0.5299, 0.5613],
  "initQF": [9.0121, 5.2186, 8.4526, 2.2885, 8.9403, 7.8241, 8.6315, 5.0527, 7.9647, 8.2162, 8.6922, 7.1796, 8.4019, 8.9929, 8.3958, 9.3253, 7.3024, 9.5217, 6.3733, 6.0927, 8.2778, 8.2384, 9.1203, 4.8616, 8.239, 7.4292, 6.1475, 7.5013, 9.3811, 6.8271, 9.8861, 4.6743, 7.1791, 9.2424, 7.1081, 6.4756, 8.3415, 7.7364, 5.8454, 7.7728, 5.9557, 5.7824, 9.5443, 8.4256, 5.6242, 5.7634, 7.9062, 7.6924, 8.92, 6.9482],
  "initQU": [1.0456, 2.5165, 4.0274, 2.9756, 3.6274, 1.4598, 2.4111, 1.7026, 1.9747, 3.4464, 2.0125, 2.3808, 1.5282, 1.7761, 1.8454, 1.2372, 2.6458, 1.1087, 4.7364, 1.9513, 1.8539, 3.176, 2.3163, 2.8192, 2.0072, 1.0146, 4.1749, 1.8549, 2.0303, 2.4662, 4.0562, 2.5895, 6.8048, 3.3251, 2.5946, 2.5938, 1.7558, 1.413, 3.0106, 2.4163, 2.7658, 3.8807, 2.4322, 3.7554, 1.7633, 3.3784, 2.3757, 3.0884, 1.7839, 3.0956]
}
