{
  "n_part": 50,
  "n_trials": 30,
  "LR_group": 0.924054522300139,
  "inv_temp_group": 4.69939482049085,
  "initQ_group": [
    [8],
    [2]
  ],
  "mu_R_group": [
    [5],
    [5]
  ],
  "sigma_R_group": 2,
  "initQ_group$F": 6.95928210020065,
  "initQ_group$U": 4.10229900479317,
  "LR": [0.4536, 0.5969, 0.5579, 0.2762, 0.3068, 0.5178, 0.5739, 0.6367, 0.3821, 0.1891, 0.1078, 0.292, 0.4117, 0.4967, 0.3499, 0.1346, 0.1737, 0.627, 0.5417, 0.4654, 0.0289, 0.3338, 0.3732, 0.3027, 0.4978, 0.3362, 0.065, 0.5198, 0.4919, 0.3132, 0.595, 0.1272, 0.3022, 0.1575, 0.3829, 0.3424, 0.5622, 0.278, 0.6887, 0.0998, 0.2406, 0.2527, 0.3482, 0.2415, 0.5907, 0.2104, 0.1269, 0.4983, 0.4836, 0.4084],
  "inv_temp": [0.6152, 0.975, 0.1434, 0.7433, 0.6008, 0.5191, 0.2743, 1.0871, 0.5521, 1.1827, 0.2295, 0.1675, 0.4861, 0.5042, 0.3574, 0.7954, 0.4579, 0.4519, 0.4383, 0.4898, 1.0676, 0.4089, 0.6608, 0.892, 0.2355, 0.4542, 0.7828, 0.6698, 0.5233, 0.3992, 0.6286, 0.4965, 0.3405, 0.2973, 0.512, 0.2525, 0.3438, 0.5659, 0.1196, 0.053, 0.597, 0.3895, 0.1896, 0.8087, 1.0349, 0.5741, 0.5741, 0.4815, 0.9273, 0.5419],
  "initQF": [4.3457, 6.9496, 9.9708, 9.3799, 4.5064, 5.318, 5.0115, 6.3265, 7.5627, 9.0316, 7.419, 5.9309, 8.1755, 8.247, 9.9868, 7.0369, 9.3225, 7.4873, 8.5448, 9.3593, 9.9575, 7.6051, 5.1415, 8.09, 9.5221, 7.7362, 8.1591, 6.3705, 6.412, 7.5638, 7.4576, 8.9658, 6.5884, 9.239, 9.3833, 8.6943, 5.3765, 9.9849, 6.8944, 9.0549, 8.1275, 9.2566, 6.5359, 8.8346, 7.5543, 7.6929, 7.4033, 7.4323, 6.7684, 6.7912],
  "initQU": [1.6344, 6.033, 1.5714, 6.5374, 3.1204, 3.0318, 1.0795, 2.0605, 2.5465, 5.2595, 3.1001, 4.3411, 4.1706, 5.6749, 2.9674, 5.0762, 4.0085, 1.1992, 3.931, 2.0206, 1.891, 2.4115, 4.0961, 2.45, 4.5455, 2.8924, 4.8228, 2.7868, 3.5113, 1.7706, 4.2427, 2.31, 2.0814, 1.3704, 5.207, 1.4253, 2.2785, 6.5208, 3.5783, 4.5034, 6.506, 1.1656, 2.8589, 3.0242, 4.9538, 7.9114, 3.2399, 1.894, 5.9931, 3.7115]
}
