{
  "n_part": 50,
  "n_trials": 30,
  "LR_group": 0.75262628076598,
  "inv_temp_group": 2.83119571744464,
  "initQ_group": [
    [8],
    [2]
  ],
  "mu_R_group": [
    [5],
    [5]
  ],
  "sigma_R_group": 2,
  "initQ_group$F": 5.42808923241682,
  "initQ_group$U": 5.8607736332342,
  "LR": [0.7196, 0.6808, 0.6538, 0.5135, 0.3227, 0.1753, 0.6687, 0.2618, 0.4489, 0.574, 0.4039, 0.5018, 0.443, 0.3476, 0.3983, 0.1012, 0.6097, 0.8463, 0.8997, 0.1984, 0.395, 0.512, 0.1358, 0.3715, 0.1773, 0.4737, 0.6734, 0.6366, 0.4726, 0.1676, 0.529, 0.1321, 0.121, 0.6706, 0.7593, 0.4597, 0.4161, 0.0609, 0.3254, 0.3068, 0.209, 0.8899, 0.1951, 0.1526, 0.1936, 0.7878, 0.7355, 0.4223, 0.2782, 0.4304],
  "inv_temp": [0.1763, 0.5458, 0.7801, 0.7285, 0.6033, 0.1826, 0.651, 1.0535, 0.8331, 0.4354, 0.7038, 0.3736, 0.5341, 0.6363, 0.6222, 0.6944, 0.5252, 0.9174, 0.4255, 0.3434, 0.7429, 0.5433, 0.8964, 0.8501, 0.3402, 0.183, 0.7957, 0.9108, 0.573, 0.7578, 0.9023, 0.1313, 0.3912, 0.2676, 0.0516, 0.1382, 0.7617, 0.8836, 0.7505, 1.0263, 0.3056, 0.775, 0.4051, 0.3811, 0.3102, 0.218, 0.3143, 0.4988, 0.6409, 0.6171],
  "initQF": [8.8047, 6.4726, 9.8708, 6.0369, 8.7125, 7.2343, 8.613, 5.6438, 7.0648, 6.799, 9.1628, 7.0012, 3.1328, 9.8183, 9.2107, 9.8808, 9.5514, 5.0657, 8.9671, 6.6674, 7.9204, 6.697, 6.8578, 8.3711, 1.8693, 6.0167, 8.5848, 9.1044, 5.2629, 5.8343, 9.9689, 9.7149, 4.057, 7.9425, 7.9653, 8.8158, 8.1425, 8.1974, 6.8561, 5.5015, 8.5221, 7.1214, 3.7104, 8.2875, 7.0497, 9.0767, 5.7821, 8.3812, 5.8718, 6.803],
  "initQU": [2.0757, 1.1793, 1.1374, 1.5156, 4.5107, 2.989, 1.6657, 4.0411, 4.9772, 3.2632, 2.5877, 1.6381, 3.665, 2.9068, 1.9184, 2.5518, 1.9656, 2.4483, 1.8641, 2.0268, 3.0438, 2.2373, 2.5996, 5.4703, 1.2836, 3.0669, 2.5987, 3.9076, 2.7959, 5.7648, 3.5675, 4.0662, 3.6275, 4.8568, 3.6909, 4.1922, 5.4599, 3.0276, 2.628, 2.971, 3.5501, 2.5304, 2.9741, 2.2706, 2.6157, 5.3347, 3.5705, 1.3407, 4.4569, 4.3523]
}
