{
  "n_part": 50,
  "n_trials": 30,
  "LR_group": 0.924941785866395,
  "inv_temp_group": 0.827404616866261,
  "initQ_group": [
    [8],
    [2]
  ],
  "mu_R_group": [
    [5],
    [5]
  ],
  "sigma_R_group": 2,
  "initQ_group$F": 4.89657588163391,
  "initQ_group$U": 9.56306459964253,
  "LR": [0.5268, 0.3051, 0.3436, 0.5132, 0.2097, 0.2451, 0.2626, 0.2555, 0.4594, 0.5841, 0.6545, 0.335, 0.3506, 0.1826, 0.4034, 0.3156, 0.4705, 0.1387, 0.2315, 0.254, 0.3646, 0.1624, 0.3414, 0.3335, 0.5859, 0.4387, 0.3425, 0.2394, 0.1046, 0.5704, 0.3255, 0.0581, 0.2761, 0.1986, 0.6684, 0.1972, 0.4514, 0.7087, 0.4007, 0.3126, 0.3517, 0.469, 0.6678, 0.4655, 0.3338, 0.0301, 0.6099, 0.6751, 0.3099, 0.0959],
  "inv_temp": [0.6806, 0.7965, 0.6813, 0.787, 0.4278, 0.4247, 0.2377, 0.6339, 0.501, 0.2402, 0.2751, 0.5319, 0.3211, 0.2207, 0.5735, 0.4643, 1.0894, 0.4532, 0.6163, 0.89, 0.6747, 1.2534, 0.3068, 0.4854, 0.5365, 0.4809, 0.9098, 0.3575, 0.1735, 0.525, 0.6054, 1.0488, 0.1024, 0.5185, 0.4043, 0.4717, 0.6028, 0.5666, 0.1894, 1.0638, 0.9137, 0.5807, 0.074, 0.6778, 0.2959, 0.9914, 0.1086, 0.5294, 0.6636, 0.7794],
  "initQF": [3.0446, 7.2863, 3.3536, 6.8215, 4.8816, 7.8832, 9.7142, 8.8883, 6.9699, 9.0988, 8.1029, 6.8611, 7.9477, 7.8823, 9.4217, 9.0758, 3.7773, 6.8811, 5.7208, 6.0817, 7.4072, 5.9584, 7.4779, 6.404, 6.7779, 6.1415, 3.7733, 5.1564, 7.5515, 6.4677, 8.3113, 6.1871, 7.9039, 9.3707, 9.9235, 7.718, 7.7237, 9.7396, 9.6989, 8.1254, 8.8368, 9.4836, 6.7389, 9.7563, 6.8957, 5.7224, 4.9417, 8.2321, 8.4744, 5.5209],
  "initQU": [1.7791, 7.5378, 1.9517, 3.0273, 1.8657, 1.5586, 2.934, 3.1077, 5.897, 4.1429, 3.145, 1.3035, 4.5747, 3.9928, 2.4654, 2.9171, 4.5855, 2.3946, 1.0738, 3.9094, 3.0175, 2.925, 2.5909, 3.4538, 4.2791, 1.2881, 2.5383, 3.6088, 2.3895, 2.3261, 2.828, 3.0042, 2.9716, 2.0248, 1.6105, 3.7431, 9.3309, 1.9016, 1.3822, 1.8825, 2.3768, 1.2738, 1.7096, 2.6906, 3.017, 3.4236, 3.3785, 1.5466, 3.2967, 4.3828]
}
