{
  "n_part": 50,
  "n_trials": 30,
  "LR_group": 0.456229514442384,
  "inv_temp_group": 1.98261715122499,
  "initQF_group": 9.41516509465873,
  "initQU_group": 9.93724988773465,
  "mu_R_group": [
    [5],
    [5]
  ],
  "sigma_R_group": 2,
  "LR": [0.9968, 0.1714, 0.4805, 0.618, 0.3656, 0.5609, 0.7676, 0.3342, 0.4334, 0.357, 0.5224, 0.3518, 0.4788, 0.5341, 0.5254, 0.4884, 0.2562, 0.2848, 0.0713, 0.4826, 0.2567, 0.3851, 0.2393, 0.3153, 0.1194, 0.2239, 0.9365, 0.4308, 0.0274, 0.6011, 0.4919, 0.1805, 0.3324, 0.5822, 0.1552, 0.3212, 0.2772, 0.3517, 0.3448, 0.5935, 0.4331, 0.0624, 0.4795, 0.16, 0.377, 0.2641, 0.5155, 0.4916, 0.2405, 0.5372],
  "inv_temp": [0.5641, 0.3199, 0.3655, 0.4613, 0.7113, 0.192, 0.4993, 1.0158, 0.7533, 0.4775, 0.3481, 0.4004, 0.9373, 0.102, 0.8112, 0.1398, 0.6452, 0.4936, 1.1017, 0.5999, 0.3765, 0.6925, 0.4718, 0.7681, 1.5713, 0.8659, 0.5364, 0.4308, 0.6492, 0.5048, 0.4059, 0.4604, 0.7077, 0.461, 0.2992, 0.1326, 0.1242, 0.0297, 0.4133, 0.8458, 0.6395, 0.4529, 0.3263, 0.646, 0.7191, 0.3458, 0.2651, 0.3993, 0.767, 0.4858],
  "initQF": [7.9069, 9.1059, 9.9008, 5.1633, 8.9836, 7.3939, 8.6867, 8.218, 7.3718, 9.6449, 9.5785, 8.7881, 7.5374, 7.4561, 8.1172, 9.1045, 7.8952, 7.9546, 4.7429, 5.7118, 8.908, 7.6634, 7.8007, 7.9787, 9.9208, 6.2403, 9.5097, 7.349, 8.5055, 7.7879, 5.6158, 7.1995, 6.3408, 7.1474, 4.4812, 6.0257, 8.2427, 6.3929, 8.9536, 6.066, 9.3158, 9.247, 7.8482, 6.3683, 6.0987, 6.4259, 1.8794, 7.3749, 8.6097, 6.8426],
  "initQU": [3.3258, 4.0533, 5.0217, 3.1526, 1.433, 3.0758, 4.0772, 4.0229, 3.2472, 5.1964, 3.5191, 1.4911, 2.1345, 3.3927, 4.1627, 4.7847, 1.0882, 2.6936, 1.2561, 3.1587, 3.649, 4.6495, 5.6622, 1.0533, 2.7749, 4.0446, 3.8903, 2.3911, 7.1891, 1.2936, 3.4026, 5.2479, 4.7582, 4.9195, 5.2179, 1.8051, 2.1685, 4.9271, 6.6742, 3.2548, 1.2996, 1.8067, 4.2346, 1.7561, 1.1823, 2.4751, 3.2371, 3.0768, 2.63, 2.0538]
}
