{
  "n_part": 50,
  "n_trials": 30,
  "LR_group": 0.767819157103077,
  "inv_temp_group": 3.15838069422171,
  "initQ_group": [
    [8],
    [2]
  ],
  "mu_R_group": [
    [5],
    [5]
  ],
  "sigma_R_group": 2,
  "initQ_group$F": 4.83138040569611,
  "initQ_group$U": 6.63984161801636,
  "LR": [0.13, 0.1752, 0.1292, 0.0343, 0.1834, 0.5143, 0.2961, 0.0104, 0.533, 0.4171, 0.5521, 0.0713, 0.45, 0.5538, 0.4997, 0.6153, 0.2511, 0.2073, 0.4492, 0.1279, 0.271, 0.1599, 0.4779, 0.2361, 0.2175, 0.511, 0.2251, 0.2313, 0.6348, 0.1786, 0.1971, 0.2069, 0.0713, 0.1953, 0.3853, 0.5941, 0.398, 0.5125, 0.5701, 0.3826, 0.3476, 0.6725, 0.2718, 0.3896, 0.4774, 0.6634, 0.5083, 0.3641, 0.5421, 0.2284],
  "inv_temp": [0.8392, 0.8141, 0.2392, 0.3955, 0.7229, 1.1042, 0.673, 0.6959, 0.5271, 0.4577, 0.2848, 0.828, 0.5986, 0.5278, 1.0533, 0.2378, 0.6284, 0.7285, 0.6173, 0.4402, 0.1771, 0.2722, 0.7464, 0.0454, 0.7165, 0.3047, 0.2019, 0.946, 0.0891, 0.0775, 0.4203, 0.0851, 0.3245, 0.3416, 0.5609, 0.8693, 0.0142, 0.6141, 0.4731, 0.9539, 0.3414, 0.6169, 0.1976, 0.8373, 0.8493, 0.2945, 0.123, 0.4148, 0.8862, 0.3673],
  "initQF": [5.6195, 4.8031, 9.0611, 4.2282, 5.2396, 8.1669, 9.6462, 5.5436, 5.3967, 7.0514, 9.6168, 8.6961, 9.6944, 8.4574, 7.0771, 8.4407, 4.9677, 9.5888, 7.6189, 8.5759, 5.7612, 8.3454, 6.1282, 3.4093, 8.0092, 7.5678, 6.9328, 8.5502, 4.9777, 6.6479, 7.742, 4.8339, 6.1682, 8.4686, 4.7364, 7.6975, 6.7195, 6.5337, 9.5496, 9.0151, 5.7923, 7.7887, 7.7121, 4.811, 7.6255, 7.6836, 7.3223, 7.3576, 7.3392, 8.6594],
  "initQU": [4.8906, 4.5981, 4.0525, 3.1583, 2.8071, 5.1238, 5.798, 1.7882, 1.0973, 1.3096, 2.6054, 2.6629, 1.8971, 3.0379, 3.5297, 2.4675, 2.8976, 2.1383, 2.087, 4.3996, 1.759, 4.7846, 4.7655, 2.8189, 2.7363, 4.5864, 2.981, 1.8273, 3.3621, 1.3697, 2.2266, 1.1363, 2.488, 4.1275, 2.3133, 4.0753, 3.203, 1.6756, 4.6278, 2.0107, 2.6545, 2.3388, 2.3557, 3.9595, 1.9847, 4.2347, 6.7696, 2.5072, 3.9117, 2.6231]
}
