{
  "n_part": 50,
  "n_trials": 30,
  "LR_group": 0.381605749716982,
  "inv_temp_group": 0.172848207876086,
  "initQ_group": [
    [8],
    [2]
  ],
  "mu_R_group": [
    [5],
    [5]
  ],
  "sigma_R_group": 2,
  "initQ_group$F": 6.26861770241521,
  "initQ_group$U": 7.2082410089206,
  "LR": [0.3923, 0.5559, 0.3114, 0.3294, 0.4946, 0.3576, 0.2979, 0.473, 0.2834, 0.6012, 0.3357, 0.5544, 0.248, 0.2257, 0.5284, 0.3706, 0.3436, 0.5805, 0.3759, 0.0708, 0.3498, 0.4127, 0.2517, 0.3866, 0.1566, 0.3805, 0.6072, 0.5405, 0.3122, 0.626, 0.7031, 0.2408, 0.4317, 0.1584, 0.502, 0.4158, 0.594, 0.2793, 0.4448, 0.4029, 0.3899, 0.4299, 0.5072, 0.5223, 0.2834, 0.4573, 0.3798, 0.4208, 0.1634, 0.1876],
  "inv_temp": [0.3077, 0.2673, 0.7132, 0.9613, 0.6542, 0.6212, 0.0302, 0.4671, 0.483, 1.2026, 0.8153, 0.2704, 0.4828, 0.8071, 0.141, 1.0661, 0.5645, 1.0132, 1.3068, 0.3229, 0.7316, 0.5493, 0.8976, 0.2404, 0.5728, 0.9101, 0.2521, 0.1398, 1.1092, 0.1386, 1.3197, 0.4271, 0.6, 0.5305, 1.0249, 0.2613, 0.6028, 0.1065, 0.3954, 0.6444, 0.2494, 0.5932, 0.5473, 0.8888, 0.4574, 0.161, 0.4705, 0.8569, 0.2186, 0.9352],
  "initQF": [6.4186, 7.6559, 7.4564, 9.4012, 6.1781, 7.836, 8.0847, 3.72, 7.4532, 8.1565, 8.8862, 9.7782, 4.8596, 8.3669, 9.7824, 8.9508, 9.2328, 7.6707, 8.1638, 8.4823, 7.2184, 4.6809, 8.0165, 8.3213, 7.6569, 7.7804, 8.7939, 8.1243, 9.2952, 7.7737, 8.1812, 6.2548, 4.7141, 6.6362, 5.7388, 8.498, 7.6849, 6.1693, 9.6955, 9.515, 6.6729, 7.003, 8.3603, 9.1369, 5.7202, 7.5188, 8.94, 9.4321, 6.1023, 6.5925],
  "initQU": [3.2153, 5.6055, 2.6291, 2.5094, 1.882, 1.293, 4.095, 2.3487, 3.6332, 2.3785, 4.9986, 4.0046, 2.5477, 2.8816, 1.9542, 2.5214, 3.3666, 1.8901, 3.6055, 2.4848, 2.058, 2.0601, 2.2826, 6.8731, 3.3354, 3.0864, 4.3723, 1.8208, 1.7259, 2.2185, 4.2554, 4.225, 3.4755, 1.8691, 2.695, 4.624, 4.1936, 5.2632, 2.886, 4.1524, 2.8947, 1.9678, 1.1053, 2.7597, 2.9712, 2.032, 3.2386, 3.5401, 1.1443, 2.0849]
}
