{
  "n_part": 50,
  "n_trials": 30,
  "LR_group": 0.180636884178966,
  "inv_temp_group": 3.77310456940904,
  "initQ_group": [
    [8],
    [2]
  ],
  "mu_R_group": [
    [5],
    [5]
  ],
  "sigma_R_group": 2,
  "initQ_group$F": 1.5622046070639,
  "initQ_group$U": 5.60686359298415,
  "LR": [0.4651, 0.3507, 0.4381, 0.4394, 0.5596, 0.1197, 0.8013, 0.3685, 0.4089, 0.2437, 0.5013, 0.685, 0.3647, 0.1955, 0.3826, 0.4246, 0.3887, 0.4387, 0.4059, 0.3723, 0.4622, 0.5632, 0.567, 0.4706, 0.6044, 0.1154, 0.5958, 0.6382, 0.4456, 0.5124, 0.3233, 0.5183, 0.2987, 0.2155, 0.1005, 0.764, 0.4532, 0.2702, 0.3017, 0.5584, 0.4414, 0.6382, 0.4241, 0.4793, 0.6305, 0.5178, 0.2729, 0.1645, 0.6247, 0.3168],
  "inv_temp": [0.5686, 0.0884, 0.3068, 0.5064, 0.4615, 0.6417, 0.4573, 0.3881, 0.4076, 0.2327, 0.8646, 0.7043, 0.5623, 0.427, 0.6936, 0.3348, 0.9156, 0.073, 0.3404, 0.8051, 0.5174, 0.6594, 0.2761, 0.3252, 0.7065, 0.5362, 0.168, 0.1034, 0.6069, 0.2883, 0.3862, 0.6066, 0.4551, 0.4996, 0.758, 0.4496, 0.5429, 1.0799, 0.4929, 0.3002, 0.3876, 0.7575, 0.5807, 0.8638, 0.4688, 0.601, 0.2975, 0.8587, 0.3584, 0.6995],
  "initQF": [5.6469, 7.9302, 5.2417, 9.6852, 5.6288, 7.1211, 7.043, 8.0788, 8.396, 6.5503, 7.2891, 7.5623, 5.7426, 9.5256, 9.3023, 9.1931, 8.8049, 8.945, 9.1183, 6.7134, 6.7677, 8.1669, 8.404, 7.59, 7.3231, 5.8634, 5.2758, 9.2789, 8.3063, 5.9714, 8.9605, 9.8945, 8.4492, 8.9633, 5.0664, 9.3765, 8.8533, 7.0192, 8.0134, 5.8317, 9.3909, 7.7068, 7.3952, 9.3628, 8.1657, 9.7595, 7.9914, 9.681, 9.1983, 9.539],
  "initQU": [2.8547, 1.8048, 5.4332, 2.1305, 2.5014, 4.4736, 4.278, 2.1795, 1.0943, 4.8784, 2.7737, 5.282, 3.359, 1.9443, 1.8198, 1.299, 3.4149, 3.568, 4.6348, 2.9613, 4.996, 4.0094, 3.0475, 5.4898, 1.1387, 4.0709, 1.1142, 4.2279, 2.1737, 4.6163, 5.1874, 2.2938, 1.9748, 5.344, 4.6422, 3.1231, 4.3005, 6.0566, 4.2036, 2.5724, 6.643, 2.2295, 1.7732, 2.7919, 2.7188, 2.6527, 2.88, 2.1271, 3.8885, 3.1157]
}
