{
  "n_part": 50,
  "n_trials": 30,
  "LR_group": 0.60482816118747,
  "inv_temp_group": 0.841543950373307,
  "initQF_group": 7.21623647073284,
  "initQU_group": 8.66234356444329,
  "mu_R_group": [
    [5],
    [5]
  ],
  "sigma_R_group": 2,
  "LR": [0.4189, 0.6462, 0.1635, 0.59, 0.57, 0.5277, 0.6397, 0.0709, 0.6841, 0.6043, 0.2694, 0.9108, 0.2451, 0.7873, 0.554, 0.1128, 0.3362, 0.5357, 0.4472, 0.5198, 0.5708, 0.1979, 0.5856, 0.2578, 0.4202, 0.1446, 0.2558, 0.1789, 0.6196, 0.5884, 0.3853, 0.3353, 0.52, 0.4299, 0.1995, 0.3891, 0.5216, 0.3164, 0.4973, 0.6044, 0.2546, 0.6158, 0.3563, 0.5391, 0.4144, 0.1749, 0.5388, 0.5274, 0.5074, 0.2139],
  "inv_temp": [0.7391, 0.3842, 0.4581, 0.2304, 1.0514, 0.2384, 0.1765, 0.6262, 0.7572, 0.4501, 0.9393, 0.5056, 0.8757, 1.0866, 0.6214, 0.3155, 1.2702, 1.0544, 0.7467, 0.9896, 0.5775, 0.1064, 0.6056, 0.6361, 1.3326, 0.1582, 0.5779, 0.7794, 0.3886, 0.2341, 0.3231, 0.0367, 0.2539, 0.6279, 0.3991, 0.7016, 0.2798, 0.2418, 0.7181, 0.717, 0.2738, 0.5102, 0.4068, 0.4821, 0.6738, 0.5885, 1.0713, 0.8534, 0.4068, 0.4223],
  "initQF": [7.5642, 9.7494, 7.2887, 8.5838, 6.7477, 6.9526, 6.9212, 8.9938, 6.36, 8.8907, 7.4351, 9.1938, 9.1684, 8.079, 5.8934, 9.5096, 5.795, 8.0131, 5.2208, 4.0666, 7.4285, 4.983, 8.0727, 8.8912, 7.4367, 9.2847, 7.5226, 8.9409, 7.2665, 7.459, 6.5995, 8.2392, 8.4873, 6.5611, 7.3336, 8.6989, 8.8974, 8.7227, 9.0676, 5.6995, 9.8452, 7.8857, 3.9136, 6.9888, 9.8146, 7.5321, 9.2166, 6.8837, 5.2928, 5.8877],
  "initQU": [2.9939, 2.0714, 2.4556, 2.0797, 2.7496, 4.3541, 2.0743, 2.6505, 2.873, 3.9499, 1.3056, 4.1249, 3.7659, 5.1134, 2.5467, 3.7526, 1.226, 4.9503, 1.6231, 3.4214, 3.3835, 9.2362, 4.6635, 2.4613, 5.5311, 1.4095, 3.2491, 2.657, 1.5316, 5.7189, 3.956, 4.1967, 2.1651, 3.8933, 3.7608, 1.9888, 1.4014, 3.7997, 3.8638, 4.0941, 5.434, 1.1425, 1.3079, 1.0597, 4.5002, 1.0849, 2.3993, 1.047, 1.3881, 2.5437]
}
