{
  "n_part": 50,
  "n_trials": 30,
  "LR_group": 0.0735099636949599,
  "inv_temp_group": 1.64307189523242,
  "initQF_group": 5.23321990366094,
  "initQU_group": 9.39435340953059,
  "mu_R_group": [
    [5],
    [5]
  ],
  "sigma_R_group": 2,
  "LR": [0.0768, 0.1473, 0.2275, 0.2347, 0.082, 0.1063, 0.0781, 0.2821, 0.1876, 0.3795, 0.1546, 0.1297, 0.1695, 0.0628, 0.0339, 0.1107, 0.1718, 0.282, 0.6722, 0.4378, 0.1231, 0.3571, 0.2748, 0.0472, 0.2316, 0.0029, 0.08, 0.0019, 0.1638, 0.0152, 0.2724, 0.3699, 0.5095, 0.1423, 0.2304, 0.0635, 0.2524, 0.2069, 0.0361, 0.3677, 0.0439, 0.01, 0.228, 0.1704, 0.1049, 0.3936, 0.1342, 0.3508, 0.0758, 0.212],
  "inv_temp": [1.4857, 1.7455, 1.7376, 1.5311, 1.1058, 1.7882, 1.4611, 1.3996, 1.6132, 1.6807, 1.8102, 1.3377, 1.8371, 1.0843, 1.8493, 2.0121, 1.4336, 1.4637, 1.7536, 2.0956, 1.6279, 1.9829, 1.7308, 1.2931, 1.5926, 1.5991, 1.5967, 1.4855, 1.709, 1.1811, 1.1891, 1.6223, 1.2461, 1.7005, 1.7728, 1.7859, 1.6374, 1.5284, 1.5758, 1.8272, 1.4771, 1.7553, 1.1397, 1.7686, 1.7196, 1.7259, 2.2981, 1.8846, 0.9631, 1.3561],
  "initQF": [8.1948, 6.4206, 3.5221, 4.2861, 3.8403, 3.843, 3.9235, 3.721, 5.6269, 3.5965, 7.4589, 5.4919, 4.9851, 8.747, 2.8627, 5.4485, 5.1421, 5.0306, 2.7551, 5.1134, 9.6027, 6.4602, 4.5701, 1.9386, 2.9709, 5.3779, 5.2677, 5.774, 7.6115, 6.1812, 2.6199, 4.2099, 3.5654, 5.8726, 8.1029, 3.6671, 5.3898, 6.4584, 7.2355, 3.7094, 5.8298, 2.5752, 6.6161, 4.2309, 6.4749, 3.1433, 2.6526, 9.0148, 8.7129, 3.2303],
  "initQU": [8.3619, 6.0099, 6.1543, 9.1848, 7.4484, 8.602, 7.7747, 6.1952, 8.8653, 9.9544, 6.8613, 9.1574, 8.7688, 6.8124, 8.9845, 9.3177, 9.5738, 7.0142, 7.899, 8.9114, 7.396, 8.9445, 8.1108, 9.9341, 6.9664, 6.4136, 6.1539, 7.4687, 7.9575, 5.8568, 5.9376, 5.7992, 7.9839, 8.6229, 6.054, 9.2336, 8.9705, 9.1246, 9.5692, 9.9479, 9.83, 9.3827, 9.3688, 8.4583, 8.0569, 9.3402, 9.1478, 7.7026, 9.2183, 9.2652]
}
