{
  "n_part": 50,
  "n_trials": 30,
  "LR_group": 0.54509258386679,
  "inv_temp_group": 0.48374181962572,
  "initQ_group": [
    [8],
    [2]
  ],
  "mu_R_group": [
    [5],
    [5]
  ],
  "sigma_R_group": 2,
  "initQ_group$F": 8.24591100751422,
  "initQ_group$U": 4.45476891705766,
  "LR": [0.4554, 0.4378, 0.5333, 0.1492, 0.2476, 0.4562, 0.16, 0.3893, 0.0024, 0.3229, 0.1991, 0.5196, 0.9987, 0.2953, 0.2364, 0.6321, 0.4453, 0.4646, 0.757, 0.0834, 0.4754, 0.1727, 0.4663, 0.5152, 0.5283, 0.4068, 0.5287, 0.665, 0.424, 0.5791, 0.267, 0.8247, 0.5973, 0.796, 0.4295, 0.4242, 0.2683, 0.4485, 0.696, 0.1766, 0.1937, 0.4173, 0.4619, 0.6036, 0.7785, 0.0988, 0.1549, 0.2932, 0.0512, 0.8986],
  "inv_temp": [0.4439, 0.0662, 0.7407, 0.6204, 0.6216, 0.1946, 0.644, 1.0271, 0.6489, 0.5557, 0.4369, 0.5429, 0.6105, 0.6568, 0.6725, 0.112, 1.3777, 1.1933, 0.7729, 0.6541, 0.2441, 0.1424, 0.6449, 0.5416, 0.3115, 0.3549, 0.5245, 0.2726, 0.6211, 0.3027, 0.0697, 0.4817, 0.5521, 0.7685, 0.2095, 0.8827, 0.0313, 0.5653, 0.4813, 1.1498, 0.3003, 0.2278, 0.5761, 0.4611, 0.2802, 0.0922, 0.8961, 0.017, 0.3674, 0.9852],
  "initQF": [8.9439, 8.2674, 6.5895, 7.2221, 9.1139, 8.2587, 9.2934, 5.418, 9.3686, 8.2153, 8.8702, 9.4079, 3.5247, 6.6742, 9.7041, 6.5841, 6.617, 6.5801, 7.508, 9.2704, 7.4055, 7.0036, 7.2634, 7.3189, 7.7788, 6.7852, 6.6412, 6.5518, 7.8725, 8.841, 6.1801, 8.9303, 8.9992, 2.8357, 7.8786, 3.9254, 7.6658, 8.381, 8.7541, 6.8614, 5.9614, 5.3123, 7.3542, 6.4156, 9.6842, 7.8497, 8.4595, 6.4704, 6.3778, 6.7382],
  "initQU": [1.3672, 1.6337, 3.1067, 5.0554, 4.2257, 1.7631, 1.7518, 3.565, 1.3115, 1.9233, 2.983, 4.0847, 3.1118, 1.2477, 1.93, 2.8432, 3.2125, 2.4488, 2.9735, 1.043, 1.4663, 7.6089, 3.0529, 3.5996, 4.8828, 3.9033, 1.9971, 3.1548, 4.6084, 1.4264, 1.4894, 1.4044, 1.2262, 2.5724, 1.0055, 2.0408, 1.3106, 1.8037, 4.9716, 4.8408, 3.3427, 3.623, 3.8856, 6.0795, 2.8345, 5.1463, 4.0845, 1.5572, 3.0555, 5.2901]
}
