{
  "n_part": 50,
  "n_trials": 30,
  "LR_group": 0.74281730200164,
  "inv_temp_group": 3.12828878755681,
  "initQF_group": 4.86780435359105,
  "initQU_group": 8.61883322452195,
  "mu_R_group": [
    [5],
    [5]
  ],
  "sigma_R_group": 2,
  "LR": [0.7478, 0.598, 0.348, 0.6808, 0.7536, 0.7343, 0.9144, 0.561, 0.9668, 0.731, 0.9355, 0.5305, 0.7736, 0.4738, 0.9269, 0.5423, 0.9762, 0.491, 0.8877, 0.4855, 0.9909, 0.7942, 0.9644, 0.6822, 0.9887, 0.7094, 0.8004, 0.6812, 0.9209, 0.4145, 0.7337, 0.9788, 0.5787, 0.9074, 0.4997, 0.8861, 0.861, 0.7746, 0.5012, 0.8234, 0.9796, 0.5726, 0.8683, 0.4386, 0.4744, 0.6964, 0.777, 0.8307, 0.6713, 0.8012],
  "inv_temp": [2.9757, 3.6317, 3.4622, 3.1888, 2.7594, 2.8125, 3.2754, 2.5466, 3.3887, 2.9991, 3.3588, 3.3397, 3.4762, 3.5233, 2.7137, 3.0219, 3.3467, 3.0106, 2.8399, 3.2544, 2.9551, 3.1409, 2.6665, 3.0317, 3.534, 3.0902, 2.9764, 3.249, 3.4392, 2.8843, 2.7982, 3.7789, 2.9235, 3.1699, 2.8911, 3.0754, 2.8895, 3.2283, 3.1587, 3.2813, 3.6243, 3.543, 2.7281, 2.9979, 3.165, 2.8224, 3.2288, 2.7847, 3.5642, 3.2594],
  "initQF": [7.3814, 5.0533, 3.9529, 4.0895, 5.5158, 2.1486, 3.8155, 6.5762, 4.2717, 5.5449, 3.5002, 6.3867, 5.3609, 5.8668, 3.7839, 2.1921, 3.7457, 3.257, 4.1121, 3.0849, 7.8414, 5.4666, 5.4294, 6.9059, 3.8594, 7.3115, 3.1867, 6.1613, 3.823, 6.1199, 4.6166, 8.7767, 5.8635, 6.4216, 6.3979, 7.8992, 4.382, 1.5819, 3.5041, 8.3673, 5.3846, 4.7699, 7.1717, 6.0752, 4.1035, 7.0697, 4.0734, 6.7686, 3.9913, 7.1464],
  "initQU": [6.1933, 9.858, 6.3348, 9.1312, 9.0417, 9.8752, 7.7623, 8.9897, 7.9608, 5.7622, 5.1467, 7.068, 7.4873, 7.8675, 9.4416, 9.0901, 7.8228, 8.9887, 9.8016, 7.4237, 8.6712, 6.1181, 8.7666, 6.8289, 6.6583, 8.6948, 6.0584, 8.9964, 5.7967, 6.9487, 5.8323, 5.9321, 9.8792, 5.8494, 4.0843, 8.8, 6.8736, 9.667, 7.0096, 6.3576, 7.5643, 9.7045, 7.4163, 9.0772, 8.5498, 8.9749, 6.9061, 7.4045, 7.2736, 6.4771]
}
