{
  "n_part": 50,
  "n_trials": 30,
  "LR_group": 0.656698002945632,
  "inv_temp_group": 3.64841039991006,
  "initQF_group": 2.203416924458,
  "initQU_group": 9.8025220616255,
  "mu_R_group": [
    [5],
    [5]
  ],
  "sigma_R_group": 2,
  "LR": [0.5841, 0.7183, 0.4313, 0.7122, 0.6901, 0.4802, 0.8248, 0.3215, 0.9431, 0.5056, 0.5128, 0.9903, 0.2843, 0.5009, 0.896, 0.5023, 0.6053, 0.4442, 0.5367, 0.8602, 0.6589, 0.8957, 0.5908, 0.5835, 0.4802, 0.7406, 0.6868, 0.664, 0.5487, 0.4732, 0.7404, 0.5146, 0.7318, 0.6701, 0.6264, 0.3384, 0.3684, 0.4637, 0.5407, 0.7908, 0.7457, 0.3846, 0.5956, 0.6759, 0.5777, 0.7704, 0.6624, 0.7536, 0.7484, 0.8043],
  "inv_temp": [3.3609, 2.946, 4.3578, 3.5939, 3.432, 3.5875, 3.6164, 3.7092, 3.5238, 3.9392, 3.3392, 3.7697, 3.6987, 3.6392, 3.6291, 3.7158, 3.4837, 3.5029, 3.7592, 3.9292, 3.4399, 3.3553, 3.611, 2.7518, 3.9845, 3.3677, 3.8246, 2.7396, 3.2734, 4.0562, 3.4358, 3.2951, 3.8906, 3.4621, 3.292, 3.8923, 3.5494, 3.4063, 3.8853, 3.0655, 3.773, 3.7533, 3.3742, 3.2827, 3.4001, 4.1428, 3.3313, 3.6264, 4.1207, 3.7404],
  "initQF": [2.0224, 4.5377, 5.1918, 8.0394, 2.5258, 1.3105, 3.0556, 1.3968, 2.7661, 2.4486, 4.2853, 4.446, 2.7438, 1.8051, 3.8109, 1.1078, 5.5861, 4.853, 2.0155, 3.8607, 2.2005, 3.1633, 5.3734, 3.5072, 2.8679, 2.1135, 1.7586, 5.5814, 1.5545, 2.7642, 5.3001, 1.7738, 5.2045, 2.6603, 1.454, 2.7569, 2.8833, 5.5379, 2.8888, 4.8785, 3.9546, 1.543, 3.1564, 5.0867, 1.9093, 4.2047, 1.7481, 2.646, 3.3094, 4.9717],
  "initQU": [6.4669, 9.5521, 8.6426, 6.9435, 8.5427, 8.9954, 9.3077, 8.2722, 6.1723, 8.7801, 9.3631, 9.8696, 9.7678, 9.8608, 9.7391, 9.4018, 7.9126, 5.6775, 9.6244, 7.8158, 8.2753, 7.2503, 7.8008, 8.3942, 8.7652, 7.9871, 8.9712, 9.2912, 7.9547, 6.5062, 9.094, 8.5639, 9.7441, 9.9842, 7.6963, 9.8008, 6.286, 8.6217, 8.5566, 9.7785, 8.102, 5.3562, 9.11, 9.5933, 8.1525, 5.9908, 9.2696, 8.2994, 7.3739, 8.75]
}
