{
  "n_part": 50,
  "n_trials": 30,
  "LR_group": 0.62015059706755,
  "inv_temp_group": 1.31827138829976,
  "initQ_group": [
    [8],
    [2]
  ],
  "mu_R_group": [
    [5],
    [5]
  ],
  "sigma_R_group": 2,
  "initQ_group$F": 8.45656304713339,
  "initQ_group$U": 7.0715733547695,
  "LR": [0.6916, 0.5005, 0.6314, 0.3548, 0.4105, 0.6135, 0.3915, 0.3336, 0.2325, 0.6316, 0.3193, 0.4355, 0.7226, 0.4703, 0.5136, 0.4938, 0.187, 0.315, 0.3341, 0.0899, 0.6148, 0.6483, 0.4866, 0.7052, 0.3998, 0.5904, 0.4027, 0.5057, 0.7001, 0.4134, 0.3697, 0.4361, 0.0735, 0.3801, 0.5351, 0.4513, 0.4279, 0.8749, 0.3389, 0.1562, 0.5494, 0.6233, 0.7614, 0.2572, 0.3181, 0.4832, 0.3244, 0.8146, 0.3981, 0.3415],
  "inv_temp": [0.311, 0.8396, 0.6449, 0.6894, 0.0569, 0.0705, 0.5011, 0.8241, 0.8898, 0.9682, 0.6466, 0.5282, 0.223, 0.0738, 0.5964, 0.1587, 0.5365, 0.4961, 0.4626, 0.6956, 0.6232, 0.9224, 0.6876, 0.5693, 0.9714, 0.2904, 0.6255, 0.5993, 0.5698, 0.3137, 0.1436, 0.2714, 0.5635, 0.0607, 0.3261, 0.4674, 0.6252, 0.0918, 0.2257, 0.9325, 0.3815, 1.2305, 0.3052, 0.315, 0.3017, 0.5575, 0.6366, 0.6275, 0.2494, 0.7242],
  "initQF": [6.1099, 5.3656, 5.8072, 9.2751, 7.0236, 5.2578, 8.3397, 8.5696, 8.0974, 8.6693, 4.8674, 8.7556, 9.0893, 4.6081, 6.8004, 7.4698, 9.9487, 7.3717, 5.9982, 8.3092, 6.3472, 9.8256, 8.9619, 6.922, 8.7301, 7.6785, 6.5827, 8.9581, 9.8283, 8.4569, 7.2506, 4.874, 8.0021, 6.0319, 9.5791, 7.3838, 6.2142, 8.6994, 8.953, 9.7758, 6.3446, 5.6009, 6.3451, 7.1018, 4.3878, 7.286, 9.6702, 7.1705, 6.4597, 9.3093],
  "initQU": [5.094, 2.5676, 2.6606, 3.9947, 3.1602, 3.3496, 1.3842, 2.2457, 1.8527, 1.74, 1.4479, 3.3483, 1.8136, 5.5912, 2.7384, 1.0839, 2.4706, 1.4785, 1.5704, 2.4181, 3.1193, 4.5646, 3.4281, 1.2024, 4.9418, 2.7457, 5.0967, 2.9104, 1.9415, 3.175, 2.2542, 1.7167, 2.219, 2.6648, 2.6854, 3.3413, 1.0144, 1.3396, 1.3075, 1.7908, 1.7058, 3.8227, 2.671, 4.3993, 3.4869, 2.6471, 2.0762, 1.5803, 4.8198, 3.0534]
}
