{
  "n_part": 50,
  "n_trials": 30,
  "LR_group": 0.43161015631631,
  "inv_temp_group": 4.64579226798378,
  "initQF_group": 8.09312103712,
  "initQU_group": 4.91175875207409,
  "mu_R_group": [
    [5],
    [5]
  ],
  "sigma_R_group": 2,
  "LR": [0.5324, 0.5627, 0.6839, 0.0617, 0.3016, 0.4874, 0.5348, 0.7213, 0.4231, 0.5225, 0.2738, 0.3809, 0.3326, 0.5441, 0.4684, 0.2773, 0.4941, 0.4598, 0.4444, 0.2658, 0.2287, 0.8664, 0.8733, 0.3446, 0.2804, 0.4951, 0.5082, 0.1724, 0.4278, 0.5243, 0.1044, 0.135, 0.3377, 0.6485, 0.3588, 0.3516, 0.5633, 0.7897, 0.289, 0.6301, 0.6083, 0.6526, 0.1048, 0.6424, 0.2932, 0.6491, 0.4131, 0.651, 0.9351, 0.5823],
  "inv_temp": [4.6817, 4.9007, 4.7973, 4.2892, 4.3156, 4.8576, 4.4713, 4.4439, 4.3821, 4.3571, 4.0692, 4.2075, 4.2252, 4.7198, 4.5827, 4.548, 4.3655, 4.2312, 4.7152, 4.7026, 4.6407, 4.9512, 4.7008, 4.8822, 4.4468, 4.9356, 4.9442, 4.5711, 4.8046, 4.4476, 4.1863, 4.4322, 4.425, 4.6838, 4.8995, 4.8579, 4.4631, 4.8005, 4.1918, 4.3113, 4.9442, 4.3437, 4.9894, 4.583, 4.747, 4.2551, 4.2114, 4.3698, 4.7482, 4.7711],
  "initQF": [7.5786, 6.8205, 6.5403, 7.6645, 6.7636, 8.0614, 5.4607, 5.6548, 4.3128, 8.554, 6.3371, 6.2899, 9.7777, 7.0241, 9.4983, 3.8704, 9.0154, 8.8893, 6.8403, 5.7154, 8.9731, 9.6998, 8.8633, 3.8751, 7.62, 5.604, 8.3101, 5.7156, 6.5327, 8.891, 7.0381, 7.5388, 3.7949, 5.8502, 8.964, 6.4095, 5.5931, 9.113, 6.7189, 6.9485, 7.3302, 6.8816, 6.3466, 3.0253, 5.4158, 8.2587, 6.6041, 8.7977, 8.1128, 3.8515],
  "initQU": [2.2392, 5.9383, 6.7133, 8.8444, 2.1823, 3.5777, 6.2285, 5.3846, 3.6322, 4.7531, 5.0305, 4.3308, 4.5709, 2.5716, 4.2195, 8.2356, 6.0387, 5.2528, 2.832, 6.1866, 7.1538, 3.3013, 2.6458, 5.9182, 3.5405, 7.2432, 5.3672, 4.2932, 5.2554, 2.3001, 4.4653, 4.8973, 5.1775, 5.4902, 3.8435, 6.1674, 5.0126, 6.6668, 4.9354, 7.6172, 1.9166, 7.3844, 4.5965, 5.5605, 3.8898, 6.8349, 5.805, 1.7729, 5.3498, 5.1348]
}
