{
  "n_part": 50,
  "n_trials": 30,
  "LR_group": 0.66214245557785,
  "inv_temp_group": 1.72349944710732,
  "initQF_group": 6.45088467001915,
  "initQU_group": 8.38368903123774,
  "mu_R_group": [
    [5],
    [5]
  ],
  "sigma_R_group": 2,
  "LR": [0.4768, 0.3039, 0.4684, 0.5763, 0.5412, 0.2348, 0.3971, 0.4703, 0.2027, 0.53, 0.1689, 0.4098, 0.6107, 0.354, 0.3049, 0.0778, 0.0375, 0.3487, 0.2651, 0.3801, 0.4871, 0.3605, 0.5072, 0.5723, 0.6546, 0.4428, 0.4279, 0.2398, 0.2765, 0.3171, 0.6679, 0.5947, 0.4247, 0.6728, 0.4824, 0.5536, 0.0347, 0.1804, 0.4, 0.6809, 0.5028, 0.6481, 0.7362, 0.3624, 0.4377, 0.727, 0.6577, 0.07, 0.3225, 0.3263],
  "inv_temp": [0.2061, 0.8669, 0.5615, 0.5114, 0.4952, 0.7373, 0.6187, 0.1188, 0.3297, 0.9804, 0.5005, 0.6772, 0.4655, 0.4098, 0.798, 0.9225, 1.0111, 0.3799, 0.2074, 0.2694, 0.7191, 0.1787, 0.0712, 0.3541, 0.9223, 0.6079, 0.7124, 1.1917, 0.5794, 0.6353, 0.4934, 0.0908, 0.727, 0.2155, 0.5518, 0.0196, 0.5473, 1.3133, 0.4162, 0.632, 0.2525, 0.2661, 0.9101, 0.8127, 0.7964, 0.4074, 0.1074, 0.4219, 0.3355, 0.1893],
  "initQF": [6.6853, 9.969, 8.7207, 6.6995, 6.6659, 7.8805, 7.2179, 7.6854, 7.7813, 9.0175, 5.2698, 7.4348, 7.9959, 8.6689, 8.9674, 8.5976, 7.2286, 8.2393, 9.9114, 5.2878, 9.1032, 8.4115, 8.055, 8.09, 8.0372, 7.1194, 6.8785, 5.9698, 9.6249, 7.4751, 8.7463, 7.9768, 6.0254, 9.8029, 8.5085, 6.2085, 8.9157, 8.1081, 8.347, 8.4314, 6.2681, 8.5301, 7.9973, 7.0213, 7.017, 9.838, 6.7885, 6.1079, 7.1561, 7.86],
  "initQU": [1.6344, 5.1664, 3.6169, 1.9614, 5.8319, 2.8955, 1.8916, 2.1627, 2.1426, 1.2451, 2.7443, 1.5768, 3.723, 2.3675, 3.087, 4.1005, 3.3283, 2.3108, 3.3248, 1.3109, 1.8822, 1.0733, 2.8301, 2.45, 4.102, 1.3621, 1.9896, 1.7857, 3.1468, 4.0409, 3.9501, 2.9658, 2.2801, 2.6158, 2.0093, 2.0688, 4.3398, 4.2316, 4.292, 2.3461, 7.1602, 2.1183, 3.5879, 3.0722, 2.9363, 3.5575, 1.4021, 4.5427, 4.1948, 2.3001]
}
