{
  "n_part": 50,
  "n_trials": 30,
  "LR_group": 0.0124635330867022,
  "inv_temp_group": 2.90297584142536,
  "initQF_group": 4.38424899009988,
  "initQU_group": 6.99239234440029,
  "mu_R_group": [
    [5],
    [5]
  ],
  "sigma_R_group": 2,
  "LR": [0.5245, 0.274, 0.2235, 0.902, 0.345, 0.621, 0.4028, 0.1774, 0.6243, 0.2719, 0.7773, 0.1734, 0.4188, 0.5487, 0.4867, 0.4813, 0.5072, 0.4704, 0.722, 0.3751, 0.0899, 0.6148, 0.6483, 0.4866, 0.7052, 0.3998, 0.5904, 0.4027, 0.5057, 0.7001, 0.4134, 0.3697, 0.4361, 0.0735, 0.3801, 0.5351, 0.4513, 0.4279, 0.8749, 0.3389, 0.1562, 0.5494, 0.6233, 0.7614, 0.2572, 0.3181, 0.4832, 0.3244, 0.8146, 0.3981],
  "inv_temp": [0.7779, 0.2165, 0.439, 0.4908, 0.8105, 0.7239, 0.2733, 0.8533, 0.5101, 0.4569, 0.2453, 0.6836, 0.6133, 0.3363, 0.4193, 0.6145, 0.6337, 0.6288, 0.3422, 0.9755, 0.6956, 0.6232, 0.9224, 0.6876, 0.5693, 0.9714, 0.2904, 0.6255, 0.5993, 0.5698, 0.3137, 0.1436, 0.2714, 0.5635, 0.0607, 0.3261, 0.4674, 0.6252, 0.0918, 0.2257, 0.9325, 0.3815, 1.2305, 0.3052, 0.315, 0.3017, 0.5575, 0.6366, 0.6275, 0.2494],
  "initQF": [6.6258, 3.846, 7.107, 7.5215, 9.1965, 7.5714, 9.9389, 8.3901, 8.9891, 8.9142, 9.1121, 5.8729, 9.3483, 9.5891, 7.1989, 6.1005, 7.2396, 5.1453, 7.5048, 5.9982, 8.3092, 6.3472, 9.8256, 8.9619, 6.922, 8.7301, 7.6785, 6.5827, 8.9581, 9.8283, 8.4569, 7.2506, 4.874, 8.0021, 6.0319, 9.5791, 7.3838, 6.2142, 8.6994, 8.953, 9.7758, 6.3446, 5.6009, 6.3451, 7.1018, 4.3878, 7.286, 9.6702, 7.1705, 6.4597],
  "initQU": [1.2735, 1.4151, 3.4969, 2.7789, 3.4556, 4.1656, 2.2452, 6.0828, 1.1073, 3.062, 2.9199, 1.9664, 4.2536, 4.0421, 2.3894, 1.4, 2.1627, 2.5097, 4.5695, 1.5704, 2.4181, 3.1193, 4.5646, 3.4281, 1.2024, 4.9418, 2.7457, 5.0967, 2.9104, 1.9415, 3.175, 2.2542, 1.7167, 2.219, 2.6648, 2.6854, 3.3413, 1.0144, 1.3396, 1.3075, 1.7908, 1.7058, 3.8227, 2.671, 4.3993, 3.4869, 2.6471, 2.0762, 1.5803, 4.8198]
}
