{
  "n_part": 50,
  "n_trials": 30,
  "LR_group": 0.837137673748657,
  "inv_temp_group": 3.57486922643147,
  "initQF_group": 5.51191788446158,
  "initQU_group": 9.26688818819821,
  "mu_R_group": [
    [5],
    [5]
  ],
  "sigma_R_group": 2,
  "LR": [0.7718, 0.5705, 0.6388, 0.6556, 0.8919, 0.9818, 0.6996, 0.6338, 0.7575, 0.8981, 0.6524, 0.824, 0.3906, 0.8582, 0.774, 0.9172, 0.6754, 0.8507, 0.9771, 0.9785, 0.806, 0.7964, 0.7115, 0.8334, 0.8475, 0.903, 0.8987, 0.4602, 0.9328, 0.6342, 0.6672, 0.7608, 0.8805, 0.8985, 0.8004, 0.6188, 0.9954, 0.7682, 0.878, 0.8588, 0.6297, 0.8041, 0.6978, 0.912, 0.567, 0.6867, 0.6819, 0.7331, 0.6828, 0.8748],
  "inv_temp": [3.3691, 3.5866, 3.7258, 3.4987, 4.0194, 3.4626, 3.4223, 3.8381, 3.1841, 3.4161, 2.9335, 3.5181, 3.6876, 3.2823, 3.497, 3.5911, 3.5765, 4.0665, 3.9318, 4.2049, 3.3335, 3.6221, 3.4163, 3.6091, 3.3802, 3.2778, 3.4187, 3.0562, 3.2966, 3.7849, 3.909, 3.5154, 3.9775, 3.0336, 3.696, 3.4953, 2.8963, 3.5937, 4.1805, 3.8474, 3.5153, 3.5238, 3.7039, 3.292, 4.0901, 3.5252, 3.8892, 3.5881, 3.2315, 3.3655],
  "initQF": [4.3397, 3.0487, 5.9103, 5.4512, 3.2143, 5.6087, 5.2827, 7.9426, 4.9699, 3.6709, 3.4843, 3.8153, 1.3456, 6.4669, 8.0023, 3.5182, 5.4752, 4.6352, 6.698, 6.6805, 5.1686, 5.6864, 3.0323, 4.5235, 8.7455, 3.1813, 5.1965, 2.8612, 7.4618, 3.515, 8.0878, 7.584, 2.8019, 4.155, 2.6185, 8.9825, 3.9908, 4.328, 2.5579, 8.9246, 7.2395, 7.1919, 2.4667, 4.4429, 5.7845, 6.7633, 2.3079, 3.6759, 4.3876, 4.2775],
  "initQU": [7.446, 9.144, 8.0268, 9.5086, 7.3011, 9.787, 7.4705, 8.7202, 9.2658, 6.1716, 7.553, 9.4928, 9.4464, 6.9186, 8.7984, 9.7809, 9.0029, 8.4646, 8.6348, 8.9557, 9.2723, 5.5829, 8.903, 8.8804, 9.5263, 8.9562, 7.6358, 5.3781, 9.4448, 8.7714, 6.1947, 6.7552, 4.8316, 9.4631, 9.0556, 6.5477, 7.6899, 9.3897, 8.2455, 8.7885, 8.5881, 4.9948, 8.3497, 8.3612, 6.027, 5.3622, 8.6452, 7.5782, 9.1194, 8.1945]
}
