{
  "n_part": 50,
  "n_trials": 30,
  "LR_group": 0.318150393432006,
  "inv_temp_group": 2.66825833474286,
  "initQ_group": [
    [9.36953105707653],
    [4.02162124635652]
  ],
  "mu_R_group": [
    [5],
    [5]
  ],
  "sigma_R_group": 2,
  "LR": [0.9596, 0.6785, 0.3837, 0.5208, 0.4592, 0.5518, 0.4373, 0.4614, 0.6793, 0.3749, 0.4737, 0.3709, 0.3138, 0.4437, 0.5192, 0.4039, 0.103, 0.408, 0.5683, 0.5119, 0.2346, 0.3094, 0.5597, 0.5654, 0.4606, 0.6308, 0.3705, 0.1741, 0.2451, 0.3091, 0.5021, 0.2163, 0.5451, 0.4919, 0.604, 0.5971, 0.2776, 0.3584, 0.5147, 0.3686, 0.3111, 0.4216, 0.4356, 0.5704, 0.5015, 0.1813, 0.8428, 0.6975, 0.5693, 0.2758],
  "inv_temp": [4.6918, 4.5973, 4.3957, 4.0376, 4.3497, 4.2558, 4.8248, 4.4352, 4.1606, 4.522, 4.4647, 4.3539, 4.1934, 4.2502, 4.3096, 4.765, 4.837, 4.6033, 4.4538, 4.6362, 4.4931, 4.3958, 4.9584, 4.6682, 4.3815, 4.4955, 4.7195, 4.7151, 4.8261, 4.3313, 4.23, 4.0777, 4.501, 4.6195, 4.3644, 4.2171, 3.9459, 4.7111, 4.7527, 4.1882, 4.7684, 4.9057, 4.3418, 3.9928, 4.2063, 4.7503, 4.6741, 4.3241, 4.3984, 4.4139],
  "initQF": [5.3506, 1.7212, 5.2527, 3.7868, 6.8788, 3.7726, 5.493, 2.6368, 5.4844, 3.0918, 3.7428, 2.2466, 1.5862, 4.3478, 2.08, 6.1922, 4.8466, 2.1374, 2.4478, 2.3998, 4.8407, 6.7904, 2.4109, 6.3552, 3.6022, 4.0264, 3.0219, 4.7627, 2.7166, 6.4719, 4.7331, 6.4047, 6.1305, 2.129, 5.7151, 3.4616, 3.8526, 5.6424, 4.1867, 3.508, 7.0019, 2.032, 3.1529, 2.2645, 5.284, 4.2434, 3.9672, 1.7245, 6.4598, 1.4556],
  "initQU": [6.9254, 1.4977, 3.5918, 4.1615, 3.544, 3.8749, 3.6316, 4.8007, 4.0091, 1.4311, 1.7174, 4.8635, 1.1398, 1.3903, 3.3008, 2.0221, 2.9201, 2.7522, 5.2126, 5.5496, 3.5973, 6.3379, 7.9028, 2.5879, 2.5398, 1.9864, 7.2774, 4.6832, 1.957, 2.5163, 3.1167, 1.4598, 4.4243, 1.9087, 3.8104, 2.9139, 6.801, 4.1469, 4.3324, 3.3598, 1.1391, 1.9611, 4.5776, 1.6191, 3.1117, 5.8228, 2.7966, 2.5112, 2.8523, 4.0079]
}
