{
  "n_part": 50,
  "n_trials": 30,
  "LR_group": 0.435459685511887,
  "inv_temp_group": 3.5757687932346,
  "initQF_group": 3.9811688028276,
  "initQU_group": 4.19877311983146,
  "mu_R_group": [
    [5],
    [5]
  ],
  "sigma_R_group": 2,
  "LR": [0.7244, 0.49, 0.6736, 0.6293, 0.7218, 0.4596, 0.2061, 0.6403, 0.3867, 0.2275, 0.5462, 0.4874, 0.502, 0.3718, 0.5137, 0.4414, 0.5825, 0.5035, 0.3435, 0.7636, 0.5882, 0.6405, 0.2601, 0.3017, 0.3993, 0.6624, 0.6258, 0.1983, 0.3424, 0.0965, 0.4798, 0.1657, 0.3355, 0.483, 0.2247, 0.207, 0.496, 0.2323, 0.4557, 0.3703, 0.3622, 0.9287, 0.5133, 0.4401, 0.1562, 0.2802, 0.6573, 0.3884, 0.5855, 0.4829],
  "inv_temp": [3.4926, 3.6722, 3.106, 3.7457, 3.3687, 3.2201, 3.7594, 3.6625, 3.2938, 3.4863, 3.4501, 3.0933, 3.9178, 3.375, 3.3933, 3.4233, 3.7033, 3.0394, 3.7531, 3.0823, 4.13, 3.5289, 3.7677, 3.6304, 3.7031, 3.5033, 3.6004, 3.491, 3.2378, 3.6504, 2.8519, 3.8538, 3.6647, 3.999, 3.3456, 3.6829, 4.1205, 3.1894, 4.1095, 3.4997, 3.2014, 3.7284, 3.4523, 3.6505, 3.4457, 3.6965, 3.438, 3.5385, 3.7225, 4.3606],
  "initQF": [3.6702, 1.127, 4.4202, 1.7769, 3.5695, 4.5814, 5.9993, 8.2342, 5.8605, 6.7162, 7.4516, 3.4204, 2.3413, 7.6796, 3.7074, 1.5564, 2.3574, 6.0083, 4.4225, 3.445, 3.2781, 2.7636, 7.4114, 5.4193, 4.0915, 3.8443, 7.6034, 3.9725, 5.0634, 3.6557, 6.3133, 4.1417, 1.4636, 5.3683, 5.5635, 1.8575, 4.8025, 3.175, 4.9856, 5.6256, 5.6201, 6.6598, 3.2862, 9.1571, 5.0161, 3.7725, 1.1103, 2.0038, 3.967, 6.7591],
  "initQU": [2.4519, 5.7216, 3.5023, 5.3794, 5.1274, 3.8477, 7.3434, 2.1335, 3.194, 5.1273, 6.1911, 3.5387, 2.4275, 2.861, 1.5374, 1.8846, 4.9283, 2.8642, 6.4412, 8.1456, 4.3024, 1.0376, 4.8932, 4.9896, 3.1908, 2.1426, 6.9717, 1.5675, 4.4196, 3.5833, 3.6881, 7.2347, 8.6272, 8.6663, 4.2321, 2.7048, 2.2874, 9.1608, 2.4236, 5.8213, 4.2318, 5.0151, 6.8788, 5.1529, 3.3615, 4.6147, 3.5005, 5.4764, 3.7384, 7.4115]
}
