{
  "n_part": 50,
  "n_trials": 30,
  "LR_group": 0.696028719656169,
  "inv_temp_group": 1.37916170642711,
  "initQ_group": [
    [6.7286805191543],
    [2.85097379563376]
  ],
  "mu_R_group": [
    [5],
    [5]
  ],
  "sigma_R_group": 2,
  "LR": [0.2512, 0.6582, 0.5496, 0.5723, 0.6245, 0.2284, 0.3624, 0.3871, 0.4899, 0.0138, 0.2915, 0.6609, 0.6303, 0.8072, 0.3293, 0.2429, 0.6847, 0.5437, 0.3469, 0.4045, 0.6508, 0.2399, 0.6155, 0.2571, 0.3766, 0.3683, 0.1791, 0.3227, 0.4978, 0.6476, 0.763, 0.2055, 0.5827, 0.7024, 0.1835, 0.2059, 0.3692, 0.7892, 0.5338, 0.5363, 0.5033, 0.4292, 0.44, 0.7053, 0.8737, 0.4906, 0.4067, 0.6085, 0.6696, 0.3444],
  "inv_temp": [4.1225, 4.5703, 4.0356, 4.0697, 4.1296, 4.2914, 4.5333, 4.622, 4.4235, 4.3465, 4.5989, 4.6042, 4.4753, 4.0767, 4.4861, 4.864, 4.6267, 4.7174, 4.386, 4.8201, 4.0197, 4.1843, 4.4756, 4.5212, 4.5876, 4.7501, 4.2274, 4.2286, 4.0807, 4.2114, 4.5743, 4.9921, 4.1738, 4.6804, 4.441, 4.5665, 4.2294, 4.1287, 4.1813, 4.8126, 4.8074, 4.357, 4.318, 4.5257, 4.9445, 4.921, 4.6189, 4.7861, 4.0268, 4.8789],
  "initQF": [1.5576, 2.3384, 4.135, 3.2365, 3.2476, 2.9791, 1.8722, 2.9248, 4.0822, 4.0433, 5.4587, 6.4637, 6.1993, 4.8467, 4.5523, 2.455, 5.505, 4.9229, 2.1107, 4.9111, 4.9571, 4.1911, 4.5226, 6.8772, 1.9143, 2.2087, 2.8803, 1.9247, 5.3873, 2.4715, 4.5792, 3.3017, 5.6343, 2.9255, 4.3685, 3.6021, 6.7041, 8.1632, 4.6562, 5.2886, 1.8837, 1.748, 7.4653, 3.6519, 4.1813, 1.0251, 3.9432, 3.5715, 3.8694, 2.6437],
  "initQU": [2.5449, 5.3358, 3.9622, 4.7178, 3.5484, 3.5899, 4.0156, 3.3437, 2.0702, 6.215, 3.8489, 3.8621, 6.4354, 3.0875, 6.525, 5.0895, 2.6934, 3.5714, 3.6735, 4.2399, 4.6909, 4.3135, 4.479, 5.1603, 7.4893, 6.8102, 2.7511, 2.8338, 5.866, 3.805, 3.6523, 4.7413, 3.4385, 5.2637, 3.8835, 2.8458, 3.1526, 4.2644, 5.1291, 3.439, 3.2398, 7.208, 2.6517, 1.6705, 2.6079, 5.2445, 2.3318, 3.2146, 2.6707, 2.5807]
}
