{
  "n_part": 50,
  "n_trials": 30,
  "LR_group": 0.883855590829626,
  "inv_temp_group": 1.54128087335266,
  "initQF_group": 5.19443844701163,
  "initQU_group": 5.37251924071461,
  "mu_R_group": [
    [5],
    [5]
  ],
  "sigma_R_group": 2,
  "LR": [0.7176, 0.6449, 0.4202, 0.8723, 0.9347, 0.9859, 0.7782, 0.8231, 0.5155, 0.8489, 0.6373, 0.8951, 0.9113, 0.9472, 0.7607, 0.9077, 0.741, 0.7026, 0.5499, 0.9222, 0.9312, 0.7401, 0.9276, 0.8006, 0.9059, 0.8055, 0.9506, 0.5184, 0.8807, 0.8775, 0.9777, 0.7406, 0.8089, 0.7146, 0.9127, 0.8766, 0.7531, 0.9028, 0.9454, 0.7168, 0.6138, 0.8415, 0.3535, 0.8929, 0.5451, 0.8344, 0.9781, 0.9927, 0.7978, 0.9881],
  "inv_temp": [1.5742, 1.4119, 1.9295, 2.0712, 1.7251, 1.6902, 1.9346, 1.4104, 1.3825, 1.2121, 1.4937, 1.0229, 2.0963, 1.4587, 1.4482, 1.4347, 1.5895, 1.4057, 1.4057, 1.4795, 1.7913, 1.5757, 1.6039, 1.8994, 1.6389, 1.3365, 1.0234, 1.6848, 1.8209, 1.528, 1.7959, 1.3072, 1.4226, 1.3393, 1.1145, 1.7272, 1.7578, 0.9836, 1.6655, 1.9505, 1.3505, 1.848, 1.0695, 1.7477, 1.4869, 1.5135, 1.9588, 1.4533, 1.4416, 1.5843],
  "initQF": [3.9386, 5.2264, 7.1393, 2.9228, 4.8144, 5.7479, 8.8382, 3.4263, 3.0919, 5.0604, 3.3795, 4.3441, 4.3523, 4.8584, 2.8071, 3.4278, 2.9789, 4.1773, 3.4466, 5.7784, 5.9246, 4.0718, 4.2548, 4.1436, 1.2753, 5.8247, 1.2495, 5.6572, 3.9049, 6.6663, 3.0519, 5.0276, 1.5113, 6.0098, 3.5791, 2.3717, 3.4331, 7.5407, 3.373, 6.0879, 3.9629, 1.3851, 2.0742, 3.0167, 3.9595, 4.9986, 7.9518, 5.0503, 2.5335, 3.1797],
  "initQU": [7.2132, 4.453, 3.8596, 9.3186, 4.8511, 5.8829, 1.3423, 4.9436, 5.0724, 5.5775, 7.514, 4.9643, 4.3794, 1.9026, 6.3973, 7.2272, 6.8949, 2.923, 2.2135, 7.1356, 4.878, 5.9901, 2.124, 5.6987, 2.1649, 7.1505, 5.565, 4.9042, 2.0684, 3.7156, 4.1002, 7.8809, 5.824, 9.7543, 5.8793, 4.8825, 4.0773, 5.2652, 4.485, 4.2913, 3.7052, 8.7517, 5.1561, 4.9997, 6.211, 4.6332, 5.9818, 5.514, 5.5689, 6.3265]
}
