{
  "n_part": 50,
  "n_trials": 30,
  "LR_group": 0.279806784586981,
  "inv_temp_group": 0.634159614564851,
  "initQF_group": 4.94211804727092,
  "initQU_group": 2.50163183780387,
  "mu_R_group": [
    [5],
    [5]
  ],
  "sigma_R_group": 2,
  "LR": [0.4155, 0.0222, 0.7474, 0.4553, 0.4731, 0.1163, 0.3291, 0.225, 0.3434, 0.3228, 0.3529, 0.358, 0.3276, 0.0737, 0.2175, 0.1754, 0.2356, 0.0955, 0.412, 0.251, 0.3212, 0.3233, 0.422, 0.635, 0.1466, 0.5941, 0.3445, 0.4457, 0.0883, 0.3375, 0.3506, 0.4384, 0.6166, 0.0919, 0.2352, 0.504, 0.1418, 0.0901, 0.2088, 0.4284, 0.6122, 0.3432, 0.432, 0.4853, 0.277, 0.1505, 0.4177, 0.2563, 0.3451, 0.2539],
  "inv_temp": [0.4654, 0.4599, 0.4698, 0.6889, 0.3517, 0.2524, 0.8693, 0.2894, 0.7413, 0.8606, 1.1203, 0.6585, 1.3381, 1.2909, 0.3042, 0.7489, 0.3212, 0.3899, 0.306, 0.3816, 0.5394, 0.596, 0.9298, 0.7163, 0.6798, 0.4935, 0.4875, 0.4569, 0.4127, 0.5276, 0.3679, 1.0108, 0.6332, 0.6047, 1.2512, 0.9276, 1.015, 0.7162, 0.4201, 0.2007, 0.6042, 0.948, 0.8392, 1.0804, 1.1144, 0.883, 0.5631, 0.5657, 0.5044, 0.565],
  "initQF": [4.9125, 4.3299, 4.4891, 3.0083, 8.326, 8.8897, 4.3951, 5.1979, 3.583, 4.7175, 6.1136, 3.7455, 3.6368, 6.8751, 6.7941, 2.7323, 7.1649, 6.122, 2.8586, 4.7835, 1.0012, 5.4077, 1.3501, 6.9918, 5.7306, 2.0626, 6.9028, 4.5996, 7.0857, 1.2608, 7.4502, 2.6397, 7.012, 6.5783, 5.3531, 4.6414, 4.0798, 6.4692, 4.9384, 9.972, 6.1532, 6.486, 5.6367, 3.7478, 2.8462, 8.7876, 6.174, 7.2865, 3.9773, 6.0513],
  "initQU": [2.9616, 3.8308, 3.0085, 3.7, 2.292, 2.3341, 1.6354, 1.1063, 3.736, 1.7139, 3.2239, 1.8593, 4.6321, 3.9162, 4.9352, 4.5247, 2.7144, 4.6639, 1.6424, 1.2007, 2.487, 4.4285, 4.1341, 2.5491, 8.2721, 1.1661, 4.7315, 3.0315, 2.3085, 2.1777, 6.196, 6.5801, 2.938, 1.8244, 4.3332, 3.1471, 1.3026, 3.6379, 4.395, 2.5127, 4.0256, 4.4036, 1.3572, 2.9505, 3.891, 1.9551, 4.275, 1.1772, 5.0449, 4.0177]
}
