{
  "n_part": 50,
  "n_trials": 30,
  "LR_group": 0.986353153595701,
  "inv_temp_group": 1.1333038425073,
  "initQ_group": [
    [3.50065498263575],
    [8.69722408335656]
  ],
  "mu_R_group": [
    [5],
    [5]
  ],
  "sigma_R_group": 2,
  "LR": [0.7748, 0.3547, 0.6109, 0.594, 0.6783, 0.256, 0.2681, 0.558, 0.445, 0.6944, 0.5271, 0.6327, 0.4162, 0.1108, 0.4719, 0.361, 0.5902, 0.5707, 0.5946, 0.751, 0.6164, 0.5252, 0.9754, 0.5502, 0.4389, 0.6788, 0.3257, 0.418, 0.2185, 0.1323, 0.1459, 0.4117, 0.6055, 0.3218, 0.5523, 0.5708, 0.2418, 0.3226, 0.369, 0.39, 0.5419, 0.5825, 0.7058, 0.4662, 0.4542, 0.2748, 0.5551, 0.3414, 0.351, 0.5135],
  "inv_temp": [4.3839, 4.74, 4.4176, 4.1237, 4.6537, 4.1735, 4.0688, 4.9728, 4.7548, 4.5071, 4.4042, 4.0273, 4.3217, 4.1598, 4.393, 4.6959, 4.2017, 3.6737, 4.5405, 4.2814, 4.7582, 4.5535, 4.2476, 4.3221, 4.8502, 4.487, 4.5328, 4.413, 4.1465, 4.2226, 4.9882, 4.5723, 4.3202, 4.0962, 4.4024, 4.4966, 4.5471, 4.0293, 4.5819, 4.9608, 4.7931, 4.7264, 4.4484, 4.1987, 4.4463, 4.3139, 4.2021, 4.4715, 4.622, 4.3421],
  "initQF": [4.1445, 2.4211, 7.3263, 1.8007, 6.0148, 4.3009, 5.0628, 3.169, 3.6117, 3.4813, 4.9628, 6.2536, 2.7085, 5.7016, 2.8564, 3.5599, 6.9573, 4.8395, 1.5091, 4.0424, 7.2228, 6.4161, 4.3164, 4.0054, 2.9235, 6.7883, 3.9399, 4.4165, 5.0501, 5.8518, 4.263, 5.6371, 5.9472, 2.7444, 7.0616, 2.7753, 3.5092, 7.3843, 4.6827, 2.6261, 5.6233, 5.977, 4.4289, 2.1097, 2.5361, 7.1926, 3.2984, 5.1895, 3.6788, 4.1711],
  "initQU": [3.0437, 2.7813, 4.935, 5.0368, 4.2527, 4.0943, 6.7422, 2.8353, 1.8253, 2.8668, 4.0622, 5.2901, 2.1485, 2.8809, 3.7578, 7.8906, 1.6945, 2.6406, 2.2678, 3.0456, 3.1404, 4.3456, 6.6801, 2.9518, 5.2004, 5.4255, 3.6982, 3.915, 4.9516, 6.3323, 3.8468, 5.2166, 8.1306, 6.2682, 3.7444, 4.5561, 2.7252, 1.5067, 1.7579, 4.4721, 1.0487, 4.7481, 4.9858, 3.9546, 5.2246, 1.1807, 2.1359, 5.3346, 5.7822, 2.9113]
}
