{
  "n_part": 50,
  "n_trials": 30,
  "LR_group": 0.266186641762033,
  "inv_temp_group": 0.976151312934235,
  "initQ_group": [
    [8.34172845911235],
    [8.80351093015634]
  ],
  "mu_R_group": [
    [5],
    [5]
  ],
  "sigma_R_group": 2,
  "LR": [0.6797, 0.8567, 0.3952, 0.3998, 0.1979, 0.5021, 0.5616, 0.5219, 0.076, 0.6962, 0.4269, 0.7369, 0.4052, 0.1583, 0.421, 0.2311, 0.083, 0.6145, 0.4664, 0.1556, 0.6456, 0.2708, 0.6563, 0.2734, 0.6517, 0.6619, 0.501, 0.5755, 0.5006, 0.3807, 0.605, 0.8766, 0.3585, 0.5641, 0.4892, 0.3166, 0.7254, 0.7368, 0.4173, 0.3249, 0.339, 0.4923, 0.5981, 0.4797, 0.3169, 0.4618, 0.7121, 0.5221, 0.5057, 0.3803],
  "inv_temp": [4.7372, 4.3667, 4.5009, 4.3828, 4.1458, 4.4995, 4.3494, 3.9779, 4.6324, 4.8435, 4.8577, 4.1925, 4.8081, 4.9056, 4.4941, 4.3137, 4.9767, 4.4832, 4.5686, 4.8201, 4.2197, 4.524, 4.6423, 4.4027, 4.5847, 4.1019, 4.5099, 4.4253, 3.8723, 4.2185, 4.5191, 4.1295, 4.7992, 4.8348, 4.3251, 4.4776, 4.7464, 4.4889, 4.7825, 4.3138, 4.3739, 4.8787, 4.104, 4.2236, 4.8532, 4.5284, 4.544, 4.3992, 4.2146, 4.4949],
  "initQF": [5.8052, 2.277, 3.5834, 7.0208, 6.3193, 7.3698, 2.7405, 3.5194, 4.4117, 4.6295, 4.2784, 7.9005, 5.46, 3.6102, 2.462, 3.9293, 3.604, 1.2522, 2.4171, 5.6519, 2.2603, 2.236, 2.5529, 4.0999, 4.399, 2.932, 5.9536, 6.9977, 5.6118, 1.2503, 4.0356, 5.2167, 2.8989, 4.9808, 3.4258, 4.5569, 4.3837, 4.5075, 3.7045, 3.4205, 2.6822, 2.6659, 5.0375, 1.285, 4.2533, 7.1457, 4.2786, 2.8307, 3.8847, 3.8799],
  "initQU": [4.0132, 5.2924, 4.1979, 1.4111, 4.1202, 6.0675, 3.5611, 5.7165, 1.4594, 4.6635, 3.8648, 3.2563, 4.5332, 4.2109, 4.8357, 4.1625, 4.1784, 2.5398, 4.8905, 4.7154, 5.8188, 4.0929, 2.1793, 2.6851, 2.7761, 8.1147, 7.2686, 5.4678, 4.841, 4.1423, 1.4257, 3.5933, 1.5157, 7.2795, 2.9628, 3.9135, 5.582, 5.8182, 3.5089, 4.5739, 6.1074, 2.7947, 2.0426, 2.6012, 3.347, 5.416, 2.9702, 3.6726, 2.7389, 5.474]
}
