{
  "n_part": 50,
  "n_trials": 30,
  "LR_group": 0.926882368978113,
  "inv_temp_group": 3.55617967201397,
  "initQ_group": [
    [3.97547457786277],
    [5.48998120124452]
  ],
  "mu_R_group": [
    [5],
    [5]
  ],
  "sigma_R_group": 2,
  "LR": [0.3274, 0.9068, 0.3329, 0.6024, 0.2758, 0.6483, 0.1823, 0.2331, 0.4665, 0.6092, 0.2976, 0.1588, 0.2136, 0.7915, 0.7135, 0.3604, 0.4252, 0.783, 0.7449, 0.3129, 0.3278, 0.296, 0.6176, 0.417, 0.3956, 0.3223, 0.3039, 0.2545, 0.2463, 0.0798, 0.6234, 0.4234, 0.3023, 0.3484, 0.404, 0.6748, 0.4862, 0.5083, 0.4852, 0.4332, 0.1684, 0.1897, 0.2065, 0.0562, 0.7024, 0.4371, 0.3899, 0.2872, 0.513, 0.6783],
  "inv_temp": [4.977, 4.1891, 4.1087, 4.8944, 4.3098, 4.5086, 4.1729, 3.8235, 4.3097, 4.0117, 4.9383, 4.3292, 4.8576, 4.5584, 4.779, 4.4379, 4.286, 4.792, 4.3881, 4.2792, 4.6588, 4.3219, 4.8513, 4.3125, 4.2991, 4.4522, 4.365, 4.1582, 4.2828, 4.122, 4.5587, 4.6233, 4.5548, 4.4312, 4.6724, 4.547, 4.1825, 4.6676, 4.7391, 4.6484, 4.7401, 4.1973, 4.9122, 4.0932, 4.7608, 4.4928, 4.51, 4.6025, 4.6778, 4.2024],
  "initQF": [4.069, 3.0653, 2.4521, 6.8567, 6.7112, 5.6347, 6.4693, 4.2067, 2.2582, 3.574, 3.4469, 1.6394, 5.5745, 4.8914, 4.7787, 2.6253, 7.548, 9.9468, 6.1694, 5.7207, 2.8108, 3.2999, 1.4527, 3.2967, 1.2126, 1.2346, 5.1486, 2.4402, 3.6332, 6.2885, 3.66, 1.6491, 4.5578, 3.2715, 5.402, 4.7349, 1.7847, 2.7958, 2.2382, 4.3435, 4.6039, 3.8575, 4.6262, 2.2977, 5.2737, 3.8141, 1.8294, 1.6344, 4.5861, 1.2027],
  "initQU": [4.8843, 2.1278, 2.1915, 5.4658, 3.6723, 2.3921, 2.0567, 2.1398, 7.106, 1.6628, 3.1236, 1.8504, 5.3733, 7.0029, 1.651, 3.6316, 4.3292, 2.4162, 4.6254, 4.8096, 2.4504, 3.5555, 2.7937, 5.7856, 1.7799, 4.004, 3.1276, 1.0132, 3.1554, 3.5009, 5.5558, 6.5439, 1.8374, 2.0787, 5.6881, 4.1722, 1.0705, 1.842, 7.1193, 2.3718, 4.5479, 3.009, 1.2676, 2.984, 5.7623, 3.4973, 5.6623, 6.4277, 8.1883, 6.6651]
}
