{
  "n_part": 50,
  "n_trials": 30,
  "LR_group": 0.363246054854244,
  "inv_temp_group": 3.53366836323403,
  "initQ_group": [
    [5.92558636004105],
    [2.97940148995258]
  ],
  "mu_R_group": [
    [5],
    [5]
  ],
  "sigma_R_group": 2,
  "LR": [0.6621, 0.8543, 0.3455, 0.4158, 0.2627, 0.6151, 0.3081, 0.2234, 0.368, 0.7676, 0.5766, 0.3866, 0.5516, 0.5538, 0.712, 0.3185, 0.5145, 0.3416, 0.3529, 0.3013, 0.3827, 0.371, 0.1248, 0.4036, 0.6257, 0.5445, 0.5367, 0.6531, 0.6453, 0.5217, 0.6352, 0.3277, 0.5587, 0.4458, 0.6517, 0.5019, 0.2834, 0.4936, 0.7497, 0.4828, 0.613, 0.7843, 0.6748, 0.8099, 0.6027, 0.3999, 0.4187, 0.2969, 0.1126, 0.849],
  "inv_temp": [4.735, 4.2066, 4.3041, 4.1816, 4.8827, 4.6393, 4.9479, 4.3923, 4.0445, 3.9675, 4.2839, 4.3004, 4.4099, 4.0742, 4.3453, 3.5957, 4.9066, 4.5359, 4.8165, 4.1121, 4.3658, 4.4285, 4.7492, 4.8323, 4.601, 4.2952, 3.845, 4.2495, 4.7048, 4.6673, 4.0133, 4.0303, 4.2984, 4.2574, 4.32, 4.0008, 4.2421, 4.413, 4.1768, 4.3873, 4.3252, 4.4407, 4.5768, 4.3153, 4.5737, 4.6101, 4.9378, 4.5381, 4.4355, 4.275],
  "initQF": [6.3368, 2.8463, 2.606, 1.4906, 3.2614, 4.6587, 3.3222, 4.0884, 1.1862, 3.0679, 5.8447, 2.8428, 1.8741, 6.5889, 4.5158, 5.1022, 2.2029, 6.0236, 2.133, 7.2829, 3.2554, 4.2649, 3.2111, 3.795, 7.6796, 6.0413, 3.654, 6.2891, 2.0536, 8.4583, 1.856, 7.311, 2.2711, 6.3757, 2.0811, 2.4823, 3.3571, 3.4546, 1.6472, 1.1023, 4.0369, 5.5097, 3.8781, 3.7969, 5.3034, 1.2501, 6.9156, 7.4901, 5.683, 6.3635],
  "initQU": [6.0438, 3.2598, 3.0362, 3.8668, 7.8493, 2.8777, 5.707, 5.9914, 4.0963, 1.6766, 3.1581, 3.3113, 3.3089, 6.0926, 6.123, 2.6305, 6.2629, 3.2657, 4.0078, 3.938, 3.6437, 2.5689, 6.1124, 2.3933, 1.5844, 4.0503, 3.7798, 3.1431, 3.6414, 6.9198, 2.0724, 3.2557, 5.5886, 5.5424, 1.1305, 2.2928, 4.5756, 5.6629, 1.7474, 3.0681, 1.8743, 2.3113, 1.6756, 3.21, 2.842, 4.0394, 2.3537, 6.3719, 2.4178, 3.576]
}
