{
  "n_part": 50,
  "n_trials": 30,
  "LR_group": 0.262681369902566,
  "inv_temp_group": 2.11842798278667,
  "initQ_group": [
    [1.70663233613595],
    [3.18309399555437]
  ],
  "mu_R_group": [
    [5],
    [5]
  ],
  "sigma_R_group": 2,
  "LR": [0.4238, 0.6966, 0.4563, 0.2107, 0.5921, 0.5688, 0.3533, 0.3515, 0.4908, 0.3986, 0.5505, 0.4473, 0.5562, 0.1609, 0.4209, 0.4312, 0.7351, 0.954, 0.173, 0.6348, 0.5385, 0.3457, 0.3979, 0.5924, 0.3484, 0.4753, 0.2096, 0.5193, 0.2776, 0.5712, 0.4037, 0.4697, 0.7293, 0.8827, 0.657, 0.5309, 0.4444, 0.624, 0.263, 0.1751, 0.3231, 0.241, 0.5222, 0.8534, 0.6725, 0.6454, 0.5917, 0.9105, 0.5262, 0.5046],
  "inv_temp": [4.6502, 4.3638, 4.6099, 4.6093, 4.1355, 4.4106, 3.93, 4.0316, 4.284, 4.2314, 4.6414, 4.3638, 4.6778, 4.2836, 4.7066, 4.9233, 4.4041, 4.7954, 4.2879, 4.5678, 4.4807, 4.5475, 4.8159, 4.879, 4.3413, 4.493, 4.4152, 3.9993, 4.3338, 4.9308, 4.7232, 4.4651, 4.6879, 4.816, 4.5836, 4.3055, 4.13, 4.421, 4.4372, 4.0736, 4.6007, 4.3504, 4.8414, 4.599, 4.2607, 4.0952, 3.9683, 4.3951, 4.4683, 4.4906],
  "initQF": [6.6628, 4.9735, 3.1199, 3.6761, 4.3937, 4.0924, 4.1842, 3.9442, 4.5903, 3.6714, 4.0866, 5.3973, 5.1599, 3.959, 2.5952, 1.6101, 3.3226, 4.9078, 3.414, 4.1331, 4.6511, 5.0874, 4.403, 1.9405, 1.8655, 4.8708, 4.1126, 5.1864, 3.3325, 4.4935, 5.2338, 5.0426, 4.2145, 1.211, 2.6279, 4.6895, 4.0607, 3.8785, 5.929, 4.7289, 4.453, 4.7951, 1.8852, 1.3658, 4.1462, 2.8948, 3.217, 4.7216, 5.8143, 3.0402],
  "initQU": [4.3351, 4.0612, 1.0145, 3.4209, 6.4333, 4.3691, 4.976, 2.5358, 5.6321, 3.5736, 2.292, 5.613, 3.798, 3.3266, 4.7974, 6.7739, 3.7745, 2.5451, 4.0438, 4.2809, 3.4085, 3.5584, 6.147, 5.6026, 3.5339, 4.0039, 2.2197, 3.2073, 6.7745, 5.2014, 5.3735, 4.3459, 5.4606, 4.0214, 4.195, 1.2042, 3.4706, 5.1905, 6.2921, 3.6168, 2.0977, 4.4046, 3.9421, 2.7382, 3.7911, 1.6067, 7.9314, 5.892, 1.6047, 6.8182]
}
