{
  "n_part": 50,
  "n_trials": 30,
  "LR_group": 0.477467213058844,
  "inv_temp_group": 4.24228593939915,
  "initQ_group": [
    [9.98379461909644],
    [6.29720753594302]
  ],
  "mu_R_group": [
    [5],
    [5]
  ],
  "sigma_R_group": 2,
  "LR": [0.7247, 0.5678, 0.6618, 0.4136, 0.2526, 0.3879, 0.284, 0.6566, 0.6033, 0.289, 0.5944, 0.2211, 0.3508, 0.8602, 0.4285, 0.7444, 0.4652, 0.6759, 0.4742, 0.2009, 0.5629, 0.3222, 0.3156, 0.2419, 0.0993, 0.9599, 0.5372, 0.5115, 0.3182, 0.4727, 0.5829, 0.3849, 0.16, 0.5426, 0.6691, 0.3745, 0.4706, 0.7796, 0.6081, 0.5886, 0.604, 0.6627, 0.214, 0.566, 0.3688, 0.561, 0.3371, 0.3731, 0.5876, 0.8291],
  "inv_temp": [4.2881, 3.6097, 4.952, 4.4628, 4.2243, 4.0435, 4.3483, 4.1081, 4.9712, 4.7107, 4.5717, 4.2052, 4.1566, 4.1143, 4.6723, 4.2589, 4.1171, 4.1974, 4.0262, 4.4703, 4.5443, 4.1071, 4.7034, 4.3267, 4.6903, 4.1023, 4.201, 4.6176, 4.2072, 4.3912, 4.0337, 4.3796, 4.7711, 4.3617, 4.8932, 4.7176, 4.2492, 4.6358, 4.4266, 4.3507, 3.9092, 4.5484, 4.4899, 4.0713, 4.7635, 3.6188, 4.272, 4.3753, 4.6746, 4.8933],
  "initQF": [3.3776, 3.1531, 2.5569, 3.6065, 4.7687, 6.7142, 4.3453, 2.9596, 2.5332, 1.4407, 3.3029, 1.1768, 2.8971, 2.0747, 2.9278, 3.8239, 2.0226, 7.2266, 3.8141, 5.7195, 1.6688, 5.7168, 5.1869, 2.7289, 6.7446, 3.7224, 1.8775, 3.5269, 1.5531, 4.7403, 3.6603, 2.4503, 1.6941, 2.8377, 6.6169, 2.7606, 2.8328, 4.8029, 2.5781, 6.1273, 2.3836, 2.9927, 4.806, 2.1926, 2.6046, 3.176, 1.2885, 5.7686, 5.3313, 2.1346],
  "initQU": [4.0255, 3.7601, 3.1682, 6.8543, 2.8024, 2.216, 3.4126, 6.4389, 6.7899, 1.235, 2.2008, 4.2647, 4.3048, 2.137, 2.4204, 1.7436, 4.9163, 4.2326, 4.7008, 2.0703, 5.3309, 3.7452, 1.5982, 3.708, 2.6825, 2.9427, 2.067, 4.7022, 1.3705, 7.8266, 2.4517, 2.9229, 4.298, 3.8225, 2.223, 3.2163, 1.9144, 3.1551, 6.5886, 5.5736, 5.2611, 5.0687, 4.1432, 2.6792, 4.5636, 5.8608, 1.5046, 6.2365, 5.9831, 4.9494]
}
