{
  "n_part": 50,
  "n_trials": 30,
  "LR_group": 0.246019632555544,
  "inv_temp_group": 0.450930533697829,
  "initQ_group": [
    [1.30979942437261],
    [6.91321905166842]
  ],
  "mu_R_group": [
    [5],
    [5]
  ],
  "sigma_R_group": 2,
  "LR": [0.1821, 0.5258, 0.5693, 0.65, 0.4781, 0.4672, 0.5426, 0.6331, 0.7334, 0.7429, 0.3516, 0.4195, 0.147, 0.3505, 0.7331, 0.5373, 0.7004, 0.3737, 0.3074, 0.5535, 0.5634, 0.7565, 0.5198, 0.6542, 0.61, 0.7095, 0.1835, 0.7316, 0.2817, 0.3279, 0.3859, 0.3904, 0.6114, 0.3973, 0.3236, 0.4259, 0.6498, 0.1625, 0.3456, 0.6009, 0.4895, 0.7694, 0.2337, 0.3137, 0.2513, 0.2143, 0.1586, 0.4294, 0.8807, 0.2063],
  "inv_temp": [4.5162, 3.9136, 4.6734, 4.6473, 4.0879, 4.4713, 4.4326, 4.4918, 4.5754, 4.3596, 4.3872, 4.3288, 4.319, 4.2117, 4.8478, 4.2998, 4.3256, 4.7152, 4.397, 4.6693, 4.3485, 4.3889, 4.1699, 4.5987, 4.6745, 4.4348, 4.7217, 4.4793, 4.7836, 4.3887, 4.4367, 4.7721, 4.3791, 4.6531, 4.8008, 4.3051, 4.5338, 4.8568, 4.2926, 4.0897, 4.9307, 4.3709, 4.2373, 3.9498, 4.3497, 4.3985, 4.109, 4.7559, 4.669, 4.9006],
  "initQF": [2.4845, 2.8261, 4.8701, 4.1601, 5.4619, 4.3686, 2.0177, 5.3894, 2.9256, 1.8732, 5.4769, 6.1272, 2.5751, 3.3393, 2.2265, 2.8722, 4.9503, 6.4141, 5.2954, 7.7887, 1.7303, 1.7861, 5.2684, 2.2851, 1.4911, 5.4147, 3.1583, 1.1255, 4.5405, 3.691, 4.5396, 4.763, 5.3728, 4.6366, 5.5604, 2.744, 4.1725, 5.0809, 3.4849, 5.7333, 4.1913, 3.7558, 1.489, 3.4371, 4.6131, 1.4311, 4.634, 2.5167, 1.6106, 3.3502],
  "initQU": [2.4733, 4.65, 4.4089, 3.3625, 1.7272, 4.0844, 1.3442, 2.0993, 2.8734, 1.9133, 4.9707, 7.64, 1.583, 4.5867, 3.3912, 4.6909, 3.6298, 2.6399, 3.2661, 4.3356, 2.2953, 4.6684, 5.6365, 4.1801, 3.6314, 6.1865, 1.9564, 1.0294, 3.0144, 7.1331, 1.2661, 1.1236, 2.3087, 6.2691, 5.7382, 1.1784, 3.5801, 2.8912, 3.5934, 1.493, 1.8787, 1.9662, 3.4062, 2.0581, 6.799, 3.7297, 5.9356, 3.7032, 5.2952, 5.1686]
}
