{
  "n_part": 50,
  "n_trials": 30,
  "LR_group": 0.145191377727315,
  "inv_temp_group": 1.34106253040954,
  "initQ_group": [
    [5.59943163604476],
    [6.97451375122182]
  ],
  "mu_R_group": [
    [5],
    [5]
  ],
  "sigma_R_group": 2,
  "LR": [0.791, 0.3579, 0.6349, 0.6673, 0.151, 0.4169, 0.4297, 0.5017, 0.3039, 0.5558, 0.3673, 0.2876, 0.6512, 0.438, 0.4093, 0.396, 0.3684, 0.4942, 0.6985, 0.1698, 0.4202, 0.426, 0.2011, 0.9987, 0.8382, 0.534, 0.4799, 0.4629, 0.263, 0.5662, 0.5683, 0.5606, 0.4376, 0.4384, 0.5414, 0.2252, 0.1608, 0.1655, 0.5807, 0.3173, 0.056, 0.5702, 0.5272, 0.5435, 0.4441, 0.5714, 0.3184, 0.7888, 0.6987, 0.4446],
  "inv_temp": [4.1769, 4.289, 4.491, 4.0905, 4.6708, 4.573, 4.9047, 4.3009, 4.6434, 4.3329, 4.5673, 4.8282, 4.4123, 4.5343, 4.1969, 4.2752, 4.6253, 4.1238, 4.4119, 4.5536, 4.7925, 4.239, 4.6402, 4.5265, 4.6909, 4.7583, 4.3049, 4.9104, 3.24, 4.541, 4.6462, 4.5617, 4.6484, 4.1692, 4.3762, 4.503, 4.5655, 4.9742, 4.5335, 4.7112, 4.2463, 4.6135, 4.9242, 4.3553, 4.5707, 3.7781, 4.1446, 4.7062, 4.8155, 4.3678],
  "initQF": [5.0021, 6.6278, 5.1759, 4.3238, 3.724, 1.6977, 1.8169, 5.3264, 4.9361, 4.6304, 4.0462, 4.1979, 3.3477, 6.5209, 3.8666, 6.3972, 4.7526, 3.7048, 4.5472, 2.5007, 3.2754, 4.7711, 3.3838, 5.6519, 6.6132, 4.1374, 5.2188, 3.3595, 4.8657, 4.3654, 1.2673, 6.7177, 5.9471, 5.6887, 3, 2.334, 4.042, 1.103, 1.6175, 2.6908, 1.8041, 3.149, 1.1655, 2.5632, 5.0717, 4.7601, 6.7223, 5.2959, 6.4006, 1.3524],
  "initQU": [5.3378, 3.363, 4.2771, 4.52, 6.8175, 3.3195, 5.946, 1.0284, 1.2125, 4.9824, 4.5503, 1.7013, 1.7682, 5.5093, 2.3521, 1.5878, 4.3001, 5.37, 1.3815, 2.2949, 3.4267, 1.9367, 6.9435, 2.9122, 5.8022, 3.4689, 1.7746, 6.9514, 6.4206, 4.7015, 5.5694, 2.1798, 5.1826, 8.4857, 4.0881, 2.8525, 3.4414, 6.243, 3.4284, 3.8071, 5.2255, 5.7231, 4.8438, 1.3932, 2.6004, 4.8477, 2.7979, 4.253, 7.9414, 4.5071]
}
