{
  "n_part": 50,
  "n_trials": 30,
  "LR_group": 0.81098577263765,
  "inv_temp_group": 4.02179747121409,
  "initQ_group": [
    [4.23326083971187],
    [6.8195713981986]
  ],
  "mu_R_group": [
    [5],
    [5]
  ],
  "sigma_R_group": 2,
  "LR": [0.7345, 0.6105, 0.5479, 0.5155, 0.6182, 0.3982, 0.5492, 0.6187, 0.4735, 0.2247, 0.3672, 0.1869, 0.0905, 0.5207, 0.7434, 0.5543, 0.637, 0.5066, 0.6673, 0.3549, 0.3319, 0.5295, 0.31, 0.5465, 0.7506, 0.5688, 0.2306, 0.6332, 0.5262, 0.3602, 0.2845, 0.4301, 0.7987, 0.274, 0.8733, 0.1008, 0.2278, 0.7928, 0.3402, 0.4666, 0.4044, 0.4157, 0.6164, 0.584, 0.473, 0.7113, 0.4856, 0.3295, 0.3314, 0.4112],
  "inv_temp": [4.5386, 4.3118, 4.5262, 4.9004, 3.7891, 4.6243, 3.6228, 4.4095, 3.985, 4.3784, 4.9701, 4.5495, 4.6091, 4.3178, 4.2455, 4.5979, 4.1193, 4.5782, 4.4324, 4.198, 4.4113, 4.2419, 4.7078, 4.4896, 4.5031, 4.398, 4.6719, 4.4837, 4.5136, 4.4823, 4.8678, 4.737, 4.4906, 4.4621, 4.5532, 4.4461, 4.3889, 4.3275, 4.9024, 4.8145, 4.6582, 4.9566, 3.9968, 4.7062, 4.4409, 4.6342, 4.1597, 4.1723, 4.8278, 4.5896],
  "initQF": [4.521, 6.0931, 3.9862, 1.1388, 4.8055, 2.7836, 4.6425, 2.7017, 3.0402, 7.5806, 4.7875, 3.9484, 4.8829, 4.9948, 4.4191, 3.5842, 6.0806, 4.5339, 1.725, 4.8901, 4.8516, 2.9696, 5.1491, 4.99, 2.1451, 3.6121, 4.6446, 2.2863, 3.9053, 5.635, 1.5551, 4.9773, 5.6378, 5.2041, 1.9062, 5.06, 4.4195, 3.9761, 5.425, 5.9471, 6.3053, 1.3005, 2.5186, 4.7615, 2.8362, 1.6289, 5.1865, 6.2296, 2.1259, 3.9955],
  "initQU": [3.0306, 4.4588, 2.1244, 2.6366, 2.9643, 3.8187, 1.0414, 3.4988, 5.8094, 4.8405, 2.7132, 3.1381, 2.6126, 2.8909, 7.5913, 4.6265, 7.9309, 3.1967, 1.8355, 1.2762, 1.8227, 3.0857, 6.098, 5.4355, 3.667, 5.2349, 4.1375, 2.7561, 5.804, 1.9313, 7.1586, 5.0499, 3.9006, 1.007, 1.6223, 4.2047, 4.7287, 3.827, 4.2092, 2.655, 4.9372, 4.3991, 4.2737, 1.693, 4.6721, 5.9789, 1.7221, 4.0913, 2.1191, 2.3066]
}
