{
  "n_part": 50,
  "n_trials": 30,
  "LR_group": 0.390813863137737,
  "inv_temp_group": 0.203844875795767,
  "initQF_group": 8.06561305583455,
  "initQU_group": 5.82742664427496,
  "mu_R_group": [
    [5],
    [5]
  ],
  "sigma_R_group": 2,
  "LR": [0.6927, 0.4505, 0.5006, 0.6083, 0.3194, 0.5843, 0.0639, 0.6435, 0.3902, 0.3497, 0.5971, 0.3294, 0.4499, 0.3586, 0.1808, 0.3906, 0.3534, 0.2774, 0.4539, 0.3176, 0.3941, 0.4212, 0.2599, 0.3941, 0.2742, 0.6794, 0.6025, 0.3392, 0.4439, 0.3112, 0.2029, 0.1032, 0.6163, 0.3372, 0.1736, 0.3081, 0.6429, 0.7156, 0.6213, 0.458, 0.5332, 0.6114, 0.4099, 0.2492, 0.3331, 0.5421, 0.2776, 0.6596, 0.7972, 0.4009],
  "inv_temp": [0.4573, 0.6944, 0.6589, 0.1899, 0.048, 0.0666, 0.002, 0.6554, 0.6337, 0.6214, 0.0617, 0.1038, 0.7041, 0.6059, 0.5607, 0.291, 0.5211, 0.1124, 0.0546, 0.4752, 0.453, 0.3758, 0.3726, 0.3944, 0.3529, 0.2316, 0.038, 0.0594, 0.4552, 0.2635, 0.0342, 0.2261, 0.0358, 0.0404, 0.4226, 0.1676, 0.5608, 0.4235, 0.1859, 0.5284, 0.0242, 0.4613, 0.1248, 0.3558, 0.1551, 0.1066, 0.2417, 0.0515, 0.0899, 0.0799],
  "initQF": [9.5248, 9.5487, 7.1919, 8.5653, 9.4063, 6.6471, 8.9235, 9.567, 6.1773, 6.8363, 8.4423, 8.0928, 8.8571, 6.8325, 5.5099, 7.6118, 7.0192, 8.9709, 7.2873, 8.5853, 7.7371, 9.6416, 5.5954, 7.3746, 9.3519, 9.8393, 9.4053, 7.6062, 8.2256, 7.8368, 7.8089, 6.9469, 6.6469, 8.3156, 9.6313, 7.0295, 9.0661, 4.4007, 8.2786, 9.3324, 5.7863, 6.4778, 9.4037, 6.4949, 5.9799, 5.2543, 4.8089, 7.5576, 5.9714, 4.9077],
  "initQU": [7.4227, 7.3147, 4.0555, 3.5887, 8.3433, 3.2856, 7.5759, 3.8249, 5.2116, 3.9126, 6.052, 3.48, 1.1617, 3.3713, 8.4003, 6.6775, 4.0423, 5.3484, 8.2397, 8.4584, 2.2391, 3.8807, 3.776, 2.3571, 3.8233, 6.9152, 5.4077, 7.594, 4.2713, 8.9748, 8.5521, 8.4463, 5.1258, 4.9637, 8.3389, 5.9831, 4.948, 6.1639, 2.8835, 3.9415, 6.2647, 8.3769, 4.0483, 2.9498, 7.4572, 5.978, 3.5772, 4.4897, 5.7088, 4.7634]
}
