{
  "n_part": 50,
  "n_trials": 30,
  "LR_group": 0.971833256771788,
  "inv_temp_group": 4.52984753879718,
  "initQ_group": [
    [9.27785654552281],
    [5.24930970859714]
  ],
  "mu_R_group": [
    [5],
    [5]
  ],
  "sigma_R_group": 2,
  "LR": [0.613, 0.5024, 0.4237, 0.6074, 0.425, 0.683, 0.4037, 0.3359, 0.461, 0.4102, 0.3612, 0.4217, 0.5105, 0.4384, 0.5335, 0.4728, 0.4913, 0.7484, 0.4086, 0.5089, 0.8208, 0.5405, 0.4463, 0.4078, 0.7517, 0.0266, 0.5657, 0.4668, 0.4005, 0.6606, 0.5269, 0.6846, 0.4918, 0.218, 0.7111, 0.4065, 0.459, 0.3845, 0.211, 0.3059, 0.3772, 0.414, 0.2074, 0.3319, 0.5112, 0.5434, 0.1369, 0.2281, 0.1213, 0.3003],
  "inv_temp": [4.3526, 4.3724, 4.4453, 4.3731, 4.0169, 4.6771, 4.7151, 4.9138, 4.3241, 4.5308, 4.5431, 4.3327, 4.1899, 4.5872, 4.2257, 4.8784, 4.6767, 4.6697, 4.6653, 4.0461, 4.3445, 4.676, 4.4898, 4.8669, 4.5725, 4.496, 4.1531, 4.3216, 4.605, 4.414, 4.5679, 4.571, 4.582, 4.1766, 4.5356, 4.6397, 4.2883, 3.7636, 4.7141, 4.2453, 4.3265, 4.2252, 4.7245, 3.7779, 3.9373, 4.3856, 4.4595, 4.4191, 3.7484, 4.4772],
  "initQF": [5.6353, 1.3013, 3.9411, 4.6497, 4.474, 2.9696, 9.8784, 2.0454, 1.634, 5.4827, 4.9674, 6.6095, 3.266, 2.0021, 7.5287, 1.4112, 5.3036, 4.2517, 2.2221, 2.552, 1.9323, 4.6795, 1.0453, 3.4834, 1.6147, 3.0572, 3.2219, 6.6387, 1.9594, 1.5786, 3.2003, 1.7952, 4.3667, 2.7545, 3.9574, 1.7299, 1.1364, 2.5581, 5.414, 4.1836, 1.2865, 3.6034, 6.8831, 3.1176, 2.72, 2.7008, 4.6565, 1.8599, 3.6434, 2.924],
  "initQU": [2.79, 5.0563, 6.0084, 4.405, 3.0342, 2.7476, 8.9121, 1.9343, 3.1168, 3.9816, 3.5201, 1.0315, 6.9227, 5.3942, 3.2091, 6.8788, 4.652, 4.1473, 7.1174, 4.8948, 7.8497, 3.4728, 7.7418, 3.8605, 4.6822, 1.495, 7.2513, 2.7484, 2.966, 5.0513, 4.2753, 2.9704, 5.5469, 3.7375, 1.3192, 2.5182, 1.9031, 5.8558, 7.3426, 2.5977, 4.3289, 7.1452, 1.9162, 2.516, 5.1484, 4.5813, 4.3886, 2.5679, 3.3204, 6.6097]
}
