{
  "n_part": 50,
  "n_trials": 30,
  "LR_group": 0.642919320845976,
  "inv_temp_group": 4.58842959371395,
  "initQ_group": [
    [6.04105705069378],
    [7.05194112705067]
  ],
  "mu_R_group": [
    [5],
    [5]
  ],
  "sigma_R_group": 2,
  "LR": [0.3147, 0.5699, 0.4898, 0.5105, 0.1461, 0.6956, 0.4892, 0.4744, 0.5124, 0.2531, 0.102, 0.2361, 0.293, 0.8481, 0.4313, 0.2161, 0.315, 0.8177, 0.9925, 0.3014, 0.3235, 0.4756, 0.6698, 0.6859, 0.5069, 0.7554, 0.8352, 0.2756, 0.2427, 0.6658, 0.8494, 0.1994, 0.3276, 0.478, 0.6513, 0.2818, 0.3247, 0.3263, 0.5247, 0.5478, 0.6533, 0.395, 0.6474, 0.6378, 0.3736, 0.4695, 0.5332, 0.3777, 0.5692, 0.4464],
  "inv_temp": [4.7399, 4.0872, 4.5269, 4.8972, 4.6201, 4.1517, 4.6472, 4.3801, 4.5732, 4.4549, 4.3363, 4.8254, 4.3884, 4.2621, 4.6719, 4.533, 4.2871, 4.6809, 4.8525, 4.9719, 4.2278, 4.4165, 4.3346, 4.5226, 4.2337, 4.0126, 4.6502, 4.6552, 4.474, 4.3674, 4.8981, 4.2505, 4.1782, 4.4568, 3.7604, 4.5273, 4.4902, 4.521, 4.4726, 4.2067, 4.1639, 4.3062, 4.5413, 4.5024, 3.9551, 4.8917, 4.9863, 4.6547, 3.6337, 4.0174],
  "initQF": [1.9022, 1.5168, 4.0431, 2.6165, 5.6774, 3.1472, 4.2908, 2.6086, 5.5476, 4.1469, 5.2467, 3.6281, 1.8047, 3.1528, 6.2084, 5.3946, 1.1766, 4.58, 5.7368, 2.7469, 4.6777, 1.9034, 2.8906, 1.9914, 2.1976, 6.1046, 2.8858, 5.0308, 5.3657, 5.7644, 2.2647, 3.5396, 1.4952, 5.461, 6.6506, 5.1747, 6.3499, 5.5544, 4.9039, 5.0251, 2.3919, 2.5005, 2.4962, 5.1041, 5.7746, 3.9336, 4.0742, 6.4557, 1.2433, 3.2805],
  "initQU": [5.1441, 2.2288, 4.0626, 3.0802, 2.6684, 5.1406, 2.5462, 3.5632, 4.0475, 3.0647, 4.6722, 3.2993, 4.6477, 4.3643, 2.8445, 1.8702, 5.5361, 4.337, 4.4838, 5.7284, 3.0505, 4.4631, 5.3803, 2.9363, 2.7489, 5.4058, 3.9084, 3.2605, 2.6069, 4.8797, 3.6477, 4.6152, 5.3723, 1.1233, 4.9946, 8.7449, 6.6064, 4.8036, 3.0967, 3.4083, 5.0472, 2.914, 8.0856, 5.5728, 2.1819, 3.8447, 6.1432, 3.8385, 3.9201, 7.2275]
}
