{
  "n_part": 50,
  "n_trials": 30,
  "LR_group": 0.898196753114462,
  "inv_temp_group": 1.45285850390792,
  "initQ_group": [
    [1.70381942600943],
    [8.32181046507321]
  ],
  "mu_R_group": [
    [5],
    [5]
  ],
  "sigma_R_group": 2,
  "LR": [0.5941, 0.4483, 0.5315, 0.5142, 0.5125, 0.552, 0.3394, 0.5498, 0.3768, 0.4534, 0.8515, 0.6034, 0.5169, 0.3407, 0.3802, 0.4432, 0.4976, 0.5791, 0.4813, 0.3881, 0.6871, 0.4492, 0.4966, 0.7619, 0.3053, 0.6251, 0.3701, 0.4345, 0.6475, 0.3021, 0.7857, 0.7312, 0.5977, 0.5332, 0.664, 0.4379, 0.647, 0.3039, 0.2454, 0.2501, 0.0666, 0.7739, 0.5954, 0.4046, 0.2423, 0.1968, 0.603, 0.1869, 0.236, 0.3762],
  "inv_temp": [4.3073, 4.6004, 4.3996, 4.1763, 4.551, 4.443, 4.7316, 4.0187, 4.408, 4.9756, 4.5776, 4.4946, 4.5856, 4.6572, 4.3322, 4.2756, 4.374, 4.8452, 4.5771, 4.496, 4.5205, 4.4729, 4.2329, 4.5565, 4.8436, 4.2247, 4.4319, 4.3619, 4.3043, 4.6406, 4.8218, 4.4925, 4.9572, 4.6175, 4.8337, 4.8126, 4.8414, 4.6304, 4.6046, 4.3731, 4.1744, 4.5554, 4.4727, 4.7256, 4.2526, 4.7753, 4.5237, 4.3603, 4.5772, 4.354],
  "initQF": [5.5329, 3.4653, 3.635, 3.7219, 3.7957, 3.0574, 4.5347, 4.8317, 2.1031, 6.5707, 3.407, 1.6181, 2.9088, 4.7252, 6.3972, 2.239, 2.6861, 3.592, 2.0189, 1.0197, 2.6, 3.6724, 1.2062, 2.9401, 5.5136, 1.9981, 5.7694, 6.9486, 5.3125, 3.1874, 5.7233, 2.9332, 2.4811, 3.864, 3.8007, 3.7544, 6.9003, 3.7818, 4.8064, 3.8811, 1.7032, 3.582, 1.9115, 5.6586, 6.7074, 2.0006, 6.5478, 3.6382, 3.4295, 2.7529],
  "initQU": [3.5033, 4.146, 3.9275, 3.213, 4.7115, 2.502, 5.9687, 3.3785, 3.5965, 5.2669, 1.8389, 2.1845, 4.6815, 9.5723, 1.8339, 4.8975, 3.8005, 3.3568, 1.8335, 1.7996, 6.0967, 1.6446, 5.2015, 6.1114, 6.5752, 4.3313, 5.4729, 2.8885, 8.3588, 4.0258, 2.8211, 5.8804, 4.4662, 2.1917, 2.1954, 7.6181, 1.0851, 3.5009, 7.534, 5.8974, 6.1634, 2.0466, 3.5531, 5.2199, 6.1133, 1.1937, 4.4132, 2.9607, 7.325, 3.3388]
}
