{
  "n_part": 50,
  "n_trials": 30,
  "LR_group": 0.00130491331219673,
  "inv_temp_group": 3.50162521121092,
  "initQF_group": 2.69445098866709,
  "initQU_group": 6.79584199562669,
  "mu_R_group": [
    [5],
    [5]
  ],
  "sigma_R_group": 2,
  "LR": [0.1591, 0.3678, 0.1945, 0.3011, 0.0839, 0.0461, 0.0551, 0.1876, 0.3063, 0.0901, 0.2103, 0.084, 0.0514, 0.1141, 0.5449, 0.0595, 0.0539, 0.0107, 0.1261, 0.0133, 0.0778, 0.3255, 0.1406, 0.3615, 0.0733, 0.0403, 0.3009, 0.1617, 0.2492, 0.0952, 0.2438, 0.0786, 0.3168, 0.0148, 0.0097, 0.205, 0.1347, 0.0599, 0.2938, 0.1849, 0.2668, 0.0072, 0.0467, 0.0113, 0.1694, 0.1571, 0.1831, 0.1428, 0.0095, 0.0234],
  "inv_temp": [3.8279, 3.442, 3.2834, 3.6831, 3.4638, 3.2882, 3.4234, 3.9149, 3.3844, 3.7579, 3.4323, 3.7548, 3.4581, 3.1043, 3.1897, 3.64, 3.7235, 3.2847, 3.212, 3.7037, 3.8879, 3.6863, 2.7679, 3.2802, 3.6739, 3.0541, 3.6255, 2.9378, 3.1981, 3.2176, 3.9508, 3.3008, 3.521, 3.8452, 3.6068, 3.4363, 3.8268, 3.4589, 3.1335, 4.0903, 3.8534, 3.6369, 2.9484, 3.9044, 3.1143, 4.0028, 3.3521, 3.8821, 3.283, 3.1469],
  "initQF": [3.5846, 3.6631, 1.0579, 1.4259, 1.5449, 1.4035, 1.2121, 4.6574, 1.7852, 2.3377, 4.8339, 2.1056, 3.0423, 3.6744, 1.3629, 7.5563, 4.6589, 1.6776, 2.7123, 3.2119, 3.3435, 3.4742, 1.496, 1.1194, 4.6695, 1.6005, 1.0448, 2.4219, 4.2929, 2.1104, 4.2681, 2.7258, 2.1772, 2.7972, 5.6337, 1.7368, 4.8064, 1.2118, 3.7402, 3.1891, 2.7528, 4.3553, 3.1513, 2.7964, 5.4795, 3.4717, 1.1238, 3.005, 3.0153, 2.2712],
  "initQU": [5.5017, 9.1527, 5.9413, 6.2263, 8.0169, 4.5716, 8.2549, 7.3436, 6.3013, 5.0614, 6.2429, 7.9885, 7.7777, 5.9666, 5.7003, 5.9348, 9.77, 5.8373, 5.1383, 2.6709, 8.8948, 6.4006, 8.399, 8.6713, 7.4528, 8.9744, 4.5878, 5.3846, 7.2737, 5.3139, 6.2784, 7.6375, 4.243, 6.7586, 2.5025, 7.0587, 6.9106, 9.5866, 5.8997, 5.6145, 8.2805, 8.2276, 9.2516, 4.5354, 5.6126, 7.4118, 8.6623, 7.7618, 7.6242, 6.8668]
}
