{
  "n_part": 50,
  "n_trials": 30,
  "LR_group": 0.987504412420094,
  "inv_temp_group": 0.961128029739484,
  "initQ_group": [
    [8.52728838729672],
    [3.1955928276293]
  ],
  "mu_R_group": [
    [5],
    [5]
  ],
  "sigma_R_group": 2,
  "LR": [0.7495, 0.3171, 0.5662, 0.2295, 0.6629, 0.5424, 0.1859, 0.4575, 0.36, 0.7842, 0.4689, 0.4229, 0.6087, 0.3908, 0.2938, 0.3494, 0.505, 0.6003, 0.5598, 0.3199, 0.9137, 0.6607, 0.6386, 0.3668, 0.6024, 0.5944, 0.5797, 0.254, 0.4747, 0.5942, 0.59, 0.3043, 0.4734, 0.3321, 0.8895, 0.4373, 0.5215, 0.2064, 0.9768, 0.2159, 0.1271, 0.1795, 0.5529, 0.3853, 0.2825, 0.6031, 0.8794, 0.6058, 0.4875, 0.5581],
  "inv_temp": [4.8255, 4.8223, 4.3326, 4.7316, 4.584, 4.8391, 4.3739, 4.9005, 4.4476, 4.3668, 4.1427, 4.853, 4.1812, 4.8049, 4.181, 4.4901, 4.6213, 4.3317, 3.7277, 4.3272, 3.7557, 4.5138, 4.7351, 4.305, 4.5934, 4.0782, 4.8222, 3.9223, 4.3271, 4.536, 4.6556, 4.4909, 4.2769, 4.4591, 4.2479, 4.1112, 4.4321, 3.9906, 4.8661, 4.6645, 4.571, 4.2885, 4.0203, 4.804, 4.1483, 4.5479, 4.6054, 4.4373, 4.7547, 4.644],
  "initQF": [2.2265, 1.3822, 3.2909, 4.5094, 2.7737, 3.2687, 2.0078, 3.4411, 4.0688, 1.5469, 5.4318, 4.6721, 4.2456, 1.6906, 1.2819, 3.945, 1.3978, 9.4883, 3.2113, 2.7374, 8.0724, 4.1666, 4.2514, 4.8326, 7.604, 5.4856, 3.2493, 1.607, 4.7093, 5.981, 1.5355, 3.3352, 3.1982, 4.7625, 7.025, 1.1265, 2.1198, 1.9881, 3.6358, 8.0733, 3.3616, 3.9287, 4.2106, 1.0879, 6.0172, 5.4269, 4.4012, 4.9715, 4.6162, 1.5463],
  "initQU": [1.8694, 1.7969, 4.381, 5.9875, 5.3366, 4.5071, 1.6644, 4.3269, 5.4806, 2.7938, 9.2527, 3.8518, 3.9361, 1.6015, 4.3981, 3.1127, 4.1547, 4.7581, 2.0306, 7.2704, 5.6893, 5.515, 3.3107, 4.01, 4.117, 6.457, 7.2687, 2.8838, 5.9737, 2.9448, 2.2687, 4.147, 1.6594, 2.0649, 5.3386, 1.9541, 3.9884, 6.5015, 3.3205, 4.8437, 4.1265, 1.8918, 1.768, 6.4073, 3.5965, 3.136, 1.9124, 8.1688, 1.9378, 5.236]
}
