{
  "n_part": 50,
  "n_trials": 30,
  "LR_group": 0.734297003597021,
  "inv_temp_group": 2.28986009256914,
  "initQ_group": [
    [2.22237287508324],
    [1.17649577162229]
  ],
  "mu_R_group": [
    [5],
    [5]
  ],
  "sigma_R_group": 2,
  "LR": [0.4752, 0.1445, 0.1057, 0.7811, 0.6535, 0.2414, 0.0715, 0.1906, 0.4777, 0.6258, 0.3387, 0.495, 0.5145, 0.8395, 0.4268, 0.5925, 0.6176, 0.4634, 0.8726, 0.3058, 0.7451, 0.4066, 0.422, 0.3088, 0.7422, 0.5734, 0.2943, 0.4651, 0.5825, 0.4768, 0.5417, 0.5071, 0.3638, 0.1375, 0.4778, 0.6102, 0.6378, 0.4133, 0.4346, 0.8207, 0.5226, 0.5596, 0.3266, 0.1882, 0.7442, 0.074, 0.6396, 0.4668, 0.4712, 0.5905],
  "inv_temp": [4.5644, 4.5392, 4.0849, 4.6085, 4.7965, 4.3512, 4.6972, 4.9914, 4.6876, 4.5097, 4.1757, 4.285, 4.0785, 4.6475, 4.4535, 4.6649, 4.9629, 4.8367, 4.2026, 4.1338, 4.7857, 4.64, 4.0866, 4.623, 4.6234, 4.4698, 4.4964, 4.0138, 4.0627, 4.3846, 4.5928, 4.6141, 4.4654, 4.3238, 4.662, 4.356, 4.0109, 4.4075, 4.6408, 4.4244, 4.6874, 4.6501, 4.413, 4.0692, 4.7238, 4.7161, 4.0959, 4.7232, 4.54, 4.6057],
  "initQF": [5.686, 1.3221, 5.104, 2.0852, 4.755, 6.309, 3.6049, 1.3455, 4.5045, 4.6422, 3.0979, 5.5948, 4.4876, 1.4982, 3.0277, 3.1983, 4.1433, 5.7517, 4.5889, 7.4267, 7.6021, 4.781, 5.5503, 3.6179, 4.6401, 1.9651, 4.9986, 3.794, 5.6219, 2.5633, 1.5412, 5.133, 7.5342, 3.1391, 2.9324, 2.5776, 5.1043, 6.937, 1.7073, 5.1978, 4.6054, 1.6973, 3.2424, 2.0638, 3.2822, 4.7692, 7.9097, 3.725, 1.0854, 7.5545],
  "initQU": [6.0361, 3.6153, 1.9217, 1.9906, 6.1145, 2.8325, 1.9783, 2.9598, 3.2383, 2.7079, 5.4877, 2.0105, 7.6809, 2.557, 2.1682, 2.8595, 1.5123, 4.6905, 1.2868, 5.7958, 4.9537, 5.0323, 3.3247, 4.391, 1.668, 1.6904, 4.3816, 1.0456, 2.7192, 4.5418, 5.1059, 5.2766, 1.6027, 4.2828, 3.3363, 3.7349, 2.8811, 6.8837, 3.7275, 1.974, 8.291, 5.015, 4.9052, 4.0271, 7.5722, 8.0269, 1.6685, 5.4714, 2.858, 6.0211]
}
