{
  "n_part": 50,
  "n_trials": 30,
  "LR_group": 0.540622560540214,
  "inv_temp_group": 4.77710064034909,
  "initQ_group": [
    [9.33990709786303],
    [9.05424793390557]
  ],
  "mu_R_group": [
    [5],
    [5]
  ],
  "sigma_R_group": 2,
  "LR": [0.5752, 0.4006, 0.4721, 0.5269, 0.2926, 0.4607, 0.6908, 0.7048, 0.2412, 0.4171, 0.3936, 0.3063, 0.6573, 0.5845, 0.455, 0.2756, 0.7351, 0.5068, 0.4294, 0.6396, 0.0437, 0.3028, 0.3384, 0.1819, 0.6098, 0.2111, 0.5553, 0.2696, 0.4363, 0.6861, 0.23, 0.2723, 0.7112, 0.5052, 0.8095, 0.1887, 0.6286, 0.3338, 0.4839, 0.6967, 0.0895, 0.2546, 0.882, 0.6604, 0.4969, 0.3583, 0.6181, 0.61, 0.3135, 0.6302],
  "inv_temp": [4.4089, 4.7875, 4.7202, 4.729, 4.2243, 4.412, 4.1141, 4.5772, 4.1608, 4.4564, 4.6136, 4.5033, 4.6032, 4.0614, 4.6036, 4.6047, 4.3338, 4.4671, 4.3828, 4.6908, 4.2121, 4.585, 4.7759, 4.5953, 4.4109, 4.3881, 4.6385, 4.0761, 4.638, 3.8435, 4.4267, 4.4026, 4.5427, 4.8688, 4.822, 4.6109, 4.4413, 4.3182, 4.1536, 4.6175, 4.6913, 4.6675, 4.4511, 4.214, 4.67, 4.3964, 4.7301, 4.3252, 4.657, 4.2083],
  "initQF": [3.1239, 5.6212, 3.5369, 5.0653, 3.6507, 3.9438, 4.2573, 4.8686, 3.6068, 2.0026, 1.5632, 3.0265, 3.4626, 5.9044, 2.9309, 4.9191, 5.2664, 1.8731, 2.5563, 1.5095, 4.3863, 1.6189, 2.9183, 3.5227, 4.3451, 3.8873, 3.4405, 4.7811, 2.0006, 7.8981, 4.4859, 3.0642, 3.4407, 3.9582, 5.1661, 7.4221, 1.9511, 3.1823, 2.9013, 1.5835, 5.6986, 1.0679, 4.6914, 2.6535, 3.994, 2.1029, 1.8185, 3.5934, 3.1916, 1.8697],
  "initQU": [4.0786, 4.3143, 3.4035, 3.7082, 3.8464, 6.832, 3.1448, 6.5176, 4.4577, 6.9518, 3.2125, 3.7179, 2.599, 2.6138, 4.8196, 2.7171, 6.7863, 6.5456, 5.6854, 4.3235, 1.9322, 3.6459, 1.1537, 3.0691, 5.8085, 3.3976, 3.8352, 2.6455, 6.0056, 5.5583, 6.4303, 5.3889, 5.0402, 4.6312, 3.4865, 7.6116, 2.0741, 4.9902, 2.5101, 1.6726, 2.9369, 4.6181, 4.1498, 2.6876, 1.0866, 2.6751, 4.7894, 4.2761, 5.1834, 3.8695]
}
