{
  "n_part": 50,
  "n_trials": 30,
  "LR_group": 0.437347085447982,
  "inv_temp_group": 2.07166601438075,
  "initQ_group": [
    [5.40289840311743],
    [5.2753791520372]
  ],
  "mu_R_group": [
    [5],
    [5]
  ],
  "sigma_R_group": 2,
  "LR": [0.5875, 0.2104, 0.5775, 0.7602, 0.6199, 0.7618, 0.598, 0.5072, 0.4644, 0.8753, 0.4534, 0.2308, 0.4966, 0.6145, 0.5286, 0.2618, 0.3682, 0.3483, 0.5223, 0.6916, 0.4544, 0.2466, 0.0126, 0.4352, 0.565, 0.6649, 0.5769, 0.3164, 0.6549, 0.3126, 0.7247, 0.5445, 0.2472, 0.3848, 0.579, 0.3927, 0.9795, 0.0875, 0.6549, 0.3723, 0.6445, 0.2789, 0.6469, 0.4986, 0.4678, 0.4216, 0.6419, 0.4693, 0.7865, 0.6332],
  "inv_temp": [4.5537, 4.5725, 4.583, 4.4976, 4.4888, 4.2096, 4.4575, 4.5672, 4.3616, 4.0639, 4.2527, 4.0331, 4.374, 4.4658, 4.6558, 4.2964, 4.2638, 4.4701, 4.3786, 4.7969, 3.9033, 4.2735, 4.4752, 4.9061, 4.7739, 4.3418, 4.5833, 4.7158, 3.9345, 4.1806, 4.3473, 4.6224, 4.7575, 4.7778, 4.4812, 4.6307, 4.4189, 4.4124, 4.783, 4.7209, 4.2663, 4.6867, 4.7392, 4.7729, 4.3637, 4.4956, 4.0038, 4.4871, 4.2221, 4.6447],
  "initQF": [4.0853, 5.4783, 4.486, 2.9599, 4.8532, 3.6996, 4.7413, 5.5359, 3.8042, 3.6509, 5.1134, 2.8687, 2.2414, 2.7026, 4.1622, 6.3096, 3.0066, 5.2483, 2.8179, 5.7488, 2.8583, 1.3669, 4.4545, 6.3665, 6.7049, 3.5029, 2.7038, 4.8667, 4.5014, 3.9529, 1.6978, 2.9362, 2.6268, 2.7566, 2.1097, 3.727, 2.3612, 2.8567, 4.0231, 1.9138, 4.1046, 5.3474, 3.931, 3.6729, 2.4887, 2.1429, 2.9043, 3.2545, 2.4298, 5.3231],
  "initQU": [2.318, 2.1906, 3.3397, 2.2929, 4.152, 4.3916, 3.3504, 4.1151, 3.7684, 4.7928, 4.1516, 1.7327, 3.972, 2.4787, 3.4952, 1.4938, 4.0155, 4.9256, 2.7034, 4.2639, 1.3931, 3.8655, 2.7497, 2.2413, 6.0596, 5.0522, 5.2719, 4.8463, 2.5302, 5.7616, 1.1071, 4.4361, 5.2657, 6.4732, 1.0574, 7.8041, 1.4948, 2.6807, 2.4549, 4.4162, 1.9142, 3.8938, 1.2594, 6.719, 2.8343, 1.6585, 2.155, 8.2116, 3.8782, 5.1218]
}
