{
  "n_part": 50,
  "n_trials": 30,
  "LR_group": 0.0124635330867022,
  "inv_temp_group": 2.90297584142536,
  "initQ_group": [
    [4.38424899009988],
    [6.99239234440029]
  ],
  "mu_R_group": [
    [5],
    [5]
  ],
  "sigma_R_group": 2,
  "LR": [0.5865, 0.7713, 0.6116, 0.6301, 0.3047, 0.6785, 0.5019, 0.4715, 0.4155, 0.3843, 0.9396, 0.368, 0.7412, 0.4606, 0.3826, 0.3321, 0.5423, 0.5587, 0.399, 0.2603, 0.3056, 0.0756, 0.3053, 0.4119, 0.4587, 0.9893, 0.25, 0.7376, 0.4558, 0.601, 0.3661, 0.2692, 0.5439, 0.5068, 0.7476, 0.4715, 0.3737, 0.5305, 0.4003, 0.5069, 0.2608, 0.2786, 0.3298, 0.4852, 0.9489, 0.5627, 0.713, 0.3868, 0.4233, 0.2129],
  "inv_temp": [4.7695, 3.8685, 4.6107, 4.4596, 4.7099, 4.8593, 4.242, 4.7965, 4.7445, 4.1652, 4.6092, 4.3622, 4.3503, 4.5624, 4.7698, 4.9863, 4.4453, 4.5658, 4.5918, 4.1303, 4.6435, 4.4375, 4.3458, 4.6484, 4.3584, 4.3742, 4.9329, 4.5113, 4.7555, 4.3717, 4.9158, 4.7403, 4.9945, 4.2754, 4.9671, 4.8388, 4.5493, 4.7076, 4.6928, 4.625, 4.3914, 4.7819, 4.3445, 4.762, 4.1317, 4.5318, 4.4303, 4.2542, 3.8589, 4.1646],
  "initQF": [2.1937, 2.9829, 4.0488, 4.4201, 4.4026, 3.6193, 2.3331, 3.9707, 2.2157, 1.9938, 6.3623, 3.7064, 2.0237, 3.3755, 5.4565, 5.3208, 3.1467, 2.1717, 3.5921, 2.367, 5.2581, 5.5833, 3.5552, 2.8765, 2.0578, 2.2046, 6.7582, 2.5268, 4.4691, 1.2259, 6.4999, 1.3144, 3.6261, 5.0082, 4.258, 4.7067, 3.4749, 5.2118, 1.736, 4.3984, 4.7445, 5.1289, 3.61, 4.1948, 5.3905, 2.9957, 4.7847, 2.749, 3.2848, 4.7295],
  "initQU": [1.844, 2.6771, 2.6571, 5.5894, 1.706, 4.2974, 8.2706, 3.6821, 2.6762, 2.4362, 4.9466, 5.8575, 3.9135, 1.9264, 2.8082, 2.8066, 2.2745, 3.4553, 3.6653, 3.4745, 6.8509, 5.5229, 8.3951, 5.0684, 6.2985, 7.4536, 6.5741, 3.3364, 3.139, 6.5877, 7.3263, 2.0184, 1.9398, 5.8897, 5.6293, 1.471, 1.6972, 2.2183, 6.1393, 5.2154, 4.467, 1.5743, 3.6563, 5.1818, 4.4841, 7.0787, 5.398, 2.1421, 3.5452, 3.258]
}
