{
  "n_part": 50,
  "n_trials": 30,
  "LR_group": 0.720685140229762,
  "inv_temp_group": 0.362376893172041,
  "initQF_group": 4.46087917778641,
  "initQU_group": 7.39295196346939,
  "mu_R_group": [
    [5],
    [5]
  ],
  "sigma_R_group": 2,
  "LR": [0.7543, 0.6543, 0.289, 0.371, 0.5727, 0.5842, 0.6405, 0.6534, 0.75, 0.4073, 0.7907, 0.0555, 0.5508, 0.7148, 0.9133, 0.8965, 0.6788, 0.512, 0.0483, 0.7798, 0.939, 0.2836, 0.6038, 0.4483, 0.5053, 0.7811, 0.8365, 0.1792, 0.8391, 0.7315, 0.5082, 0.5474, 0.5056, 0.4774, 0.7454, 0.5233, 0.5478, 0.726, 0.8863, 0.6653, 0.5183, 0.743, 0.8944, 0.6278, 0.7045, 0.4999, 0.9758, 0.6344, 0.4802, 0.2438],
  "inv_temp": [0.8253, 0.4849, 0.5613, 0.0281, 0.4596, 0.0767, 0.871, 0.1491, 0.2343, 0.5516, 0.1977, 0.6529, 0.0124, 0.6173, 0.4595, 0.6881, 0.2116, 0.3861, 0.5406, 0.7025, 0.1767, 0.5796, 0.1278, 0.4322, 0.2446, 0.3309, 0.1007, 0.4246, 0.6204, 0.571, 0.7306, 0.0475, 0.7648, 0.052, 0.3231, 0.2556, 0.4279, 0.2415, 0.5059, 0.5875, 0.6846, 0.1471, 0.2834, 0.0213, 0.7592, 0.2187, 0.4652, 0.7398, 0.3125, 0.3358],
  "initQF": [4.7492, 7.2417, 4.2242, 3.2397, 1.7966, 4.4968, 3.9132, 5.5685, 5.9658, 1.0001, 8.1783, 1.2343, 4.3809, 4.521, 8.5051, 4.5069, 6.1524, 3.6617, 5.5056, 2.5221, 5.5159, 3.7187, 4.5998, 3.7108, 4.6629, 6.2775, 4.2585, 5.4428, 5.0244, 5.0258, 1.212, 2.1234, 6.7479, 4.9396, 2.3572, 1.9491, 3.8047, 9.6737, 6.8528, 3.6552, 4.6028, 2.6218, 4.4615, 4.6242, 8.0657, 3.7858, 3.526, 3.4488, 2.3136, 3.2012],
  "initQU": [8.6264, 6.466, 9.8103, 6.0544, 7.1252, 8.3344, 8.5876, 6.2953, 6.3737, 5.8742, 5.848, 6.722, 4.6273, 6.5909, 6.561, 8.3155, 9.0941, 8.2066, 4.5329, 6.081, 8.1389, 5.9208, 9.2274, 7.7447, 8.6968, 4.3328, 9.2461, 4.6626, 8.7587, 9.5388, 5.0085, 5.0001, 6.4991, 5.0935, 4.247, 7.0829, 8.9966, 5.8845, 7.0819, 6.9423, 6.7307, 9.8985, 6.683, 6.4436, 5.4573, 6.876, 5.1312, 6.7263, 5.7344, 5.5776]
}
