{
  "n_part": 50,
  "n_trials": 30,
  "LR_group": 0.220377519261092,
  "inv_temp_group": 0.199822572758421,
  "initQ_group": [
    [8.33582810638472],
    [8.40897200279869]
  ],
  "mu_R_group": [
    [5],
    [5]
  ],
  "sigma_R_group": 2,
  "LR": [0.1272, 0.76, 0.729, 0.6487, 0.1898, 0.7779, 0.575, 0.4409, 0.1617, 0.3927, 0.4745, 0.1068, 0.1284, 0.2735, 0.5158, 0.3526, 0.3421, 0.8941, 0.5521, 0.5241, 0.6799, 0.3978, 0.0729, 0.3521, 0.1265, 0.3283, 0.3594, 0.3439, 0.3282, 0.3716, 0.316, 0.171, 0.6811, 0.7599, 0.5888, 0.2546, 0.4754, 0.2275, 0.2457, 0.6693, 0.4012, 0.3164, 0.1411, 0.4613, 0.6346, 0.3096, 0.6422, 0.4069, 0.2886, 0.633],
  "inv_temp": [4.6397, 4.7605, 4.7311, 4.1681, 4.4971, 4.5327, 3.7842, 4.2338, 3.9373, 4.6134, 3.9701, 4.3758, 4.5291, 4.4339, 4.4544, 4.7874, 4.2318, 4.5446, 4.1564, 3.993, 4.1918, 4.7676, 4.508, 4.4753, 4.5269, 4.4853, 4.1443, 4.5634, 4.0118, 4.4656, 4.5751, 4.2069, 4.4258, 4.116, 3.9065, 4.7232, 4.7987, 4.6672, 4.3554, 4.3518, 4.7199, 4.4844, 3.8432, 4.3763, 4.5178, 4.3178, 4.4328, 4.2248, 4.6055, 4.6033],
  "initQF": [1.6067, 5.679, 2.4918, 1.7029, 2.3653, 5.6469, 1.6907, 4.5331, 3.0272, 2.2102, 3.4273, 4.1249, 3.9916, 4.0597, 1.9882, 3.8055, 2.3183, 4.3424, 5.8294, 2.6431, 4.1156, 3.0412, 6.8167, 3.958, 4.025, 2.631, 3.6549, 4.8709, 1.5676, 2.8287, 2.5215, 1.4596, 1.7563, 2.3652, 4.1113, 6.6822, 4.5977, 2.604, 4.4735, 6.578, 4.8353, 7.0019, 6.0672, 3.9851, 4.5259, 6.5892, 2.7281, 5.5727, 7.362, 4.6942],
  "initQU": [3.3159, 3.8476, 2.1037, 1.9911, 2.5078, 2.9079, 3.8759, 3.9133, 4.2834, 4.7284, 5.3152, 1.207, 2.2438, 3.4404, 4.9204, 4.2697, 5.3336, 2.2684, 2.9976, 1.352, 2.1144, 5.3566, 6.3057, 1.3154, 4.3167, 2.9498, 2.4851, 3.6304, 3.5071, 4.4038, 1.4221, 1.8004, 3.8873, 2.1829, 5.3616, 2.3016, 7.7974, 2.074, 4.8347, 2.5158, 6.7717, 3.1879, 2.8986, 6.8375, 3.4741, 2.9932, 6.6174, 3.7388, 7.3405, 5.5994]
}
