{
  "n_part": 50,
  "n_trials": 30,
  "LR_group": 0.72059728926979,
  "inv_temp_group": 2.14292658143677,
  "initQ_group": [
    [4.29067754698917],
    [2.02722170692869]
  ],
  "mu_R_group": [
    [5],
    [5]
  ],
  "sigma_R_group": 2,
  "LR": [0.4612, 0.3789, 0.2233, 0.4623, 0.5973, 0.1611, 0.2369, 0.6777, 0.0865, 0.8668, 0.4434, 0.6183, 0.4957, 0.346, 0.3052, 0.7472, 0.4776, 0.2637, 0.2238, 0.6372, 0.5119, 0.4453, 0.3841, 0.4068, 0.5797, 0.2626, 0.5265, 0.3904, 0.5471, 0.2793, 0.5343, 0.7202, 0.5245, 0.1444, 0.7, 0.4385, 0.5289, 0.58, 0.3911, 0.2636, 0.1813, 0.7416, 0.3714, 0.0773, 0.7227, 0.24, 0.5368, 0.543, 0.6205, 0.2835],
  "inv_temp": [4.7171, 4.5031, 4.2911, 4.3836, 4.8659, 4.5749, 4.1502, 4.427, 4.8336, 4.8761, 4.4542, 4.4488, 4.9558, 4.2527, 4.8577, 4.2523, 4.8669, 4.1495, 3.9828, 4.5591, 4.5825, 4.7474, 4.2688, 4.3819, 4.7285, 4.884, 4.7184, 4.7259, 4.685, 4.7358, 4.1734, 4.5752, 4.6332, 4.3614, 4.6609, 4.9365, 4.7369, 4.4837, 3.7816, 4.3749, 4.107, 4.4034, 3.7282, 4.6864, 3.8634, 4.322, 4.4953, 4.6369, 4.7756, 4.9967],
  "initQF": [3.5873, 5.9087, 4.1708, 3.4328, 5.7806, 3.5966, 3.4588, 3.5307, 8.4043, 3.5523, 3.4636, 9.4545, 4.7414, 5.0944, 1.4723, 5.72, 3.6221, 3.6079, 5.3645, 4.4523, 2.6157, 8.7634, 2.2672, 5.3563, 3.1187, 1.7546, 5.1178, 5.898, 3.4019, 2.8943, 3.2196, 1.1435, 3.1359, 4.7942, 2.9828, 5.003, 1.9667, 4.252, 4.839, 3.3839, 2.4474, 4.0637, 1.8794, 3.7884, 1.2743, 3.7765, 5.8554, 3.6431, 3.1309, 3.748],
  "initQU": [3.7698, 6.089, 6.9094, 4.1722, 2.9676, 3.3657, 3.655, 4.2429, 3.3034, 2.5336, 1.8255, 4.4615, 2.7218, 6.8414, 6.0445, 4.6593, 1.3823, 5.042, 3.9077, 7.8017, 1.8194, 5.9789, 5.8862, 2.3907, 7.0027, 2.0015, 5.5351, 4.7591, 1.3122, 3.0047, 1.3521, 3.2971, 1.7826, 6.7164, 4.1632, 1.2906, 3.1544, 3.2762, 2.4163, 1.6294, 4.2162, 3.3112, 4.1516, 3.7744, 5.6764, 3.4159, 2.3257, 5.084, 4.5958, 4.2092]
}
