{
  "n_part": 50,
  "n_trials": 30,
  "LR_group": 0.498451633611694,
  "inv_temp_group": 0.321909066988155,
  "initQ_group": [
    [7.45293450332247],
    [9.62302514119074]
  ],
  "mu_R_group": [
    [5],
    [5]
  ],
  "sigma_R_group": 2,
  "LR": [0.6445, 0.2302, 0.0729, 0.3306, 0.4676, 0.4299, 0.8009, 0.5134, 0.5668, 0.4438, 0.3127, 0.5788, 0.4677, 0.7452, 0.6542, 0.5682, 0.5872, 0.0508, 0.4285, 0.3354, 0.5849, 0.7213, 0.5205, 0.8096, 0.5928, 0.6377, 0.318, 0.3572, 0.1543, 0.2433, 0.2324, 0.3782, 0.3525, 0.2196, 0.5207, 0.1398, 0.801, 0.6884, 0.136, 0.2866, 0.5112, 0.5697, 0.559, 0.4535, 0.5117, 0.3836, 0.3267, 0.3362, 0.1983, 0.3701],
  "inv_temp": [4.7644, 4.5375, 4.1552, 4.7137, 4.8336, 4.2891, 4.6344, 4.6902, 4.1962, 4.6336, 4.0238, 4.6719, 4.652, 4.3215, 4.9416, 4.2452, 4.1691, 4.8028, 3.962, 4.5457, 4.1254, 4.5696, 4.3532, 4.7593, 4.2022, 4.833, 4.4002, 4.6012, 4.1909, 4.1375, 4.3216, 4.3193, 4.2101, 4.5437, 4.9417, 4.3921, 4.3355, 4.1371, 4.5217, 4.3612, 4.5218, 4.3386, 4.5211, 4.523, 4.4597, 4.1564, 4.3621, 4.5694, 4.5072, 4.799],
  "initQF": [3.1046, 4.4293, 1.1474, 2.2315, 4.1855, 4.9955, 3.9093, 3.2044, 3.453, 4.5486, 1.9424, 3.0886, 4.1146, 6.4325, 8.4543, 5.2935, 2.4613, 5.4652, 3.9269, 5.5395, 9.3433, 2.8644, 3.5047, 2.9493, 2.1681, 3.3001, 4.3271, 2.3679, 8.7969, 5.7045, 2.7492, 4.5107, 4.3802, 6.8357, 4.0227, 2.1336, 5.8, 2.8773, 2.8011, 3.5222, 1.8929, 3.4944, 3.6523, 1.7674, 4.1353, 6.4061, 2.1889, 2.6819, 3.0396, 3.3395],
  "initQU": [6.5137, 3.5618, 4.6559, 5.6921, 4.9906, 4.1375, 3.5542, 2.0631, 2.4964, 4.0314, 4.8375, 3.527, 3.5107, 4.7274, 2.7348, 6.7389, 3.0421, 4.6432, 3.0062, 3.1305, 7.7701, 1.4897, 2.2584, 3.7124, 4.5531, 5.7218, 2.2224, 2.747, 3.6294, 1.9536, 3.6603, 1.0472, 2.48, 2.8128, 1.7697, 4.5857, 1.4889, 2.2447, 4.9209, 6.78, 1.485, 6.6536, 1.8092, 5.6129, 2.4819, 1.1034, 2.2579, 2.4363, 2.8727, 4.5668]
}
