{
  "n_part": 50,
  "n_trials": 30,
  "LR_group": 0.113703411305323,
  "inv_temp_group": 3.1114970240742,
  "initQ_group": [
    [6.48347259592265],
    [6.61041497508995]
  ],
  "mu_R_group": [
    [5],
    [5]
  ],
  "sigma_R_group": 2,
  "LR": [0.6788, 0.4295, 0.5072, 0.6572, 0.5446, 0.3611, 0.4394, 0.405, 0.744, 0.7217, 0.0295, 0.3701, 0.4013, 0.3115, 0.5752, 0.361, 0.3922, 0.3307, 0.7276, 0.2587, 0.6901, 0.1385, 0.5022, 0.4856, 0.5281, 0.4099, 0.3871, 0.3346, 0.4114, 0.6162, 0.2921, 0.5575, 0.3814, 0.4965, 0.0854, 0.521, 0.5685, 0.8425, 0.9057, 0.5458, 0.3942, 0.2818, 0.4379, 0.2355, 0.1542, 0.277, 0.294, 0.6199, 0.3187, 0.4757],
  "inv_temp": [3.7879, 4.6605, 4.7957, 4.6157, 4.1623, 4.9759, 4.7717, 4.2791, 4.7582, 4.492, 4.3639, 4.9297, 4.7339, 4.6101, 4.3851, 4.2044, 4.5236, 4.5083, 4.7065, 4.5076, 4.3697, 4.4449, 4.664, 4.4702, 4.3817, 4.2284, 4.3103, 3.8598, 4.4511, 4.3776, 4.4017, 4.6419, 4.3839, 4.4739, 4.6052, 4.0602, 4.7274, 4.036, 4.5409, 4.794, 4.5826, 4.4546, 4.2002, 4.3115, 4.4556, 4.5533, 4.6651, 4.1963, 4.458, 4.9639],
  "initQF": [4.4261, 6.8635, 4.0734, 5.3925, 4.9902, 2.674, 7.394, 3.0002, 4.1138, 2.215, 1.5404, 5.6544, 5.4299, 1.3848, 5.1384, 3.3786, 2.4926, 8.472, 3.1033, 5.0981, 3.8537, 2.0588, 1.0774, 2.3505, 7.0664, 6.1534, 5.9741, 2.2754, 7.1586, 1.3108, 2.8478, 3.3567, 2.4623, 4.6628, 1.4292, 3.994, 6.7588, 6.2289, 6.4698, 1.0449, 1.8429, 7.2722, 3.7575, 3.3844, 4.0951, 1.9306, 4.941, 3.1414, 1.8799, 6.1947],
  "initQU": [4.4763, 1.9175, 1.1203, 7.4317, 4.902, 4.9906, 3.4537, 2.3961, 2.3309, 1.7678, 1.54, 4.3121, 4.374, 3.2188, 4.8523, 4.7631, 2.6417, 3.8406, 1.0118, 4.0626, 6.116, 2.6053, 3.9196, 4.1075, 1.4539, 3.7946, 5.002, 5.4378, 3.541, 3.8044, 4.4844, 3.5188, 3.6109, 2.6433, 2.7139, 5.4141, 3.5478, 5.5674, 3.711, 3.7207, 5.3845, 6.8201, 2.5176, 2.999, 1.948, 3.5305, 5.8133, 2.1389, 5.0883, 1.9723]
}
