{
  "n_part": 50,
  "n_trials": 30,
  "LR_group": 0.702772240620106,
  "inv_temp_group": 0.54896920803003,
  "initQ_group": [
    [6.33745164517313],
    [8.44909746199846]
  ],
  "mu_R_group": [
    [5],
    [5]
  ],
  "sigma_R_group": 2,
  "LR": [0.6514, 0.9476, 0.5552, 0.2363, 0.5257, 0.5263, 0.578, 0.3558, 0.5655, 0.3497, 0.5748, 0.5022, 0.1684, 0.4405, 0.457, 0.6287, 0.0514, 0.6873, 0.7256, 0.5748, 0.4422, 0.5217, 0.677, 0.6922, 0.5105, 0.1695, 0.2292, 0.1925, 0.3406, 0.4059, 0.3439, 0.611, 0.3711, 0.6982, 0.5907, 0.811, 0.2355, 0.1375, 0.4175, 0.4411, 0.7797, 0.2175, 0.8965, 0.6002, 0.1956, 0.1955, 0.4002, 0.1099, 0.2793, 0.4414],
  "inv_temp": [4.5094, 3.9059, 4.6821, 4.2091, 4.5043, 4.6695, 4.2754, 4.6192, 4.5795, 4.1083, 4.0132, 4.9621, 4.6211, 4.6211, 3.7568, 4.1383, 4.6982, 4.215, 4.6076, 4.3959, 4.5269, 4.4244, 4.4914, 4.4026, 4.5981, 4.5168, 4.884, 4.6076, 4.3906, 4.6084, 4.5069, 4.115, 4.3502, 4.033, 4.6706, 4.978, 4.5615, 4.5774, 4.1229, 4.584, 4.9042, 4.6433, 4.8956, 4.3805, 4.4487, 4.4795, 4.4778, 4.4746, 4.9042, 4.9704],
  "initQF": [2.846, 3.9521, 4.8018, 2.4785, 2.5684, 1.7791, 5.7613, 3.4763, 3.1124, 4.0145, 2.6817, 3.1291, 2.5361, 3.8018, 3.6019, 2.2407, 5.2777, 3.7356, 5.2381, 6.1043, 2.8908, 4.2266, 5.5782, 3.2118, 4.8975, 4.5277, 6.39, 4.7051, 4.1559, 3.6946, 5.8084, 5.5825, 2.6067, 5.0766, 1.8071, 4.0157, 4.1178, 3.9642, 4.1705, 4.3587, 3.834, 5.2802, 5.414, 3.7369, 3.9477, 3.0298, 4.4085, 7.147, 5.3763, 6.1218],
  "initQU": [5.3326, 3.7777, 2.2693, 3.9609, 5.1519, 1.4169, 3.9806, 5.1337, 3.6221, 1.8517, 4.5711, 4.294, 4.7084, 3.3548, 9.2913, 4.6564, 4.7698, 4.0686, 6.5258, 1.1823, 3.3085, 4.9271, 6.5457, 3.7209, 3.6875, 1.0401, 3.1075, 4.0538, 5.8889, 3.3223, 3.5928, 2.525, 6.0701, 4.4306, 4.8711, 4.1506, 6.1656, 8.3985, 3.9899, 3.4059, 2.8982, 2.7364, 2.9047, 5.992, 3.5393, 3.0942, 6.6239, 1.624, 5.5777, 3.5537]
}
