{
  "n_part": 50,
  "n_trials": 30,
  "LR_group": 0.125099483178928,
  "inv_temp_group": 0.852795268874615,
  "initQF_group": 6.22711951378733,
  "initQU_group": 4.05845054727979,
  "mu_R_group": [
    [5],
    [5]
  ],
  "sigma_R_group": 2,
  "LR": [0.4638, 0.1318, 0.0562, 0.077, 0.0483, 0.385, 0.2094, 0.2551, 0.2662, 0.3025, 0.0884, 0.1779, 0.2307, 0.2517, 0.3768, 0.2032, 0.3395, 0.1743, 0.3103, 0.4647, 0.2906, 0.3789, 0.0478, 0.2562, 0.2241, 0.1731, 0.0609, 0.1341, 0.3762, 0.3784, 0.1158, 0.1331, 0.4403, 0.2162, 0.1722, 0.269, 0.296, 0.193, 0.203, 0.1689, 0.1574, 0.5667, 0.0406, 0.2701, 0.431, 0.0472, 0.107, 0.0687, 0.4322, 0.169],
  "inv_temp": [0.7554, 0.7874, 1.4322, 0.9595, 1.5029, 0.3894, 1.0528, 0.6018, 0.4708, 0.3727, 1.1131, 0.9452, 0.6658, 1.006, 0.9645, 0.4181, 1.22, 1.6746, 0.6009, 1.192, 1.303, 0.6817, 0.9247, 0.995, 0.9407, 0.3355, 0.2814, 0.6004, 1.2266, 0.6762, 0.2075, 0.8896, 0.491, 0.5133, 0.9547, 0.9597, 1.01, 1.3451, 0.7481, 0.8683, 0.5469, 1.1286, 0.9041, 0.5792, 0.8295, 0.6366, 1.032, 0.7568, 0.8473, 1.3346],
  "initQF": [8.2784, 3.477, 3.6198, 8.3168, 8.1897, 5.4292, 7.0405, 3.4108, 5.452, 6.7202, 4.4985, 4.9946, 7.9555, 6.6278, 8.5797, 2.0916, 6.8067, 8.3424, 4.8614, 6.3112, 4.6879, 1.741, 6.7773, 4.291, 7.9423, 8.8559, 9.1031, 6.3411, 9.6795, 7.0386, 4.0588, 5.2574, 6.7204, 2.9337, 7.6447, 1.8219, 7.2268, 5.5396, 9.9301, 4.1188, 7.6515, 5.548, 5.6843, 6.0512, 5.4197, 5.6352, 7.3525, 6.3228, 3.3989, 7.1909],
  "initQU": [3.1078, 5.0694, 3.3771, 2.5792, 2.5734, 2.6521, 3.9102, 4.7363, 9.1605, 3.5856, 2.5086, 5.8969, 4.8656, 2.9876, 2.3258, 2.356, 2.9682, 4.327, 2.497, 2.8666, 5.3173, 4.8624, 4.0389, 6.9211, 6.0542, 3.0599, 2.6457, 7.3633, 3.6941, 8.2718, 6.2802, 4.5674, 2.4265, 3.6627, 5.1974, 7.2442, 2.2941, 1.1476, 1.8358, 5.5361, 2.5308, 6.4666, 5.3874, 3.0803, 2.7589, 8.3704, 1.8076, 2.2112, 1.7139, 2.2127]
}
