{
  "n_part": 50,
  "n_trials": 30,
  "LR_group": 0.710900726728141,
  "inv_temp_group": 1.36988023878075,
  "initQ_group": [
    [9.05477813957259],
    [9.57749972678721]
  ],
  "mu_R_group": [
    [5],
    [5]
  ],
  "sigma_R_group": 2,
  "LR": [0.507, 0.4545, 0.6155, 0.0837, 0.427, 0.6168, 0.351, 0.5526, 0.4875, 0.3553, 0.8429, 0.0644, 0.3533, 0.5233, 0.3462, 0.2585, 0.162, 0.2431, 0.2324, 0.2031, 0.3387, 0.8957, 0.3417, 0.3746, 0.6569, 0.5219, 0.3521, 0.4464, 0.231, 0.1307, 0.7564, 0.5109, 0.4065, 0.6515, 0.2401, 0.6832, 0.7726, 0.7451, 0.3024, 0.3553, 0.1189, 0.4058, 0.3546, 0.0514, 0.6858, 0.5011, 0.5973, 0.527, 0.5796, 0.3441],
  "inv_temp": [4.574, 4.6796, 4.2284, 4.5608, 4.2427, 4.5025, 4.4148, 4.3492, 4.8222, 3.8901, 4.0634, 4.0949, 3.8749, 4.9164, 4.4815, 3.9062, 4.4196, 4.563, 4.3804, 4.3153, 4.2858, 4.3312, 4.4929, 4.5622, 4.2873, 3.8691, 4.7991, 4.44, 4.4455, 3.6906, 4.673, 4.8841, 4.8753, 4.5299, 4.812, 4.4586, 4.7204, 4.4798, 4.0578, 4.2851, 4.1073, 4.282, 4.3934, 3.9325, 4.7287, 4.3655, 4.3359, 4.7078, 4.2971, 4.7666],
  "initQF": [6.1204, 5.6423, 2.4747, 2.1538, 3.2678, 2.2935, 3.8842, 2.5585, 2.6652, 5.0466, 3.172, 2.8508, 1.1733, 1.9233, 4.4367, 6.4495, 5.6968, 4.5636, 6.9186, 2.0663, 5.6098, 3.8242, 2.5921, 3.8334, 2.9927, 3.7492, 5.836, 1.0091, 4.7381, 3.3174, 5.3893, 1.2363, 6.029, 2.8253, 3.2443, 4.2335, 5.2543, 2.4078, 5.1125, 3.1638, 6.548, 2.7736, 4.245, 3.6543, 2.7172, 2.5097, 5.4256, 3.502, 3.4589, 3.4801],
  "initQU": [4.1222, 5.1331, 4.7097, 3.7899, 3.9557, 3.4663, 5.2466, 3.4872, 2.1175, 5.8585, 1.4517, 3.5152, 3.9927, 6.9062, 6.1835, 3.2128, 4.5138, 4.9805, 4.2044, 3.9855, 6.7897, 6.2011, 5.0804, 1.4839, 5.2065, 2.095, 3.9598, 7.1518, 4.877, 2.9568, 3.0956, 1.781, 5.9453, 5.0528, 4.5554, 4.2134, 3.8445, 1.1856, 6.4711, 5.366, 1.2337, 2.8181, 4.0273, 2.8609, 3.9161, 2.7507, 2.4196, 4.1184, 5.9664, 2.0397]
}
