{
  "n_part": 50,
  "n_trials": 30,
  "LR_group": 0.425907471915707,
  "inv_temp_group": 1.87773215351626,
  "initQ_group": [
    [6.00794889987446],
    [7.72212976124138]
  ],
  "mu_R_group": [
    [5],
    [5]
  ],
  "sigma_R_group": 2,
  "LR": [0.4008, 0.2175, 0.2776, 0.3586, 0.3289, 0.4842, 0.4164, 0.6376, 0.8662, 0.2788, 0.3789, 0.3352, 0.4642, 0.7528, 0.3425, 0.3334, 0.6581, 0.4625, 0.7799, 0.3808, 0.388, 0.5884, 0.6036, 0.2696, 0.1502, 0.6113, 0.1413, 0.6824, 0.3688, 0.203, 0.6387, 0.2639, 0.4405, 0.2731, 0.0292, 0.4206, 0.3385, 0.417, 0.5843, 0.2635, 0.4294, 0.4775, 0.2065, 0.5962, 0.5142, 0.3516, 0.3161, 0.3893, 0.6464, 0.251],
  "inv_temp": [4.6831, 4.5569, 4.5078, 4.6362, 3.9404, 4.8362, 4.2161, 4.0866, 4.2096, 4.3706, 4.4006, 4.4289, 4.5872, 4.3634, 3.9407, 4.485, 4.6465, 3.8652, 4.346, 4.7315, 4.9977, 4.5713, 4.3569, 4.9835, 4.8531, 4.1608, 4.6716, 4.3868, 4.4136, 4.2829, 4.4568, 3.9359, 4.8836, 4.4709, 4.8761, 4.3389, 4.8285, 4.317, 4.1346, 4.1577, 4.3255, 4.0946, 4.7766, 4.3937, 4.2148, 4.6579, 4.9063, 4.5541, 4.2132, 4.1855],
  "initQF": [4.4048, 3.0523, 4.0719, 3.0003, 4.1789, 3.7057, 5.5237, 4.778, 1.5879, 3.2343, 3.3373, 5.2494, 3.1962, 4.9571, 5.7612, 1.3502, 3.234, 5.7474, 4.0268, 4.8303, 4.9091, 2.8437, 5.192, 3.1769, 1.8313, 2.3808, 3.2469, 4.4626, 3.1283, 7.5975, 3.1627, 1.4189, 6.0064, 6.3517, 3.3796, 2.623, 2.8222, 3.254, 3.6953, 5.1103, 4.0641, 6.3626, 7.1909, 7.5858, 1.3366, 6.0524, 3.6258, 7.8823, 1.2996, 6.2733],
  "initQU": [3.7037, 3.4963, 5.0636, 2.4578, 6.1152, 4.8927, 4.3321, 1.2474, 2.4538, 1.2651, 3.8279, 4.2224, 3.4591, 6.0367, 3.6401, 2.0582, 6.817, 4.2015, 2.8893, 5.5096, 7.526, 5.1987, 3.3294, 8.3467, 1.1501, 2.1698, 4.0622, 3.8977, 3.9057, 6.4985, 3.3697, 2.982, 2.1466, 4.2076, 5.2946, 5.2224, 4.229, 5.4772, 5.1733, 2.9613, 6.806, 2.7153, 5.3235, 4.4586, 4.2598, 4.2022, 5.4483, 7.3018, 4.6567, 4.2147]
}
