{
  "n_part": 50,
  "n_trials": 30,
  "LR_group": 0.839992994908243,
  "inv_temp_group": 4.85021798638627,
  "initQ_group": [
    [3.93781921523623],
    [4.14765186724253]
  ],
  "mu_R_group": [
    [5],
    [5]
  ],
  "sigma_R_group": 2,
  "LR": [0.5694, 0.472, 0.5457, 0.7193, 0.3964, 0.5088, 0.7769, 0.3907, 0.316, 0.0985, 0.5465, 0.786, 0.4759, 0.6023, 0.7604, 0.3419, 0.5191, 0.5406, 0.4789, 0.3684, 0.3665, 0.4637, 0.6306, 0.7529, 0.7554, 0.1126, 0.6496, 0.5694, 0.4905, 0.8218, 0.6531, 0.5264, 0.7435, 0.3342, 0.4934, 0.7655, 0.4593, 0.6343, 0.5493, 0.6047, 0.4078, 0.5428, 0.3302, 0.6014, 0.6373, 0.4475, 0.4369, 0.5568, 0.5709, 0.3799],
  "inv_temp": [4.1175, 4.3834, 4.8367, 4.4904, 3.9612, 4.4648, 4.561, 4.6308, 4.841, 3.9324, 4.3836, 4.7372, 4.5637, 4.8681, 4.4753, 4.3906, 4.5155, 4.068, 4.2299, 4.9097, 4.5434, 4.2202, 4.4528, 4.5629, 4.1714, 4.9799, 4.3194, 4.6319, 4.5373, 4.5868, 4.8053, 4.5748, 4.2524, 4.5488, 4.3772, 4.7024, 4.8054, 4.5747, 4.6097, 4.6795, 4.8675, 4.6189, 4.593, 4.6178, 4.9209, 4.3702, 4.4473, 4.7397, 4.8171, 4.8655],
  "initQF": [1.4891, 6.6494, 4.1667, 6.1235, 4.0888, 2.9922, 3.0324, 7.4931, 6.9493, 6.8616, 1.5678, 4.4835, 3.3336, 3.7612, 3.8266, 2.1142, 4.2405, 4.0351, 2.3289, 7.0458, 4.0998, 4.6704, 5.3137, 3.0429, 4.4362, 3.0369, 4.9086, 3.9142, 3.9663, 3.8566, 4.4616, 1.8656, 5.8309, 3.2912, 3.6652, 6.0361, 2.9882, 3.8897, 2.288, 4.2002, 1.835, 4.1277, 5.2336, 3.4299, 3.2441, 1.5084, 6.8147, 5.0433, 3.5087, 7.7169],
  "initQU": [1.8481, 4.7743, 5.4338, 6.9477, 6.4169, 4.1573, 3.5296, 5.9754, 5.4534, 3.1847, 6.5017, 5.1428, 6.1614, 4.4442, 5.7552, 3.3368, 3.1957, 5.1669, 6.8693, 5.3039, 9.061, 3.4454, 6.6265, 3.0518, 3.179, 2.8127, 5.8126, 5.2384, 2.8645, 1.3389, 3.4774, 1.6893, 5.2549, 1.7226, 5.735, 6.5696, 5.2149, 1.9219, 4.0597, 5.029, 6.3506, 4.5966, 3.8026, 6.4013, 7.9221, 4.5519, 1.9752, 2.5866, 6.5282, 4.8007]
}
