{
  "n_part": 50,
  "n_trials": 30,
  "LR_group": 0.313891924452037,
  "inv_temp_group": 1.63222343311645,
  "initQ_group": [
    [1.96487946016714],
    [7.95503785973415]
  ],
  "mu_R_group": [
    [5],
    [5]
  ],
  "sigma_R_group": 2,
  "LR": [0.3788, 0.5085, 0.6017, 0.3113, 0.7395, 0.3296, 0.6859, 0.8548, 0.2661, 0.5752, 0.5004, 0.4702, 0.3999, 0.419, 0.6562, 0.5911, 0.5681, 0.7637, 0.5107, 0.5034, 0.334, 0.2592, 0.5781, 0.5995, 0.416, 0.4596, 0.3961, 0.6296, 0.6162, 0.6374, 0.0795, 0.5699, 0.4011, 0.4565, 0.5258, 0.0796, 0.287, 0.5325, 0.566, 0.8778, 0.5101, 0.5766, 0.6311, 0.3293, 0.4638, 0.2337, 0.6825, 0.0651, 0.3662, 0.5047],
  "inv_temp": [4.2815, 4.3383, 4.9104, 4.5592, 4.4522, 4.3779, 4.1941, 4.2699, 4.3411, 4.9701, 4.4007, 4.205, 4.6518, 4.2478, 4.6534, 4.408, 4.1749, 4.2139, 4.6214, 4.0842, 4.3084, 4.4689, 4.2798, 4.6248, 4.313, 4.019, 4.6587, 4.4804, 4.5123, 4.3399, 3.9404, 4.443, 4.3483, 3.9265, 4.9208, 4.5851, 4.0146, 4.4163, 4.3871, 4.1451, 3.9444, 4.8781, 4.8372, 4.6757, 4.8149, 4.5855, 4.6782, 4.7126, 4.3415, 4.4263],
  "initQF": [2.3747, 2.1246, 3.7483, 1.5154, 1.6827, 3.3634, 1.5835, 2.4462, 9.4525, 3.412, 4.7916, 1.727, 4.5603, 2.1693, 6.0786, 1.3846, 2.8536, 5.6448, 2.8427, 3.6032, 2.4444, 4.6903, 3.6686, 4.056, 4.2632, 3.1271, 8.666, 1.3256, 2.4466, 2.6363, 4.0142, 5.5952, 4.6323, 1.1112, 2.5607, 3.8683, 3.462, 2.1426, 7.9813, 3.6083, 4.1727, 2.8205, 2.7262, 3.0898, 4.1625, 5.823, 5.8261, 4.2201, 3.5455, 4.9468],
  "initQU": [8.4836, 4.6424, 6.5409, 5.1138, 1.5598, 3.8302, 4.6901, 3.1127, 2.4754, 7.2891, 5.0054, 3.772, 4.5056, 6.3214, 4.5489, 3.7658, 5.4955, 2.5336, 2.0927, 3.7576, 2.6236, 1.2905, 2.2968, 1.8489, 2.2705, 3.755, 4.1717, 2.4336, 4.4257, 5.5978, 3.0187, 5.5431, 3.8936, 4.0353, 4.8575, 3.0332, 6.6728, 6.0678, 5.252, 4.2547, 2.5863, 2.5389, 5.8756, 1.8318, 1.4087, 5.6041, 3.7682, 1.4479, 3.919, 3.9692]
}
