{
  "n_part": 50,
  "n_trials": 30,
  "LR_group": 0.319664765149355,
  "inv_temp_group": 2.49218020471744,
  "initQ_group": [
    [1.5623890592251],
    [8.77891249605455]
  ],
  "mu_R_group": [
    [5],
    [5]
  ],
  "sigma_R_group": 2,
  "LR": [0.5628, 0.1884, 0.737, 0.6045, 0.2557, 0.1186, 0.2481, 0.2014, 0.3352, 0.512, 0.493, 0.4147, 0.3397, 0.6997, 0.379, 0.0642, 0.2725, 0.115, 0.6584, 0.1608, 0.3265, 0.6239, 0.3149, 0.398, 0.624, 0.2852, 0.5513, 0.5891, 0.3885, 0.2791, 0.4097, 0.3537, 0.3639, 0.4701, 0.5737, 0.5854, 0.6021, 0.6735, 0.4186, 0.1562, 0.0875, 0.6369, 0.5669, 0.2404, 0.6617, 0.3128, 0.3396, 0.4913, 0.9073, 0.3796],
  "inv_temp": [4.5516, 4.2848, 4.5601, 4.6954, 4.077, 4.73, 4.7973, 4.2516, 4.1894, 4.1828, 4.5957, 4.3333, 3.9992, 4.4663, 4.0373, 4.8536, 4.3978, 4.6787, 3.8558, 4.2177, 4.161, 4.4729, 4.3105, 4.2414, 4.2589, 4.3923, 4.64, 4.1953, 4.5446, 4.8632, 4.3646, 4.5137, 4.4502, 4.0906, 4.1459, 4.6525, 4.5236, 4.7145, 4.6254, 4.2803, 4.1755, 4.7099, 4.1985, 4.8336, 4.5999, 4.5758, 4.8536, 4.3617, 4.6671, 4.899],
  "initQF": [5.8101, 6.3211, 1.6803, 4.7381, 5.2943, 2.4434, 1.9287, 1.7127, 2.4155, 1.7469, 5.2146, 3.239, 2.9136, 8.7439, 5.4106, 5.1657, 5.0707, 3.9268, 5.3711, 5.006, 4.0696, 6.2124, 1.212, 3.5912, 5.5487, 3.7552, 1.0844, 6.5944, 6.0443, 2.5083, 5.1096, 3.2803, 1.835, 4.7026, 3.3089, 3.5991, 3.9607, 4.5333, 3.0786, 3.3219, 3.3755, 2.1923, 6.8719, 4.9333, 2.1831, 3.6917, 5.8627, 1.5493, 3.676, 3.2437],
  "initQU": [2.0644, 2.8651, 3.7211, 5.2378, 4.8562, 4.4995, 2.2874, 6.2042, 5.3009, 4.3015, 4.7039, 3.3852, 3.0434, 2.5657, 3.0952, 2.6145, 4.122, 5.9129, 4.3306, 4.8153, 1.2861, 4.8389, 4.1148, 6.7617, 5.5372, 3.6755, 6.4213, 2.7833, 4.7452, 2.2803, 1.3163, 3.798, 2.5247, 6.6002, 1.8227, 1.6201, 1.5841, 5.0924, 5.6187, 4.672, 3.5319, 5.8384, 6.9795, 1.1104, 3.6511, 7.5588, 4.1978, 5.95, 1.1985, 7.4579]
}
