{
  "n_part": 50,
  "n_trials": 30,
  "LR_group": 0.0421800399199128,
  "inv_temp_group": 4.24410696490668,
  "initQF_group": 6.20708044734783,
  "initQU_group": 4.80863335379399,
  "mu_R_group": [
    [5],
    [5]
  ],
  "sigma_R_group": 2,
  "LR": [0.0239, 0.009, 0.1464, 0.2527, 0.4366, 0.1894, 0.217, 0.3173, 0.1626, 0.0025, 0.0901, 0.1186, 0.404, 0.2183, 0.2502, 0.1164, 0.1253, 0.053, 0.1704, 0.469, 0.0664, 0.2313, 0.0476, 0.2031, 0.1933, 0.2942, 0.0973, 0.2859, 0.1055, 0.3309, 0.2357, 0.0676, 0.3419, 0.1672, 0.2384, 0.1421, 0.2773, 0.4887, 0.0812, 0.0889, 0.2193, 0.3085, 0.0107, 0.0459, 0.0664, 0.4101, 0.5642, 0.0326, 0.0738, 0.2043],
  "inv_temp": [4.0723, 3.9508, 4.2936, 3.6569, 3.8728, 3.9142, 3.8975, 4.0193, 4.7523, 3.7946, 4.6499, 4.26, 4.4637, 4.1855, 3.8438, 4.5941, 4.2093, 4.2462, 4.3071, 4.8616, 4.5739, 4.1551, 4.1022, 4.5751, 4.5922, 4.2692, 4.4796, 3.643, 4.5246, 4.1515, 3.9336, 3.7445, 4.2591, 4.5535, 4.152, 4.4749, 4.6779, 4.5169, 3.893, 3.9475, 4.128, 4.7324, 4.1551, 3.4635, 4.1184, 4.1253, 4.8028, 3.8575, 4.0657, 4.5163],
  "initQF": [7.1248, 4.3144, 7.0046, 7.8438, 6.9935, 4.5154, 3.1435, 6.8165, 5.7417, 8.5463, 5.7853, 4.5297, 5.33, 5.8661, 7.393, 6.8829, 2.946, 5.0767, 7.3316, 6.4443, 6.0607, 6.4776, 8.3945, 4.4773, 3.5868, 6.2743, 6.5495, 5.6991, 7.3521, 5.4405, 6.0117, 5.8991, 9.3213, 4.3249, 9.2442, 3.8048, 4.9893, 7.3501, 9.4463, 9.6342, 4.0909, 6.5877, 7.2781, 5.683, 6.2753, 5.5173, 5.4523, 9.5227, 5.5248, 8.06],
  "initQU": [5.4643, 5.5384, 6.0459, 4.487, 7.6246, 2.5086, 1.1106, 6.1735, 5.3607, 3.1538, 4.9443, 3.5799, 5.1515, 3.1355, 6.5779, 3.0049, 5.0408, 6.1325, 3.846, 7.7785, 5.4676, 5.1148, 4.8313, 2.5038, 1.2931, 5.3827, 2.962, 4.9556, 8.2669, 7.0824, 8.081, 2.7317, 4.127, 8.4131, 3.8931, 8.4792, 9.0408, 7.5302, 4.6725, 6.2852, 3.4483, 4.7701, 4.4781, 1.9781, 7.1009, 8.724, 3.4667, 5.3994, 2.5472, 5.0534]
}
