{
  "n_part": 50,
  "n_trials": 30,
  "LR_group": 0.764233750058338,
  "inv_temp_group": 4.57861436880194,
  "initQ_group": [
    [9.49466040963307],
    [2.93220469891094]
  ],
  "mu_R_group": [
    [5],
    [5]
  ],
  "sigma_R_group": 2,
  "LR": [0.2309, 0.6934, 0.3045, 0.362, 0.568, 0.2097, 0.5183, 0.3219, 0.363, 0.4583, 0.2332, 0.8836, 0.6682, 0.2881, 0.5882, 0.5755, 0.4639, 0.7197, 0.5198, 0.28, 0.2715, 0.5071, 0.3598, 0.409, 0.8618, 0.6472, 0.9369, 0.6783, 0.5906, 0.3748, 0.1877, 0.4518, 0.5376, 0.2488, 0.5006, 0.3608, 0.3445, 0.8124, 0.2034, 0.3631, 0.3373, 0.5112, 0.1938, 0.5249, 0.2887, 0.5413, 0.5738, 0.3335, 0.256, 0.408],
  "inv_temp": [4.1518, 4.4971, 4.523, 4.5524, 4.739, 4.0867, 4.5612, 4.4311, 4.2702, 4.3909, 4.337, 4.2479, 4.5717, 4.2696, 4.3445, 4.2934, 4.5873, 4.3149, 4.9735, 4.216, 4.2185, 4.4311, 4.8686, 4.3042, 4.4843, 4.6786, 4.4406, 4.4398, 4.2991, 4.3057, 4.3555, 4.2017, 4.286, 4.6777, 4.4028, 4.7168, 4.8523, 4.5878, 4.0704, 4.453, 4.8164, 4.1932, 4.7392, 4.4381, 4.6238, 4.42, 4.2534, 4.6592, 4.7879, 4.7948],
  "initQF": [1.6256, 4.1175, 3.9439, 5.8885, 1.0934, 6.1047, 6.7908, 6.9358, 6.0319, 1.1946, 2.6272, 1.6218, 2.8871, 5.4833, 3.6022, 5.6902, 2.5157, 4.2907, 3.8562, 1.0424, 3.791, 4.8305, 4.0341, 1.1282, 2.1192, 5.0777, 7.0529, 3.5042, 3.9469, 3.485, 3.9254, 8.4951, 4.0364, 3.773, 1.5627, 1.3917, 4.4299, 4.6917, 4.1525, 2.0052, 3.1199, 3.7477, 3.1767, 1.6642, 4.5717, 4.0343, 3.4125, 3.9917, 4.1698, 1.8543],
  "initQU": [6.7436, 4.5187, 3.9701, 5.269, 4.9505, 4.0451, 5.8675, 4.8974, 2.9522, 2.8661, 1.3719, 1.793, 2.8882, 4.5287, 2.6969, 4.3178, 2.0337, 1.8562, 1.7585, 2.4712, 4.7105, 4.1874, 5.5016, 6.6879, 5.741, 2.3873, 6.8847, 3.4808, 2.3844, 2.1817, 5.7079, 5.9891, 4.9079, 3.3631, 4.7221, 3.8039, 3.6605, 4.0694, 4.5053, 8.7875, 3.1281, 7.0594, 3.2196, 3.604, 2.5786, 1.849, 5.6607, 2.3389, 1.8356, 5.5655]
}
