{
  "n_part": 50,
  "n_trials": 30,
  "LR_group": 0.816217130981386,
  "inv_temp_group": 2.43597035645507,
  "initQF_group": 5.42956772679463,
  "initQU_group": 1.20481141842902,
  "mu_R_group": [
    [5],
    [5]
  ],
  "sigma_R_group": 2,
  "LR": [0.7975, 0.6774, 0.7893, 0.8972, 0.7414, 0.7558, 0.9086, 0.5279, 0.9693, 0.7601, 0.7773, 0.5331, 0.692, 0.9069, 0.7164, 0.6628, 0.8235, 0.6469, 0.5856, 0.7426, 0.9656, 0.816, 0.4795, 0.9409, 0.645, 0.9093, 0.7748, 0.8786, 0.6537, 0.4807, 0.7213, 0.9238, 0.6231, 0.5261, 0.7291, 0.6205, 0.8701, 0.6725, 0.9056, 0.7039, 0.9245, 0.654, 0.7286, 0.733, 0.8593, 0.8017, 0.8532, 0.67, 0.672, 0.7057],
  "inv_temp": [2.3542, 2.4288, 2.5409, 2.7293, 2.3284, 2.1394, 2.5037, 2.5364, 2.316, 2.8633, 3.0273, 2.2188, 2.3321, 2.5567, 1.9385, 2.4227, 2.592, 2.3319, 2.2047, 2.3656, 2.7819, 2.7785, 2.1837, 2.6831, 2.6209, 2.2441, 2.4398, 2.1153, 2.1957, 2.4574, 2.087, 2.5515, 2.1711, 2.1869, 2.9362, 2.3767, 2.5664, 2.8567, 2.7195, 2.5515, 2.5384, 2.3184, 2.5142, 2.8031, 2.6354, 2.8007, 2.2004, 2.2962, 2.8754, 2.6856],
  "initQF": [1.3974, 3.2293, 4.8098, 2.8012, 6.5426, 4.1403, 5.2955, 4.896, 5.2966, 6.444, 8.1992, 8.4223, 7.8405, 4.4261, 5.702, 4.2096, 5.3703, 6.1709, 1.3995, 4.4702, 2.1519, 4.6838, 7.8825, 4.5318, 4.3933, 7.1654, 4.8212, 6.107, 9.5935, 2.0633, 5.4309, 5.6606, 7.0633, 9.0852, 5.303, 5.4877, 3.3696, 4.0372, 8.0701, 7.4157, 3.5701, 6.7885, 4.7694, 5.5466, 3.9699, 7.4795, 7.0227, 4.6319, 4.3915, 5.878],
  "initQU": [1.863, 4.0025, 2.2868, 1.0573, 3.3789, 1.7353, 3.3184, 3.5865, 1.2293, 2.5479, 2.9628, 2.169, 2.8074, 1.8166, 1.7557, 4.5967, 1.3134, 2.8412, 3.1312, 1.2484, 1.6773, 1.5137, 3.6426, 2.3516, 1.1755, 1.9817, 3.5012, 2.9861, 1.6215, 1.0103, 1.9245, 2.3181, 1.6941, 5.453, 3.8399, 4.7704, 3.4675, 1.2352, 3.6585, 4.6727, 3.6504, 1.2107, 3.3426, 3.3489, 1.4867, 2.4212, 3.6441, 4.6163, 6.2389, 2.0436]
}
