{
  "n_part": 50,
  "n_trials": 30,
  "LR_group": 0.782578942831606,
  "inv_temp_group": 3.68101128726266,
  "initQ_group": [
    [8.07285979366861],
    [6.2285594556015]
  ],
  "mu_R_group": [
    [5],
    [5]
  ],
  "sigma_R_group": 2,
  "LR": [0.271, 0.7625, 0.5626, 0.3491, 0.4919, 0.6903, 0.3409, 0.7871, 0.8275, 0.6153, 0.5778, 0.3643, 0.2353, 0.0588, 0.6785, 0.2952, 0.2361, 0.3872, 0.5937, 0.4246, 0.4834, 0.319, 0.2885, 0.5009, 0.4767, 0.5596, 0.4528, 0.5092, 0.3517, 0.5109, 0.4027, 0.5191, 0.349, 0.0622, 0.4558, 0.4171, 0.8918, 0.4253, 0.6042, 0.6681, 0.457, 0.5713, 0.3782, 0.4642, 0.3606, 0.317, 0.3172, 0.5823, 0.477, 0.3314],
  "inv_temp": [4.5731, 4.4279, 4.7694, 4.2769, 4.6952, 4.422, 4.2489, 4.9764, 4.0665, 3.8843, 4.8832, 4.0399, 4.722, 4.3841, 4.7767, 4.3582, 4.1338, 4.1269, 4.1975, 4.3772, 4.6199, 4.039, 4.5452, 4.1668, 4.4262, 4.1571, 4.0983, 4.9332, 4.19, 4.7434, 4.1791, 4.5324, 4.9413, 4.3994, 4.4442, 4.6576, 4.6569, 4.7275, 4.0928, 4.8261, 4.2637, 4.7495, 4.1227, 4.4205, 4.5896, 4.7427, 4.1666, 4.1008, 4.6982, 4.3184],
  "initQF": [5.2293, 4.8636, 2.6227, 2.6807, 5.6157, 6.265, 3.239, 1.8495, 3.656, 2.586, 7.5667, 1.2867, 4.5246, 2.6503, 4.5158, 4.7127, 4.6157, 4.6916, 6.4776, 5.8849, 3.9358, 7.3434, 7.1274, 3.1984, 4.3832, 3.8575, 3.6802, 2.42, 8.5733, 3.7597, 3.9268, 3.2569, 1.6764, 6.3139, 3.5989, 6.701, 4.083, 6.2149, 1.0079, 2.9103, 3.0986, 3.531, 4.1835, 3.0549, 4.2502, 2.3906, 4.6502, 2.8218, 1.5312, 8.1907],
  "initQU": [3.3214, 5.9557, 3.6497, 5.1636, 1.4856, 2.1699, 5.7818, 4.302, 5.6878, 2.7769, 2.5111, 3.5529, 3.1001, 4.7215, 2.5473, 1.5109, 5.0796, 2.3684, 5.241, 5.8073, 4.9223, 5.9568, 2.5314, 4.515, 1.397, 4.3638, 4.5149, 1.392, 6.0507, 1.0355, 3.1188, 5.884, 3.5307, 4.2312, 4.0707, 6.166, 3.5753, 5.023, 3.2495, 4.7019, 1.9728, 4.3893, 3.3551, 2.9609, 3.7553, 3.303, 2.7264, 2.6653, 3.715, 6.6616]
}
