{
  "n_part": 50,
  "n_trials": 30,
  "LR_group": 0.852995204972103,
  "inv_temp_group": 2.11492100032046,
  "initQF_group": 1.86382041894831,
  "initQU_group": 9.5501194417011,
  "mu_R_group": [
    [5],
    [5]
  ],
  "sigma_R_group": 2,
  "LR": [0.5472, 0.8261, 0.5187, 0.716, 0.8947, 0.6832, 0.9088, 0.8616, 0.7524, 0.6563, 0.5191, 0.9766, 0.5076, 0.8487, 0.8761, 0.6879, 0.6219, 0.5435, 0.7935, 0.7152, 0.8617, 0.7711, 0.5285, 0.842, 0.9461, 0.6505, 0.7709, 0.8631, 0.646, 0.5124, 0.6913, 0.3083, 0.8893, 0.7976, 0.6637, 0.9775, 0.7402, 0.6029, 0.7957, 0.7895, 0.8266, 0.9231, 0.7337, 0.6705, 0.8065, 0.6611, 0.7452, 0.8859, 0.7106, 0.4352],
  "inv_temp": [2.3217, 1.3468, 2.1642, 2.1499, 2.4212, 2.3264, 1.7082, 2.1382, 2.3865, 2.914, 1.6882, 1.7343, 2.7153, 2.1134, 2.0004, 2.4177, 1.904, 2.2872, 1.8136, 1.8924, 2.2942, 2.4864, 2.7833, 1.851, 1.8495, 1.6108, 1.7805, 2.1679, 2.6417, 2.561, 1.7053, 2.3753, 2.4447, 1.8135, 2.0103, 2.3049, 2.3751, 2.3785, 2.5831, 1.8952, 2.3492, 2.3371, 2.2741, 2.195, 2.4408, 2.0359, 1.9425, 2.3729, 2.1559, 1.9281],
  "initQF": [5.4197, 1.6259, 3.0195, 2.5861, 1.5545, 4.19, 4.9618, 3.5742, 1.392, 2.4067, 2.0007, 2.5737, 5.6227, 1.0097, 1.7584, 1.5636, 2.1959, 2.329, 4.0808, 2.0969, 2.1398, 4.588, 3.7833, 2.0577, 3.5015, 5.6705, 2.908, 2.6177, 1.184, 2.5685, 4.2762, 3.5988, 4.9452, 2.9284, 2.026, 1.0903, 4.675, 2.2241, 3.5911, 1.0747, 3.4541, 1.8894, 1.6234, 3.5345, 1.9865, 2.4484, 3.8457, 3.888, 2.3219, 3.2628],
  "initQU": [9.5651, 7.1527, 8.76, 5.6517, 9.7872, 8.1013, 8.372, 8.3122, 8.9778, 6.843, 8.4818, 8.3298, 8.4378, 8.8335, 7.0306, 8.8508, 6.8287, 9.5636, 8.527, 6.6336, 7.6577, 8.7334, 9.5968, 9.873, 9.9929, 9.5999, 8.6777, 6.5633, 6.5414, 9.2514, 5.7411, 7.6409, 6.2051, 6.5425, 7.1068, 8.0747, 8.9414, 9.2972, 8.9567, 9.9117, 7.8007, 9.9691, 6.3109, 9.9699, 8.9471, 7.0516, 7.6132, 6.2467, 7.8858, 7.8881]
}
