{
  "n_part": 50,
  "n_trials": 30,
  "LR_group": 0.169474513502792,
  "inv_temp_group": 1.91530713113025,
  "initQ_group": [
    [2.6042226026766],
    [2.70691219437867]
  ],
  "mu_R_group": [
    [5],
    [5]
  ],
  "sigma_R_group": 2,
  "LR": [0.6035, 0.6571, 0.5, 0.5907, 0.5593, 0.4502, 0.3833, 0.5336, 0.4256, 0.1173, 0.4109, 0.5878, 0.7475, 0.1688, 0.8385, 0.246, 0.4754, 0.3892, 0.5807, 0.5922, 0.5845, 0.8309, 0.9047, 0.4393, 0.5255, 0.6851, 0.6735, 0.7297, 0.4978, 0.2413, 0.5926, 0.4754, 0.1352, 0.2918, 0.4797, 0.6572, 0.2456, 0.5453, 0.7133, 0.5271, 0.4308, 0.6102, 0.5394, 0.4354, 0.7712, 0.4253, 0.3496, 0.5557, 0.6853, 0.6893],
  "inv_temp": [4.4665, 4.604, 4.7834, 4.4424, 4.4861, 4.5797, 4.5628, 4.6123, 4.7032, 4.7563, 4.0708, 4.0861, 4.6706, 4.6076, 4.3086, 4.5667, 4.4496, 4.1678, 4.8559, 4.6633, 4.021, 4.1009, 4.5099, 4.7384, 4.07, 4.3811, 4.4274, 4.8145, 4.8882, 4.5258, 4.4565, 4.3786, 4.5864, 3.797, 4.453, 4.4804, 4.5914, 4.7646, 4.273, 4.1305, 4.4928, 4.4307, 4.2058, 4.4505, 4.706, 4.3001, 4.8772, 4.6678, 4.2585, 4.1632],
  "initQF": [2.6526, 4.3724, 4.0673, 7.6725, 8.0836, 2.5487, 4.9175, 1.7865, 3.077, 6.76, 5.0722, 1.1807, 2.6945, 2.3217, 2.4005, 4.9328, 4.6725, 3.299, 5.8559, 9.5387, 2.0734, 2.699, 2.8008, 4.7147, 3.7379, 3.0644, 6.7905, 3.211, 3.8004, 3.8126, 6.4012, 3.2542, 5.4679, 2.6252, 2.3819, 1.3549, 2.203, 1.7681, 2.8602, 3.9169, 2.8046, 3.3813, 1.9673, 4.926, 5.5094, 6.7112, 4.2299, 4.1292, 3.5889, 4.1759],
  "initQU": [2.7902, 3.3166, 3.9143, 2.4359, 2.3814, 5.2462, 2.5276, 5.3334, 2.9484, 6.2765, 3.7849, 1.8124, 3.0856, 3.1862, 7.3195, 1.2204, 2.3305, 3.9416, 6.3427, 3.5782, 3.5782, 4.5372, 4.0451, 1.7151, 2.2269, 2.3207, 5.8023, 2.4759, 1.9429, 2.073, 5.5747, 7.1208, 1.8764, 4.5855, 4.9134, 4.4478, 5.8442, 3.6732, 5.339, 8.172, 4.1519, 3.8994, 5.9088, 2.5316, 4.6867, 2.2139, 7.6869, 1.0437, 4.2405, 3.269]
}
