{
  "n_part": 50,
  "n_trials": 30,
  "LR_group": 0.920602039899677,
  "inv_temp_group": 0.210218030260876,
  "initQ_group": [
    [5.38321790192276],
    [2.04594140523113]
  ],
  "mu_R_group": [
    [5],
    [5]
  ],
  "sigma_R_group": 2,
  "LR": [0.2074, 0.7029, 0.4916, 0.6199, 0.5621, 0.8165, 0.7126, 0.3712, 0.5297, 0.4264, 0.355, 0.366, 0.4804, 0.4741, 0.3312, 0.6298, 0.0667, 0.2726, 0.1759, 0.7118, 0.529, 0.5764, 0.5301, 0.5976, 0.4208, 0.3755, 0.2886, 0.4172, 0.1628, 0.5, 0.5853, 0.2563, 0.3557, 0.4919, 0.3771, 0.2615, 0.474, 0.4354, 0.5291, 0.4889, 0.497, 0.6658, 0.187, 0.3597, 0.3278, 0.2405, 0.3132, 0.5819, 0.3396, 0.5396],
  "inv_temp": [4.1214, 4.6247, 4.2536, 4.5031, 4.7632, 4.1163, 4.5093, 4.2877, 4.2187, 4.5018, 4.6689, 4.5451, 4.3792, 4.419, 4.6316, 4.225, 4.4122, 4.6633, 4.6586, 3.9842, 4.6656, 4.5831, 4.7946, 4.1949, 4.533, 4.1165, 4.8712, 4.6401, 4.1686, 4.1527, 4.1523, 4.2144, 4.2822, 4.7353, 4.5105, 4.1098, 4.286, 4.6043, 4.2149, 4.6065, 4.9045, 4.6986, 4.1603, 4.6755, 4.6075, 4.6393, 4.856, 4.7579, 4.3116, 4.2602],
  "initQF": [1.1852, 6.2769, 3.9327, 5.032, 3.5345, 2.3574, 1.2958, 2.6163, 2.3553, 5.2153, 5.5392, 7.4046, 2.2155, 7.1402, 4.7125, 7.4101, 3.9666, 3.2845, 5.8356, 5.3428, 3.6078, 1.4119, 2.9736, 1.353, 4.1214, 2.9555, 3.0154, 4.0703, 3.1915, 3.465, 2.4953, 4.7011, 1.4205, 1.0775, 6.2034, 6.2407, 4.3144, 8.3936, 3.3305, 4.6604, 1.6792, 4.3325, 2.8574, 4.3311, 3.4488, 3.2037, 3.8023, 2.6164, 1.9216, 4.6818],
  "initQU": [1.5765, 4.7176, 2.9752, 1.5686, 4.1439, 4.4457, 2.1215, 3.7778, 2.4714, 5.5701, 1.3016, 3.1307, 5.9204, 4.8318, 1.3511, 1.3548, 3.7289, 4.694, 5.7609, 4.1618, 5.3594, 7.468, 5.1384, 3.7103, 5.6461, 4.8832, 4.5264, 2.4356, 4.2552, 6.2601, 5.8505, 4.2565, 3.189, 3.3291, 6.204, 3.2596, 6.2314, 3.5344, 4.9626, 5.434, 3.1451, 2.7221, 1.9574, 5.9239, 2.8769, 6.084, 4.5867, 1.7497, 6.2553, 2.2146]
}
