{
  "n_part": 50,
  "n_trials": 30,
  "LR_group": 0.930220301263034,
  "inv_temp_group": 4.49370325077325,
  "initQF_group": 6.64021113002673,
  "initQU_group": 3.48287936323322,
  "mu_R_group": [
    [5],
    [5]
  ],
  "sigma_R_group": 2,
  "LR": [0.8697, 0.9442, 0.8926, 0.8637, 0.8079, 0.793, 0.5788, 0.7643, 0.9801, 0.8126, 0.6965, 0.8234, 0.5737, 0.9744, 0.4974, 0.8642, 0.958, 0.9582, 0.7521, 0.8443, 0.9379, 0.9691, 0.9241, 0.8777, 0.8481, 0.9407, 0.8623, 0.8899, 0.8922, 0.6593, 0.9677, 0.8312, 0.934, 0.6199, 0.9613, 0.4744, 0.5342, 0.8289, 0.9703, 0.5368, 0.5029, 0.4373, 0.8885, 0.8372, 0.6687, 0.7699, 0.5131, 0.9396, 0.8484, 0.8225],
  "inv_temp": [4.3683, 4.8899, 4.081, 4.1984, 4.4622, 4.1276, 4.2909, 4.9871, 4.4982, 4.5026, 4.3336, 4.5327, 4.7588, 4.3552, 4.144, 4.1746, 4.4989, 4.444, 4.602, 4.5277, 4.3237, 4.4745, 4.4793, 4.4493, 4.1173, 4.5398, 4.0341, 3.9928, 4.725, 4.4347, 4.7342, 3.6204, 4.3157, 4.2305, 4.2484, 4.9757, 4.2282, 4.5164, 4.4633, 4.5573, 4.195, 4.3159, 4.5276, 4.4568, 4.6847, 4.2223, 4.6263, 4.7602, 4.4319, 4.3401],
  "initQF": [7.1971, 4.0966, 8.5613, 6.7853, 8.9603, 6.0509, 6.64, 5.8482, 6.9925, 7.3531, 6.0414, 7.8688, 3.4692, 7.0767, 6.9631, 8.7806, 9.2246, 5.4865, 5.6861, 8.7712, 6.5039, 7.2234, 9.3191, 8.362, 5.7339, 7.5301, 4.72, 4.4641, 6.8212, 5.4715, 6.0556, 8.043, 4.7616, 6.4422, 9.4722, 8.4319, 4.4431, 8.2352, 5.077, 6.492, 7.0838, 3.0525, 8.9272, 6.9243, 7.6117, 8.1147, 6.3547, 4.9943, 4.7685, 9.2295],
  "initQU": [4.9274, 2.141, 5.669, 1.9172, 3.6658, 4.1198, 3.3549, 4.015, 4.2306, 3.6087, 4.398, 7.1117, 3.0683, 3.0676, 4.4047, 1.1751, 6.0575, 1.9873, 2.7019, 6.4688, 1.5923, 2.4999, 6.0206, 2.6875, 2.1758, 3.4998, 4.5373, 3.4354, 5.3936, 4.432, 5.7244, 1.456, 4.444, 1.6858, 1.8261, 5.3743, 2.7113, 2.3776, 4.9586, 3.9938, 3.7364, 3.0545, 2.7218, 4.5191, 2.0308, 2.1822, 4.5949, 5.3255, 3.6843, 3.5075]
}
