{
  "n_part": 50,
  "n_trials": 30,
  "LR_group": 0.854213839164004,
  "inv_temp_group": 0.770059383939952,
  "initQ_group": [
    [7.60922834184021],
    [6.85122533910908]
  ],
  "mu_R_group": [
    [5],
    [5]
  ],
  "sigma_R_group": 2,
  "LR": [0.2794, 0.635, 0.5486, 0.6869, 0.3455, 0.0566, 0.3281, 0.3982, 0.829, 0.4874, 0.4032, 0.2737, 0.1371, 0.2148, 0.6971, 0.9084, 0.5009, 0.2343, 0.2154, 0.8155, 0.6756, 0.6106, 0.6327, 0.3232, 0.2297, 0.3404, 0.3763, 0.3352, 0.4452, 0.4606, 0.4829, 0.5497, 0.3312, 0.1944, 0.2959, 0.7157, 0.6481, 0.5795, 0.5652, 0.3804, 0.607, 0.4441, 0.1999, 0.5138, 0.4547, 0.474, 0.2396, 0.6207, 0.4966, 0.2887],
  "inv_temp": [4.1534, 4.6679, 4.5547, 4.2114, 3.9753, 4.2165, 3.9069, 4.4399, 4.4007, 3.9919, 4.9412, 4.4408, 4.0956, 4.6231, 4.9254, 4.7644, 4.1405, 4.6949, 4.1528, 4.1404, 4.5789, 4.3568, 4.443, 4.0878, 4.5282, 4.4554, 4.3242, 4.2214, 4.052, 4.6049, 4.4403, 4.3575, 3.9871, 4.8916, 4.1972, 4.4464, 4.7229, 4.2376, 4.1911, 4.2724, 4.7029, 4.5262, 4.4572, 4.6979, 4.3046, 4.2466, 4.8767, 4.3324, 4.4693, 4.7254],
  "initQF": [3.4611, 4.6361, 3.8046, 3.1204, 5.5043, 3.0601, 2.2703, 2.181, 3.7098, 3.2599, 3.668, 1.3468, 5.3122, 1.8896, 2.3501, 4.7108, 6.807, 3.3931, 5.3387, 2.7771, 3.505, 6.1639, 2.6143, 2.7101, 5.2703, 2.3576, 4.4949, 5.1042, 2.6432, 5.3652, 3.057, 6.1056, 2.6885, 1.8442, 2.5938, 3.9483, 3.5757, 8.5488, 2.1785, 4.5345, 3.1117, 2.9708, 5.5675, 4.6745, 5.1389, 4.9555, 1.9079, 4.2688, 4.5517, 5.5028],
  "initQU": [1.7332, 2.4327, 4.9599, 3.3622, 3.0804, 2.0427, 3.2935, 3.4273, 4.8005, 1.3873, 6.5785, 2.3203, 5.4569, 2.2855, 7.6963, 6.1858, 3.328, 4.4782, 2.6904, 5.9986, 4.2208, 6.5427, 1.7606, 7.1705, 2.5853, 2.2363, 2.6267, 2.4159, 1.2963, 7.0762, 1.805, 3.3953, 1.1477, 9.18, 3.3432, 4.4485, 3.6873, 4.0397, 1.6188, 5.8823, 7.6309, 3.0198, 4.2272, 3.6621, 5.1542, 4.65, 5.1744, 3.7631, 3.0818, 2.9031]
}
