{
  "n_part": 50,
  "n_trials": 30,
  "LR_group": 0.761007122928277,
  "inv_temp_group": 4.65402765199542,
  "initQ_group": [
    [8.29723201552406],
    [3.76753075211309]
  ],
  "mu_R_group": [
    [5],
    [5]
  ],
  "sigma_R_group": 2,
  "LR": [0.1804, 0.6826, 0.3946, 0.4913, 0.6876, 0.5478, 0.0967, 0.5383, 0.3508, 0.5056, 0.5228, 0.4758, 0.6459, 0.491, 0.1605, 0.3326, 0.8508, 0.6569, 0.6407, 0.343, 0.3789, 0.4683, 0.6895, 0.3245, 0.1654, 0.5143, 0.4655, 0.6918, 0.539, 0.5743, 0.6223, 0.6497, 0.2111, 0.3364, 0.3776, 0.1411, 0.2851, 0.5655, 0.462, 0.5815, 0.8224, 0.6875, 0.5211, 0.5403, 0.1853, 0.3945, 0.4945, 0.2978, 0.5605, 0.6032],
  "inv_temp": [4.9092, 4.2897, 4.2783, 4.3635, 4.3832, 4.613, 4.7995, 4.268, 4.5037, 4.6592, 4.7738, 4.8189, 4.6261, 4.568, 4.431, 4.3941, 4.6167, 4.6446, 4.2933, 4.351, 4.1555, 4.0751, 4.8756, 4.2801, 4.2053, 4.9811, 4.0425, 4.8667, 4.5538, 4.5187, 4.5383, 4.3607, 4.7436, 4.4992, 4.4036, 4.2695, 4.7406, 4.3083, 4.3851, 4.6156, 4.2012, 4.6399, 4.7165, 4.8962, 4.4154, 4.1167, 4.5159, 4.3236, 4.2987, 4.4549],
  "initQF": [2.9872, 2.7658, 4.6755, 5.0728, 2.9794, 1.5275, 4.1035, 5.0745, 4.1467, 6.6319, 5.6149, 5.6533, 3.4119, 2.0018, 6.8049, 3.9577, 3.6732, 4.046, 5.6345, 5.0175, 5.9603, 1.392, 3.3305, 6.4005, 4.1866, 6.7522, 3.6289, 5.0583, 6.4481, 1.3676, 1.99, 3.5255, 1.2221, 1.7023, 1.7029, 1.9148, 2.8104, 4.1112, 6.6657, 1.8098, 3.2933, 4.4327, 2.2701, 4.6843, 5.7222, 4.2175, 6.4657, 3.4209, 3.902, 6.4908],
  "initQU": [4.4412, 6.8551, 2.3666, 2.445, 5.1432, 6.4529, 4.4488, 4.5359, 3.2776, 6.0984, 3.3396, 4.4589, 2.7314, 4.1799, 2.5878, 4.0537, 4.1387, 1.4422, 2.4065, 1.0812, 2.9636, 2.5866, 2.8971, 2.4063, 3.6696, 2.8653, 3.8751, 4.2051, 2.5417, 4.0246, 4.2359, 2.7589, 2.9729, 5.516, 1.268, 2.4529, 5.4264, 2.9941, 4.796, 4.9136, 7.1493, 1.7469, 4.3576, 5.6899, 4.8445, 2.2136, 2.9811, 4.2586, 5.1289, 5.119]
}
