{
  "n_part": 50,
  "n_trials": 30,
  "LR_group": 0.262498211814091,
  "inv_temp_group": 3.00361108616926,
  "initQ_group": [
    [7.39310241863132],
    [4.44384600850753]
  ],
  "mu_R_group": [
    [5],
    [5]
  ],
  "sigma_R_group": 2,
  "LR": [0.4517, 0.4687, 0.788, 0.6615, 0.3834, 0.4778, 0.7397, 0.3955, 0.6404, 0.3387, 0.6316, 0.4674, 0.4936, 0.7436, 0.0025, 0.3809, 0.4485, 0.0266, 0.1, 0.1519, 0.3019, 0.3979, 0.435, 0.2541, 0.6017, 0.428, 0.2568, 0.5372, 0.4079, 0.4879, 0.4131, 0.5131, 0.1062, 0.4457, 0.4887, 0.6786, 0.6287, 0.4968, 0.3461, 0.3937, 0.2781, 0.6914, 0.3251, 0.7055, 0.1382, 0.4283, 0.3383, 0.5482, 0.8455, 0.259],
  "inv_temp": [4.304, 3.9292, 4.5075, 4.3497, 4.2631, 4.4833, 4.0892, 4.4891, 4.6158, 4.5778, 4.4916, 4.3482, 4.0633, 4.5995, 4.1287, 4.7942, 4.4618, 4.8814, 4.9197, 4.625, 4.0069, 4.2433, 4.7724, 4.3826, 4.457, 4.7397, 4.0413, 4.1156, 4.7035, 4.1384, 4.6307, 4.3241, 4.594, 4.3999, 4.4597, 4.2734, 4.2566, 4.8855, 4.7205, 4.6332, 4.5392, 4.7832, 4.7504, 4.432, 4.3041, 4.2925, 4.8017, 4.4185, 4.3676, 4.7511],
  "initQF": [1.1354, 4.5582, 1.9162, 2.6146, 2.0278, 6.0426, 5.2238, 1.1409, 3.5351, 2.0909, 2.9379, 6.7693, 6.2462, 5.2616, 3.6635, 4.6558, 5.4709, 3.8145, 6.7746, 7.6818, 4.0681, 4.1446, 3.6338, 4.9481, 3.7727, 4.2847, 5.7521, 6.407, 2.0435, 8.6273, 5.1369, 3.6345, 4.843, 3.2837, 3.687, 5.535, 1.5817, 4.1245, 6.3772, 1.4818, 4.4553, 3.4551, 6.0992, 6.2335, 2.1769, 3.1996, 6.4787, 6.8955, 2.1747, 2.3008],
  "initQU": [3.5094, 1.9416, 1.4594, 5.2783, 4.1743, 3.5097, 8.1944, 6.8245, 1.0677, 3.3332, 3.245, 4.7416, 4.7907, 1.9254, 1.9033, 3.7631, 5.4318, 3.3185, 4.543, 2.2939, 4.3417, 6.3578, 6.1647, 1.0803, 2.7016, 4.1124, 8.2401, 3.6333, 5.1103, 3.8223, 4.5744, 2.0738, 3.2009, 7.8767, 1.5644, 6.158, 3.9085, 6.2073, 4.771, 5.0062, 1.3243, 2.438, 3.6323, 6.87, 1.6705, 2.7563, 2.3802, 3.7242, 2.0481, 5.1064]
}
