{
  "n_part": 50,
  "n_trials": 30,
  "LR_group": 0.102099935989827,
  "inv_temp_group": 1.75328324432485,
  "initQ_group": [
    [1.83223579847254],
    [5.90630069258623]
  ],
  "mu_R_group": [
    [5],
    [5]
  ],
  "sigma_R_group": 2,
  "LR": [0.4202, 0.4992, 0.5756, 0.3068, 0.6746, 0.6808, 0.4525, 0.5106, 0.4427, 0.3568, 0.5148, 0.3998, 0.3609, 0.71, 0.3946, 0.1147, 0.6323, 0.6462, 0.3935, 0.6713, 0.4255, 0.1952, 0.5879, 0.4087, 0.4377, 0.3227, 0.2301, 0.7849, 0.4172, 0.3887, 0.5604, 0.504, 0.4402, 0.0257, 0.3441, 0.2296, 0.2777, 0.2997, 0.7406, 0.5961, 0.6399, 0.363, 0.3765, 0.858, 0.7961, 0.5591, 0.3548, 0.3751, 0.113, 0.5255],
  "inv_temp": [4.9133, 4.3887, 4.3559, 4.1825, 3.9468, 4.6616, 4.6654, 4.5155, 4.679, 4.6588, 4.5729, 4.5966, 4.3944, 4.4781, 4.7362, 4.6198, 4.4142, 4.2109, 4.3737, 4.6396, 4.211, 4.3892, 4.6879, 4.7944, 4.6743, 4.049, 4.7704, 4.9597, 4.2968, 4.9317, 4.4149, 4.91, 4.2778, 4.0667, 4.1843, 4.581, 4.5791, 4.0712, 4.3796, 4.4692, 4.5798, 4.0868, 4.319, 4.4032, 4.2548, 4.1994, 4.6084, 4.7231, 4.5435, 4.4152],
  "initQF": [3.3933, 2.4083, 6.4745, 1.7931, 5.6467, 5.4749, 3.5298, 2.0337, 5.6981, 3.0298, 2.625, 3.0693, 3.9658, 4.1904, 3.5693, 2.2099, 4.7976, 2.4081, 1.9881, 5.5205, 1.4052, 5.0295, 5.9299, 1.4171, 3.8782, 4.3002, 6.9739, 7.377, 4.2562, 5.7151, 5.3282, 5.2544, 2.996, 5.7758, 3.1763, 4.0613, 5.9969, 4.6548, 5.5643, 6.349, 6.0932, 7.2329, 3.294, 2.6272, 4.0667, 2.7049, 3.8526, 2.1812, 3.4507, 3.9186],
  "initQU": [6.0324, 4.8095, 6.3524, 7.6883, 1.5897, 1.5325, 1.1381, 4.9239, 5.6577, 3.2752, 6.1999, 5.7441, 5.1208, 4.7119, 4.3798, 4.5435, 3.3724, 7.2346, 4.3202, 3.3923, 3.0893, 1.9943, 5.5193, 3.9659, 4.4976, 7.8247, 4.3088, 1.0048, 1.6589, 5.0637, 5.6269, 1.5808, 5.1592, 1.0909, 6.3576, 6.8552, 1.4241, 4.2168, 6.2308, 4.6002, 2.8346, 3.0668, 1.5807, 3.7936, 6.5965, 5.3318, 5.4647, 3.7573, 3.0775, 7.0306]
}
