{
  "n_part": 50,
  "n_trials": 30,
  "LR_group": 0.0477635005954653,
  "inv_temp_group": 3.94274156657048,
  "initQ_group": [
    [6.87734916433692],
    [3.93752299668267]
  ],
  "mu_R_group": [
    [5],
    [5]
  ],
  "sigma_R_group": 2,
  "LR": [0.6093, 0.253, 0.1885, 0.3518, 0.5847, 0.1025, 0.4291, 0.4185, 0.2411, 0.2922, 0.3907, 0.0687, 0.4785, 0.3627, 0.6115, 0.5152, 0.1913, 0.8148, 0.4273, 0.9968, 0.6414, 0.2047, 0.6434, 0.6213, 0.1391, 0.5884, 0.1944, 0.779, 0.3321, 0.5907, 0.0531, 0.371, 0.6138, 0.6686, 0.406, 0.5875, 0.4506, 0.3029, 0.6943, 0.7228, 0.4897, 0.4567, 0.5327, 0.8319, 0.1816, 0.7529, 0.6214, 0.1689, 0.4338, 0.3163],
  "inv_temp": [4.3272, 4.4672, 4.9035, 4.3467, 4.9588, 3.9487, 4.5896, 4.4323, 3.8778, 4.8308, 4.3275, 4.1768, 4.9057, 4.6582, 4.0962, 4.8188, 4.5903, 4.3103, 4.5578, 4.7727, 4.7585, 4.799, 4.651, 3.7774, 4.3877, 4.7858, 4.6346, 4.4444, 4.5053, 4.1976, 4.5221, 3.9067, 4.2053, 4.204, 4.1528, 4.0588, 4.4393, 4.7379, 4.4262, 4.7057, 4.4807, 4.4823, 4.1528, 4.2542, 4.4701, 4.2998, 4.375, 4.9525, 3.8757, 4.9988],
  "initQF": [1.3821, 8.3013, 5.8573, 6.8253, 6.2384, 3.7935, 8.7874, 2.0384, 5.8823, 4.5468, 4.8539, 6.7455, 2.6746, 7.7689, 6.8373, 4.3193, 6.1167, 3.9599, 5.4815, 5.7933, 3.8057, 2.4164, 2.5514, 5.529, 5.2415, 3.6174, 3.5731, 2.6331, 2.9474, 5.325, 1.5253, 1.5639, 5.0021, 3.0236, 2.6659, 1.9289, 5.1809, 4.3444, 3.2851, 3.0083, 2.3417, 4.5981, 4.6327, 3.3507, 6.2768, 1.856, 2.6278, 2.4357, 3.9226, 6.4722],
  "initQU": [1.5442, 8.0891, 2.8806, 2.6052, 4.2033, 2.5399, 2.5331, 4.4027, 4.5843, 5.6915, 4.5632, 4.7907, 2.3096, 4.7241, 2.0271, 4.1358, 5.1866, 5.9251, 4.1392, 2.9234, 3.9942, 1.8432, 4.394, 3.1194, 4.1155, 1.5204, 6.9155, 2.9336, 1.1212, 4.4671, 4.0364, 3.1466, 2.2528, 2.3299, 3.145, 4.1499, 5.5681, 2.9812, 6.6201, 7.9816, 3.8152, 5.1123, 3.7281, 3.6331, 6.3373, 3.5824, 1.1541, 2.4491, 5.8848, 2.7092]
}
