{
  "n_part": 50,
  "n_trials": 30,
  "LR_group": 0.440820255316794,
  "inv_temp_group": 2.06933487206697,
  "initQ_group": [
    [8.37336453818716],
    [7.52019196306355]
  ],
  "mu_R_group": [
    [5],
    [5]
  ],
  "sigma_R_group": 2,
  "LR": [0.2902, 0.4464, 0.4773, 0.3297, 0.3254, 0.2243, 0.5081, 0.3982, 0.4204, 0.4222, 0.095, 0.3622, 0.3774, 0.1766, 0.7043, 0.2065, 0.658, 0.4028, 0.3374, 0.5983, 0.9806, 0.9742, 0.7252, 0.2482, 0.1557, 0.2425, 0.807, 0.4474, 0.1323, 0.471, 0.4172, 0.2743, 0.467, 0.1826, 0.6277, 0.5903, 0.5185, 0.3922, 0.5653, 0.6516, 0.5015, 0.1571, 0.6964, 0.2692, 0.6441, 0.314, 0.4508, 0.4218, 0.2626, 0.3495],
  "inv_temp": [4.5726, 4.9095, 4.523, 4.7264, 4.2609, 4.4913, 4.7402, 4.7222, 4.3036, 4.9201, 4.4453, 4.2873, 4.9516, 4.8231, 4.5519, 4.8828, 4.3905, 4.3073, 4.2459, 4.6828, 4.2602, 4.4769, 4.2952, 3.9234, 4.2391, 4.5488, 4.6165, 4.9071, 4.5814, 4.4213, 4.4937, 4.6915, 4.6681, 4.7674, 4.3616, 4.3178, 4.6522, 4.5381, 4.0153, 4.6911, 4.5238, 4.5771, 4.7128, 3.905, 4.6815, 4.309, 4.6185, 4.3156, 4.4727, 4.3447],
  "initQF": [2.3011, 1.4329, 4.0366, 3.4563, 5.3214, 3.3095, 4.0427, 2.882, 2.7348, 2.8684, 3.3494, 5.1239, 1.559, 1.3206, 5.7678, 3.1477, 5.2739, 3.4403, 5.2479, 4.1622, 3.702, 1.5648, 5.9355, 4.827, 5.6603, 7.4865, 3.3578, 3.5354, 6.0912, 5.8429, 3.0847, 2.3657, 2.7029, 6.2497, 3.6938, 5.848, 1.7521, 3.1435, 3.5371, 4.5827, 3.0635, 5.8526, 3.9323, 5.9852, 4.189, 1.1061, 5.6746, 2.1473, 3.5841, 1.8482],
  "initQU": [5.982, 4.1544, 2.6592, 3.8216, 1.2075, 5.102, 6.6447, 2.5519, 7.062, 1.9173, 5.5482, 6.0149, 4.257, 7.3564, 3.3098, 4.2503, 3.9989, 7.8465, 3.2936, 2.485, 6.7098, 3.5744, 4.4054, 3.4044, 2.6804, 7.0692, 4.1556, 1.1365, 2.7484, 1.2475, 3.0394, 3.7431, 2.1368, 4.0501, 5.0075, 3.4945, 1.8564, 5.168, 3.0698, 9.0397, 6.5083, 6.7923, 3.6407, 5.7429, 6.4738, 5.1099, 2.62, 4.6881, 2.0278, 4.4283]
}
