{
  "n_part": 50,
  "n_trials": 30,
  "LR_group": 0.140210748650134,
  "inv_temp_group": 2.63038992881775,
  "initQ_group": [
    [9.63027780293487],
    [4.64324363949709]
  ],
  "mu_R_group": [
    [5],
    [5]
  ],
  "sigma_R_group": 2,
  "LR": [0.3204, 0.6301, 0.5718, 0.7373, 0.6659, 0.3657, 0.195, 0.3849, 0.492, 0.7013, 0.5075, 0.3782, 0.456, 0.4466, 0.3958, 0.4483, 0.6032, 0.6251, 0.323, 0.3806, 0.3557, 0.47, 0.1606, 0.9597, 0.5569, 0.6222, 0.0306, 0.6836, 0.7309, 0.2984, 0.2696, 0.6873, 0.3779, 0.4717, 0.3231, 0.3409, 0.3058, 0.5071, 0.4489, 0.3086, 0.882, 0.5456, 0.1451, 0.8592, 0.52, 0.5743, 0.5081, 0.7886, 0.4063, 0.9227],
  "inv_temp": [4.6756, 4.4721, 4.2364, 4.7336, 3.777, 4.8314, 4.1156, 4.411, 4.3745, 4.7321, 4.3712, 4.194, 4.3526, 4.5505, 4.6959, 4.208, 4.5499, 4.1329, 4.2161, 4.5482, 4.9071, 4.8664, 4.2752, 4.5134, 4.1593, 4.4039, 4.1876, 4.5413, 4.8989, 4.9164, 4.5667, 4.5528, 4.4384, 4.6902, 4.3323, 4.0102, 4.0452, 4.0943, 4.6712, 4.4872, 4.1549, 4.9789, 4.435, 4.4981, 4.7827, 4.768, 4.2672, 4.6878, 4.1352, 4.0923],
  "initQF": [2.2159, 5.9009, 4.3873, 2.766, 7.1448, 1.8557, 3.0761, 5.1219, 3.8217, 6.9617, 1.4812, 5.1706, 4.3487, 2.2378, 5.416, 5.6574, 3.4395, 1.4752, 3.0689, 6.9629, 8.9772, 3.1803, 2.9067, 1.4954, 1.5571, 5.8094, 6.946, 3.6054, 4.7284, 1.9111, 3.8212, 5.3493, 2.5544, 4.3999, 7.6205, 4.5977, 2.0882, 5.4012, 2.7262, 6.963, 2.0151, 8.0835, 5.9633, 2.4309, 1.3813, 4.9517, 2.4802, 2.3679, 2.3015, 1.8095],
  "initQU": [3.464, 1.8048, 2.8203, 3.1056, 1.2487, 2.3048, 4.0971, 5.2616, 3.4743, 4.465, 5.6651, 4.7084, 6.6224, 3.6137, 6.0195, 6.8298, 4.0474, 4.8889, 3.5208, 2.0773, 5.1171, 2.4575, 2.9608, 8.4791, 4.3793, 3.7377, 4.2648, 2.2777, 1.7094, 5.3924, 3.3943, 1.8339, 3.6154, 1.3634, 1.0551, 3.3263, 5.6242, 6.126, 4.4686, 3.0913, 3.2872, 4.6708, 4.1239, 2.2679, 1.8072, 1.9817, 3.698, 3.4162, 4.884, 3.5175]
}
