{
  "n_part": 50,
  "n_trials": 30,
  "LR_group": 0.89223376265727,
  "inv_temp_group": 0.00272672157734632,
  "initQ_group": [
    [9.01416978007182],
    [8.80191833712161]
  ],
  "mu_R_group": [
    [5],
    [5]
  ],
  "sigma_R_group": 2,
  "LR": [0.6689, 0.4354, 0.8829, 0.4442, 0.5993, 0.281, 0.1559, 0.202, 0.5124, 0.696, 0.3843, 0.3078, 0.3538, 0.8254, 0.6978, 0.1602, 0.483, 0.7467, 0.4452, 0.2348, 0.0642, 0.7553, 0.2594, 0.5754, 0.4589, 0.2791, 0.5493, 0.6358, 0.2219, 0.5376, 0.6816, 0.3117, 0.4069, 0.5681, 0.554, 0.529, 0.3182, 0.4478, 0.6169, 0.1788, 0.2458, 0.4285, 0.0273, 0.6864, 0.5056, 0.2439, 0.8133, 0.5388, 0.3802, 0.1024],
  "inv_temp": [4.7157, 4.1666, 4.2943, 4.6434, 4.0455, 4.8986, 4.4191, 4.4422, 4.8267, 4.2888, 4.3409, 4.5663, 4.4209, 4.6703, 4.1608, 4.4867, 4.8459, 4.6686, 4.7848, 4.0634, 4.9861, 4.4683, 4.175, 4.8004, 4.9313, 4.4462, 3.9795, 4.814, 4.0716, 4.7721, 4.0839, 4.2483, 4.4002, 4.3958, 4.3578, 4.2243, 4.2887, 4.4402, 4.6903, 4.2151, 4.5377, 4.6075, 4.5977, 4.4255, 4.4615, 3.9582, 4.3772, 4.9346, 4.4403, 4.5006],
  "initQF": [3.563, 2.6637, 1.5724, 3.0234, 5.7371, 1.9346, 2.8498, 4.899, 5.1283, 2.3513, 5.7087, 6.641, 6.1072, 5.7903, 5.9768, 5.4822, 4.4749, 1.63, 8.3775, 1.3205, 4.2487, 1.9474, 5.7349, 3.148, 4.3951, 6.5426, 2.5792, 3.5226, 4.6971, 1.6315, 3.4836, 5.5354, 4.8869, 5.8021, 7.0535, 5.0195, 4.0778, 2.2911, 1.7466, 1.8145, 4.4796, 6.1098, 3.1476, 6.0434, 2.2892, 1.9788, 3.3287, 2.9641, 2.1134, 3.2683],
  "initQU": [3.8735, 3.9766, 3.4095, 3.6611, 5.2246, 1.6341, 3.0927, 1.8532, 2.17, 2.0909, 1.8498, 2.3283, 8.4415, 5.0029, 3.0369, 5.9606, 4.2778, 2.2502, 1.3194, 7.3512, 4.5528, 3.5196, 1.4519, 6.3348, 5.1973, 4.4488, 2.5316, 4.7089, 6.384, 4.6818, 6.0711, 2.4574, 9.152, 2.3512, 4.1731, 4.1375, 2.2831, 2.786, 2.4407, 3.2472, 6.2634, 4.8107, 4.2037, 3.4898, 6.2715, 1.4754, 9.364, 1.0037, 5.821, 3.1704]
}
