{
  "n_part": 50,
  "n_trials": 30,
  "LR_group": 0.381724470062181,
  "inv_temp_group": 1.84515264583752,
  "initQ_group": [
    [3.41799930250272],
    [8.46174103696831]
  ],
  "mu_R_group": [
    [5],
    [5]
  ],
  "sigma_R_group": 2,
  "LR": [0.6065, 0.441, 0.5, 0.3434, 0.1432, 0.5902, 0.3005, 0.4951, 0.2795, 0.5332, 0.2698, 0.14, 0.6351, 0.5549, 0.238, 0.2388, 0.6466, 0.5258, 0.4818, 0.6387, 0.6346, 0.333, 0.1917, 0.4236, 0.3861, 0.9294, 0.8302, 0.3158, 0.0504, 0.2667, 0.2726, 0.2506, 0.258, 0.4901, 0.3752, 0.5696, 0.4603, 0.3818, 0.5399, 0.5886, 0.7489, 0.4808, 0.6035, 0.308, 0.3284, 0.4762, 0.3094, 0.3439, 0.2804, 0.5703],
  "inv_temp": [4.8339, 4.7024, 4.4408, 4.7362, 4.567, 4.4931, 4.3911, 4.9685, 4.3226, 4.8682, 4.6134, 4.2327, 4.3286, 4.4375, 4.7284, 4.6427, 4.6862, 4.4182, 4.3779, 4.4873, 3.8133, 4.4003, 4.4863, 4.6202, 4.4462, 4.1589, 4.7427, 4.1752, 4.5268, 4.854, 4.1397, 4.1941, 4.0048, 4.6156, 4.5865, 4.5161, 4.2009, 4.7474, 4.4704, 4.4913, 4.9077, 4.6304, 4.0792, 3.9976, 3.9073, 4.7205, 4.0855, 4.0855, 4.1099, 4.2046],
  "initQF": [6.2928, 3.9285, 3.0387, 1.5971, 4.0107, 3.9881, 4.4545, 6.2777, 6.3324, 3.3084, 4.4774, 2.5258, 3.8977, 5.2269, 2.8734, 5.0454, 5.8403, 4.3013, 2.9259, 4.4503, 5.2028, 5.0091, 5.1287, 3.4286, 5.1097, 2.6945, 3.351, 4.2099, 1.438, 5.5691, 4.2538, 4.6348, 4.236, 5.4131, 5.9552, 5.7665, 4.8063, 4.9144, 6.1382, 1.6599, 5.6201, 5.1617, 6.8983, 4.341, 6.3859, 6.7288, 4.5861, 2.3609, 1.2573, 5.5669],
  "initQU": [1.6406, 6.4854, 4.2215, 1.027, 2.4451, 3.0171, 2.3619, 4.673, 3.3987, 1.513, 1.6362, 3.5587, 4.1398, 5.9937, 3.8807, 3.6061, 3.3817, 2.3877, 4.4445, 1.4579, 5.9396, 3.9061, 2.2961, 2.2087, 3.475, 4.4101, 1.4351, 1.7648, 3.0203, 7.3961, 4.5845, 3.3969, 2.2697, 4.1172, 6.4001, 3.8827, 3.0793, 3.7824, 5.0096, 3.1094, 4.2216, 3.1043, 5.2229, 3.9948, 5.8564, 2.8886, 1.6439, 6.9181, 5.9435, 4.7477]
}
