{
  "n_part": 50,
  "n_trials": 30,
  "LR_group": 0.948779768310487,
  "inv_temp_group": 1.52485419414006,
  "initQ_group": [
    [5.50992794730701],
    [3.66810145252384]
  ],
  "mu_R_group": [
    [5],
    [5]
  ],
  "sigma_R_group": 2,
  "LR": [0.6136, 0.4197, 0.1806, 0.4473, 0.3637, 0.5981, 0.3755, 0.3712, 0.2783, 0.5817, 0.6349, 0.6239, 0.82, 0.7031, 0.5329, 0.3605, 0.1572, 0.8175, 0.5577, 0.471, 0.5753, 0.3335, 0.5003, 0.4301, 0.3139, 0.5224, 0.0832, 0.7413, 0.4785, 0.4694, 0.5493, 0.5225, 0.3016, 0.0693, 0.3857, 0.2817, 0.3012, 0.718, 0.632, 0.758, 0.3545, 0.3089, 0.6485, 0.3799, 0.5421, 0.6176, 0.4914, 0.4593, 0.5479, 0.3437],
  "inv_temp": [4.4489, 4.6926, 4.7296, 4.8851, 4.2219, 4.5723, 4.5941, 4.6863, 4.5, 4.7013, 4.5028, 4.6922, 4.8897, 4.7324, 4.7246, 4.5328, 4.3877, 4.2244, 4.1231, 4.3341, 4.5874, 4.6044, 4.4562, 4.5431, 4.1164, 4.5667, 4.1517, 4.9827, 4.5207, 4.5428, 4.613, 4.5302, 4.3379, 4.3589, 4.3591, 4.5592, 4.5764, 4.2603, 4.7949, 4.859, 4.4504, 4.1336, 4.2563, 4.4603, 4.0761, 4.2774, 4.3195, 4.286, 4.2742, 4.0529],
  "initQF": [6.7225, 3.1708, 7.4108, 3.6268, 1.7688, 5.0333, 3.4378, 3.2233, 6.9596, 6.968, 1.6978, 2.6073, 1.9566, 2.0179, 3.6148, 2.1619, 1.4628, 6.2733, 2.9762, 3.1442, 1.7936, 3.9129, 1.3887, 3.5193, 3.529, 4.8429, 1.8505, 4.4143, 2.5481, 2.693, 2.408, 4.6665, 2.455, 6.0132, 3.5525, 6.7746, 1.295, 3.7796, 4.7483, 3.6345, 3.5788, 7.135, 3.3542, 5.1054, 5.3812, 4.1927, 1.1895, 3.5409, 5.768, 1.1869],
  "initQU": [3.0534, 5.2045, 1.7666, 5.3315, 2.7633, 2.2841, 1.5125, 3.0692, 3.2702, 1.9829, 3.9932, 2.0162, 4.51, 6.7966, 4.524, 3.2992, 1.5388, 3.2984, 1.9568, 3.9413, 4.0766, 1.7428, 4.1052, 3.4124, 4.2891, 9.1059, 4.473, 1.529, 2.2812, 1.963, 7.5718, 4.744, 5.4328, 2.8407, 3.8847, 5.1966, 3.7166, 4.6734, 3.2728, 1.0071, 2.3559, 4.5673, 2.1031, 3.7029, 4.3441, 6.0234, 1.5222, 5.1849, 1.4501, 2.2576]
}
