{
  "n_part": 50,
  "n_trials": 30,
  "LR_group": 0.669222002848983,
  "inv_temp_group": 0.325199187500402,
  "initQF_group": 3.67230586335063,
  "initQU_group": 2.46215791651048,
  "mu_R_group": [
    [5],
    [5]
  ],
  "sigma_R_group": 2,
  "LR": [0.5648, 0.7539, 0.6, 0.4539, 0.7241, 0.7408, 0.4591, 0.6301, 0.4024, 0.8769, 0.7213, 0.6376, 0.7367, 0.5179, 0.4583, 0.5757, 0.4543, 0.7979, 0.4575, 0.9185, 0.6071, 0.7787, 0.7033, 0.6162, 0.4284, 0.6565, 0.4572, 0.3489, 0.9278, 0.6976, 0.6931, 0.9464, 0.622, 0.6639, 0.8526, 0.8057, 0.6973, 0.5847, 0.7271, 0.9462, 0.7127, 0.9945, 0.9294, 0.4856, 0.5837, 0.5571, 0.5139, 0.7643, 0.5982, 0.5652],
  "inv_temp": [0.208, 0.1702, 0.9079, 0.3449, 0.5141, 0.0328, 0.7537, 0.3864, 0.6737, 0.6847, 0.1782, 0.8304, 0.0406, 0.0211, 0.1899, 0.4275, 0.6509, 0.2283, 0.5901, 0.0593, 0.4914, 0.3831, 0.2284, 0.2719, 0.2892, 0.7752, 0.5265, 0.1469, 0.1462, 0.2838, 0.8257, 0.9609, 0.2448, 0.5829, 0.0918, 0.5949, 0.296, 0.2296, 0.2871, 0.2937, 0.4043, 0.3306, 0.8369, 0.2601, 0.1769, 0.287, 0.3924, 0.2091, 0.2162, 0.1941],
  "initQF": [5.0134, 4.206, 2.0668, 5.7523, 6.0276, 1.1811, 3.2822, 3.07, 5.4327, 4.09, 7.1659, 3.0298, 3.2327, 5.7364, 5.6191, 4.4369, 2.728, 4.8777, 1.3496, 4.7629, 4.8553, 6.2549, 3.0986, 4.4491, 6.3817, 2.4395, 2.3891, 4.3615, 1.9795, 5.8689, 2.288, 5.451, 1.4577, 4.7778, 2.4233, 4.2422, 3.8961, 1.5956, 3.2023, 6.0168, 5.2658, 8.3962, 2.4931, 1.0605, 5.6254, 4.9185, 2.7165, 1.7838, 4.0791, 4.2493],
  "initQU": [1.5417, 3.801, 3.4011, 4.34, 2.6305, 1.1314, 3.4426, 1.386, 1.815, 1.6085, 2.9657, 3.1711, 2.5928, 1.0771, 2.6859, 3.7957, 3.7042, 4.2932, 1.0953, 2.5288, 1.2491, 2.5296, 1.5259, 2.1756, 4.7364, 6.2775, 4.579, 4.7862, 1.1337, 3.3015, 2.8772, 1.8391, 5.9064, 4.8486, 6.5093, 4.6362, 1.6523, 5.0862, 1.15, 4.1675, 1.5743, 1.9804, 1.3338, 3.3887, 1.3537, 3.189, 2.3688, 5.8675, 4.4144, 1.7713]
}
