{
  "n_part": 50,
  "n_trials": 30,
  "LR_group": 0.997427442111075,
  "inv_temp_group": 1.9802004750818,
  "initQ_group": [
    [5.58796813874505],
    [5.80678839120083]
  ],
  "mu_R_group": [
    [5],
    [5]
  ],
  "sigma_R_group": 2,
  "LR": [0.181, 0.7144, 0.1876, 0.3798, 0.006, 0.1319, 0.3149, 0.4191, 0.6763, 0.1995, 0.5651, 0.3501, 0.6809, 0.5868, 0.3797, 0.2944, 0.4503, 0.5553, 0.4523, 0.4529, 0.6517, 0.5744, 0.557, 0.3443, 0.1482, 0.2514, 0.5555, 0.2641, 0.3529, 0.5553, 0.4085, 0.1644, 0.4675, 0.7083, 0.0687, 0.3259, 0.7273, 0.5989, 0.3632, 0.3174, 0.6359, 0.3042, 0.6743, 0.6512, 0.5859, 0.6543, 0.5067, 0.5507, 0.6442, 0.4748],
  "inv_temp": [3.8427, 4.1912, 4.239, 4.5809, 4.6566, 4.2036, 4.8087, 4.3883, 4.3443, 4.1724, 4.4614, 4.1158, 4.5708, 4.5315, 3.8563, 4.5538, 4.4254, 4.7205, 4.5251, 4.8063, 4.6403, 4.5513, 4.6027, 4.7748, 3.8036, 4.3345, 3.9271, 4.3573, 4.831, 4.2857, 3.7763, 4.4399, 3.867, 4.3071, 4.0554, 4.8827, 4.5091, 4.243, 4.5902, 4.2516, 4.1781, 4.7429, 3.9772, 4.6671, 4.5689, 4.225, 4.2908, 4.3803, 4.7379, 3.9354],
  "initQF": [1.9826, 2.9068, 4.4256, 1.0119, 5.2661, 5.2863, 4.5668, 4.9524, 4.7038, 5.8578, 1.7901, 3.0793, 4.4058, 4.637, 6.1617, 5.8731, 5.8516, 8.9667, 3.1068, 3.2631, 6.0385, 1.4093, 2.9807, 3.5315, 5.9004, 8.2287, 4.5675, 2.6115, 4.9443, 3.2768, 3.2136, 3.1125, 2.9815, 1.7823, 1.3183, 5.3008, 3.3397, 2.0346, 5.0112, 6.6821, 4.4029, 1.8246, 2.4314, 3.4858, 5.4438, 3.1783, 4.6674, 6.8207, 5.0057, 4.0075],
  "initQU": [1.6664, 1.698, 6.031, 5.7887, 4.9266, 4.0288, 4.2446, 1.1573, 4.124, 6.2379, 1.0928, 5.2803, 5.4135, 2.6094, 4.4464, 1.069, 4.7649, 3.3246, 2.7606, 3.1449, 4.2702, 6.0355, 2.2527, 2.187, 1.5796, 3.7439, 4.8138, 6.4658, 2.7653, 3.5565, 4.6288, 1.8076, 2.1764, 4.2185, 3.9133, 3.1499, 7.2744, 2.2104, 3.0339, 6.6427, 6.496, 5.6133, 3.7656, 4.8524, 2.5651, 4.9758, 2.7228, 5.8652, 3.5191, 3.4876]
}
