{
  "n_part": 50,
  "n_trials": 30,
  "LR_group": 0.372407920891419,
  "inv_temp_group": 2.96782331657596,
  "initQ_group": [
    [8.58785750111565],
    [2.08696042560041]
  ],
  "mu_R_group": [
    [5],
    [5]
  ],
  "sigma_R_group": 2,
  "LR": [0.7798, 0.2526, 0.9347, 0.0397, 0.4528, 0.1903, 0.1931, 0.5621, 0.5216, 0.4626, 0.4508, 0.5038, 0.6353, 0.233, 0.7053, 0.2905, 0.1481, 0.8277, 0.3568, 0.3369, 0.5366, 0.6834, 0.2749, 0.4032, 0.6157, 0.4303, 0.5415, 0.7016, 0.6699, 0.3085, 0.6269, 0.296, 0.6363, 0.3833, 0.3942, 0.6176, 0.1721, 0.7464, 0.7863, 0.6503, 0.2325, 0.6105, 0.2543, 0.2467, 0.498, 0.5204, 0.3677, 0.4448, 0.3704, 0.327],
  "inv_temp": [4.025, 4.5553, 4.6033, 4.5876, 4.013, 4.9217, 4.3831, 3.9662, 4.6003, 4.4106, 4.3176, 4.5786, 4.8599, 4.6659, 4.4709, 4.0538, 4.7031, 4.911, 3.9132, 4.9098, 4.8969, 4.6026, 4.3184, 3.975, 4.3093, 4.7002, 4.8555, 4.3574, 4.3793, 4.669, 4.584, 4.4947, 4.606, 4.441, 4.3357, 4.502, 4.6475, 4.1914, 4.1766, 4.3122, 4.5053, 4.9336, 4.3798, 4.2468, 4.9761, 4.3394, 4.4976, 4.6501, 4.1429, 4.4839],
  "initQF": [2.4264, 4.6372, 8.12, 4.2055, 4.3927, 2.0185, 1.0911, 1.8737, 3.9126, 1.6051, 2.9525, 8.0243, 4.8928, 5.9993, 5.5877, 4.6886, 2.9725, 6.1012, 2.9665, 3.8659, 5.9306, 7.6478, 1.5515, 6.6137, 5.1826, 2.0195, 2.5537, 4.6537, 5.0669, 5.4685, 6.4175, 5.3342, 4.4199, 1.2709, 2.4419, 6.4639, 2.3874, 2.6806, 4.3893, 6.0625, 3.6522, 1.5502, 4.5978, 3.5452, 2.8621, 9.0127, 2.6075, 4.5801, 1.1164, 3.3885],
  "initQU": [5.5038, 2.0037, 4.9201, 1.3708, 1.5489, 3.4564, 4.0686, 3.4083, 1.4767, 3.1278, 8.4105, 4.4711, 4.2986, 5.8318, 1.5486, 5.461, 3.0685, 7.6662, 4.0433, 3.9796, 4.9277, 5.1705, 2.1787, 5.6474, 4.1705, 4.2333, 4.4741, 4.8558, 1.2474, 5.5873, 8.9785, 2.3298, 4.5355, 3.5755, 6.6977, 1.087, 4.3751, 6.8999, 3.7405, 1.5514, 1.1865, 1.5315, 4.3997, 5.0173, 1.1273, 1.5923, 4.8152, 4.2941, 4.2557, 5.3254]
}
