{
  "n_part": 50,
  "n_trials": 30,
  "LR_group": 0.71897131530568,
  "inv_temp_group": 3.2280483294744,
  "initQ_group": [
    [2.40246914769523],
    [4.78737410227768]
  ],
  "mu_R_group": [
    [5],
    [5]
  ],
  "sigma_R_group": 2,
  "LR": [0.3443, 0.3976, 0.781, 0.2791, 0.8162, 0.392, 0.6203, 0.0419, 0.2291, 0.459, 0.6582, 0.555, 0.4901, 0.3956, 0.2017, 0.2662, 0.6066, 0.2063, 0.5944, 0.4374, 0.5429, 0.4561, 0.6278, 0.3076, 0.4907, 0.4105, 0.4281, 0.795, 0.7674, 0.595, 0.3848, 0.3813, 0.3779, 0.3035, 0.5444, 0.3084, 0.5086, 0.4518, 0.6585, 0.5538, 0.4723, 0.653, 0.2041, 0.6347, 0.359, 0.403, 0.6618, 0.5457, 0.4181, 0.5953],
  "inv_temp": [4.568, 4.7108, 4.6921, 4.6097, 4.3911, 3.6785, 4.324, 4.1466, 4.2935, 4.5241, 4.5976, 4.3344, 4.592, 3.9834, 4.376, 4.6928, 4.8053, 4.7344, 4.7051, 4.4882, 4.4045, 4.4587, 4.6573, 4.6913, 4.9127, 4.2959, 4.3503, 3.8505, 4.3346, 4.1872, 4.2568, 4.2761, 4.6924, 4.5653, 4.3097, 4.1945, 4.5406, 4.9275, 4.7365, 4.8102, 4.1578, 4.4703, 4.2505, 4.339, 4.8534, 4.2616, 4.634, 4.2879, 4.5965, 4.5719],
  "initQF": [1.0262, 7.13, 5.6043, 5.227, 4.051, 1.0028, 1.1592, 6.894, 3.4625, 3.1826, 5.6466, 4.3991, 6.8249, 2.4245, 3.9891, 8.1205, 3.0219, 3.5767, 2.1118, 3.9224, 3.2361, 5.7344, 1.3998, 7.3724, 2.9348, 7.4051, 3.1757, 1.7718, 3.6167, 8.6133, 2.5129, 5.8362, 5.51, 2.664, 3.6421, 3.6137, 3.7285, 3.6204, 6.2736, 3.1532, 1.5179, 6.5738, 4.2173, 6.0491, 2.1211, 3.6284, 3.8407, 7.4146, 1.4271, 6.8266],
  "initQU": [4.2663, 3.3786, 3.4889, 3.7391, 5.3227, 2.3274, 3.2294, 6.0349, 1.2538, 6.1542, 1.288, 2.3952, 6.805, 2.1245, 2.9949, 3.5295, 4.0283, 2.2403, 2.7169, 1.8252, 4.3005, 3.0879, 5.3541, 5.6286, 1.2362, 1.3592, 1.5806, 3.1553, 4.6339, 5.1037, 6.1729, 5.4881, 5.0405, 4.274, 4.9429, 4.1317, 5.9995, 3.26, 3.8732, 3.8736, 8.4874, 6.4463, 2.9526, 2.6973, 2.9303, 1.6385, 2.0293, 4.7999, 1.5043, 6.7245]
}
