{
  "n_part": 50,
  "n_trials": 30,
  "LR_group": 0.687517906073481,
  "inv_temp_group": 2.15188404312357,
  "initQ_group": [
    [6.34757639328018],
    [2.71805463754572]
  ],
  "mu_R_group": [
    [5],
    [5]
  ],
  "sigma_R_group": 2,
  "LR": [0.224, 0.6125, 0.7871, 0.2341, 0.2428, 0.5005, 0.4544, 0.6704, 0.3181, 0.3937, 0.1237, 0.3824, 0.969, 0.4125, 0.3787, 0.569, 0.3915, 0.6339, 0.7813, 0.7436, 0.4714, 0.5428, 0.4662, 0.6648, 0.373, 0.5069, 0.4449, 0.3751, 0.7357, 0.571, 0.4242, 0.4124, 0.3932, 0.4289, 0.6853, 0.2908, 0.5016, 0.6001, 0.5935, 0.2515, 0.5667, 0.5318, 0.4666, 0.6407, 0.495, 0.653, 0.6449, 0.1997, 0.1728, 0.8505],
  "inv_temp": [4.9373, 4.6753, 4.6162, 4.5871, 4.3623, 3.7989, 4.2088, 4.5663, 4.4535, 4.6917, 4.2998, 4.1509, 4.9997, 4.4247, 4.374, 4.1689, 4.2002, 4.5516, 4.4103, 4.6799, 4.2738, 4.5311, 3.8451, 4.6322, 4.4155, 4.3774, 4.9185, 4.4093, 4.5958, 4.8291, 4.2662, 4.4583, 4.572, 4.994, 4.5326, 4.5386, 4.3334, 4.1239, 3.7223, 4.8654, 4.3781, 4.7285, 4.2212, 4.4445, 4.702, 4.7047, 4.6526, 4.7065, 4.9016, 3.7834],
  "initQF": [5.6164, 5.0592, 4.7623, 5.6554, 5.1977, 6.3966, 1.9148, 7.0578, 2.875, 2.026, 2.8883, 2.3405, 1.6332, 5.5386, 3.1776, 3.9908, 6.9504, 4.9977, 3.3392, 4.0686, 8.4377, 2.389, 6.4245, 2.9093, 2.3256, 7.5939, 3.0342, 1.4571, 2.0074, 2.1207, 5.2029, 4.5639, 6.2962, 5.4254, 1.4926, 1.8072, 5.002, 4.4723, 5.887, 2.1945, 5.1958, 3.0404, 5.5126, 7.4972, 5.4177, 3.7645, 6.4631, 1.6384, 4.589, 5.1037],
  "initQU": [5.8866, 4.4132, 3.3406, 4.1277, 5.5908, 5.1098, 5.2888, 3.0063, 4.6235, 7.0023, 1.0862, 4.4899, 2.8598, 3.7192, 7.3515, 5.8942, 2.2735, 4.0701, 5.7614, 4.8896, 8.308, 1.8064, 7.6651, 1.5929, 1.028, 5.258, 1.2029, 4.7928, 3.4318, 2.8607, 3.0772, 2.5673, 4.3375, 4.4783, 1.8762, 2.9698, 3.7691, 4.7413, 2.8043, 7.3839, 5.0595, 2.7426, 4.4788, 4.3796, 4.3566, 2.0116, 3.3377, 4.4464, 4.0093, 2.7]
}
