{
  "n_part": 50,
  "n_trials": 30,
  "LR_group": 0.595682964660227,
  "inv_temp_group": 4.34623656328768,
  "initQ_group": [
    [1.76551031926647],
    [2.30880539258942]
  ],
  "mu_R_group": [
    [5],
    [5]
  ],
  "sigma_R_group": 2,
  "LR": [0.2002, 0.2451, 0.3637, 0.4141, 0.5306, 0.2761, 0.3798, 0.3117, 0.213, 0.2091, 0.512, 0.7322, 0.556, 0.5468, 0.3716, 0.1582, 0.4588, 0.3949, 0.7969, 0.6744, 0.5467, 0.3133, 0.5106, 0.4476, 0.3043, 0.456, 0.3352, 0.7058, 0.2657, 0.4523, 0.2774, 0.4357, 0.6332, 0.3344, 0.2491, 0.3249, 0.1464, 0.3771, 0.4503, 0.6993, 0.4381, 0.5679, 0.7699, 0.6314, 0.5732, 0.5739, 0.4265, 0.7402, 0.6164, 0.285],
  "inv_temp": [4.6288, 4.8492, 4.5079, 4.8336, 4.6851, 4.5933, 4.4783, 4.2773, 4.3458, 4.7449, 3.9627, 4.887, 3.9923, 4.9064, 4.5862, 4.308, 4.2428, 4.0055, 4.2431, 4.805, 4.0474, 4.3887, 4.3897, 3.992, 4.711, 4.6095, 4.2965, 4.2108, 4.3716, 4.3432, 4.4948, 4.6735, 4.3827, 4.3083, 4.1864, 4.6028, 4.4316, 4.7172, 4.6446, 4.146, 4.9973, 3.9848, 4.6576, 4.5345, 4.0928, 4.9658, 4.3639, 4.7016, 4.3797, 3.9944],
  "initQF": [5.122, 4.7151, 5.8248, 3.2141, 4.0487, 4.1477, 1.6683, 4.2524, 4.6515, 2.3673, 1.8652, 3.7943, 1.739, 1.6345, 4.4094, 3.508, 3.9474, 3.1058, 3.8275, 1.7179, 2.1685, 5.0083, 7.0091, 1.9081, 5.4121, 4.2062, 3.2513, 3.2099, 7.0489, 3.8765, 2.5468, 5.5914, 2.737, 5.8546, 2.5694, 5.1659, 4.7743, 1.8696, 5.7611, 3.1244, 4.1207, 3.9194, 7.1131, 4.0238, 7.8763, 6.7544, 1.4407, 1.6386, 5.4692, 3.0775],
  "initQU": [3.1711, 4.8613, 6.4664, 3.8844, 5.1483, 6.724, 2.3757, 7.4642, 5.3352, 3.6566, 8.4271, 1.9562, 4.9591, 2.2783, 1.7212, 7.365, 5.1303, 1.0495, 3.5746, 1.5533, 3.946, 4.1918, 3.9779, 3.9507, 4.1183, 3.8813, 3.1201, 2.1633, 3.6201, 7.3668, 4.2769, 2.8647, 1.7251, 4.8881, 2.9361, 2.7702, 3.8681, 4.0168, 1.8784, 3.9906, 6.636, 6.4599, 4.0896, 1.3087, 3.023, 1.1558, 2.0669, 3.3402, 3.1506, 4.9137]
}
