{
  "n_part": 50,
  "n_trials": 30,
  "LR_group": 0.878759936662391,
  "inv_temp_group": 3.53630898403935,
  "initQ_group": [
    [1.22998427692801],
    [8.98402027552947]
  ],
  "mu_R_group": [
    [5],
    [5]
  ],
  "sigma_R_group": 2,
  "LR": [0.6392, 0.5542, 0.4368, 0.4898, 0.3306, 0.4924, 0.2903, 0.2275, 0.7641, 0.231, 0.5794, 0.2439, 0.0062, 0.4937, 0.5996, 0.6561, 0.4591, 0.4737, 0.5, 0.2785, 0.2469, 0.4846, 0.6088, 0.3514, 0.4397, 0.3392, 0.3519, 0.5125, 0.6155, 0.1142, 0.5325, 0.3377, 0.2675, 0.6047, 0.6379, 0.651, 0.5858, 0.728, 0.4921, 0.1643, 0.1263, 0.273, 0.7205, 0.3493, 0.3856, 0.5005, 0.2926, 0.5099, 0.727, 0.5444],
  "inv_temp": [4.4121, 4.7665, 4.416, 4.0911, 4.6195, 4.7349, 4.424, 4.704, 4.7301, 3.7717, 4.6042, 4.7832, 4.3662, 4.9323, 4.2891, 4.2766, 3.9169, 4.8221, 4.5023, 4.3757, 4.4268, 4.2549, 4.8191, 4.7445, 4.5291, 3.8901, 4.7208, 4.0185, 4.5105, 4.3867, 4.7343, 4.366, 4.5274, 4.1235, 4.2478, 4.2208, 4.498, 4.6434, 4.6062, 4.2095, 4.9135, 4.5921, 4.7027, 4.1296, 4.3388, 4.8175, 4.721, 4.1582, 4.2851, 4.2174],
  "initQF": [4.6598, 1.4225, 3.1068, 3.5574, 3.2077, 1.9018, 1.2665, 5.2508, 2.8558, 5.7494, 2.6597, 3.3335, 4.0494, 2.6142, 4.9975, 5.0411, 3.136, 2.9775, 4.966, 3.4245, 3.5835, 4.2338, 4.5005, 3.7624, 2.5083, 6.6646, 2.9636, 4.241, 5.1105, 7.8452, 3.5852, 2.9823, 5.1662, 2.1244, 4.7248, 1.0604, 3.8309, 4.3785, 4.3759, 2.8763, 1.4208, 1.6396, 6.9281, 5.2047, 4.585, 5.2586, 3.395, 2.7361, 5.1516, 4.5193],
  "initQU": [4.2563, 3.1756, 5.5542, 2.7474, 2.5183, 3.4979, 2.332, 2.7452, 3.1767, 3.0396, 1.829, 4.6739, 2.0907, 3.0425, 2.3967, 1.8715, 1.9193, 2.6509, 1.4799, 3.9236, 1.7527, 3.9966, 1.8871, 1.6275, 3.0953, 3.4091, 6.6369, 2.618, 1.6556, 2.1723, 1.2388, 6.5303, 2.6153, 2.9106, 2.6953, 4.5839, 6.4784, 6.5721, 3.3643, 1.0151, 1.5129, 2.8961, 3.577, 6.8861, 2.1045, 2.7567, 4.8181, 2.5964, 1.7239, 6.1179]
}
