{
  "n_part": 50,
  "n_trials": 30,
  "LR_group": 0.881055692676455,
  "inv_temp_group": 2.36295099603012,
  "initQF_group": 1.5826891863253,
  "initQU_group": 8.91585852159187,
  "mu_R_group": [
    [5],
    [5]
  ],
  "sigma_R_group": 2,
  "LR": [0.907, 0.872, 0.6839, 0.8322, 0.9947, 0.7545, 0.5179, 0.9837, 0.8601, 0.7095, 0.7838, 0.8927, 0.8354, 0.9353, 0.5048, 0.9746, 0.8544, 0.8345, 0.9459, 0.6749, 0.9588, 0.636, 0.7803, 0.9142, 0.7255, 0.9224, 0.7664, 0.7884, 0.8297, 0.8724, 0.9111, 0.8537, 0.8389, 0.916, 0.8781, 0.891, 0.5275, 0.3835, 0.8502, 0.5918, 0.681, 0.846, 0.884, 0.8142, 0.7322, 0.8253, 0.7518, 0.885, 0.4337, 0.7703],
  "inv_temp": [2.7628, 2.1282, 2.0551, 2.7489, 2.6892, 1.9951, 2.6305, 2.7993, 2.3651, 2.804, 2.2171, 2.4696, 2.3498, 2.2297, 2.7909, 2.4949, 2.6806, 2.3739, 2.5511, 2.3353, 2.094, 2.2878, 2.3793, 2.4328, 2.2432, 1.9068, 2.5814, 2.5118, 2.2576, 2.1108, 2.4717, 2.2086, 2.3449, 2.5753, 2.1153, 2.5103, 2.5598, 2.0156, 2.5203, 2.0167, 2.5381, 2.6471, 2.449, 2.3715, 2.4318, 2.4047, 2.0225, 2.1986, 2.7227, 2.5587],
  "initQF": [3.2168, 3.5628, 2.7368, 1.6309, 1.2667, 4.247, 1.701, 2.4909, 1.7115, 1.2988, 3.0089, 6.38, 2.7696, 3.4799, 1.8175, 2.38, 1.4022, 1.8035, 3.9751, 2.6279, 4.039, 1.9181, 1.5061, 1.148, 1.0565, 2.108, 3.4705, 1.8313, 2.3756, 5.6744, 3.8575, 3.611, 1.4423, 5.9555, 7.0696, 4.6762, 1.4243, 3.551, 3.1618, 4.3258, 1.9511, 3.9329, 1.6095, 2.9313, 2.1732, 1.5532, 2.9861, 3.894, 1.0359, 2.4867],
  "initQU": [7.1663, 9.0286, 9.767, 8.249, 9.0626, 9.624, 3.7602, 9.9044, 9.9188, 6.5013, 8.5118, 8.7109, 7.1548, 8.187, 8.6637, 7.1761, 7.0831, 9.1981, 6.5001, 9.8613, 9.4585, 6.3076, 7.0682, 7.7715, 8.7214, 7.5766, 8.8446, 8.6223, 7.5201, 8.7129, 5.4978, 8.3083, 8.3895, 8.356, 9.5305, 6.1719, 8.4299, 9.4828, 9.8449, 8.7818, 9.5528, 8.9692, 8.7525, 8.0618, 8.2883, 9.9751, 8.2998, 8.6857, 8.3318, 9.7191]
}
