{
  "n_part": 50,
  "n_trials": 30,
  "LR_group": 0.805859477957711,
  "inv_temp_group": 0.204510032199323,
  "initQ_group": [
    [9.4011616774369],
    [8.5253417280037]
  ],
  "mu_R_group": [
    [5],
    [5]
  ],
  "sigma_R_group": 2,
  "LR": [0.3499, 0.5251, 0.5718, 0.2265, 0.6855, 0.2423, 0.3339, 0.3649, 0.6152, 0.2961, 0.3329, 0.6462, 0.6117, 0.3996, 0.6382, 0.2066, 0.3938, 0.5625, 0.7375, 0.9162, 0.7912, 0.388, 0.6884, 0.5745, 0.4819, 0.2189, 0.7118, 0.4205, 0.3817, 0.5547, 0.5847, 0.354, 0.6066, 0.33, 0.5373, 0.6942, 0.4281, 0.558, 0.2508, 0.2433, 0.6021, 0.5021, 0.3667, 0.275, 0.4346, 0.656, 0.374, 0.3651, 0.6666, 0.5559],
  "inv_temp": [4.5253, 4.6183, 4.4054, 4.5049, 4.5144, 4.1527, 4.0408, 4.6891, 4.6766, 4.1779, 4.6163, 4.5275, 4.3954, 4.3451, 4.4256, 4.1987, 4.3974, 4.524, 4.2038, 4.9393, 4.1422, 4.4752, 4.6643, 4.4292, 4.0337, 4.1108, 4.0965, 4.1118, 4.1964, 4.7443, 4.5599, 4.4175, 4.16, 4.666, 4.1986, 4.9435, 4.3947, 4.5501, 4.661, 4.4808, 4.556, 4.3215, 4.1905, 4.8521, 4.5841, 4.5309, 4.3683, 4.447, 4.0974, 4.8981],
  "initQF": [7.3703, 4.0883, 5.2798, 2.8485, 8.2153, 5.4975, 5.1031, 3.0318, 3.0606, 5.3484, 4.8608, 1.2382, 4.2014, 4.5978, 3.9989, 3.5881, 6.1886, 4.565, 1.1807, 5.2315, 5.8713, 6.7475, 4.6, 4.317, 3.1779, 1.3454, 4.819, 2.0434, 6.2672, 4.4108, 3.6052, 1.2615, 4.5582, 5.2561, 2.2088, 2.9911, 5.7744, 4.6879, 5.2141, 2.7065, 6.6941, 6.1301, 6.8708, 1.0264, 1.6154, 3.8491, 1.7326, 3.9919, 6.3485, 4.7002],
  "initQU": [1.8495, 4.2691, 4.8803, 5.3001, 2.7588, 2.8284, 4.4808, 2.257, 4.3352, 2.6951, 6.4601, 3.5687, 2.0068, 5.8336, 5.3346, 3.2982, 5.1704, 1.7332, 4.4597, 2.3007, 3.341, 4.9221, 2.8537, 2.3993, 3.5775, 1.0394, 5.4423, 6.4276, 3.2803, 4.9013, 3.5833, 4.4214, 3.7389, 4.6529, 1.6968, 6.4604, 4.3563, 3.0708, 3.6706, 1.8856, 5.2469, 5.3807, 3.4902, 2.9512, 5.6495, 3.0212, 4.7224, 2.8185, 4.7767, 4.3494]
}
