{
  "n_part": 50,
  "n_trials": 30,
  "LR_group": 0.314404760487378,
  "inv_temp_group": 4.39325565239415,
  "initQF_group": 2.82049885531887,
  "initQU_group": 7.90345313609578,
  "mu_R_group": [
    [5],
    [5]
  ],
  "sigma_R_group": 2,
  "LR": [0.2388, 0.1409, 0.3976, 0.1677, 0.1262, 0.3718, 0.4031, 0.6665, 0.2592, 0.2235, 0.4285, 0.3973, 0.3541, 0.4413, 0.5444, 0.2339, 0.0695, 0.3754, 0.2183, 0.7039, 0.2776, 0.4819, 0.205, 0.2514, 0.2888, 0.1377, 0.1904, 0.1904, 0.0152, 0.2223, 0.6874, 0.3037, 0.3362, 0.4206, 0.196, 0.0827, 0.0569, 0.1335, 0.3851, 0.3353, 0.0865, 0.0873, 0.4364, 0.5854, 0.6818, 0.5337, 0.3739, 0.3651, 0.2047, 0.2966],
  "inv_temp": [4.3308, 4.6054, 4.9207, 4.0469, 4.34, 4.8804, 4.9741, 4.1325, 3.6665, 4.5383, 4.6012, 4.5294, 4.8725, 4.4622, 4.6252, 3.9136, 4.665, 3.8134, 4.6631, 4.7268, 4.6241, 4.8693, 4.4755, 4.2773, 4.2474, 4.5552, 4.8862, 4.6143, 4.7046, 4.2552, 4.8668, 4.5396, 4.533, 4.0278, 4.6628, 4.1035, 4.6111, 4.1453, 4.1124, 4.2611, 4.0993, 4.3249, 4.6578, 4.2644, 4.8157, 4.3799, 4.2247, 4.0199, 4.5137, 3.8341],
  "initQF": [4.4111, 1.9625, 2.9756, 3.302, 6.3899, 2.2911, 1.026, 1.7651, 1.2173, 3.8471, 1.4574, 3.7458, 3.6951, 2.1183, 3.1372, 3.9906, 4.8499, 1.0737, 3.0454, 1.3731, 4.0215, 3.0512, 2.4348, 3.736, 5.1238, 4.6324, 4.1642, 5.2463, 5.7992, 5.0726, 4.3264, 4.1275, 4.6538, 2.2858, 2.4689, 5.2944, 1.1319, 4.004, 3.0621, 2.641, 3.8203, 3.1073, 5.3394, 4.584, 1.7318, 5.0694, 2.6652, 2.2008, 3.6482, 2.344],
  "initQU": [9.1191, 5.2985, 5.0438, 7.3965, 9.4344, 5.1349, 9.9352, 8.8881, 7.9629, 8.8534, 6.2748, 9.2288, 3.541, 8.3481, 8.0082, 5.8034, 7.3364, 6.1889, 6.8238, 8.1996, 8.2977, 7.5375, 8.9575, 9.0903, 8.3435, 8.1344, 7.4449, 8.2308, 7.2872, 9.5147, 7.8879, 6.3813, 9.2888, 5.9984, 6.5513, 7.9923, 8.5578, 6.9091, 5.1531, 5.6318, 4.8252, 7.0153, 5.4543, 6.6953, 5.1873, 9.4194, 5.7685, 8.0757, 6.7601, 6.354]
}
