{
  "n_part": 50,
  "n_trials": 30,
  "LR_group": 0.0952569467481226,
  "inv_temp_group": 1.92449605325237,
  "initQ_group": [
    [6.46801649639383],
    [8.46179013396613]
  ],
  "mu_R_group": [
    [5],
    [5]
  ],
  "sigma_R_group": 2,
  "LR": [0.4761, 0.1949, 0.4491, 0.3292, 0.9105, 0.7108, 0.5217, 0.6784, 0.1493, 0.5045, 0.2801, 0.3851, 0.3059, 0.3636, 0.6121, 0.5934, 0.7593, 0.1575, 0.4858, 0.6378, 0.1629, 0.2474, 0.5865, 0.1679, 0.3053, 0.7157, 0.5699, 0.492, 0.6424, 0.4153, 0.278, 0.5884, 0.5081, 0.5902, 0.3018, 0.4905, 0.5947, 0.5101, 0.4019, 0.408, 0.182, 0.5652, 0.3733, 0.559, 0.6324, 0.6566, 0.4553, 0.3611, 0.562, 0.5464],
  "inv_temp": [4.642, 4.3216, 4.4689, 4.7073, 4.336, 4.2369, 4.6155, 4.4949, 4.5728, 4.7821, 4.427, 4.5449, 4.1417, 4.5809, 4.284, 4.4103, 4.33, 4.626, 4.5022, 4.5489, 4.2936, 4.367, 4.114, 3.8438, 4.0076, 4.0151, 4.7171, 4.1884, 4.653, 4.5061, 4.6481, 4.2537, 4.4539, 4.5816, 4.7424, 4.306, 4.1661, 4.2844, 4.7937, 4.4329, 4.5327, 4.501, 4.8307, 4.424, 4.4532, 4.8021, 4.7152, 4.498, 4.8045, 3.882],
  "initQF": [4.1172, 1.6251, 4.4044, 6.1949, 2.3422, 1.6287, 3.4043, 4.5732, 5.7335, 6.3309, 8.0187, 1.4257, 4.0148, 4.6819, 2.7224, 3.9713, 4.4705, 4.65, 1.7387, 3.3308, 6.7369, 1.197, 3.376, 5.8552, 6.408, 2.6934, 3.3289, 3.32, 4.7665, 2.8725, 4.2384, 2.6408, 4.5811, 2.8416, 2.5825, 2.4186, 2.2816, 6.2564, 3.2788, 5.3933, 3.9846, 5.2909, 4.3819, 4.9563, 3.2881, 2.3409, 4.4923, 3.5324, 1.6497, 5.0089],
  "initQU": [4.5907, 5.737, 3.3034, 2.7489, 2.7324, 2.3915, 3.0195, 1.7634, 4.4987, 3.0267, 5.5619, 5.3106, 4.784, 3.7662, 1.1346, 3.7622, 2.9084, 4.1366, 4.4417, 2.1465, 6.1051, 1.4799, 4.065, 4.3249, 3.8005, 1.8088, 3.6234, 2.3264, 3.7135, 2.6538, 4.5509, 3.4352, 3.6902, 4.1923, 2.2551, 6.1395, 2.5632, 4.8341, 4.4227, 2.7358, 5.1763, 3.4998, 5.8219, 5.0978, 3.9183, 4.9622, 2.6063, 2.2825, 3.9288, 4.917]
}
