{
  "n_part": 50,
  "n_trials": 30,
  "LR_group": 0.00755626196041703,
  "inv_temp_group": 1.37390758376569,
  "initQF_group": 2.51402811100706,
  "initQU_group": 7.24984554713592,
  "mu_R_group": [
    [5],
    [5]
  ],
  "sigma_R_group": 2,
  "LR": [0.2567, 0.0092, 0.1029, 0.1858, 0.0362, 0.1012, 0.0913, 0.3548, 0.5347, 0.3755, 0.3927, 0.0805, 0.0974, 0.0622, 0.033, 0.2158, 0.2996, 0.0525, 0.0999, 0.3049, 0.0939, 0.2719, 0.1752, 0.1211, 0.017, 0.1776, 0.2554, 0.1592, 0.0953, 0.0198, 0.2031, 0.2176, 0.1795, 0.0631, 0.1289, 0.3083, 0.1229, 0.1521, 0.0615, 0.218, 0.2561, 0.5799, 0.3366, 0.0107, 0.1239, 0.1405, 0.1574, 0.1235, 0.1971, 0.0948],
  "inv_temp": [1.6704, 1.3695, 0.9124, 1.1314, 1.6162, 0.8676, 1.2954, 1.1278, 0.9658, 1.1718, 1.3581, 1.126, 0.933, 1.1667, 1.7688, 1.2736, 1.3682, 1.5611, 1.1653, 1.3462, 1.857, 1.0555, 1.1959, 1.1045, 1.4078, 1.5441, 1.7914, 1.6696, 1.5147, 1.4296, 2.0229, 1.2244, 1.6117, 1.7039, 1.3608, 1.4057, 1.4464, 1.2566, 1.7462, 1.4607, 1.0881, 1.1746, 1.4094, 1.4649, 1.3314, 0.8148, 1.4058, 1.5727, 1.399, 1.0595],
  "initQF": [1.0746, 3.0146, 6.8936, 3.4227, 2.9443, 2.6405, 2.6842, 4.0116, 3.9817, 3.199, 3.5799, 5.2085, 4.5575, 3.4643, 3.2744, 2.3983, 5.2941, 1.3255, 1.3352, 2.4768, 6.0532, 2.0979, 4.2261, 3.6042, 2.9958, 2.2335, 3.1389, 1.2056, 4.9662, 3.6382, 2.9018, 3.3053, 2.4917, 1.2138, 1.9918, 6.3796, 2.9298, 2.7648, 4.1486, 4.4271, 1.3534, 2.517, 5.057, 3.0586, 6.0753, 3.3845, 2.862, 3.9363, 2.7147, 4.7892],
  "initQU": [7.3666, 7.293, 9.0242, 7.5927, 4.75, 9.2233, 7.9137, 8.3479, 6.8767, 7.4894, 6.6036, 8.285, 8.7478, 9.7102, 5.9921, 8.7086, 3.1014, 8.5165, 6.6495, 5.7668, 8.7118, 8.9882, 8.6951, 7.408, 8.0419, 3.654, 9.2995, 5.2436, 8.352, 7.1452, 6.2925, 5.7413, 7.033, 7.9338, 7.1941, 3.7134, 6.6981, 6.4297, 7.5195, 3.6809, 7.2019, 5.1209, 5.5066, 9.8213, 6.6097, 7.9697, 8.5515, 4.5913, 8.4668, 6.7036]
}
