{
  "n_part": 50,
  "n_trials": 30,
  "LR_group": 0.320312762865797,
  "inv_temp_group": 0.0928692368324846,
  "initQ_group": [
    [5.28539720689878],
    [6.76364021771587]
  ],
  "mu_R_group": [
    [5],
    [5]
  ],
  "sigma_R_group": 2,
  "LR": [0.6814, 0.6813, 0.7642, 0.6788, 0.2973, 0.4045, 0.0975, 0.6956, 0.6748, 0.3944, 0.1918, 0.5302, 0.4942, 0.2826, 0.0142, 0.189, 0.2316, 0.4213, 0.6215, 0.1309, 0.1968, 0.3778, 0.7095, 0.4336, 0.7817, 0.4091, 0.3213, 0.5107, 0.4454, 0.2207, 0.3753, 0.4178, 0.5568, 0.4724, 0.7714, 0.6571, 0.8342, 0.3112, 0.3106, 0.1042, 0.8666, 0.1986, 0.6172, 0.4892, 0.4776, 0.5392, 0.4441, 0.7096, 0.37, 0.4223],
  "inv_temp": [3.9534, 4.7784, 4.3138, 4.0305, 4.1934, 4.2632, 4.6189, 4.4734, 4.5689, 4.5367, 4.4555, 4.608, 4.5059, 4.944, 4.8773, 4.8519, 4.6147, 4.4368, 4.5027, 4.5121, 4.5419, 4.7253, 4.5441, 4.2992, 4.5326, 4.8905, 4.4437, 4.7542, 4.8164, 4.6816, 4.3779, 4.9557, 4.4574, 4.6491, 4.3512, 4.575, 4.5382, 4.5831, 4.7734, 4.7432, 4.2977, 4.4426, 4.3215, 4.3372, 4.9006, 4.7526, 4.5946, 4.8493, 4.3498, 4.751],
  "initQF": [4.7579, 5.1349, 3.6287, 1.9853, 5.0108, 1.3864, 3.2856, 2.9994, 1.2553, 2.6109, 2.6433, 3.6651, 4.0058, 3.5179, 5.7802, 5.4269, 5.1551, 6.243, 3.2255, 1.836, 5.0007, 3.9725, 3.7898, 4.312, 2.556, 1.8211, 7.9224, 6.8633, 2.0516, 7.0405, 2.3937, 2.7858, 2.2049, 1.8669, 4.8518, 2.2058, 1.5985, 2.1178, 3.1355, 4.3683, 1.6221, 6.3984, 5.9006, 7.3554, 3.2163, 3.2814, 4.5854, 3.2028, 4.6292, 2.7064],
  "initQU": [2.3831, 3.4196, 1.1862, 5.4055, 3.057, 2.1705, 2.0463, 7.0531, 6.4802, 1.2403, 3.6905, 5.4322, 6.6817, 3.1676, 5.0868, 3.1022, 3.4624, 3.7306, 9.5992, 2.7788, 3.9893, 3.9224, 1.3487, 3.9109, 5.2029, 3.7357, 7.1251, 4.453, 3.5924, 3.4361, 3.5388, 3.0163, 1.1064, 6.146, 3.0553, 6.3847, 5.1382, 2.0078, 3.4184, 4.9869, 5.3339, 4.6998, 1.2138, 2.207, 5.5568, 4.3023, 3.5249, 1.4831, 1.7461, 3.1207]
}
