{
  "n_part": 50,
  "n_trials": 30,
  "LR_group": 0.159868949092925,
  "inv_temp_group": 1.19461133959703,
  "initQ_group": [
    [9.57803861191496],
    [6.87321749376133]
  ],
  "mu_R_group": [
    [5],
    [5]
  ],
  "sigma_R_group": 2,
  "LR": [0.1292, 0.7381, 0.4649, 0.4847, 0.3579, 0.6279, 0.4618, 0.6386, 0.5809, 0.4778, 0.6096, 0.326, 0.4987, 0.4339, 0.254, 0.5727, 0.5139, 0.574, 0.4977, 0.467, 0.2755, 0.4125, 0.3382, 0.6212, 0.4897, 0.5416, 0.5372, 0.5074, 0.5264, 0.7275, 0.1185, 0.6888, 0.6523, 0.2248, 0.7697, 0.2658, 0.6952, 0.0898, 0.478, 0.5689, 0.3175, 0.3381, 0.3191, 0.3802, 0.3417, 0.0847, 0.3463, 0.474, 0.2651, 0.8558],
  "inv_temp": [4.0714, 4.6283, 4.3759, 4.2011, 4.5378, 4.9678, 4.0342, 4.7305, 4.8826, 4.8883, 4.357, 4.1, 4.6177, 4.6286, 4.4021, 4.366, 4.0091, 4.3286, 4.9316, 4.3191, 4.2986, 4.5833, 4.5003, 4.5599, 4.5609, 4.4961, 4.441, 4.3703, 4.9626, 4.4502, 4.5547, 4.4191, 4.5162, 4.4068, 4.8008, 4.2161, 4.415, 4.8709, 4.3132, 4.2694, 4.3674, 4.5801, 4.6759, 4.1438, 4.3009, 4.5462, 4.4699, 4.4063, 4.438, 4.3726],
  "initQF": [2.7788, 4.6753, 2.6421, 5.4477, 2.6656, 2.0412, 4.8548, 2.8182, 4.8421, 3.3404, 6.69, 6.2148, 5.6164, 2.3538, 6.3029, 7.0383, 3.0071, 3.6875, 4.8673, 2.4026, 4.7169, 3.8248, 2.5759, 1.5729, 4.3277, 2.4344, 1.8854, 3.9745, 7.3411, 6.9781, 2.8426, 3.431, 7.1901, 3.5592, 1.9025, 4.0052, 1.8087, 4.0323, 4.1816, 4.0069, 4.5344, 2.9631, 1.5814, 4.2406, 2.3946, 2.3402, 7.8722, 5.1064, 1.6333, 4.8317],
  "initQU": [1.1348, 3.6458, 5.1717, 5.5165, 2.8012, 5.1608, 5.4396, 7.3603, 4.6814, 2.6758, 4.4679, 4.6292, 4.0426, 4.1918, 4.3927, 5.4566, 2.8041, 4.1291, 5.3977, 3.4836, 4.8478, 5.4708, 6.2408, 5.1194, 1.7293, 3.3617, 2.5633, 2.9903, 2.2288, 3.6414, 8.5553, 1.408, 6.2371, 1.1493, 4.4316, 5.2345, 2.4337, 5.3176, 2.4646, 1.4342, 5.9427, 6.4429, 3.133, 3.6551, 2.9549, 4.3692, 2.6181, 1.1417, 3.6814, 3.4381]
}
