{
  "n_part": 50,
  "n_trials": 30,
  "LR_group": 0.28143010661006,
  "inv_temp_group": 2.43743533850648,
  "initQ_group": [
    [8.97211882169358],
    [9.72708335518837]
  ],
  "mu_R_group": [
    [5],
    [5]
  ],
  "sigma_R_group": 2,
  "LR": [0.409, 0.7284, 0.5616, 0.5122, 0.5719, 0.7297, 0.7295, 0.2713, 0.3724, 0.5108, 0.9191, 0.5064, 0.6237, 0.0417, 0.3072, 0.4986, 0.3134, 0.4613, 0.2887, 0.3246, 0.449, 0.9125, 0.8218, 0.351, 0.5803, 0.4581, 0.5917, 0.2133, 0.5098, 0.5589, 0.3279, 0.3724, 0.4245, 0.3627, 0.0175, 0.2032, 0.7493, 0.5786, 0.4537, 0.5942, 0.4983, 0.6658, 0.1806, 0.5906, 0.2387, 0.7046, 0.5484, 0.2094, 0.7186, 0.3952],
  "inv_temp": [4.2325, 4.0928, 4.1366, 4.3964, 4.6146, 4.5789, 4.1473, 4.3426, 4.0712, 4.0396, 4.3931, 4.2179, 4.3511, 4.3215, 4.2684, 4.4566, 4.3218, 4.9186, 4.1399, 4.8495, 4.5348, 4.4399, 4.4342, 4.1136, 3.9819, 4.044, 4.4329, 4.5987, 4.5314, 4.9136, 4.7305, 4.8178, 4.2331, 4.5008, 4.1441, 4.9533, 4.7866, 4.9516, 4.1195, 4.7407, 4.3219, 4.4687, 4.7687, 4.7041, 3.9932, 4.3744, 4.2817, 4.4556, 4.7404, 3.7923],
  "initQF": [3.7961, 5.6392, 2.8077, 4.9365, 5.7015, 3.4998, 2.2624, 4.5171, 7.1534, 3.2467, 6.414, 4.4002, 1.1385, 4.2375, 5.8755, 8.4467, 5.8647, 4.8155, 1.953, 6.034, 1.2807, 3.6744, 5.478, 5.6551, 6.3049, 2.8255, 3.5329, 3.2854, 1.1259, 6.58, 3.0878, 1.6753, 2.4554, 6.15, 1.0376, 6.7533, 2.7618, 4.2468, 2.339, 5.5974, 5.8993, 7.2304, 2.8679, 5.0116, 4.2152, 5.9494, 5.2871, 2.1976, 4.4108, 5.6888],
  "initQU": [3.5917, 6.4225, 4.217, 3.5966, 2.9487, 3.8138, 2.7184, 3.86, 4.562, 1.3899, 1.9609, 5.546, 5.8754, 2.949, 5.3653, 3.5782, 6.45, 2.8156, 3.8757, 4.5638, 7.0862, 3.3235, 4.0348, 3.7953, 7.6739, 1.8038, 2.7557, 4.75, 2.7569, 4.7651, 6.6096, 1.7789, 2.9528, 5.7425, 1.9126, 4.9683, 1.9885, 2.5353, 3.9175, 2.3265, 5.102, 6.2454, 5.8548, 2.709, 3.9865, 5.6065, 1.5107, 2.7395, 1.9147, 4.5214]
}
