{
  "n_part": 50,
  "n_trials": 30,
  "LR_group": 0.823490353766829,
  "inv_temp_group": 0.020122341811657,
  "initQ_group": [
    [2.61033138819039],
    [1.70672949287109]
  ],
  "mu_R_group": [
    [5],
    [5]
  ],
  "sigma_R_group": 2,
  "LR": [0.4755, 0.6135, 0.3261, 0.3756, 0.2387, 0.593, 0.3151, 0.4902, 0.3593, 0.342, 0.9204, 0.1094, 0.3407, 0.6839, 0.1223, 0.4156, 0.3437, 0.5196, 0.0383, 0.2493, 0.3109, 0.8142, 0.2916, 0.4998, 0.5708, 0.2223, 0.4974, 0.5401, 0.935, 0.2705, 0.4537, 0.4082, 0.8167, 0.4201, 0.6013, 0.8369, 0.4529, 0.1872, 0.2882, 0.2473, 0.2906, 0.188, 0.3726, 0.5488, 0.4204, 0.3655, 0.3033, 0.6462, 0.6541, 0.5256],
  "inv_temp": [3.9841, 4.8095, 4.2944, 4.0133, 4.3172, 4.2265, 4.9806, 4.3049, 4.4037, 4.3052, 4.4836, 4.1977, 4.9646, 4.3951, 3.9889, 4.7193, 3.9325, 4.3738, 3.9661, 4.2745, 4.3079, 3.9287, 4.0407, 4.472, 4.4788, 4.521, 4.8164, 4.1988, 4.1228, 4.5512, 4.2865, 4.3835, 4.4502, 4.8228, 4.2167, 4.4939, 4.6761, 4.503, 4.3625, 4.3165, 4.3032, 4.5966, 4.2991, 4.6145, 4.4695, 4.781, 4.3092, 4.4233, 4.5047, 4.8367],
  "initQF": [6.3345, 3.0221, 1.4204, 3.8707, 4.935, 4.9618, 2.1004, 5.0655, 3.5993, 4.917, 6.4279, 5.4208, 7.5505, 2.7426, 2.4084, 2.9381, 7.0194, 8.1596, 2.3434, 4.4768, 4.6848, 2.4015, 4.7777, 2.5434, 1.0561, 2.3212, 3.1613, 4.7278, 1.9179, 3.0511, 2.8038, 1.4971, 4.4596, 7.2093, 4.3494, 3.7897, 1.2819, 6.2562, 3.7187, 6.6072, 6.7409, 4.2524, 2.176, 7.5343, 1.1551, 3.8595, 6.9109, 1.2558, 1.4038, 1.8721],
  "initQU": [4.5275, 7.1273, 1.9895, 3.0336, 2.653, 5.8529, 9.3229, 4.4731, 2.8232, 8.6893, 2.1392, 3.4176, 3.1922, 5.255, 1.7945, 4.7483, 6.6497, 1.7954, 4.5543, 6.8304, 2.1271, 5.6051, 3.286, 4.246, 3.0119, 2.9604, 5.683, 4.3625, 2.0344, 2.5261, 4.8792, 4.0289, 2.8218, 1.0144, 2.7617, 5.8936, 5.8144, 5.6702, 1.2315, 1.6132, 7.365, 4.5345, 7.0697, 2.3294, 2.504, 5.4181, 2.1865, 3.7729, 5.8468, 4.754]
}
