{
  "n_part": 50,
  "n_trials": 30,
  "LR_group": 0.6474491849076,
  "inv_temp_group": 4.14721889304928,
  "initQ_group": [
    [7.19606433738954],
    [3.70691963238642]
  ],
  "mu_R_group": [
    [5],
    [5]
  ],
  "sigma_R_group": 2,
  "LR": [0.6312, 0.3329, 0.0884, 0.5523, 0.4653, 0.4225, 0.3586, 0.2901, 0.5327, 0.5201, 0.4354, 0.3854, 0.7849, 0.1823, 0.2352, 0.5607, 0.5164, 0.3347, 0.2199, 0.0136, 0.7691, 0.1832, 0.4297, 0.4993, 0.432, 0.476, 0.4208, 0.3668, 0.1384, 0.5942, 0.3165, 0.4853, 0.4915, 0.1893, 0.2069, 0.686, 0.2981, 0.1494, 0.4, 0.2216, 0.5616, 0.3613, 0.3817, 0.7878, 0.4502, 0.2842, 0.9156, 0.1901, 0.3176, 0.4417],
  "inv_temp": [4.1515, 4.362, 4.4709, 4.616, 4.3564, 4.5746, 4.8928, 4.1576, 4.7028, 4.5979, 4.8811, 4.4578, 4.1928, 4.8064, 4.414, 4.3357, 4.2181, 4.2261, 4.5266, 4.4059, 4.4469, 4.1115, 4.8879, 4.9197, 4.1809, 4.5377, 4.8172, 4.399, 3.5, 4.2762, 4.6637, 4.2366, 4.3584, 4.6056, 4.2648, 4.3052, 4.375, 4.7967, 4.3492, 4.4794, 4.0941, 4.7719, 4.389, 4.2726, 4.0453, 4.0191, 4.9679, 4.1154, 3.8713, 4.1869],
  "initQF": [3.5512, 4.5707, 1.4477, 3.19, 4.7742, 6.8714, 1.0289, 6.1948, 3.8186, 2.2051, 5.9865, 5.1297, 4.5041, 5.0831, 3.1228, 6.5412, 3.7014, 5.4902, 3.5035, 4.6334, 2.3664, 1.4948, 2.9483, 1.0411, 3.9287, 6.8495, 3.9544, 2.6304, 4.6739, 4.264, 5.314, 3.5075, 3.8515, 3.6439, 3.9792, 2.7694, 2.5178, 2.3429, 3.6767, 7.7425, 3.1219, 4.1668, 2.1214, 5.8777, 4.6704, 2.5473, 3.0983, 5.2405, 7.3864, 2.7387],
  "initQU": [4.0178, 5.3505, 2.6229, 6.1332, 5.9019, 5.6969, 2.4666, 3.9586, 2.1779, 4.5594, 3.2046, 3.2021, 4.7896, 4.3346, 3.2608, 4.3667, 2.8322, 3.3479, 3.8576, 3.1475, 4.2484, 1.718, 7.0486, 3.9723, 2.7274, 3.0544, 2.6481, 3.7751, 5.2365, 5.8386, 5.0726, 4.108, 2.7898, 3.2052, 4.0266, 2.1894, 5.3021, 5.1951, 4.0135, 3.8266, 2.9909, 3.0041, 3.3144, 1.7797, 2.3654, 2.1962, 2.3482, 3.4896, 7.9244, 3.1981]
}
