{
  "n_part": 50,
  "n_trials": 30,
  "LR_group": 0.443118342896923,
  "inv_temp_group": 4.26422493066639,
  "initQ_group": [
    [4.18540473235771],
    [4.75967993796803]
  ],
  "mu_R_group": [
    [5],
    [5]
  ],
  "sigma_R_group": 2,
  "LR": [0.3226, 0.3911, 0.53, 0.6475, 0.3006, 0.7107, 0.6076, 0.2027, 0.5665, 0.6453, 0.5321, 0.3689, 0.3729, 0.5999, 0.6476, 0.4641, 0.2013, 0.5661, 0.2686, 0.3385, 0.6988, 0.7909, 0.5829, 0.3246, 0.3532, 0.113, 0.8138, 0.487, 0.1531, 0.3952, 0.2223, 0.654, 0.4359, 0.3152, 0.4939, 0.2602, 0.2826, 0.3294, 0.4557, 0.7944, 0.1878, 0.4747, 0.7693, 0.7647, 0.4694, 0.6513, 0.1581, 0.4624, 0.598, 0.3233],
  "inv_temp": [4.0152, 4.6026, 4.4105, 4.6573, 4.5137, 4.649, 4.7108, 4.6985, 4.7106, 4.9413, 4.1713, 3.9864, 4.8139, 4.8591, 4.364, 4.2704, 4.3022, 3.9496, 4.6133, 4.6224, 4.4555, 3.961, 4.3262, 4.613, 4.5096, 4.1812, 4.7549, 4.3602, 4.675, 4.6454, 4.4174, 4.4883, 4.4411, 4.2897, 4.6391, 4.9078, 4.0802, 4.9143, 4.355, 4.1499, 4.6547, 3.82, 4.8269, 4.6286, 4.3411, 4.3963, 4.1269, 4.2966, 4.5745, 4.6412],
  "initQF": [5.4344, 1.3208, 6.1491, 1.251, 3.094, 1.9565, 2.3959, 4.2413, 2.3842, 3.371, 4.4816, 8.4454, 2.9449, 1.0171, 2.5605, 1.5893, 2.8626, 1.1578, 3.5682, 3.8787, 3.0654, 2.065, 5.3307, 4.3167, 4.2712, 3.4531, 3.6979, 4.0449, 4.2279, 3.2802, 1.4476, 9.3397, 6.0052, 4.0571, 2.2405, 2.8805, 1.0162, 4.9115, 1.6498, 3.5806, 1.4721, 7.3363, 6.4594, 7.3497, 3.5638, 4.8268, 3.4587, 2.0405, 4.3327, 3.0687],
  "initQU": [3.0586, 5.9, 5.6271, 5.1601, 7.0865, 2.6555, 6.2323, 5.4494, 6.8213, 3.1135, 3.6888, 6.0562, 5.0791, 2.8197, 1.1529, 1.8222, 5.4217, 2.3305, 5.3443, 6.6936, 5.2545, 4.0657, 2.4652, 3.9371, 1.5933, 7.1329, 4.5635, 2.0058, 6.5313, 5.6317, 6.8494, 4.1145, 5.1452, 5.3064, 6.918, 3.2807, 5.241, 4.047, 4.5966, 1.8111, 3.2428, 2.154, 2.6805, 3.711, 2.4697, 1.0226, 5.432, 3.5504, 4.746, 3.5176]
}
