{
  "n_part": 50,
  "n_trials": 30,
  "LR_group": 0.803462990093976,
  "inv_temp_group": 0.821428106864914,
  "initQF_group": 9.99773325049318,
  "initQU_group": 9.05326575925574,
  "mu_R_group": [
    [5],
    [5]
  ],
  "sigma_R_group": 2,
  "LR": [0.7878, 0.4345, 0.8613, 0.9933, 0.4551, 0.4992, 0.7488, 0.512, 0.2024, 0.6805, 0.656, 0.8186, 0.6753, 0.5977, 0.7082, 0.7133, 0.8009, 0.8387, 0.6069, 0.9886, 0.9914, 0.6359, 0.8193, 0.9464, 0.7455, 0.6804, 0.8395, 0.8693, 0.6685, 0.8791, 0.7725, 0.6192, 0.9478, 0.6079, 0.495, 0.7795, 0.7897, 0.6949, 0.8703, 0.3576, 0.7989, 0.8505, 0.7366, 0.9024, 0.9014, 0.6483, 0.6688, 0.9286, 0.7681, 0.4798],
  "inv_temp": [1.052, 0.954, 0.7726, 0.9774, 0.8319, 0.9728, 1.0509, 1.0308, 0.5071, 1.0188, 0.7926, 0.8212, 1.0959, 1.0083, 0.5747, 0.8351, 0.6722, 0.6883, 0.6556, 0.9617, 0.3888, 1.1154, 0.5482, 0.6421, 1.0501, 0.7496, 0.8875, 1.1972, 0.9053, 0.5736, 0.4969, 1.0982, 0.6093, 1.0451, 1.2666, 0.8354, 0.8467, 0.5796, 0.8415, 0.5833, 0.3993, 0.6143, 0.8508, 0.9849, 1.321, 1.173, 0.7032, 0.1911, 0.8845, 1.0076],
  "initQF": [8.8817, 7.8569, 9.9523, 9.0188, 7.4365, 9.7121, 9.043, 9.5949, 4.4773, 7.1809, 9.0087, 8.4105, 8.7259, 7.8701, 9.7907, 9.19, 9.2827, 9.5428, 7.579, 8.8338, 8.9865, 6.0794, 8.0465, 8.3823, 7.342, 6.6275, 7.6688, 8.1921, 7.7755, 9.0086, 9.1767, 8.9931, 9.3561, 8.9566, 8.7365, 6.2898, 9.6489, 7.8262, 9.7206, 8.415, 9.213, 8.8992, 8.8823, 8.0803, 8.958, 7.7711, 9.3429, 9.6701, 9.1782, 9.481],
  "initQU": [9.0963, 8.7241, 8.7401, 5.0623, 9.0048, 9.591, 8.1716, 8.9502, 9.3245, 9.0359, 7.9777, 9.1304, 8.7346, 9.5035, 8.6265, 8.1795, 8.7438, 9.3407, 6.6892, 9.124, 8.8004, 8.419, 2.183, 9.5872, 9.775, 7.7508, 8.9387, 8.5863, 6.3071, 8.377, 8.6401, 8.5401, 7.8919, 8.8147, 8.7854, 8.3049, 5.2994, 6.671, 8.6889, 5.2992, 6.5325, 8.7557, 8.3947, 2.4212, 6.2245, 7.07, 7.5157, 7.8654, 7.2821, 9.3486]
}
