{
  "n_part": 50,
  "n_trials": 30,
  "LR_group": 0.402554250322282,
  "inv_temp_group": 3.98216110654175,
  "initQ_group": [
    [9.78559390921146],
    [1.30562108336017]
  ],
  "mu_R_group": [
    [5],
    [5]
  ],
  "sigma_R_group": 2,
  "LR": [0.6937, 0.5223, 0.2979, 0.5902, 0.5637, 0.373, 0.1057, 0.3321, 0.5012, 0.7925, 0.4309, 0.3919, 0.3431, 0.0091, 0.0932, 0.3522, 0.424, 0.734, 0.4091, 0.3731, 0.5379, 0.4867, 0.601, 0.3063, 0.3924, 0.4761, 0.5776, 0.6272, 0.2902, 0.5552, 0.5021, 0.1248, 0.5431, 0.4204, 0.5437, 0.4217, 0.6259, 0.6254, 0.3675, 0.4935, 0.4304, 0.5778, 0.173, 0.7393, 0.2438, 0.1402, 0.3702, 0.196, 0.6544, 0.6348],
  "inv_temp": [4.4484, 4.2799, 4.3245, 3.9895, 4.692, 4.1547, 4.3797, 4.3342, 4.1524, 3.938, 4.9373, 4.6041, 4.9108, 4.4262, 4.5967, 4.2589, 4.3106, 3.8488, 4.5451, 4.4878, 4.7399, 4.5041, 4.6735, 4.871, 4.9361, 4.3001, 4.4045, 4.8164, 4.487, 4.2812, 4.4395, 3.9057, 4.5134, 4.6411, 4.2726, 3.3323, 4.6613, 4.8173, 4.876, 4.2286, 4.3108, 4.3941, 4.0623, 4.4479, 4.5497, 4.3787, 4.2854, 4.5019, 4.2261, 4.4745],
  "initQF": [5.7578, 2.1713, 2.272, 1.5372, 2.9711, 5.3638, 4.7885, 4.9333, 3.065, 4.047, 3.8066, 3.5803, 1.121, 1.4707, 4.0548, 4.9572, 4.9002, 3.7475, 3.3877, 3.4647, 1.4511, 2.8506, 9.6144, 4.6688, 2.4587, 3.6443, 3.8086, 2.2416, 1.0354, 4.3727, 4.2646, 3.4222, 5.1933, 3.8399, 1.5546, 3.6862, 2.1914, 4.1188, 1.1927, 1.3092, 3.6018, 1.6382, 4.7474, 5.3492, 4.345, 5.2924, 2.5805, 2.8845, 4.057, 3.0768],
  "initQU": [2.8699, 5.303, 3.9661, 1.7395, 2.4692, 1.051, 3.0668, 2.0155, 5.4209, 8.924, 5.0791, 4.3023, 4.3388, 4.6425, 2.7845, 5.3168, 2.3605, 3.9123, 3.133, 1.5067, 6.4497, 4.8414, 3.4491, 2.8884, 4.5956, 5.4873, 2.7436, 3.5408, 3.2772, 5.0086, 4.6815, 2.1871, 2.756, 4.5584, 3.6609, 2.7796, 3.6277, 8.6423, 4.2154, 4.1761, 1.4077, 6.4393, 4.9336, 2.3632, 3.7851, 2.699, 1.006, 5.7529, 5.3931, 2.5805]
}
