{
  "n_part": 50,
  "n_trials": 30,
  "LR_group": 0.630330530926585,
  "inv_temp_group": 2.8959363384638,
  "initQF_group": 3.22732883994468,
  "initQU_group": 3.42100740410388,
  "mu_R_group": [
    [5],
    [5]
  ],
  "sigma_R_group": 2,
  "LR": [0.8683, 0.2253, 0.827, 0.6721, 0.4136, 0.2708, 0.5912, 0.5193, 0.4604, 0.4506, 0.3551, 0.3597, 0.7865, 0.3871, 0.7294, 0.6108, 0.6608, 0.8167, 0.5847, 0.2332, 0.9403, 0.4208, 0.7246, 0.6549, 0.9549, 0.4765, 0.5317, 0.6172, 0.4789, 0.8858, 0.7128, 0.9271, 0.4545, 0.69, 0.4502, 0.9004, 0.3919, 0.6073, 0.5477, 0.4611, 0.9142, 0.6833, 0.7636, 0.5655, 0.7283, 0.374, 0.2272, 0.5734, 0.6431, 0.8302],
  "inv_temp": [2.9929, 2.8432, 2.8106, 2.7635, 2.6843, 2.7455, 2.9222, 3.1002, 2.6355, 2.5302, 2.5285, 2.8514, 2.3672, 2.9027, 2.6675, 2.8358, 2.8984, 3.24, 3.3301, 3.2723, 3.2247, 2.5806, 3.4022, 3.0187, 2.8506, 2.8209, 2.6202, 2.7734, 3.0429, 3.1771, 2.9532, 2.3573, 3.0465, 2.8147, 3.1583, 3.0732, 3.0928, 2.9267, 2.9524, 2.7029, 2.9213, 2.8149, 3.0019, 3.4804, 2.9727, 3.0453, 2.6819, 3.4277, 3.2454, 3.1963],
  "initQF": [2.5127, 3.0353, 2.2444, 3.8209, 4.3736, 2.2861, 3.3319, 4.0307, 3.3069, 5.7907, 7.4281, 2.5003, 4.2997, 8.7206, 3.304, 1.3374, 5.0713, 2.246, 3.7209, 3.0846, 6.0166, 6.0565, 4.9239, 3.8645, 1.9475, 2.6705, 6.3921, 2.417, 3.0929, 5.8262, 3.0588, 2.0149, 1.2095, 1.76, 3.808, 1.2914, 5.7868, 2.4647, 1.9804, 3.264, 2.5037, 4.6403, 3.3931, 2.6146, 2.1107, 1.739, 4.9476, 2.4853, 3.3559, 1.5833],
  "initQU": [3.6026, 3.2563, 3.1194, 5.3797, 4.4192, 2.8115, 2.1216, 5.3265, 1.2395, 2.2352, 5.2446, 4.1258, 6.1873, 2.7624, 7.5933, 2.7175, 2.2058, 4.4734, 6.2551, 3.7213, 3.7871, 2.189, 3.4214, 2.1287, 3.0476, 2.6205, 1.0637, 5.4381, 3.2225, 3.6676, 4.0556, 4.3952, 4.1495, 1.9084, 5.5882, 1.3385, 6.6578, 5.0405, 3.0814, 1.3691, 3.952, 1.8967, 3.6802, 4.2822, 3.4876, 2.685, 2.2711, 2.327, 1.7046, 4.1084]
}
