{
  "n_part": 50,
  "n_trials": 30,
  "LR_group": 0.247643925016746,
  "inv_temp_group": 1.61719770519994,
  "initQ_group": [
    [6.75708354730159],
    [4.48744749743491]
  ],
  "mu_R_group": [
    [5],
    [5]
  ],
  "sigma_R_group": 2,
  "LR": [0.3407, 0.6267, 0.5016, 0.446, 0.4394, 0.4122, 0.5017, 0.6368, 0.3256, 0.4425, 0.5579, 0.3865, 0.6393, 0.2857, 0.3468, 0.515, 0.6892, 0.5315, 0.1917, 0.4058, 0.7576, 0.3241, 0.6266, 0.3127, 0.4973, 0.7659, 0.6483, 0.7306, 0.4124, 0.4089, 0.7173, 0.5844, 0.8118, 0.6701, 0.2407, 0.459, 0.6728, 0.4165, 0.3285, 0.6236, 0.6392, 0.264, 0.9657, 0.4892, 0.6478, 0.324, 0.5136, 0.3347, 0.4012, 0.9288],
  "inv_temp": [4.885, 4.4156, 4.5319, 4.3398, 4.7898, 4.0636, 4.5645, 3.9693, 4.5241, 4.4936, 4.7791, 4.3141, 4.4335, 4.3379, 4.0863, 4.5929, 4.6494, 4.2234, 4.6191, 4.9189, 4.4332, 3.9229, 4.9594, 3.9701, 4.7017, 4.4234, 4.7242, 4.6656, 4.2513, 4.154, 4.3858, 4.1606, 4.4034, 4.4041, 4.6526, 4.8311, 4.5072, 4.2541, 4.7609, 4.3022, 4.6081, 4.2929, 4.558, 4.3008, 4.4032, 4.2985, 4.0799, 4.721, 4.1748, 4.3199],
  "initQF": [6.4181, 4.8119, 3.3853, 4.6944, 5.8132, 2.4087, 6.9162, 5.7272, 5.0413, 2.1632, 4.1312, 1.8377, 2.983, 2.434, 5.3134, 2.8941, 5.3709, 3.4809, 3.2881, 4.5823, 7.5102, 2.7077, 2.7639, 4.2665, 3.8951, 4.5639, 5.2021, 6.531, 3.8408, 4.0718, 6.713, 1.1945, 3.5661, 2.0191, 3.191, 3.8435, 4.2575, 5.0205, 3.1021, 2.2445, 3.7516, 4.2321, 2.7304, 4.5713, 2.2978, 4.0259, 3.0818, 3.0051, 1.7588, 4.7548],
  "initQU": [5.0422, 6.0373, 6.3388, 4.827, 4.3702, 2.6761, 5.6156, 1.136, 2.5762, 3.7202, 7.4135, 2.7589, 4.9829, 2.7183, 4.0498, 3.1162, 2.9182, 3.7231, 6.6752, 4.8073, 8.5858, 3.3492, 5.2637, 2.9892, 2.0946, 1.988, 4.1008, 4.4566, 4.0082, 2.0857, 6.4545, 4.2582, 5.7476, 1.7826, 3.6058, 5.3494, 4.3947, 5.8194, 4.4365, 2.3786, 3.6072, 5.9463, 1.8539, 1.5326, 2.6481, 5.0127, 2.7823, 3.4894, 1.1043, 3.6703]
}
