{
  "n_part": 50,
  "n_trials": 30,
  "LR_group": 0.972529312362894,
  "inv_temp_group": 0.262813740409911,
  "initQ_group": [
    [2.77141778310761],
    [8.81086339731701]
  ],
  "mu_R_group": [
    [5],
    [5]
  ],
  "sigma_R_group": 2,
  "LR": [0.6447, 0.3062, 0.2895, 0.534, 0.3939, 0.6509, 0.4932, 0.459, 0.3361, 0.5519, 0.7195, 0.5037, 0.6783, 0.4225, 0.0532, 0.6027, 0.6255, 0.2561, 0.6816, 0.2503, 0.3412, 0.4473, 0.3803, 0.6294, 0.906, 0.4259, 0.5325, 0.5185, 0.5019, 0.4569, 0.5365, 0.4162, 0.5336, 0.7435, 0.4248, 0.451, 0.6024, 0.3324, 0.7204, 0.3873, 0.4574, 0.8568, 0.4016, 0.4685, 0.4357, 0.681, 0.2026, 0.5408, 0.4582, 0.5743],
  "inv_temp": [4.3916, 4.7045, 4.2995, 4.4995, 4.2025, 4.336, 4.9615, 3.7956, 4.4789, 4.5816, 4.5782, 4.7195, 4.1023, 4.3819, 4.4093, 4.3711, 4.8107, 4.936, 4.0693, 4.192, 3.9284, 4.3209, 4.5634, 4.3297, 4.7224, 4.4513, 4.2107, 4.6476, 4.6354, 4.6356, 4.5893, 4.1733, 4.7998, 4.8074, 4.0893, 4.755, 4.5138, 4.0807, 4.3103, 4.4933, 4.5537, 4.6953, 4.5733, 4.4049, 4.9906, 4.9505, 4.5699, 4.5607, 4.7822, 4.5184],
  "initQF": [3.3208, 4.6578, 3.6335, 3.1205, 1.659, 2.898, 5.0024, 1.4462, 2.578, 4.5466, 5.2119, 3.8897, 8.5141, 8.8992, 2.1717, 6.0503, 4.161, 5.7234, 4.1192, 2.6379, 1.3513, 2.1707, 4.0145, 5.368, 2.3076, 5.083, 2.5708, 4.7761, 5.9546, 2.9329, 4.7428, 3.5282, 1.3115, 5.1023, 6.3422, 2.6622, 4.0465, 3.7001, 2.0469, 4.7766, 3.5054, 4.2696, 4.4969, 3.79, 3.6904, 5.3317, 4.2521, 1.8069, 2.7719, 4.584],
  "initQU": [3.4553, 2.8232, 1.2789, 5.9329, 1.5545, 2.8685, 2.1741, 2.6786, 4.9621, 4.0971, 2.3927, 2.2096, 6.2646, 3.4283, 4.4151, 2.1412, 3.6604, 2.634, 6.1682, 4.0687, 6.3047, 5.314, 3.1508, 4.6902, 4.4763, 1.7285, 3.0611, 2.2719, 2.5992, 4.8185, 1.2501, 4.7112, 1.2447, 2.2235, 4.9884, 1.8425, 1.7358, 2.3867, 4.1564, 4.2431, 5.403, 1.0835, 1.3061, 3.9142, 3.9668, 5.5575, 4.0458, 4.1602, 5.1907, 1.6759]
}
