{
  "n_part": 50,
  "n_trials": 30,
  "LR_group": 0.929923261981457,
  "inv_temp_group": 2.60723824147135,
  "initQ_group": [
    [2.62679522507824],
    [1.15653469250537]
  ],
  "mu_R_group": [
    [5],
    [5]
  ],
  "sigma_R_group": 2,
  "LR": [0.9718, 0.5907, 0.3486, 0.7986, 0.4497, 0.4161, 0.3887, 0.2995, 0.6873, 0.4573, 0.8166, 0.6896, 0.4403, 0.768, 0.3453, 0.1357, 0.5029, 0.6175, 0.0758, 0.6602, 0.1576, 0.3068, 0.1583, 0.6525, 0.549, 0.7378, 0.3401, 0.5362, 0.888, 0.5781, 0.5194, 0.6372, 0.5182, 0.6945, 0.6695, 0.2833, 0.4948, 0.2126, 0.5717, 0.2766, 0.1046, 0.3278, 0.5333, 0.4329, 0.3618, 0.6219, 0.6762, 0.489, 0.7078, 0.3751],
  "inv_temp": [3.8988, 4.2576, 4.3799, 4.3332, 4.175, 4.559, 4.2987, 4.6801, 4.2135, 4.1974, 3.9884, 4.4332, 4.5211, 4.3846, 4.7026, 4.6301, 4.8207, 4.5728, 4.2804, 4.6611, 4.6313, 4.2853, 4.3063, 4.6023, 3.9269, 4.4675, 4.643, 4.8143, 4.7006, 4.0501, 3.9274, 4.5455, 4.5904, 4.2499, 4.5612, 4.3904, 4.4074, 4.0649, 4.5403, 4.9082, 4.3016, 4.7023, 4.5421, 3.9692, 4.7595, 4.3009, 4.7284, 3.9654, 4.1329, 4.8471],
  "initQF": [2.5204, 2.5702, 6.8483, 2.2517, 2.408, 2.5963, 4.4813, 3.4355, 2.4407, 3.2993, 2.3672, 5.2083, 5.0604, 2.5856, 3.6089, 2.5766, 4.585, 3.2533, 3.5268, 5.376, 5.7002, 1.7064, 3.9089, 6.9747, 6.9649, 3.9511, 4.6875, 5.0385, 4.9434, 4.391, 1.3845, 3.3889, 5.52, 4.396, 6.7396, 3.8887, 2.3546, 3.2212, 3.0059, 4.777, 5.2185, 3.8683, 6.5308, 2.8706, 3.6146, 1.1323, 3.8972, 7.2823, 4.7575, 1.9571],
  "initQU": [4.4819, 6.4197, 6.693, 6.938, 4.5644, 4.6279, 3.985, 8.3618, 5.0931, 4.7151, 3.2762, 3.421, 3.16, 7.0087, 3.8177, 2.4144, 5.0605, 1.029, 6.1413, 4.6707, 4.5625, 4.6809, 1.6722, 3.5936, 4.0039, 2.1149, 3.3584, 4.046, 3.9217, 1.4227, 4.5612, 3.6471, 2.4498, 2.7695, 2.6785, 5.7421, 3.4055, 5.1077, 2.1004, 3.3237, 3.0344, 2.7135, 4.3431, 2.0365, 1.3569, 2.2516, 4.0706, 1.8139, 5.0129, 6.7266]
}
