{
  "n_part": 50,
  "n_trials": 30,
  "LR_group": 0.781044434988871,
  "inv_temp_group": 3.01529782242142,
  "initQ_group": [
    [6.30331678665243],
    [9.67618784192018]
  ],
  "mu_R_group": [
    [5],
    [5]
  ],
  "sigma_R_group": 2,
  "LR": [0.4964, 0.4321, 0.5679, 0.5827, 0.4745, 0.1769, 0.0768, 0.291, 0.285, 0.2673, 0.5769, 0.3615, 0.5752, 0.7555, 0.4312, 0.3599, 0.4048, 0.397, 0.3682, 0.4048, 0.079, 0.3986, 0.4, 0.311, 0.4892, 0.3844, 0.5616, 0.3668, 0.8944, 0.7298, 0.5997, 0.3848, 0.9003, 0.3039, 0.2574, 0.4243, 0.7519, 0.6004, 0.0952, 0.4287, 0.7201, 0.5427, 0.7162, 0.5603, 0.4918, 0.4865, 0.5916, 0.4211, 0.4144, 0.4846],
  "inv_temp": [4.6586, 4.6306, 4.5829, 4.9096, 4.64, 4.7306, 4.0346, 4.3091, 4.5588, 4.3342, 3.9412, 4.7315, 4.3869, 4.3927, 4.5122, 4.2253, 3.9692, 4.3389, 4.1899, 4.5561, 3.8475, 4.3481, 4.5409, 4.1679, 4.3704, 4.0654, 4.8905, 4.5677, 4.2411, 4.8626, 3.839, 4.4894, 4.6765, 4.5092, 4.6164, 4.3675, 4.4501, 4.9793, 4.5864, 4.8379, 4.5098, 4.0935, 4.8635, 4.0357, 4.7095, 4.1783, 4.3219, 4.6013, 4.1131, 4.3463],
  "initQF": [6.0039, 5.2576, 1.5103, 2.603, 5.104, 1.9, 1.7777, 2.1349, 2.2342, 7.2404, 4.7637, 3.8417, 4.3736, 4.3055, 4.6508, 6.3103, 3.8138, 6.0903, 5.0069, 8.1495, 2.279, 3.3298, 5.7035, 5.8938, 1.9633, 3.8345, 3.7296, 3.9938, 3.3818, 1.3191, 1.0203, 2.7666, 1.0879, 8.4439, 3.1749, 6.0278, 5.9057, 2.3827, 1.8067, 2.1831, 3.4126, 5.1204, 1.3239, 4.8687, 2.8565, 6.1752, 2.9938, 3.8724, 2, 2.7296],
  "initQU": [5.5168, 5.2539, 5.4406, 3.8599, 1.2013, 4.0728, 6.2548, 5.8294, 1.5158, 4.498, 3.6675, 4.6438, 5.2589, 6.1724, 1.9897, 3.3486, 3.5189, 7.1715, 3.6716, 3.8068, 2.5407, 4.6583, 2.7705, 1.5761, 2.8905, 5.4163, 3.8744, 2.3187, 5.7936, 2.7992, 5.4155, 4.0968, 3.4571, 4.0749, 3.7969, 6.2564, 3.6622, 4.9979, 6.2031, 2.3674, 5.7782, 1.1893, 2.2337, 2.1248, 2.449, 2.2733, 2.0825, 6.8634, 3.8374, 3.6949]
}
