{
  "n_part": 50,
  "n_trials": 30,
  "LR_group": 0.788170730229467,
  "inv_temp_group": 3.67209692951292,
  "initQ_group": [
    [5.32602973561734],
    [8.67795156920329]
  ],
  "mu_R_group": [
    [5],
    [5]
  ],
  "sigma_R_group": 2,
  "LR": [0.7917, 0.3162, 0.7593, 0.2387, 0.7019, 0.7562, 0.4808, 0.6025, 0.6339, 0.5914, 0.1353, 0.5957, 0.2664, 0.6076, 0.8604, 0.6067, 0.3005, 0.2592, 0.3262, 0.6326, 0.2173, 0.7187, 0.3295, 0.2734, 0.1895, 0.3832, 0.2407, 0.3915, 0.7197, 0.5062, 0.3397, 0.1654, 0.6645, 0.4422, 0.3979, 0.753, 0.3634, 0.0916, 0.8796, 0.6458, 0.519, 0.4682, 0.4316, 0.6215, 0.5515, 0.4525, 0.0316, 0.265, 0.6665, 0.4135],
  "inv_temp": [4.3193, 4.1924, 4.3855, 4.492, 4.4854, 4.5702, 4.3371, 4.5326, 4.5374, 4.1787, 4.454, 4.34, 4.2679, 4.6527, 4.7704, 4.3736, 4.4482, 4.3225, 4.3751, 3.8925, 4.1199, 4.722, 4.0168, 4.416, 4.6478, 4.1328, 4.3189, 4.3789, 4.9307, 4.2444, 4.165, 4.3903, 4.0468, 4.2879, 4.3195, 4.4876, 4.5716, 4.9328, 4.5058, 4.4693, 4.2627, 4.3817, 4.7566, 4.3745, 4.2264, 4.5937, 4.6505, 4.7715, 4.1938, 4.3872],
  "initQF": [2.2249, 5.4848, 5.1317, 3.7532, 2.4207, 5.3882, 3.8826, 2.6687, 1.2891, 5.7065, 5.4422, 4.7908, 7.3622, 2.4801, 7.0939, 2.9629, 6.4539, 1.6437, 4.0005, 2.3962, 3.056, 6.5356, 3.6617, 4.9588, 1.3046, 3.5584, 2.96, 6.011, 6.6015, 5.5429, 5.1106, 1.4952, 6.0791, 4.0386, 4.3516, 1.9829, 4.074, 3.8972, 2.1446, 1.4462, 4.6264, 7.5018, 5.9688, 2.3186, 4.9222, 7.1051, 1.7732, 5.0204, 4.0905, 4.9968],
  "initQU": [4.1851, 3.4885, 3.5373, 2.9306, 6.1735, 5.0753, 6.0992, 5.0095, 2.6056, 5.0638, 6.1598, 2.1273, 6.1516, 4.9496, 8.6477, 4.6373, 3.9698, 5.5682, 5.8631, 6.5186, 7.2466, 6.8962, 4.3863, 5.9784, 3.6694, 2.893, 6.6175, 5.4372, 3.48, 1.565, 1.6585, 4.0226, 3.8527, 2.8367, 3.6752, 2.3171, 5.9713, 1.4668, 2.2924, 4.0108, 1.1242, 2.7375, 1.361, 6.4184, 3.6757, 5.1069, 4.1905, 5.5825, 6.5145, 3.6116]
}
