{
  "n_part": 50,
  "n_trials": 30,
  "LR_group": 0.584581128554419,
  "inv_temp_group": 2.89903833996505,
  "initQF_group": 2.84803137462586,
  "initQU_group": 4.62135403114371,
  "mu_R_group": [
    [5],
    [5]
  ],
  "sigma_R_group": 2,
  "LR": [0.5996, 0.1959, 0.1333, 0.8008, 0.3104, 0.5939, 0.7427, 0.4563, 0.8861, 0.6243, 0.6847, 0.3252, 0.5901, 0.5242, 0.7706, 0.4444, 0.5665, 0.4003, 0.7505, 0.5684, 0.5746, 0.5367, 0.5025, 0.6456, 0.583, 0.7947, 0.5487, 0.6617, 0.2462, 0.4921, 0.3367, 0.5688, 0.5663, 0.5762, 0.323, 0.602, 0.4917, 0.7531, 0.5487, 0.6344, 0.8699, 0.4242, 0.4842, 0.7137, 0.715, 0.7513, 0.5355, 0.2293, 0.5949, 0.8359],
  "inv_temp": [2.8389, 2.7171, 2.8959, 3.3288, 2.3687, 3.1723, 2.8215, 2.9626, 3.5007, 3.1268, 3.1404, 2.5685, 2.9928, 2.4114, 3.1561, 2.7733, 3.3014, 2.8728, 2.9215, 2.8319, 2.7345, 2.9173, 3.5125, 2.2168, 3.5211, 2.9711, 2.6568, 2.6524, 3.247, 2.6222, 2.7442, 2.6219, 3.136, 2.5432, 3.1096, 3.0535, 2.8079, 2.3233, 2.7833, 3.1048, 2.4673, 3.262, 2.9067, 2.5829, 2.816, 3.0291, 2.7108, 2.6361, 3.0944, 2.9615],
  "initQF": [3.2688, 4.5776, 2.1422, 7.4425, 4.0174, 3.0027, 2.0965, 1.1953, 2.835, 2.5328, 1.0481, 2.4042, 4.6384, 5.0579, 1.866, 2.2949, 6.2674, 3.3111, 4.6804, 3.4749, 6.6685, 4.9782, 1.6692, 2.535, 5.0692, 2.7433, 1.5392, 1.6817, 2.8014, 2.7056, 1.706, 2.5462, 1.0452, 2.7011, 1.526, 5.3662, 2.8987, 3.9991, 1.2671, 1.0118, 2.085, 4.6041, 2.2352, 3.0737, 2.7783, 2.005, 3.9696, 3.5104, 4.1129, 3.3802],
  "initQU": [4.2926, 8.9568, 4.5524, 4.0058, 8.0368, 1.994, 7.2434, 5.0002, 2.7264, 7.8081, 6.6974, 5.3819, 3.6318, 1.0303, 4.2092, 4.2005, 3.2119, 1.5618, 5.7781, 6.445, 3.916, 4.124, 5.9907, 4.9274, 5.6409, 5.0922, 5.5592, 5.8722, 4.3986, 5.266, 2.803, 9.3501, 5.6773, 4.0821, 7.4319, 3.0056, 4.5407, 5.9935, 5.477, 3.6, 5.2525, 4.5881, 6.9885, 5.6874, 4.2557, 7.4752, 2.2616, 5.1856, 6.1818, 4.7458]
}
