{
  "n_part": 50,
  "n_trials": 30,
  "LR_group": 0.204067686805502,
  "inv_temp_group": 3.97131191217341,
  "initQ_group": [
    [9.91669272119179],
    [7.44330723583698]
  ],
  "mu_R_group": [
    [5],
    [5]
  ],
  "sigma_R_group": 2,
  "LR": [0.5021, 0.725, 0.4362, 0.1329, 0.5913, 0.1464, 0.5239, 0.3341, 0.2552, 0.3985, 0.6898, 0.3962, 0.5903, 0.8198, 0.9076, 0.2154, 0.6747, 0.7429, 0.5074, 0.3406, 0.6183, 0.4892, 0.6364, 0.1953, 0.4173, 0.547, 0.5596, 0.5859, 0.402, 0.3923, 0.6334, 0.6587, 0.3979, 0.4792, 0.2802, 0.433, 0.5543, 0.7421, 0.5876, 0.1442, 0.051, 0.7484, 0.4283, 0.2544, 0.7847, 0.3265, 0.4328, 0.3617, 0.1684, 0.4799],
  "inv_temp": [4.4235, 4.449, 4.3939, 4.8168, 4.7257, 4.3346, 4.5025, 4.579, 4.667, 4.098, 4.3822, 4.5504, 3.9687, 4.4331, 4.345, 4.1748, 4.1171, 4.951, 4.5867, 4.8881, 4.9388, 4.1878, 4.5931, 4.1206, 4.2978, 4.5881, 4.3614, 4.8413, 4.2706, 4.3143, 4.6188, 4.9432, 4.5896, 4.1921, 4.3228, 4.8785, 4.6853, 4.6134, 4.4209, 4.1541, 4.8343, 4.284, 4.5914, 4.8426, 4.9922, 4.9126, 4.4984, 4.2877, 4.7572, 4.3132],
  "initQF": [1.9902, 3.841, 3.1791, 7.4515, 1.9369, 3.715, 4.5956, 2.6966, 4.102, 1.7135, 2.0547, 7.6188, 4.4971, 5.1326, 8.4663, 3.3697, 5.4216, 4.7613, 4.4971, 4.9809, 3.6951, 7.1828, 1.1448, 4.9992, 2.7896, 2.8216, 3.2801, 2.8399, 4.8727, 2.5742, 5.9664, 3.081, 6.862, 1.5, 3.8769, 6.8596, 5.848, 4.5763, 2.6524, 5.9779, 1.2232, 1.2068, 3.3848, 2.2907, 2.2038, 9.3701, 4.9232, 6.15, 1.4005, 2.4053],
  "initQU": [4.5201, 1.7177, 2.9723, 6.2059, 6.6323, 4.5436, 3.7875, 1.9397, 2.2941, 1.5247, 6.5598, 3.376, 3.3962, 3.8615, 3.676, 3.5397, 5.5119, 4.854, 1.7249, 1.0121, 4.7476, 3.0373, 3.1704, 3.8163, 4.0417, 3.7394, 2.1439, 4.017, 3.1103, 3.469, 2.3811, 3.7582, 4.0993, 2.1208, 5.2525, 1.0117, 4.3482, 2.3205, 2.9703, 2.558, 2.2392, 4.1159, 2.2051, 1.4352, 5.0506, 4.4185, 3.427, 3.6936, 2.2, 4.3914]
}
