{
  "n_part": 50,
  "n_trials": 30,
  "LR_group": 0.437799571780488,
  "inv_temp_group": 3.06930880527943,
  "initQ_group": [
    [1.65631654462777],
    [8.55272269831039]
  ],
  "mu_R_group": [
    [5],
    [5]
  ],
  "sigma_R_group": 2,
  "LR": [0.3922, 0.6824, 0.4157, 0.1363, 0.5591, 0.8616, 0.2431, 0.2422, 0.6061, 0.4035, 0.9014, 0.6328, 0.4386, 0.7432, 0.2653, 0.4869, 0.6078, 0.4378, 0.2991, 0.4031, 0.3775, 0.1842, 0.4696, 0.7731, 0.5755, 0.3948, 0.349, 0.6883, 0.2621, 0.3792, 0.3204, 0.6038, 0.2895, 0.5316, 0.1308, 0.3049, 0.6293, 0.5296, 0.3149, 0.4721, 0.9672, 0.7923, 0.8496, 0.4201, 0.2963, 0.4352, 0.341, 0.4984, 0.3426, 0.1687],
  "inv_temp": [4.6335, 4.3663, 4.4098, 4.3691, 3.9941, 4.4636, 4.5208, 4.6871, 4.3407, 4.5357, 4.1364, 4.06, 4.2787, 4.7345, 4.4346, 4.362, 4.7264, 4.8082, 4.8911, 4.601, 4.2467, 4.3776, 4.1819, 3.5743, 4.2395, 4.4985, 4.0075, 4.2283, 4.6072, 4.0425, 4.4212, 4.6555, 4.1846, 4.471, 4.1439, 4.4419, 4.6017, 4.8202, 4.3127, 4.4449, 4.4053, 4.792, 4.7993, 4.792, 4.1353, 3.8473, 4.7154, 4.7079, 4.5547, 4.1585],
  "initQF": [5.6935, 1.5006, 2.784, 4.0253, 3.0872, 4.4302, 2.0503, 2.5343, 3.7287, 4.6973, 6.1872, 6.8372, 2.2162, 5.7913, 3.6534, 5.0059, 6.0794, 2.5317, 5.7297, 4.8499, 2.618, 3.8411, 3.5009, 6.291, 4.1618, 3.0392, 1.8084, 2.1292, 3.1332, 4.6024, 3.7208, 7.128, 3.1765, 1.0998, 4.1908, 4.1814, 7.1673, 1.0409, 2.8663, 4.1805, 4.8325, 1.5165, 3.7805, 8.3367, 2.5895, 4.5882, 2.3808, 4.5483, 4.7751, 3.6407],
  "initQU": [4.0158, 4.7791, 4.428, 5.1932, 3.9382, 2.8856, 5.5173, 6.2009, 3.7169, 1.3085, 1.8632, 3.3868, 1.4319, 5.2303, 6.3432, 4.507, 2.895, 3.6198, 2.2985, 5.6637, 5.5234, 4.3536, 2.0587, 6.8587, 5.0146, 4.2801, 1.2305, 3.7426, 5.2494, 7.528, 1.3077, 2.5041, 1.367, 2.0866, 6.2845, 2.6014, 5.7102, 2.1451, 3.9543, 3.5637, 4.341, 5.6132, 5.7887, 5.0357, 7.666, 3.9878, 3.7052, 6.5012, 4.0703, 3.2837]
}
