{
  "n_part": 50,
  "n_trials": 30,
  "LR_group": 0.065816362388432,
  "inv_temp_group": 4.19780831667595,
  "initQF_group": 9.83042566664517,
  "initQU_group": 7.87699195812456,
  "mu_R_group": [
    [5],
    [5]
  ],
  "sigma_R_group": 2,
  "LR": [0.3086, 0.2819, 0.1111, 0.3606, 0.0005, 0.0782, 0.0193, 0.2361, 0.2912, 0.0417, 0.3075, 0.0818, 0.0556, 0.3161, 0.0609, 0.3232, 0.0999, 0.263, 0.1938, 0.1933, 0.125, 0.3774, 0.3028, 0.0605, 0.4973, 0.2385, 0.4987, 0.4928, 0.1701, 0.2195, 0.1522, 0.1478, 0.0712, 0.1767, 0.2389, 0.475, 0.3228, 0.1048, 0.1053, 0.3077, 0.2955, 0.0151, 0.0377, 0.256, 0.1001, 0.3218, 0.0042, 0.0717, 0.323, 0.1319],
  "inv_temp": [4.6145, 3.7118, 4.0936, 4.2387, 3.5642, 3.9481, 3.7466, 4.2202, 3.9862, 4.5794, 4.2313, 4.8044, 4.0035, 4.6245, 4.108, 4.288, 4.5619, 4.2845, 4.3197, 4.3459, 3.3909, 4.1591, 3.9192, 4.3533, 4.383, 3.8306, 3.8931, 3.9508, 4.1308, 3.9548, 4.3827, 4.3484, 3.9227, 3.508, 4.1945, 4.2913, 4.4296, 4.4019, 4.2918, 4.2923, 4.7405, 4.5847, 4.0695, 4.1803, 4.2609, 4.5673, 4.2258, 4.3517, 4.3559, 4.2506],
  "initQF": [9.3972, 7.6702, 9.8264, 6.7209, 8.1704, 6.5684, 8.2439, 7.3691, 9.101, 8.2939, 8.8712, 9.2568, 9.1811, 9.9196, 7.5878, 7.7547, 9.0722, 6.876, 5.9165, 7.6156, 9.6464, 6.2585, 9.0632, 8.0513, 8.2392, 6.5027, 9.7238, 7.5885, 7.1379, 9.4315, 8.3977, 9.9777, 9.7059, 9.0249, 9.8534, 8.9667, 9.8572, 9.8045, 7.2581, 9.281, 8.1619, 9.6761, 8.568, 8.8986, 6.0943, 5.6469, 8.9579, 9.7138, 5.7409, 9.5579],
  "initQU": [2.5983, 6.6608, 8.0247, 5.854, 6.3648, 5.3718, 8.7118, 5.4198, 8.9118, 7.0756, 7.7325, 4.7429, 7.9679, 6.7681, 8.258, 4.8919, 7.235, 6.1621, 7.3165, 7.3488, 9.2538, 8.392, 5.1151, 5.659, 5.2984, 5.6371, 7.9958, 9.5784, 9.1203, 9.8905, 3.2607, 4.5165, 8.08, 5.8114, 4.9558, 8.6848, 6.4059, 9.5553, 6.3803, 8.5497, 4.1325, 6.7655, 9.5156, 8.4325, 6.2163, 6.9255, 7.3783, 6.6397, 5.9677, 8.8023]
}
