{
  "n_part": 50,
  "n_trials": 30,
  "LR_group": 0.942024698480964,
  "inv_temp_group": 1.98271715315059,
  "initQ_group": [
    [4.29108525323682],
    [3.31287747947499]
  ],
  "mu_R_group": [
    [5],
    [5]
  ],
  "sigma_R_group": 2,
  "LR": [0.5944, 0.2191, 0.3773, 0.6563, 0.7313, 0.6653, 0.4932, 0.8676, 0.382, 0.5682, 0.3455, 0.7405, 0.7532, 0.0199, 0.3911, 0.2738, 0.5767, 0.5324, 0.5213, 0.4523, 0.5152, 0.6486, 0.5625, 0.6629, 0.2997, 0.1769, 0.625, 0.4316, 0.3237, 0.6783, 0.5549, 0.789, 0.4147, 0.2953, 0.3473, 0.306, 0.6987, 0.5235, 0.6599, 0.6942, 0.4282, 0.482, 0.4814, 0.8013, 0.3025, 0.1895, 0.6926, 0.3489, 0.4764, 0.0807],
  "inv_temp": [4.752, 4.3562, 4.3013, 4.5717, 4.0968, 4.1644, 4.3197, 4.5105, 4.8083, 4.6227, 4.7183, 4.4018, 4.3124, 4.4907, 4.466, 4.7206, 4.5963, 4.4244, 4.3693, 4.741, 4.7904, 4.1859, 4.7693, 4.1151, 4.155, 4.6896, 4.5596, 4.1543, 4.6582, 4.5665, 4.5268, 4.5919, 4.2847, 4.2414, 4.3646, 4.6132, 4.5677, 4.2719, 4.4062, 4.5531, 4.8429, 4.3487, 4.8645, 4.4479, 4.9872, 4.5243, 4.1156, 4.7444, 4.2964, 4.6637],
  "initQF": [2.9105, 2.6957, 2.4222, 3.7511, 1.3712, 5.7002, 4.4149, 6.3023, 3.6728, 1.6906, 7.2036, 1.8174, 2.1599, 2.6415, 6.0464, 3.9109, 5.9048, 2.3472, 1.1933, 1.5577, 4.8584, 2.0388, 4.3135, 1.8066, 3.27, 3.1023, 7.9158, 3.7118, 4.8449, 2.8798, 4.4009, 2.6008, 3.3667, 5.2217, 6.016, 1.7714, 2.5699, 4.9144, 1.9131, 7.8507, 4.8827, 3.9621, 9.0603, 6.4654, 5.0625, 3.5414, 2.5705, 2.27, 4.3364, 3.9037],
  "initQU": [4.9783, 3.5811, 1.3808, 5.5578, 4.8701, 4.6318, 1.0719, 6.3458, 4.9514, 3.4867, 2.5655, 4.6713, 3.9641, 1.9445, 5.0596, 3.1577, 1.5087, 6.2885, 3.2069, 4.5543, 3.5161, 2.7603, 1.0054, 4.2618, 5.9715, 3.4852, 3.4334, 3.3053, 6.1138, 5.4366, 6.2995, 3.4584, 2.55, 5.6744, 3.6027, 2.8635, 1.9712, 4.5981, 2.1138, 3.5723, 3.0152, 5.503, 4.84, 3.011, 4.9196, 5.3873, 7.7897, 6.1669, 5.3864, 2.1973]
}
