{
  "n_part": 50,
  "n_trials": 30,
  "LR_group": 0.48734630853869,
  "inv_temp_group": 3.33995677647181,
  "initQ_group": [
    [2.80041849333793],
    [6.42812479590066]
  ],
  "mu_R_group": [
    [5],
    [5]
  ],
  "sigma_R_group": 2,
  "LR": [0.493, 0.1162, 0.6822, 0.5866, 0.3765, 0.3543, 0.4916, 0.3537, 0.3039, 0.6486, 0.3249, 0.4269, 0.2154, 0.4731, 0.4894, 0.4626, 0.4112, 0.6526, 0.6902, 0.6806, 0.3286, 0.5997, 0.1182, 0.8114, 0.6402, 0.3876, 0.5054, 0.5328, 0.3068, 0.4072, 0.3855, 0.6011, 0.5178, 0.1108, 0.5057, 0.3876, 0.1974, 0.6616, 0.1181, 0.4286, 0.3447, 0.3041, 0.4606, 0.6567, 0.1335, 0.55, 0.3065, 0.4849, 0.4014, 0.4199],
  "inv_temp": [4.4666, 4.4721, 4.8292, 4.2953, 4.7152, 4.3863, 4.1965, 4.2273, 4.24, 4.4743, 4.6489, 4.1624, 4.444, 3.9732, 4.3653, 4.979, 4.9573, 4.8038, 4.6835, 4.3044, 4.3825, 4.3551, 4.6562, 4.7377, 4.2187, 4.3363, 4.2893, 4.713, 4.3101, 4.5133, 4.3182, 4.4869, 4.475, 4.4726, 4.36, 4.2356, 4.545, 4.7449, 4.7832, 4.4174, 4.6036, 4.6735, 4.3953, 4.8633, 4.6612, 4.4248, 4.201, 4.0136, 4.2717, 4.7222],
  "initQF": [5.5076, 3.9228, 3.938, 9.864, 6.0206, 4.1383, 1.8447, 4.0569, 1.7532, 1.0272, 7.7766, 3.4338, 1.753, 2.7175, 2.5747, 4.803, 3.4017, 5.0915, 4.5372, 3.6157, 1.6644, 3.8081, 4.8791, 3.1423, 5.0117, 1.4625, 3.8321, 2.8526, 5.8364, 6.4833, 4.2633, 5.4318, 2.9414, 4.2697, 3.9988, 4.5611, 2.1603, 1.4239, 1.9959, 2.504, 4.3235, 6.9975, 3.4154, 3.1838, 1.9103, 3.109, 1.4499, 2.167, 1.5831, 6.6367],
  "initQU": [3.5012, 1.3194, 3.8407, 8.1149, 2.8997, 2.8328, 4.047, 4.6277, 5.6478, 2.573, 5.9522, 3.6692, 5.6057, 3.056, 3.8237, 2.6135, 3.3469, 5.8182, 3.5491, 1.6667, 1.7218, 4.5543, 6.3338, 4.0164, 3.5505, 5.1362, 4.3966, 1.5554, 1.5097, 3.6417, 5.6237, 2.1747, 4.5076, 2.4877, 3.0597, 3.8711, 3.424, 1.7664, 5.9451, 4.2377, 7.0351, 3.8302, 1.6248, 3.8849, 5.0011, 1.6156, 4.0439, 4.0243, 3.5504, 6.8182]
}
