{
  "n_part": 50,
  "n_trials": 30,
  "LR_group": 0.956202156143263,
  "inv_temp_group": 3.26313045574352,
  "initQ_group": [
    [3.31544140307233],
    [2.35675030620769]
  ],
  "mu_R_group": [
    [5],
    [5]
  ],
  "sigma_R_group": 2,
  "LR": [0.8043, 0.6072, 0.5102, 0.5947, 0.4247, 0.3155, 0.3775, 0.414, 0.0952, 0.7602, 0.4496, 0.2971, 0.3331, 0.7562, 0.4261, 0.4242, 0.4634, 0.4916, 0.3554, 0.544, 0.5564, 0.7091, 0.3348, 0.3054, 0.4893, 0.5295, 0.4588, 0.4947, 0.2579, 0.7728, 0.4266, 0.5457, 0.5465, 0.0006, 0.1992, 0.4446, 0.6101, 0.2412, 0.5678, 0.1255, 0.7349, 0.6039, 0.8781, 0.3807, 0.3716, 0.3588, 0.6252, 0.5039, 0.6383, 0.4255],
  "inv_temp": [4.5502, 4.4687, 4.6111, 4.5663, 4.3878, 4.5823, 4.6369, 4.6566, 4.3198, 4.7069, 4.8334, 4.3531, 4.3021, 4.2723, 4.6634, 4.1222, 4.7853, 4.2846, 4.2118, 4.6354, 4.5908, 4.4331, 4.6683, 4.7182, 4.6035, 4.7825, 4.293, 4.2956, 4.6686, 4.4331, 4.7758, 4.641, 4.1311, 4.3842, 4.3717, 4.4971, 4.4191, 4.4686, 4.2132, 4.4083, 4.2695, 4.7497, 4.5309, 4.2851, 4.3541, 4.2448, 4.7992, 4.5105, 4.9247, 4.4016],
  "initQF": [7.2452, 4.8615, 2.3013, 2.0531, 4.6945, 2.7854, 3.7902, 4.701, 3.2884, 3.8541, 5.7926, 5.7736, 3.1374, 3.2545, 5.156, 6.1631, 1.8529, 2.5682, 2.471, 1.4489, 3.8247, 7.6535, 1.679, 3.4122, 5.5348, 4.2898, 3.8436, 2.6066, 7.6844, 3.4436, 2.8232, 4.5665, 3.8652, 6.1386, 4.9303, 1.5141, 2.7333, 3.5647, 4.9764, 1.9346, 2.1735, 1.5027, 4.3666, 2.9029, 4.6254, 1.3346, 2.8712, 3.5375, 5.329, 3.1728],
  "initQU": [4.4396, 2.8696, 2.091, 5.5604, 3.7101, 1.4794, 5.3142, 4.7291, 3.5366, 5.3275, 4.4178, 1.1396, 2.9679, 3.3481, 2.8782, 3.4449, 2.8166, 2.3039, 1.3171, 5.6138, 5.0761, 2.134, 3.7826, 2.8276, 5.3514, 4.7821, 5.6723, 3.5162, 4.5408, 6.6323, 5.0105, 5.4729, 5.4188, 3.8281, 7.119, 2.8764, 2.1823, 4.3099, 5.9849, 1.8857, 6.3926, 2.0107, 4.4247, 4.1215, 2.8204, 4.3041, 6.3928, 4.013, 6.5657, 6.8885]
}
