{
  "n_part": 50,
  "n_trials": 30,
  "LR_group": 0.09251754055731,
  "inv_temp_group": 4.3042802636046,
  "initQF_group": 6.39333629142493,
  "initQU_group": 5.4421396846883,
  "mu_R_group": [
    [5],
    [5]
  ],
  "sigma_R_group": 2,
  "LR": [0.2597, 0.0362, 0.1956, 0.004, 0.1133, 0.159, 0.0129, 0.1638, 0.0998, 0.0831, 0.0852, 0.1495, 0.1544, 0.096, 0.429, 0.3922, 0.2623, 0.2496, 0.1752, 0.3407, 0.3199, 0.1715, 0.0438, 0.3028, 0.0362, 0.1537, 0.4099, 0.477, 0.1622, 0.5671, 0.0949, 0.4349, 0.2328, 0.0215, 0.2146, 0.3336, 0.0624, 0.23, 0.0088, 0.0509, 0.1385, 0.1657, 0.2201, 0.4287, 0.1497, 0.2265, 0.1905, 0.1157, 0.0483, 0.0893],
  "inv_temp": [4.4424, 3.8417, 4.4312, 4.512, 3.9417, 4.5381, 4.327, 4.2057, 4.1846, 4.0538, 4.688, 4.367, 4.1898, 4.3491, 4.2464, 4.333, 4.4786, 3.7501, 4.3373, 4.5034, 4.409, 4.1433, 4.497, 3.9119, 4.8065, 4.9965, 3.5063, 4.4366, 4.4076, 4.3065, 4.0424, 4.4065, 4.2179, 4.2747, 3.941, 4.5334, 4.4415, 4.6058, 4.2171, 4.1674, 4.5524, 3.9622, 3.6788, 4.0976, 4.3351, 4.5197, 4.5844, 4.0459, 4.5835, 4.4765],
  "initQF": [3.6209, 4.9774, 1.9279, 5.4683, 7.1738, 3.4185, 5.3553, 7.3082, 8.692, 4.1569, 3.4741, 9.6165, 9.9921, 6.4623, 6.0444, 7.5343, 7.9331, 7.8708, 7.8106, 9.2049, 8.1241, 7.9324, 4.8113, 6.3613, 5.6337, 5.3974, 6.0761, 7.1761, 9.0574, 6.4014, 7.6545, 7.4718, 6.4571, 5.9598, 6.2352, 8.4649, 4.6148, 8.9669, 5.9859, 5.0291, 6.0157, 8.9499, 6.8336, 5.3804, 8.3259, 7.4887, 6.8685, 3.9446, 5.5336, 9.8531],
  "initQU": [5.0067, 2.8508, 3.0398, 8.6907, 6.1147, 6.7672, 7.8646, 6.8643, 7.3415, 4.4377, 5.966, 7.1258, 1.782, 4.5308, 6.9531, 4.7216, 7.8565, 6.9662, 2.0269, 6.6153, 7.9123, 3.5497, 6.3318, 5.138, 6.6969, 3.4156, 2.9223, 4.187, 5.4849, 8.3309, 4.6874, 4.3499, 6.7138, 3.1892, 6.2927, 6.0546, 3.0296, 5.0986, 8.8272, 5.5075, 5.1553, 5.3116, 3.9147, 4.6123, 8.6699, 2.7829, 3.0385, 6.6087, 5.2285, 5.054]
}
