{
  "n_part": 50,
  "n_trials": 30,
  "LR_group": 0.251538798678666,
  "inv_temp_group": 1.64452970959246,
  "initQ_group": [
    [2.32408041367307],
    [3.39908937900327]
  ],
  "mu_R_group": [
    [5],
    [5]
  ],
  "sigma_R_group": 2,
  "LR": [0.3596, 0.5572, 0.6086, 0.3807, 0.5745, 0.4517, 0.4166, 0.3404, 0.7674, 0.1524, 0.3634, 0.3807, 0.3379, 0.4601, 0.3302, 0.3893, 0.2771, 0.0943, 0.3451, 0.6245, 0.298, 0.6451, 0.2897, 0.5683, 0.1277, 0.5266, 0.3465, 0.33, 0.526, 0.6911, 0.5402, 0.5002, 0.3636, 0.6441, 0.4863, 0.4141, 0.4273, 0.4765, 0.57, 0.6989, 0.2895, 0.7937, 0.513, 0.6754, 0.8689, 0.2914, 0.6024, 0.434, 0.66, 0.6221],
  "inv_temp": [4.175, 4.2762, 4.5159, 4.1958, 4.8753, 4.6368, 4.6271, 4.2251, 4.4928, 4.504, 4.3218, 4.094, 4.8025, 4.1459, 4.3659, 4.2293, 4.6186, 4.5516, 4.5323, 4.8203, 4.8387, 4.1, 4.5095, 4.3921, 4.9231, 4.4691, 4.0424, 4.1581, 4.2726, 4.8763, 4.5867, 4.8883, 4.4864, 4.1127, 4.7723, 4.536, 4.5962, 4.2507, 4.6707, 3.8475, 4.1693, 4.1986, 4.5934, 4.0371, 4.5578, 4.7476, 4.8911, 4.5505, 4.5811, 4.4222],
  "initQF": [2.6231, 3.3148, 4.5468, 1.1507, 5.7917, 1.2884, 4.6038, 7.3215, 7.5486, 2.2282, 4.6374, 3.7951, 4.0465, 7.0472, 6.6039, 4.2281, 1.8765, 4.1164, 1.66, 6.0778, 2.6663, 3.4791, 3.5042, 4.7284, 2.4567, 5.7441, 5.0622, 5.6802, 9.7243, 3.4484, 1.8087, 3.662, 6.7759, 1.8765, 3.7421, 4.5084, 3.3475, 2.7795, 4.4339, 1.004, 6.2266, 2.7331, 6.8138, 3.1567, 2.8268, 3.6013, 2.8475, 4.8666, 8.9398, 3.0343],
  "initQU": [6.3542, 2.7363, 2.0204, 1.0456, 3.101, 7.357, 4.2141, 6.8297, 3.7353, 3.0286, 2.7123, 5.0184, 3.5546, 3.6438, 4.0414, 3.9499, 3.0313, 3.5124, 3.9804, 2.5918, 3.3091, 5.9858, 4.5412, 3.7635, 3.1286, 1.7218, 4.1124, 5.5643, 3.2307, 2.1431, 4.8262, 2.0581, 3.8767, 2.2235, 4.6389, 4.6627, 5.1224, 3.6302, 3.4654, 3.4962, 3.8013, 3.6429, 3.4195, 3.1845, 3.8217, 6.26, 5.7549, 4.0878, 3.4707, 5.6493]
}
