{
  "n_part": 50,
  "n_trials": 30,
  "LR_group": 0.0832845030818135,
  "inv_temp_group": 0.224720282712951,
  "initQF_group": 3.84522360167466,
  "initQU_group": 9.19224729645066,
  "mu_R_group": [
    [5],
    [5]
  ],
  "sigma_R_group": 2,
  "LR": [0.1764, 0.3968, 0.3582, 0.5756, 0.5294, 0.0496, 0.0705, 0.0917, 0.2806, 0.1669, 0.0567, 0.1558, 0.1929, 0.1987, 0.0763, 0.3883, 0.2837, 0.0425, 0.3781, 0.1406, 0.3558, 0.4218, 0.134, 0.0372, 0.2107, 0.1682, 0.1828, 0.0734, 0.1047, 0.484, 0.279, 0.3152, 0.094, 0.1375, 0.0909, 0.1757, 0.133, 0.1122, 0.2824, 0.1301, 0.214, 0.097, 0.1812, 0.225, 0.1648, 0.1199, 0.0033, 0.3992, 0.1152, 0.1677],
  "inv_temp": [0.6005, 0.0654, 0.0827, 0.356, 0.5178, 0.3195, 0.5579, 0.5778, 0.5628, 0.3496, 0.3209, 0.4613, 0.3196, 0.0063, 0.7835, 0.7593, 0.5775, 0.5007, 0.2311, 0.2131, 0.047, 0.4333, 0.6304, 0.3525, 0.4008, 0.3709, 0.0721, 0.2631, 0.7621, 0.2911, 0.0636, 0.1012, 0.2931, 0.2594, 0.4852, 0.4888, 0.4699, 0.0312, 0.173, 0.1448, 0.5277, 0.5106, 0.0547, 0.0664, 0.6384, 0.5586, 0.1042, 0.2541, 0.3316, 0.2432],
  "initQF": [4.7075, 8.9749, 2.684, 6.7694, 1.0843, 4.8356, 6.1868, 6.0041, 3.7911, 3.3244, 2.3102, 2.0365, 4.7671, 4.4875, 3.5916, 3.5057, 5.0567, 1.8622, 1.8925, 3.5433, 7.47, 4.336, 8.5319, 7.0316, 4.2407, 3.5254, 6.2894, 3.494, 2.9474, 3.891, 4.5235, 4.2582, 5.0858, 3.55, 8.4459, 1.8294, 8.2528, 4.3804, 4.9803, 5.9052, 1.2818, 2.0134, 6.7417, 4.8159, 4.2381, 5.0559, 4.2161, 3.2649, 3.1657, 6.451],
  "initQU": [8.02, 8.4032, 8.4166, 7.1254, 8.3253, 8.1294, 6.9319, 8.1507, 7.2054, 8.9122, 9.6711, 9.4216, 9.3028, 6.7604, 8.6514, 8.4484, 5.666, 7.5621, 7.7341, 8.1604, 6.9087, 7.2624, 7.9123, 9.6686, 7.1342, 8.4228, 7.3147, 8.478, 8.6328, 8.927, 8.8187, 4.1507, 6.4005, 8.9669, 9.3071, 9.6576, 8.7981, 8.6394, 8.9834, 6.902, 9.9035, 8.0112, 8.8599, 6.0777, 9.3321, 9.553, 9.4498, 7.4456, 5.7013, 8.4534]
}
