{
  "n_part": 50,
  "n_trials": 30,
  "LR_group": 0.62590187205933,
  "inv_temp_group": 3.00898220739327,
  "initQ_group": [
    [4.75621611648239],
    [8.9211316187866]
  ],
  "mu_R_group": [
    [5],
    [5]
  ],
  "sigma_R_group": 2,
  "LR": [0.4174, 0.4502, 0.4847, 0.6356, 0.6011, 0.74, 0.1109, 0.6348, 0.5319, 0.217, 0.3216, 0.6184, 0.4958, 0.4104, 0.3756, 0.2801, 0.5108, 0.1823, 0.3721, 0.8626, 0.851, 0.5127, 0.4637, 0.6652, 0.2922, 0.2929, 0.5397, 0.4368, 0.3528, 0.56, 0.3903, 0.5765, 0.3382, 0.2645, 0.8213, 0.362, 0.4781, 0.6247, 0.4888, 0.3107, 0.7547, 0.4497, 0.5113, 0.8343, 0.3295, 0.1923, 0.4755, 0.3511, 0.4805, 0.2633],
  "inv_temp": [4.1038, 3.9916, 4.6469, 4.5713, 3.6367, 4.6313, 4.8415, 4.6826, 3.8705, 4.9975, 4.5521, 4.7718, 4.1273, 4.3675, 4.4275, 4.6317, 4.6711, 4.1558, 4.1057, 4.6249, 4.8866, 4.4917, 4.0318, 4.5499, 4.538, 4.7099, 4.4005, 4.217, 4.1507, 4.313, 4.5548, 4.4328, 4.3622, 4.1618, 4.4415, 4.5469, 4.0281, 3.7883, 4.5399, 4.7878, 4.3006, 4.0541, 4.0748, 3.9525, 3.9855, 4.6391, 4.4024, 4.021, 4.2816, 4.5215],
  "initQF": [7.5991, 5.1868, 1.446, 5.8359, 3.1687, 6.2902, 9.1652, 3.1329, 2.5603, 3.6042, 3.3305, 4.0728, 4.0906, 4.0498, 7.5387, 4.5511, 7.05, 3.7515, 6.0196, 3.5359, 5.0757, 1.9883, 3.944, 1.9943, 1.2995, 1.8158, 2.9431, 5.0239, 4.1201, 2.5116, 5.4583, 4.9339, 2.7144, 4.2671, 3.4006, 1.6136, 4.6046, 2.7413, 4.3767, 8.4393, 4.3942, 2.867, 3.3986, 4.0527, 4.0597, 3.3902, 2.5081, 1.4927, 1.6828, 3.8655],
  "initQU": [3.684, 1.6827, 6.4876, 4.0407, 1.6598, 3.0663, 4.9062, 6.2752, 2.6727, 6.9923, 4.1036, 6.1292, 1.6664, 3.1405, 3.7151, 4.1453, 4.9188, 6.8634, 2.9005, 5.1829, 3.0996, 5.5518, 3.4753, 3.7496, 5.4708, 2.6127, 4.9094, 2.6536, 2.8111, 3.0293, 2.8007, 2.5856, 2.0907, 5.1183, 4.6114, 7.8065, 2.8457, 3.9235, 1.8662, 3.2177, 2.9189, 6.143, 4.402, 1.558, 3.2624, 8.5213, 1.0965, 4.9259, 5.1746, 2.47]
}
