{
  "n_part": 50,
  "n_trials": 30,
  "LR_group": 0.0993512326385826,
  "inv_temp_group": 0.136283016763628,
  "initQ_group": [
    [4.19164792378433],
    [1.76142295752652]
  ],
  "mu_R_group": [
    [5],
    [5]
  ],
  "sigma_R_group": 2,
  "LR": [0.4794, 0.6421, 0.443, 0.6098, 0.896, 0.774, 0.3423, 0.679, 0.5941, 0.2654, 0.4356, 0.0393, 0.7148, 0.2579, 0.5219, 0.4506, 0.164, 0.2548, 0.852, 0.1301, 0.471, 0.6136, 0.4723, 0.3593, 0.6425, 0.5479, 0.2555, 0.515, 0.8335, 0.307, 0.1318, 0.3528, 0.0202, 0.485, 0.5455, 0.8681, 0.221, 0.4503, 0.3445, 0.3973, 0.5506, 0.6062, 0.2147, 0.4174, 0.1655, 0.4275, 0.6728, 0.586, 0.3738, 0.4868],
  "inv_temp": [4.4695, 4.9953, 4.7951, 4.4251, 4.2192, 4.6916, 3.9747, 4.4385, 4.5026, 4.4777, 4.8518, 4.2666, 4.6489, 4.6983, 4.6011, 4.4096, 4.326, 4.5174, 4.7101, 4.376, 4.2702, 4.5744, 4.6787, 4.5388, 4.4422, 4.4066, 4.3346, 4.7441, 4.1883, 4.2749, 4.3738, 3.8174, 4.958, 4.5003, 4.5883, 4.6859, 4.4576, 4.7065, 4.5545, 4.272, 4.69, 3.8294, 4.8062, 4.7286, 4.677, 4.2933, 4.1288, 4.5799, 4.3022, 4.6234],
  "initQF": [5.6425, 2.2763, 2.3331, 3.8809, 1.1593, 4.3283, 5.9202, 6.4645, 1.834, 2.4684, 1.7169, 5.0227, 5.0694, 3.2791, 3.3483, 5.2011, 1.1357, 3.0175, 4.3206, 7.1961, 5.7384, 5.5459, 2.6258, 4.1038, 1.841, 5.3097, 6.4153, 1.3042, 2.8695, 4.9023, 7.2531, 5.7162, 5.7895, 5.6358, 1.5533, 3.2937, 2.4412, 3.2151, 4.8812, 4.2952, 3.2021, 4.1737, 5.0008, 1.8509, 5.5984, 2.4109, 6.211, 1.7382, 3.9094, 1.2774],
  "initQU": [4.6083, 3.6464, 1.0573, 4.2912, 1.655, 3.0578, 7.2021, 3.2144, 1.095, 2.9526, 1.0777, 3.6602, 5.9233, 5.0161, 3.8129, 2.3843, 2.0025, 3.0523, 2.1343, 4.3209, 1.0324, 1.3566, 4.7255, 1.6244, 2.298, 5.8449, 2.8506, 2.4487, 4.6848, 3.4112, 5.253, 5.7946, 4.3629, 3.1217, 2.1562, 3.6182, 3.6827, 6.4957, 5.5559, 5.4561, 1.0481, 4.2696, 1.8034, 6.175, 1.1572, 6.8889, 3.4774, 3.6964, 4.134, 5.365]
}
