{
  "n_part": 50,
  "n_trials": 30,
  "LR_group": 0.578089183429256,
  "inv_temp_group": 0.723074495326728,
  "initQ_group": [
    [8.34178292262368],
    [6.85958542628214]
  ],
  "mu_R_group": [
    [5],
    [5]
  ],
  "sigma_R_group": 2,
  "LR": [0.2261, 0.2723, 0.5638, 0.5525, 0.6641, 0.8621, 0.2473, 0.5019, 0.2732, 0.1542, 0.3688, 0.247, 0.2396, 0.4906, 0.4192, 0.4099, 0.4456, 0.6128, 0.466, 0.5361, 0.4831, 0.3598, 0.6691, 0.2482, 0.5891, 0.8588, 0.4487, 0.2002, 0.4275, 0.0637, 0.5077, 0.6511, 0.5588, 0.6242, 0.7324, 0.6461, 0.3172, 0.3202, 0.6133, 0.1268, 0.3332, 0.3326, 0.5173, 0.7553, 0.2716, 0.5092, 0.767, 0.447, 0.1182, 0.2938],
  "inv_temp": [4.9989, 4.8039, 4.5294, 4.2609, 4.4558, 4.1331, 4.831, 4.602, 4.8453, 4.1442, 4.4318, 4.5122, 4.4759, 4.2515, 4.3405, 4.2383, 4.6367, 4.5636, 4.591, 4.0963, 4.6702, 4.6953, 4.5218, 4.4158, 4.0465, 4.2458, 4.1334, 4.7751, 4.7226, 3.8756, 4.571, 4.669, 4.3525, 4.7641, 4.5429, 4.3953, 4.2749, 4.9208, 3.9302, 4.5519, 4.474, 4.2292, 4.5837, 3.9884, 4.9784, 4.4771, 4.2046, 4.0763, 4.6134, 4.7289],
  "initQF": [4.0682, 4.6106, 3.9042, 1.7824, 3.4527, 2.4702, 2.0605, 3.309, 2.5064, 1.1526, 6.4025, 1.3444, 5.1108, 4.9339, 2.5768, 1.4326, 6.124, 3.6778, 1.2503, 3.5915, 4.2522, 2.982, 3.1102, 3.784, 4.5514, 3.9449, 4.5148, 7.5296, 1.8514, 5.1638, 5.8519, 4.3421, 4.833, 6.3192, 3.3554, 3.905, 4.2511, 3.9752, 2.7817, 3.047, 4.0865, 3.6455, 5.3835, 5.0718, 4.1279, 3.5184, 3.5067, 2.8661, 2.4448, 1.461],
  "initQU": [1.5922, 3.1725, 4.9466, 4.8107, 4.2397, 5.2665, 4.6145, 1.3421, 2.87, 3.737, 3.8682, 5.005, 6.4422, 1.4208, 5.6115, 2.1142, 3.163, 3.3026, 1.6332, 2.2512, 4.253, 3.6308, 3.544, 2.7719, 2.2121, 3.678, 3.7294, 2.0015, 4.0945, 2.1211, 2.8385, 1.5831, 2.2121, 2.9917, 2.2024, 5.125, 3.4664, 4.0869, 3.3735, 2.8567, 1.907, 2.9402, 4.2213, 3.447, 4.2281, 2.6134, 1.6681, 1.0643, 5.8893, 2.9999]
}
