{
  "n_part": 50,
  "n_trials": 30,
  "LR_group": 0.645738800056279,
  "inv_temp_group": 3.44178904080763,
  "initQ_group": [
    [1.62271711160429],
    [3.83150860364549]
  ],
  "mu_R_group": [
    [5],
    [5]
  ],
  "sigma_R_group": 2,
  "LR": [0.7136, 0.6419, 0.1795, 0.3128, 0.6749, 0.8023, 0.5379, 0.5456, 0.2518, 0.7153, 0.4232, 0.7929, 0.235, 0.7055, 0.3504, 0.4897, 0.552, 0.324, 0.4385, 0.577, 0.5587, 0.5297, 0.2649, 0.5232, 0.2734, 0.6851, 0.1395, 0.4535, 0.3907, 0.7079, 0.6559, 0.3277, 0.1321, 0.2388, 0.5793, 0.7441, 0.6249, 0.261, 0.6711, 0.6424, 0.5463, 0.3121, 0.6242, 0.4336, 0.5971, 0.0988, 0.4465, 0.4072, 0.4751, 0.5599],
  "inv_temp": [4.5919, 4.5312, 4.2957, 4.6074, 4.7624, 4.9055, 4.8095, 4.3042, 3.6526, 4.6745, 4.4379, 4.6877, 4.7348, 4.5855, 3.5633, 4.8939, 4.6186, 4.4254, 4.9841, 4.2148, 3.9913, 4.2886, 4.1019, 4.8166, 4.7307, 4.3546, 4.9905, 4.9603, 4.7934, 4.5549, 4.7395, 4.7802, 4.3519, 4.5484, 4.6044, 4.7504, 4.7492, 4.4885, 4.0163, 4.7849, 4.5173, 4.3536, 3.9585, 4.6514, 4.2653, 4.4964, 4.2055, 4.9259, 4.6747, 4.1888],
  "initQF": [2.4629, 4.04, 6.3347, 4.871, 1.7323, 5.8992, 5.1596, 3.0592, 1.5995, 2.7327, 2.7936, 6.5106, 4.3536, 3.323, 1.3631, 4.8393, 3.5313, 3.1039, 2.0312, 2.5191, 4.7411, 3.69, 6.6104, 7.6961, 3.7217, 4.4532, 5.2775, 5.2923, 1.7054, 3.6041, 2.0001, 7.2898, 6.0837, 5.5371, 5.2042, 3.3701, 1.7965, 2.5731, 2.9792, 1.4226, 1.5573, 4.7391, 2.0051, 4.1693, 6.4569, 1.2383, 4.4887, 4.063, 4.0193, 4.3937],
  "initQU": [2.1165, 2.2224, 4.0886, 4.3238, 1.3043, 2.4411, 3.3719, 1.882, 4.1735, 3.6617, 3.4854, 4.1047, 5.0228, 3.1887, 5.4718, 2.3595, 6.0743, 3.2734, 3.9761, 4.5925, 1.6687, 1.9386, 2.7805, 6.045, 4.4567, 1.2981, 1.3019, 5.2343, 2.9296, 1.1727, 6.0302, 2.3676, 4.1328, 3.2907, 4.1496, 3.8969, 5.4422, 4.5092, 2.0063, 5.3663, 1.5491, 2.438, 6.6897, 4.3026, 2.8325, 6.2912, 3.3701, 7.7813, 2.8324, 1.4513]
}
