{
  "n_part": 50,
  "n_trials": 30,
  "LR_group": 0.0887470396701247,
  "inv_temp_group": 3.59017807990313,
  "initQF_group": 7.5950521316845,
  "initQU_group": 2.74919133121148,
  "mu_R_group": [
    [5],
    [5]
  ],
  "sigma_R_group": 2,
  "LR": [0.0596, 0.1721, 0.0721, 0.1829, 0.2529, 0.3902, 0.4147, 0.3483, 0.0253, 0.0288, 0.2009, 0.0137, 0.2288, 0.1307, 0.2331, 0.2659, 0.1422, 0.1354, 0.2762, 0.297, 0.2209, 0.1022, 0.1654, 0.3069, 0.0702, 0.0721, 0.4104, 0.1449, 0.1734, 0.2957, 0.2273, 0.1603, 0.1647, 0.2611, 0.0089, 0.0436, 0.0293, 0.0303, 0.3057, 0.2036, 0.1338, 0.1859, 0.1619, 0.0627, 0.0471, 0.0921, 0.4127, 0.0723, 0.067, 0.2484],
  "inv_temp": [3.7096, 3.5597, 3.1603, 3.3189, 3.9963, 3.8158, 3.6581, 3.8271, 3.9737, 3.7638, 3.5777, 3.3604, 3.7826, 3.6721, 3.3462, 3.9109, 3.8827, 3.7378, 3.7986, 3.4851, 3.2906, 3.6241, 4.1122, 3.6233, 3.5381, 3.6364, 3.5234, 3.1672, 3.4559, 3.1954, 2.9931, 3.7334, 3.6608, 3.688, 3.8878, 3.3304, 3.2888, 4.0373, 3.2404, 3.5817, 3.6027, 3.8641, 3.5892, 3.8486, 3.4354, 3.6335, 3.5287, 3.3401, 3.1599, 3.2393],
  "initQF": [7.1637, 6.6882, 6.3792, 8.7389, 9.1355, 8.3578, 9.1257, 6.4876, 8.4793, 6.1673, 8.4672, 8.7689, 7.1768, 8.5184, 8.2977, 5.8208, 5.8113, 9.332, 5.6054, 6.3658, 5.8439, 5.1595, 6.5595, 7.7984, 6.9529, 7.6201, 3.3843, 5.3766, 6.3665, 6.0081, 6.9356, 9.6883, 6.331, 7.8245, 9.6832, 9.3488, 7.357, 7.6066, 2.4726, 8.6062, 4.7902, 7.2196, 8.1899, 8.6421, 8.7979, 5.0725, 8.5563, 8.0378, 5.083, 4.3077],
  "initQU": [5.0475, 2.4197, 1.5693, 4.8229, 7.0855, 3.0042, 2.4345, 2.7718, 2.8447, 1.7631, 1.0811, 3.2129, 3.6714, 2.7781, 2.4006, 2.0764, 3.8692, 4.2151, 3.1306, 3.6464, 2.8438, 5.7254, 4.215, 1.4877, 2.0277, 1.9248, 1.9538, 4.7057, 5.7435, 2.6499, 6.1984, 1.1465, 3.5575, 3.4429, 1.3487, 3.9596, 3.3471, 4.5676, 3.9669, 2.4289, 3.3869, 3.324, 1.6763, 6.1847, 3.7031, 2.7415, 1.336, 2.8016, 6.8026, 6.0429]
}
