{
  "n_part": 50,
  "n_trials": 30,
  "LR_group": 0.704922268632799,
  "inv_temp_group": 3.77754613175057,
  "initQ_group": [
    [6.15597438276745],
    [3.25953848636709]
  ],
  "mu_R_group": [
    [5],
    [5]
  ],
  "sigma_R_group": 2,
  "LR": [0.4659, 0.3545, 0.1998, 0.7503, 0.6096, 0.6415, 0.1986, 0.3465, 0.69, 0.3366, 0.4393, 0.6783, 0.6514, 0.3292, 0.3822, 0.2552, 0.2837, 0.659, 0.8364, 0.629, 0.6068, 0.311, 0.1162, 0.3336, 0.6558, 0.3777, 0.4522, 0.1641, 0.1642, 0.4672, 0.9954, 0.5366, 0.5722, 0.6114, 0.4224, 0.4923, 0.362, 0.1629, 0.5638, 0.4413, 0.6223, 0.354, 0.47, 0.1314, 0.4269, 0.1705, 0.503, 0.2044, 0.506, 0.5457],
  "inv_temp": [4.6684, 4.2333, 4.5522, 4.5969, 4.1367, 4.7329, 4.8213, 4.9539, 4.5756, 4.9511, 4.7016, 4.7271, 4.1867, 4.4692, 4.5641, 4.625, 4.5559, 4.4671, 4.4444, 4.7182, 4.3526, 3.9202, 4.3517, 4.298, 3.9715, 4.0807, 4.1615, 4.4392, 4.166, 4.1176, 4.533, 4.6574, 4.1629, 4.1903, 4.6142, 4.4483, 4.2669, 4.8445, 4.1286, 4.8392, 4.4106, 4.5163, 4.5959, 4.4308, 4.1962, 4.7748, 4.7146, 4.3748, 4.33, 4.7421],
  "initQF": [1.9752, 3.9884, 5.7088, 8.0171, 1.1915, 9.2904, 5.0342, 5.3944, 3.131, 2.4168, 2.2139, 2.1635, 4.2289, 4.905, 5.3629, 2.7865, 5.6623, 4.385, 3.3885, 1.9563, 2.1952, 2.3673, 1.9181, 3.8173, 9.0586, 8.9503, 2.2806, 4.3409, 1.1578, 4.6458, 2.3856, 1.033, 7.0934, 2.7551, 7.6512, 2.8357, 5.1054, 4.0911, 4.6281, 1.5007, 4.2057, 4.8312, 3.0705, 2.5584, 8.5835, 1.6956, 5.0799, 4.8554, 5.0159, 6.8611],
  "initQU": [5.8942, 4.1858, 5.9936, 1.3806, 5.2105, 2.253, 3.2017, 4.8256, 5.1437, 5.1333, 7.8547, 5.1346, 4.6517, 2.4842, 6.4852, 4.8635, 5.7118, 4.7651, 3.9379, 2.5412, 6.9059, 1.5376, 9.5967, 6.7481, 5.0342, 5.4447, 6.1208, 3.3163, 4.2209, 4.3515, 3.0351, 4.8119, 1.5678, 1.2204, 1.7707, 3.7128, 3.1963, 4.6299, 4.4411, 4.899, 1.4552, 5.236, 4.6961, 1.0971, 6.7106, 1.9485, 2.819, 5.7865, 5.3521, 3.6839]
}
