{
  "n_part": 50,
  "n_trials": 30,
  "LR_group": 0.997943719150499,
  "inv_temp_group": 0.278613643022254,
  "initQ_group": [
    [4.91542778140865],
    [5.01221430674195]
  ],
  "mu_R_group": [
    [5],
    [5]
  ],
  "sigma_R_group": 2,
  "LR": [0.2341, 0.2919, 0.6211, 0.6858, 0.6621, 0.5524, 0.6528, 0.319, 0.064, 0.3656, 0.3032, 0.5918, 0.7633, 0.328, 0.1218, 0.6616, 0.4906, 0.2725, 0.4444, 0.8269, 0.2277, 0.696, 0.548, 0.1716, 0.5494, 0.8977, 0.7083, 0.2367, 0.0837, 0.2249, 0.54, 0.3202, 0.3579, 0.1252, 0.1288, 0.3523, 0.5848, 0.3869, 0.6966, 0.3889, 0.7123, 0.3992, 0.3198, 0.3505, 0.2226, 0.6804, 0.2409, 0.7064, 0.0713, 0.8548],
  "inv_temp": [4.7296, 4.5997, 4.582, 4.3693, 3.8205, 4.6121, 3.9946, 4.5493, 4.7086, 4.5745, 4.3621, 4.3618, 4.3534, 4.2035, 4.8039, 4.3045, 4.7263, 4.3345, 4.437, 4.068, 4.5291, 4.626, 4.5008, 4.6224, 4.6169, 4.9296, 4.2458, 4.4079, 4.5818, 4.4265, 4.2535, 4.0566, 4.7619, 4.8416, 4.7349, 4.3628, 4.6744, 4.4497, 4.5979, 4.2001, 4.2776, 4.002, 4.0651, 4.7109, 4.5402, 4.2503, 4.9385, 4.4095, 4.8653, 4.7244],
  "initQF": [5.2201, 2.0815, 5.242, 5.4488, 5.9662, 5.2079, 1.0932, 3.7858, 3.378, 8.0626, 5.5514, 3.473, 3.7603, 5.8863, 2.0233, 6.9473, 5.3276, 2.1246, 3.8195, 3.5277, 4.894, 1.8485, 1.601, 5.3395, 1.0568, 4.4165, 2.6184, 2.0378, 5.4023, 2.2383, 5.8684, 4.6711, 4.3579, 3.9968, 1.4305, 2.9057, 1.4417, 4.3129, 3.3683, 6.6024, 3.9205, 7.4156, 5.4456, 2.1619, 4.8795, 2.2997, 5.9618, 4.5458, 5.6973, 3.0272],
  "initQU": [2.7775, 2.9254, 1.1235, 6.1292, 2.9174, 5.7416, 2.5973, 1.7005, 2.2912, 4.3779, 2.6008, 4.5391, 3.1515, 3.0316, 1.8604, 2.5575, 5.2705, 4.7031, 7.5555, 6.4137, 3.6328, 2.5953, 2.8984, 2.9122, 4.9905, 6.6444, 3.6502, 4.8326, 5.1623, 1.4621, 3.6682, 3.8816, 3.6232, 3.1378, 1.2347, 4.5384, 2.9189, 4.5101, 4.3579, 7.6641, 3.2853, 3.2238, 3.3071, 7.0936, 2.415, 3.6953, 2.8438, 3.6197, 1.8053, 2.5461]
}
