{
  "n_part": 50,
  "n_trials": 30,
  "LR_group": 0.47389420401305,
  "inv_temp_group": 1.02379049756564,
  "initQ_group": [
    [6.51609696215019],
    [2.22667921613902]
  ],
  "mu_R_group": [
    [5],
    [5]
  ],
  "sigma_R_group": 2,
  "LR": [0.5146, 0.4054, 0.6254, 0.0293, 0.5702, 0.5073, 0.478, 0.7564, 0.6204, 0.4919, 0.4153, 0.6913, 0.4254, 0.0525, 0.4392, 0.0645, 0.5103, 0.5178, 0.0506, 0.6102, 0.3807, 0.6643, 0.3834, 0.6982, 0.2593, 0.4933, 0.7776, 0.4513, 0.4947, 0.1883, 0.4226, 0.3672, 0.2512, 0.592, 0.7412, 0.3365, 0.2653, 0.3378, 0.8346, 0.443, 0.3492, 0.7585, 0.9098, 0.3095, 0.5954, 0.6227, 0.3704, 0.3514, 0.1772, 0.0649],
  "inv_temp": [4.5105, 4.4427, 4.4036, 4.5558, 4.2525, 4.7846, 4.1109, 4.4215, 4.4939, 4.5804, 4.3556, 4.7036, 4.3213, 4.1967, 4.7554, 4.5827, 4.7386, 4.2603, 4.7898, 4.8789, 4.9669, 4.2765, 4.2495, 4.5254, 4.4892, 4.4966, 4.2303, 4.8715, 4.3865, 4.5361, 4.4928, 4.6109, 4.0309, 4.1592, 4.5211, 4.624, 4.3517, 4.8104, 4.9471, 4.5729, 4.0435, 4.1563, 4.543, 4.0104, 4.8677, 3.8873, 4.4483, 4.8017, 4.6929, 4.9846],
  "initQF": [5.4896, 5.4571, 2.6095, 5.9719, 1.4763, 5.4095, 1.4133, 8.2208, 3.7876, 4.3393, 4.4838, 3.2496, 3.6787, 2.5246, 2.8237, 3.4575, 5.9268, 5.3628, 2.2283, 3.7895, 3.6193, 4.0041, 5.3705, 1.8605, 1.9952, 1.4358, 3.6402, 4.5602, 6.2778, 5.004, 2.6525, 1.5843, 6.798, 4.0019, 3.2476, 5.2726, 3.0272, 2.8342, 2.8335, 6.9688, 2.2202, 4.2616, 3.2287, 6.1593, 1.973, 3.6177, 7.2124, 3.203, 1.9512, 4.5189],
  "initQU": [3.0128, 4.4874, 3.448, 3.7184, 2.7212, 4.0343, 2.7173, 3.7871, 4.5831, 3.4773, 6.1201, 6.1435, 7.5118, 3.2949, 1.7849, 5.0459, 1.8473, 4.3645, 1.614, 1.0941, 5.7691, 3.5619, 4.1827, 2.6076, 6.3019, 3.3839, 4.5074, 4.8239, 3.09, 1.5109, 8.5313, 5.1068, 3.1404, 2.2938, 4.5972, 1.5476, 4.2787, 3.1867, 5.5351, 8.274, 1.4783, 5.2698, 3.3466, 1.6388, 5.4505, 3.2655, 6.3154, 4.6915, 3.3655, 6.3007]
}
