{
  "n_part": 50,
  "n_trials": 30,
  "LR_group": 0.836614846019074,
  "inv_temp_group": 3.24957998120226,
  "initQ_group": [
    [6.30785254668444],
    [9.05590316699818]
  ],
  "mu_R_group": [
    [5],
    [5]
  ],
  "sigma_R_group": 2,
  "LR": [0.5395, 0.3407, 0.433, 0.2982, 0.5228, 0.4752, 0.7819, 0.3722, 0.1658, 0.4203, 0.6764, 0.5322, 0.6005, 0.3601, 0.4191, 0.1779, 0.1165, 0.6947, 0.2183, 0.1003, 0.2731, 0.5483, 0.3413, 0.3633, 0.3323, 0.4608, 0.6317, 0.6439, 0.25, 0.4383, 0.6961, 0.464, 0.7955, 0.5395, 0.5581, 0.308, 0.5547, 0.0189, 0.2841, 0.5387, 0.0296, 0.6351, 0.3274, 0.1775, 0.873, 0.569, 0.6722, 0.6868, 0.7503, 0.4561],
  "inv_temp": [4.5243, 4.7591, 4.3745, 4.5879, 4.2527, 4.3463, 4.4891, 4.279, 4.3107, 4.2875, 4.3527, 4.5627, 4.3685, 4.4502, 4.6208, 4.7299, 4.4286, 4.2719, 3.8143, 4.1909, 4.3022, 4.7011, 4.2613, 4.9379, 4.501, 4.0546, 4.7541, 4.4879, 4.7777, 4.4468, 4.7744, 4.2299, 4.8513, 4.2076, 4.3614, 4.6028, 4.1958, 4.5366, 4.3614, 4.4504, 4.819, 4.7639, 4.6084, 4.8627, 4.4895, 4.5742, 4.7034, 4.1821, 3.9746, 4.5683],
  "initQF": [4.7923, 2.4214, 2.2121, 4.1097, 6.1392, 2.7165, 2.5478, 4.2589, 1.9009, 3.1987, 2.2465, 1.5874, 4.8431, 1.4942, 6.9393, 4.5689, 5.1027, 4.2089, 2.9567, 2.7118, 5.0378, 1.8139, 3.8333, 1.7919, 1.2629, 5.0361, 4.6197, 5.3741, 7.3537, 2.9321, 5.839, 4.0108, 5.4442, 3.5646, 3.0741, 3.8323, 3.4496, 3.2979, 4.1146, 3.9556, 2.0096, 2.941, 2.6082, 4.0464, 6.0275, 2.7856, 2.0538, 1.1776, 4.5458, 2.4153],
  "initQU": [3.2642, 3.5921, 3.8174, 6.0203, 4.4387, 5.0001, 2.2839, 3.973, 4.0476, 6.2901, 2.3072, 3.1696, 2.0397, 2.9899, 5.4017, 2.1476, 3.4887, 2.4961, 3.2185, 9.2786, 6.9621, 5.2241, 2.3196, 4.6911, 1.6291, 6.8605, 3.4146, 3.791, 5.6149, 3.5226, 2.9186, 4.7843, 5.3352, 3.156, 3.2033, 6.0979, 4.1052, 3.8943, 4.8062, 4.8157, 5.203, 3.3195, 4.2332, 1.6893, 8.0488, 6.5261, 3.8984, 1.0082, 1.0286, 5.749]
}
