{
  "n_part": 50,
  "n_trials": 30,
  "LR_group": 0.994463005568832,
  "inv_temp_group": 1.42890686634928,
  "initQ_group": [
    [1.13929997407831],
    [8.98146951361559]
  ],
  "mu_R_group": [
    [5],
    [5]
  ],
  "sigma_R_group": 2,
  "LR": [0.4862, 0.7334, 0.3574, 0.5893, 0.8756, 0.275, 0.2334, 0.6063, 0.5587, 0.577, 0.0878, 0.6248, 0.6398, 0.3251, 0.685, 0.7783, 0.3658, 0.818, 0.9275, 0.6252, 0.4091, 0.4903, 0.5964, 0.2768, 0.6277, 0.2557, 0.5287, 0.2692, 0.5028, 0.7641, 0.7463, 0.3705, 0.8467, 0.5151, 0.608, 0.624, 0.2475, 0.3371, 0.6996, 0.523, 0.2564, 0.5202, 0.5417, 0.7117, 0.0986, 0.6749, 0.851, 0.3011, 0.5157, 0.6126],
  "inv_temp": [4.6025, 4.8607, 4.044, 4.4565, 4.1836, 4.3438, 4.3677, 4.3048, 4.2532, 4.8944, 4.0383, 4.6791, 4.4595, 4.5713, 3.8691, 4.7757, 4.8067, 4.5229, 4.7715, 4.978, 4.2575, 4.9128, 4.2651, 4.413, 4.8265, 4.3718, 4.3903, 4.8773, 3.9255, 4.4257, 4.8976, 4.3448, 4.8111, 4.4612, 4.3103, 4.9495, 4.3051, 4.362, 3.894, 4.9654, 4.236, 4.9675, 4.4117, 4.6655, 4.5944, 4.7234, 4.917, 4.9564, 4.0268, 4.529],
  "initQF": [1.8813, 4.7537, 4.1842, 7.4384, 1.5829, 4.8836, 6.5786, 1.08, 5.5581, 2.9201, 4.522, 1.6393, 4.243, 3.9501, 5.8202, 3.6769, 4.8486, 2.7285, 1.9081, 6.1102, 2.1309, 2.2354, 2.159, 4.6613, 6.5768, 1.9531, 3.5922, 5.0295, 2.9044, 1.6598, 2.1774, 5.1303, 4.2825, 3.5021, 4.6682, 4.6296, 4.2742, 2.6419, 2.3572, 5.5797, 1.5305, 2.3645, 5.634, 1.7722, 3.4712, 2.2008, 5.5061, 3.5686, 3.1321, 2.6896],
  "initQU": [3.4612, 2.8472, 3.6684, 1.5549, 2.5126, 1.0668, 1.7631, 5.6618, 3.0077, 8.418, 5.2618, 2.6044, 5.2231, 3.676, 2.6973, 3.3253, 5.9902, 1.1762, 4.9187, 2.2363, 4.0242, 5.5194, 2.0635, 6.9961, 3.1978, 2.3407, 4.5086, 2.5027, 4.4534, 5.3233, 3.0136, 4.8569, 1.9198, 2.3392, 4.5363, 4.1269, 5.1917, 6.5757, 2.4542, 2.6313, 3.6888, 3.2398, 4.086, 5.092, 4.2144, 8.5997, 1.9866, 4.1208, 8.0818, 3.6403]
}
