{
  "n_part": 50,
  "n_trials": 30,
  "LR_group": 0.535395734710619,
  "inv_temp_group": 4.51410593348555,
  "initQ_group": [
    [2.9647302152589],
    [3.00862248707563]
  ],
  "mu_R_group": [
    [5],
    [5]
  ],
  "sigma_R_group": 2,
  "LR": [0.3301, 0.5181, 0.356, 0.4429, 0.4957, 0.1626, 0.4161, 0.4551, 0.4232, 0.7979, 0.537, 0.6234, 0.3737, 0.6937, 0.5939, 0.4604, 0.5185, 0.5735, 0.4404, 0.5835, 0.565, 0.3039, 0.2453, 0.326, 0.4516, 0.5046, 0.7058, 0.5928, 0.1549, 0.233, 0.6692, 0.5638, 0.4463, 0.4916, 0.6114, 0.4909, 0.1605, 0.3104, 0.8923, 0.7178, 0.69, 0.3459, 0.6042, 0.5059, 0.345, 0.5516, 0.3104, 0.5175, 0.7451, 0.7473],
  "inv_temp": [4.2581, 4.916, 4.2563, 4.2646, 4.5558, 3.8383, 4.8721, 4.3897, 4.019, 4.6262, 4.7469, 4.9497, 4.3679, 4.1775, 4.7333, 4.4674, 4.822, 3.8104, 4.6643, 4.6687, 4.582, 4.156, 4.5849, 4.4578, 4.2036, 4.6877, 4.5231, 4.1422, 4.4394, 4.4748, 4.7263, 4.2909, 4.7919, 4.4615, 4.2043, 4.8976, 4.0921, 4.3188, 4.4676, 4.1746, 4.8404, 4.6494, 3.8313, 4.0015, 4.6228, 4.8166, 4.3888, 4.1567, 4.9636, 4.4333],
  "initQF": [5.6128, 4.1496, 4.8473, 5.1883, 2.3804, 4.6544, 5.0282, 2.436, 3.3646, 1.9923, 2.1587, 2.2933, 3.6731, 1.9665, 1.9946, 6.4098, 2.8007, 3.0076, 2.5784, 1.1519, 5.133, 5.2538, 4.3797, 1.7235, 5.5517, 4.0881, 2.7092, 2.801, 6.0571, 4.3861, 6.2649, 4.8507, 3.0691, 2.0319, 1.6544, 4.0535, 4.9542, 7.5069, 3.1551, 5.2974, 2.7629, 3.4935, 1.382, 2.3616, 4.3878, 6.997, 5.2221, 2.2985, 3.6586, 5.133],
  "initQU": [4.1809, 2.8374, 2.11, 5.6861, 5.8456, 5.9227, 3.0971, 1.1736, 6.872, 4.7436, 6.7329, 4.5407, 4.6379, 2.158, 2.1385, 1.1188, 6.1797, 3.4501, 7.3974, 7.6132, 2.9943, 4.3125, 2.6684, 2.5279, 4.52, 1.6992, 1.7808, 4.9379, 2.577, 7.5412, 3.6573, 3.2063, 6.3343, 6.1541, 6.4905, 3.5633, 4.9259, 5.0611, 1.4636, 3.4411, 7.9425, 2.8058, 5.5604, 4.7943, 2.0901, 2.0425, 5.0075, 2.4805, 4.4348, 5.8625]
}
