{
  "n_part": 50,
  "n_trials": 30,
  "LR_group": 0.844660804606974,
  "inv_temp_group": 3.13355278340168,
  "initQ_group": [
    [3.74064024467953],
    [3.68973032082431]
  ],
  "mu_R_group": [
    [5],
    [5]
  ],
  "sigma_R_group": 2,
  "LR": [0.4404, 0.6341, 0.6655, 0.2185, 0.3561, 0.7231, 0.5923, 0.3923, 0.0468, 0.3661, 0.2436, 0.1649, 0.2148, 0.5488, 0.4586, 0.4899, 0.4083, 0.3735, 0.2779, 0.3129, 0.4931, 0.1548, 0.5007, 0.334, 0.3801, 0.5489, 0.5523, 0.5032, 0.3326, 0.1506, 0.8227, 0.7267, 0.5208, 0.483, 0.5944, 0.1616, 0.3925, 0.6915, 0.3337, 0.523, 0.4866, 0.2874, 0.6669, 0.762, 0.5752, 0.4438, 0.4618, 0.5436, 0.683, 0.2206],
  "inv_temp": [4.1769, 4.6814, 4.4826, 4.5391, 3.9146, 4.2215, 4.3968, 4.5253, 4.264, 4.3555, 4.2743, 4.3373, 4.5828, 4.7023, 4.7676, 4.7044, 4.1349, 4.6295, 4.7553, 4.9228, 4.3552, 4.2503, 4.3806, 4.4644, 4.702, 4.961, 4.5889, 4.09, 4.9461, 4.3359, 4.5132, 4.5213, 4.2318, 4.2173, 4.577, 4.4257, 4.8015, 4.3576, 4.0017, 4.2523, 4.5427, 4.7195, 4.6858, 4.3067, 4.566, 4.9762, 4.8413, 4.0164, 4.6388, 4.2685],
  "initQF": [6.2919, 5.4373, 3.214, 7.2378, 2.1662, 5.0701, 3.4117, 4.1518, 1.9837, 5.2552, 4.7221, 2.9326, 3.1315, 3.3457, 2.4675, 2.1551, 3.7867, 2.0276, 4.0263, 6.4906, 2.1144, 5.9207, 2.1171, 2.6487, 3.2986, 3.2922, 5.0411, 4.8524, 5.9313, 3.4488, 2.9867, 4.7166, 6.3628, 4.4335, 3.056, 3.7042, 3.7422, 2.7272, 1.3426, 3.5573, 2.9224, 5.3253, 6.9321, 7.3832, 2.2111, 1.9675, 5.2145, 2.2438, 3.3263, 2.6246],
  "initQU": [3.3815, 3.9654, 5.8394, 3.2803, 6.7187, 4.1157, 6.1721, 5.1081, 3.1986, 3.8706, 4.5385, 1.9325, 7.1686, 4.6076, 2.9481, 4.2441, 4.4822, 2.0009, 1.8213, 4.4639, 1.6916, 2.9378, 3.0386, 1.7448, 7.6017, 3.8781, 4.4399, 5.5731, 1.1254, 2.7471, 2.7754, 5.5871, 2.8738, 7.2173, 1.7382, 2.9226, 2.2582, 1.9355, 1.3858, 3.2161, 2.8905, 2.9339, 3.9705, 6.3987, 2.544, 4.51, 6.0504, 3.7737, 6.5343, 3.1413]
}
