{
  "n_part": 50,
  "n_trials": 30,
  "LR_group": 0.60257052606903,
  "inv_temp_group": 1.61808725097217,
  "initQF_group": 8.83354424056597,
  "initQU_group": 5.4326269349549,
  "mu_R_group": [
    [5],
    [5]
  ],
  "sigma_R_group": 2,
  "LR": [0.4024, 0.5902, 0.8231, 0.7245, 0.505, 0.451, 0.6727, 0.7012, 0.5233, 0.4238, 0.7907, 0.6904, 0.6137, 0.6712, 0.4005, 0.55, 0.5387, 0.6006, 0.6323, 0.4485, 0.5186, 0.4016, 0.6366, 0.7392, 0.7799, 0.7408, 0.6282, 0.7789, 0.2964, 0.8866, 0.3748, 0.407, 0.5332, 0.4387, 0.957, 0.207, 0.4916, 0.7219, 0.5876, 0.6258, 0.852, 0.9408, 0.2446, 0.9353, 0.4304, 0.6107, 0.6246, 0.2501, 0.5013, 0.2276],
  "inv_temp": [1.2917, 1.9599, 1.2694, 2.0734, 1.4039, 1.5182, 1.3534, 1.6041, 1.6704, 1.5908, 1.7772, 1.6387, 1.2503, 2.3074, 1.1628, 1.4844, 1.4727, 1.7518, 1.3425, 1.7513, 1.3985, 1.7717, 1.6226, 1.4951, 1.3211, 1.5763, 1.6971, 1.6517, 1.6226, 1.4845, 1.9493, 1.4089, 1.9399, 1.6793, 1.4949, 1.7527, 1.9298, 1.1942, 1.8904, 1.2103, 1.4071, 1.6614, 1.3757, 1.944, 1.5549, 1.8872, 1.9673, 1.6125, 1.1197, 1.7593],
  "initQF": [9.1198, 5.572, 4.3945, 7.6907, 9.1856, 5.3709, 8.017, 9.3715, 9.522, 8.0837, 6.6161, 6.8611, 9.7942, 8.6732, 8.7018, 9.6839, 7.0995, 8.2864, 8.599, 6.0618, 5.6274, 8.423, 8.0046, 8.5699, 8.9649, 8.0746, 9.0351, 8.3094, 7.3585, 5.9725, 7.476, 3.9188, 9.0881, 6.722, 8.6511, 3.9986, 5.5529, 7.0828, 8.5547, 6.9052, 8.3506, 6.0422, 7.9346, 8.5052, 8.3863, 9.4983, 9.8791, 9.5869, 9.934, 9.5523],
  "initQU": [7.296, 7.6573, 8.931, 7.0422, 7.8089, 6.2739, 6.2022, 8.0072, 8.3381, 8.5039, 7.9876, 3.5443, 2.0667, 4.9302, 6.2292, 7.6947, 3.8487, 2.9221, 2.382, 5.825, 2.1079, 6.8899, 3.1843, 4.02, 8.6135, 9.1105, 5.8693, 6.133, 5.5267, 5.0615, 7.1875, 7.2449, 6.1272, 5.2855, 5.0904, 8.2736, 6.2552, 6.5184, 1.9694, 3.7358, 4.4706, 5.6518, 4.4996, 7.1491, 6.8277, 3.7588, 6.9593, 5.2864, 6.9431, 6.8721]
}
