{
  "n_part": 50,
  "n_trials": 30,
  "LR_group": 0.786165015771985,
  "inv_temp_group": 2.21390828024596,
  "initQF_group": 1.36156123247929,
  "initQU_group": 4.87558397301473,
  "mu_R_group": [
    [5],
    [5]
  ],
  "sigma_R_group": 2,
  "LR": [0.8357, 0.5859, 0.9057, 0.4834, 0.9289, 0.7111, 0.8506, 0.6808, 0.5794, 0.8212, 0.6265, 0.652, 0.6038, 0.6997, 0.541, 0.7093, 0.9715, 0.715, 0.8403, 0.8066, 0.781, 0.8713, 0.6909, 0.696, 0.6773, 0.7246, 0.931, 0.5185, 0.6599, 0.4149, 0.953, 0.7356, 0.9507, 0.8211, 0.596, 0.8579, 0.6253, 0.9463, 0.6359, 0.6625, 0.4377, 0.7204, 0.9809, 0.9491, 0.6585, 0.6836, 0.7708, 0.5799, 0.9939, 0.6877],
  "inv_temp": [2.4046, 3.097, 2.3325, 2.3929, 2.384, 2.1688, 1.6987, 1.6622, 2.2939, 2.3166, 2.3075, 1.8524, 2.8657, 1.9364, 2.212, 2.0059, 2.0948, 2.6209, 2.7951, 2.2839, 1.9983, 2.074, 2.2389, 2.1459, 1.8315, 2.2825, 2.0459, 2.3024, 1.8798, 1.8147, 2.2747, 2.3315, 1.8854, 2.3309, 2.4709, 2.3355, 1.5794, 2.6138, 2.2757, 2.2043, 2.2538, 2.0671, 2.4665, 2.1775, 1.9696, 2.0264, 2.2693, 1.803, 1.8436, 2.2891],
  "initQF": [3.0828, 1.5316, 1.0232, 2.1269, 1.1595, 3.7535, 2.7812, 3.4643, 1.92, 3.0447, 2.8266, 2.8638, 2.7128, 1.6437, 2.6438, 2.7107, 2.8513, 1.2728, 3.8787, 3.2915, 2.7643, 1.3827, 2.4947, 1.9292, 2.6366, 2.9139, 2.9899, 3.3394, 3.0019, 1.5866, 3.5443, 3.4185, 2.7714, 2.2659, 1.5472, 1.4927, 3.2306, 3.0528, 1.1041, 1.3926, 3.3614, 4.4004, 5.0387, 3.5727, 2.1832, 2.4606, 2.1172, 2.0614, 2.226, 3.5755],
  "initQU": [6.3388, 3.5208, 4.4176, 6.57, 6.2912, 4.0227, 4.6517, 8.1486, 3.3284, 2.133, 3.5333, 4.898, 4.8562, 3.631, 6.9928, 8.4607, 2.0594, 3.6596, 4.5981, 3.7906, 1.5843, 4.2992, 2.9285, 7.1736, 8.7176, 7.0216, 8.4248, 3.59, 6.3327, 6.2166, 7.1713, 7.6149, 3.3754, 8.0137, 2.0695, 7.0413, 1.9365, 5.1594, 3.2568, 7.8324, 4.4833, 2.7196, 6.9781, 4.2931, 4.1534, 2.7923, 5.3539, 5.5602, 5.7035, 5.3142]
}
