{
  "n_part": 50,
  "n_trials": 30,
  "LR_group": 0.146854284917936,
  "inv_temp_group": 2.15428663766943,
  "initQF_group": 8.80224594590254,
  "initQU_group": 7.79451722232625,
  "mu_R_group": [
    [5],
    [5]
  ],
  "sigma_R_group": 2,
  "LR": [0.089, 0.2398, 0.1623, 0.3484, 0.1731, 0.2274, 0.2107, 0.0474, 0.4245, 0.4207, 0.1273, 0.186, 0.3397, 0.0059, 0.2995, 0.4966, 0.2944, 0.0869, 0.071, 0.0538, 0.2794, 0.7499, 0.1342, 0.277, 0.3072, 0.029, 0.2467, 0.5122, 0.0686, 0.0159, 0.2099, 0.2357, 0.4453, 0.0999, 0.1565, 0.1546, 0.0834, 0.2902, 0.4488, 0.2186, 0.0605, 0.0625, 0.085, 0.2243, 0.0475, 0.2476, 0.2653, 0.3586, 0.0136, 0.2965],
  "inv_temp": [2.3107, 1.8812, 2.1446, 2.4822, 2.4269, 1.8399, 2.2328, 1.809, 2.4573, 2.2737, 2.1079, 2.4599, 1.9941, 2.5126, 2.3219, 2.555, 2.0362, 2.3507, 2.0182, 2.3012, 1.8473, 1.9085, 1.6115, 2.3018, 1.9791, 1.9369, 1.7196, 2.445, 2.1036, 2.3056, 1.854, 2.215, 2.0043, 2.0217, 2.5712, 2.4617, 1.866, 2.8947, 1.9221, 2.3006, 2.3116, 2.5049, 2.2426, 2.1002, 1.9871, 2.1542, 2.6962, 2.3266, 2.6076, 1.9749],
  "initQF": [8.4712, 9.6465, 7.2099, 6.751, 9.1442, 8.4157, 9.2937, 8.6547, 9.7167, 5.2925, 6.6602, 3.6652, 9.4579, 8.8525, 8.4453, 9.2441, 4.8037, 7.8622, 9.0361, 4.9889, 7.8653, 7.6137, 7.0852, 8.441, 5.9218, 7.9403, 7.7476, 8.5524, 8.6424, 8.0934, 7.3815, 9.229, 8.0113, 7.9427, 6.9696, 9.8344, 6.3378, 8.3577, 8.8343, 9.7574, 8.2945, 9.2645, 6.2855, 8.1283, 9.8356, 8.2776, 9.0677, 7.2893, 8.9305, 7.9776],
  "initQU": [7.7248, 8.2593, 7.4107, 7.8962, 7.162, 8.3581, 9.3131, 5.0724, 8.2759, 7.165, 8.2337, 8.5016, 6.5089, 3.46, 8.0914, 9.3905, 9.3463, 6.8488, 9.6013, 7.7359, 5.7924, 6.291, 5.6617, 4.5826, 6.7452, 9.6336, 7.1996, 8.3302, 7.0442, 8.127, 9.6473, 7.4325, 7.1087, 9.4144, 9.8475, 5.8955, 4.9627, 8.2362, 7.7615, 7.9847, 6.0693, 8.6337, 7.2952, 9.667, 1.9954, 7.2394, 6.4182, 7.6157, 6.1303, 7.196]
}
