{
  "n_part": 50,
  "n_trials": 30,
  "LR_group": 0.986318537965417,
  "inv_temp_group": 2.51154923229478,
  "initQ_group": [
    [9.24497897038236],
    [3.65056936303154]
  ],
  "mu_R_group": [
    [5],
    [5]
  ],
  "sigma_R_group": 2,
  "LR": [0.4055, 0.6034, 0.2458, 0.4158, 0.3983, 0.5191, 0.4476, 0.6644, 0.4258, 0.5146, 0.3618, 0.6506, 0.6838, 0.5806, 0.6968, 0.747, 0.5901, 0.5942, 0.3699, 0.3752, 0.5362, 0.2225, 0.7836, 0.3242, 0.2475, 0.3963, 0.6146, 0.5075, 0.375, 0.305, 0.5211, 0.358, 0.3507, 0.5817, 0.3423, 0.1367, 0.5703, 0.6411, 0.2802, 0.5184, 0.5348, 0.7158, 0.3631, 0.9657, 0.3045, 0.6812, 0.2383, 0.3146, 0.2616, 0.6413],
  "inv_temp": [4.489, 4.4663, 4.2008, 4.6862, 4.5151, 4.0005, 4.4227, 4.1032, 4.628, 4.328, 4.6316, 4.6347, 4.128, 4.4612, 4.673, 4.098, 4.4591, 3.8538, 4.4649, 4.5743, 4.4906, 4.2332, 4.7299, 4.1839, 4.639, 4.7425, 4.0903, 4.2332, 4.6158, 4.8991, 4.3152, 4.2019, 4.5699, 4.5693, 4.7161, 4.7541, 4.5655, 4.2015, 4.1514, 4.2953, 4.7514, 4.7557, 4.5968, 4.6655, 4.8817, 4.3639, 4.5968, 4.455, 4.8099, 4.8758],
  "initQF": [6.9737, 6.1113, 5.5202, 3.2607, 6.3678, 2.7238, 6.4008, 6.347, 3.5744, 2.8353, 5.2744, 3.5689, 7.5793, 1.807, 2.0852, 5.0502, 6.0012, 1.6079, 2.0195, 4.4023, 5.1026, 6.1249, 1.8087, 5.0459, 3.8711, 4.132, 6.5807, 2.2615, 1.3021, 4.7555, 6.648, 4.1102, 6.1889, 2.7389, 5.7135, 1.6365, 2.4228, 3.1005, 5.8669, 5.2847, 3.4553, 4.1061, 7.0752, 6.1914, 4.5886, 1.0573, 3.1535, 1.5773, 4.8521, 2.9418],
  "initQU": [2.4833, 8.2724, 2.5236, 1.7611, 1.9678, 3.6237, 2.5056, 4.5605, 2.5541, 1.9182, 4.4918, 5.6804, 4.3848, 5.0455, 2.8047, 5.4413, 2.3001, 3.9563, 4.0479, 4.2505, 6.105, 3.5918, 1.2661, 2.9843, 1.2395, 4.2547, 5.1231, 1.3771, 2.3882, 5.1836, 2.9376, 2.8895, 2.8819, 3.5862, 1.4356, 5.7123, 3.8424, 3.7007, 1.516, 1.112, 5.017, 1.74, 6.4095, 4.1716, 4.3353, 2.1087, 4.7457, 3.1637, 3.8866, 4.5483]
}
