{
  "n_part": 50,
  "n_trials": 30,
  "LR_group": 0.957161630503833,
  "inv_temp_group": 3.69861606974155,
  "initQ_group": [
    [1.19642981071956],
    [1.73857738263905]
  ],
  "mu_R_group": [
    [5],
    [5]
  ],
  "sigma_R_group": 2,
  "LR": [0.6303, 0.7066, 0.4049, 0.7884, 0.5568, 0.6856, 0.1177, 0.5196, 0.524, 0.2581, 0.1257, 0.1192, 0.4782, 0.4257, 0.2745, 0.7419, 0.6244, 0.515, 0.8977, 0.4339, 0.7297, 0.285, 0.4857, 0.5568, 0.6139, 0.8903, 0.515, 0.3926, 0.5247, 0.5745, 0.3789, 0.5767, 0.3675, 0.6295, 0.3435, 0.3753, 0.2701, 0.3931, 0.4228, 0.6961, 0.4974, 0.2682, 0.7442, 0.2254, 0.1816, 0.9612, 0.6352, 0.48, 0.1637, 0.0223],
  "inv_temp": [4.2682, 4.4295, 4.8868, 4.3568, 4.8886, 3.8685, 4.4412, 4.6584, 3.9266, 4.7132, 4.8859, 3.9331, 4.5719, 4.6186, 4.4848, 4.2207, 4.5411, 4.9929, 4.0518, 4.3418, 4.7842, 4.2397, 4.6286, 4.238, 3.8361, 3.9889, 4.6533, 3.8359, 4.1706, 4.5507, 4.3409, 4.4471, 4.2596, 4.1947, 4.8346, 4.1514, 3.9764, 4.3567, 4.0365, 4.5973, 4.2563, 4.6214, 3.9613, 4.2197, 4.5044, 3.8791, 4.1789, 4.7604, 4.8379, 4.7701],
  "initQF": [2.2098, 2.9909, 2.7467, 5.618, 1.0594, 3.8911, 5.0839, 3.6933, 5.2883, 1.3822, 7.0612, 4.0829, 6.2648, 8.0735, 3.6185, 1.6283, 4.8799, 3.1748, 2.081, 4.4599, 5.1652, 3.0912, 2.7544, 3.5461, 3.9422, 2.7803, 5.3777, 1.5815, 3.5529, 2.1282, 4.7441, 2.5282, 4.9733, 3.1928, 2.1805, 3.5949, 2.4133, 3.1814, 9.2634, 4.9163, 5.9664, 3.6819, 4.965, 2.1361, 8.4963, 6.2486, 3.2789, 3.4315, 4.2662, 3.4858],
  "initQU": [3.6195, 2.8693, 4.644, 5.394, 5.1464, 6.7926, 1.4068, 1.5616, 5.5253, 1.9883, 3.1162, 2.1339, 3.3327, 1.0872, 3.374, 2.1961, 4.7489, 3.3581, 2.6285, 2.4019, 3.9154, 2.8707, 3.0411, 4.5504, 2.7204, 9.718, 4.3793, 3.358, 3.8238, 4.6563, 4.6595, 4.4173, 8.5659, 3.2637, 3.1321, 2.8955, 6.9212, 1.4126, 3.2422, 2.2501, 3.4534, 1.5403, 7.5368, 3.7662, 5.8324, 4.6664, 5.3744, 3.0006, 4.3521, 2.8098]
}
