{
  "n_part": 50,
  "n_trials": 30,
  "LR_group": 0.816908951383084,
  "inv_temp_group": 4.01071372907609,
  "initQF_group": 3.65115064382553,
  "initQU_group": 5.4907872825861,
  "mu_R_group": [
    [5],
    [5]
  ],
  "sigma_R_group": 2,
  "LR": [0.4878, 0.7398, 0.7377, 0.752, 0.7406, 0.8129, 0.7902, 0.9349, 0.7969, 0.5849, 0.3167, 0.8096, 0.7498, 0.7107, 0.9905, 0.9095, 0.9088, 0.7753, 0.7522, 0.9297, 0.9293, 0.5298, 0.5354, 0.5983, 0.9413, 0.6958, 0.9474, 0.8534, 0.7997, 0.9643, 0.9787, 0.8332, 0.7234, 0.9399, 0.7344, 0.6051, 0.807, 0.8391, 0.3596, 0.8969, 0.64, 0.9855, 0.9468, 0.7104, 0.9387, 0.9483, 0.5004, 0.7194, 0.7593, 0.7634],
  "inv_temp": [4.3567, 4.3001, 3.7554, 3.6032, 3.8975, 3.8858, 3.274, 4.1567, 4.7509, 4.1971, 4.2926, 4.2974, 4.1395, 4.1918, 4.2996, 4.1356, 3.6276, 4.5757, 3.9335, 3.9599, 4.2487, 4.1818, 4.2236, 3.7656, 3.8943, 3.8904, 3.8598, 3.7543, 4.0005, 4.3874, 3.8742, 3.9697, 4.4449, 4.3354, 3.996, 3.8735, 4.125, 3.9567, 3.2831, 4.0222, 4.225, 4.2386, 3.5435, 4.0904, 4.2303, 4.2274, 4.1652, 3.5017, 4.1147, 4.0205],
  "initQF": [5.2347, 6.6073, 2.3006, 1.5201, 2.1042, 4.8811, 4.7023, 5.2755, 2.7372, 4.0304, 2.6672, 5.4788, 1.1516, 3.1563, 2.6184, 3.643, 1.6106, 6.9813, 2.3462, 2.7093, 6.9817, 1.3572, 4.1881, 3.8895, 2.7049, 3.435, 2.0807, 5.7628, 1.9136, 3.4323, 2.8712, 3.1361, 2.564, 2.9861, 3.9066, 3.8188, 4.8316, 5.4502, 2.3976, 1.096, 3.7729, 3.8338, 4.3247, 2.7827, 5.5565, 1.7604, 3.7766, 5.8938, 6.2892, 2.8528],
  "initQU": [4.3737, 5.6954, 5.6161, 4.9825, 5.1631, 4.3076, 7.8273, 8.2879, 4.6728, 5.7254, 6.0227, 2.6243, 4.6424, 6.15, 6.2699, 4.7641, 5.6164, 5.2536, 9.328, 5.0986, 1.2172, 4.4313, 5.7729, 6.4028, 4.2413, 6.8769, 2.7316, 6.0077, 4.7743, 4.9345, 5.9544, 5.7017, 4.2329, 5.9334, 4.3818, 6.1659, 5.7248, 5.5824, 2.2582, 6.2305, 4.3531, 6.1864, 4.101, 9.8943, 6.2871, 5.7193, 4.8671, 4.4461, 4.7327, 9.4476]
}
