{
  "n_part": 50,
  "n_trials": 30,
  "LR_group": 0.933303737081587,
  "inv_temp_group": 0.697025028057396,
  "initQF_group": 8.03932630526833,
  "initQU_group": 6.36185763916001,
  "mu_R_group": [
    [5],
    [5]
  ],
  "sigma_R_group": 2,
  "LR": [0.9781, 0.8309, 0.9234, 0.6875, 0.9125, 0.9599, 0.9645, 0.8774, 0.7105, 0.8093, 0.9948, 0.9457, 0.9116, 0.8659, 0.9961, 0.9695, 0.6794, 0.8204, 0.8469, 0.5504, 0.5522, 0.9918, 0.7927, 0.9687, 0.9631, 0.547, 0.8478, 0.8561, 0.8135, 0.3999, 0.7711, 0.8216, 0.94, 0.9134, 0.9479, 0.9385, 0.7295, 0.8027, 0.7459, 0.9371, 0.8074, 0.8991, 0.6586, 0.7543, 0.7225, 0.8491, 0.6504, 0.8791, 0.7895, 0.8848],
  "inv_temp": [0.8, 0.6663, 1.4898, 0.2247, 0.7894, 0.2701, 0.9019, 0.2724, 0.9242, 0.6565, 0.7867, 0.892, 0.5137, 0.9023, 0.2265, 0.4697, 0.2644, 0.6131, 0.4969, 0.7343, 0.8291, 0.5153, 1.1131, 0.8723, 1.0582, 0.851, 0.6348, 0.7128, 0.9569, 0.8312, 0.7269, 0.4763, 1.0957, 0.5995, 0.8478, 1.0046, 0.4677, 0.1808, 0.794, 0.7873, 1.0502, 0.7201, 0.8646, 0.837, 0.9672, 1.1197, 0.8591, 0.7132, 0.4728, 0.872],
  "initQF": [9.5879, 9.1053, 7.7384, 8.642, 8.8302, 7.4733, 4.9891, 9.9236, 7.5454, 8.1941, 5.9614, 9.4103, 5.2753, 5.7624, 6.8814, 3.7398, 9.5238, 6.6589, 7.9991, 6.1335, 6.5054, 8.2313, 9.8364, 6.8332, 9.7701, 7.8512, 7.5005, 9.0819, 8.2813, 9.0626, 5.5742, 7.8133, 8.9294, 7.9975, 8.2585, 8.8312, 7.3354, 6.9174, 6.0789, 9.0471, 8.7486, 9.7702, 8.0269, 5.9882, 7.936, 8.7354, 7.6054, 9.2938, 9.6127, 6.7622],
  "initQU": [7.1116, 7.535, 7.9437, 6.8875, 6.3036, 5.4162, 3.8293, 7.9651, 5.2263, 8.3907, 7.6426, 6.5243, 5.7389, 4.9916, 8.845, 8.8295, 7.6898, 5.3645, 6.8716, 8.7065, 6.4986, 5.5614, 6.2952, 4.7746, 7.706, 5.3042, 8.0167, 5.3777, 8.0116, 2.4511, 8.8159, 7.5089, 5.3373, 5.1056, 8.9527, 7.0448, 1.9983, 6.6303, 6.0102, 6.9458, 7.8827, 8.214, 2.0906, 7.9002, 9.0702, 7.1093, 4.7046, 4.6126, 8.7458, 8.2272]
}
