{
  "n_part": 50,
  "n_trials": 30,
  "LR_group": 0.782365805236623,
  "inv_temp_group": 4.315464370884,
  "initQ_group": [
    [4.51348286005668],
    [8.11553519126028]
  ],
  "mu_R_group": [
    [5],
    [5]
  ],
  "sigma_R_group": 2,
  "LR": [0.6225, 0.2599, 0.8067, 0.5242, 0.5635, 0.5286, 0.3322, 0.1778, 0.6965, 0.3096, 0.1686, 0.5147, 0.4576, 0.3322, 0.0766, 0.5651, 0.3694, 0.2495, 0.4545, 0.6095, 0.501, 0.6918, 0.295, 0.3666, 0.6303, 0.0959, 0.3928, 0.4233, 0.7996, 0.5278, 0.6144, 0.6944, 0.3694, 0.4931, 0.6464, 0.6782, 0.1187, 0.3405, 0.6939, 0.21, 0.5337, 0.1409, 0.104, 0.6595, 0.2657, 0.1285, 0.8285, 0.2198, 0.3337, 0.7929],
  "inv_temp": [4.8123, 4.6189, 4.3447, 4.4385, 4.9517, 4.4681, 4.2336, 4.7962, 4.6125, 4.3581, 4.3946, 4.3564, 4.6305, 4.2992, 4.532, 4.6185, 4.9789, 4.7849, 4.549, 4.274, 4.7403, 4.7765, 4.1561, 4.7911, 4.8618, 4.4141, 4.7316, 4.4392, 4.458, 4.2984, 4.7706, 4.1834, 4.263, 4.156, 4.3662, 4.4799, 4.2803, 4.1782, 4.3068, 4.9483, 4.4744, 4.5692, 4.3144, 4.0553, 4.0661, 4.363, 4.8979, 4.4679, 4.4107, 4.7561],
  "initQF": [2.8378, 5.6393, 2.6335, 2.2277, 2.3696, 4.6365, 4.4289, 1.945, 2.1683, 4.1579, 3.2213, 2.3955, 4.2983, 5.5969, 1.7178, 1.1655, 3.3694, 1.9058, 1.2151, 3.1873, 3.8262, 4.1132, 2.5635, 2.7996, 4.1051, 4.7725, 3.6032, 5.0789, 6.4246, 4.3272, 2.2795, 4.0273, 5.6121, 3.3723, 3.6894, 8.3714, 7.2195, 1.6947, 2.6494, 3.2161, 1.6683, 1.2724, 3.9771, 1.6886, 3.4755, 6.5612, 2.7176, 4.4184, 1.8049, 5.8008],
  "initQU": [1.7617, 4.9494, 5.2372, 2.1581, 4.8493, 2.4264, 3.8178, 4.3871, 6.2261, 3.0665, 4.6688, 3.8374, 2.1298, 5.2249, 2.9514, 3.9555, 1.529, 6.32, 6.3459, 4.9191, 3.0493, 3.9162, 2.3875, 7.1825, 3.6825, 5.431, 3.7628, 4.1223, 6.4607, 2.4721, 6.9994, 2.6202, 2.4732, 1.396, 7.2642, 4.8012, 2.0239, 2.257, 3.8674, 4.3373, 1.9975, 1.5723, 1.4602, 3.5313, 2.5404, 1.5036, 5.6245, 1.7188, 6.7654, 2.1139]
}
