{
  "n_part": 50,
  "n_trials": 30,
  "LR_group": 0.856553313322365,
  "inv_temp_group": 3.96161346114241,
  "initQ_group": [
    [4.79553389968351],
    [7.5942196410615]
  ],
  "mu_R_group": [
    [5],
    [5]
  ],
  "sigma_R_group": 2,
  "LR": [0.4421, 0.2852, 0.3807, 0.624, 0.5365, 0.6944, 0.6507, 0.2472, 0.5328, 0.3207, 0.1996, 0.539, 0.2637, 0.4886, 0.2823, 0.5005, 0.5235, 0.3929, 0.3708, 0.8125, 0.1884, 0.6998, 0.559, 0.2693, 0.8177, 0.2871, 0.433, 0.1911, 0.472, 0.4933, 0.5814, 0.723, 0.15, 0.7295, 0.3406, 0.503, 0.2373, 0.4522, 0.3676, 0.1365, 0.3325, 0.5889, 0.5515, 0.3825, 0.4663, 0.3785, 0.5581, 0.4181, 0.4174, 0.371],
  "inv_temp": [4.2507, 3.8544, 4.4294, 4.6599, 4.174, 4.9285, 4.3424, 4.2354, 4.3968, 4.654, 4.837, 3.9726, 3.6784, 4.4832, 3.9573, 3.9995, 4.3286, 4.269, 4.1404, 4.8289, 4.1731, 4.4149, 3.9627, 4.7353, 4.6805, 3.7563, 4.9421, 4.5344, 4.5699, 4.5148, 4.3258, 4.7413, 4.3626, 4.2304, 4.0755, 4.2903, 4.5212, 4.8708, 4.9507, 4.479, 4.517, 4.8778, 4.7058, 4.1432, 4.4137, 4.666, 4.5427, 4.4645, 4.8203, 4.4193],
  "initQF": [3.5257, 2.7402, 1.0925, 3.7971, 2.0901, 6.367, 5.1707, 7.7233, 1.6224, 5.0429, 7.0444, 4.3121, 3.9665, 3.2186, 4.7979, 7.0553, 1.8425, 5.1936, 5.4148, 3.7057, 5.0875, 2.1104, 3.422, 1.8971, 2.7381, 3.8049, 7.3873, 4.5925, 3.594, 5.4961, 3.4183, 5.0773, 4.0909, 3.9417, 1.8863, 4.4782, 5.1958, 3.0292, 5.3786, 4.2377, 4.4381, 2.2785, 4.7383, 4.125, 5.2769, 5.5756, 3.2931, 1.7554, 2.3498, 3.161],
  "initQU": [1.8209, 1.7794, 3.4922, 2.0324, 3.7446, 8.3912, 4.4153, 2.3266, 4.9666, 6.0814, 2.5429, 1.7971, 2.8657, 5.8393, 2.0426, 1.6931, 2.6011, 2.7176, 3.6323, 5.3723, 4.0191, 5.1503, 4.2552, 5.3958, 4.4178, 3.7322, 1.5824, 1.5385, 3.8212, 3.617, 1.2393, 8.7864, 1.3739, 3.8193, 3.6247, 5.3279, 4.1979, 4.9706, 5.9676, 3.0804, 2.2857, 4.1122, 2.0282, 4.2415, 1.9408, 3.0634, 7.0924, 4.6165, 2.0339, 6.6027]
}
