{
  "n_part": 50,
  "n_trials": 30,
  "LR_group": 0.473579172044992,
  "inv_temp_group": 0.315458289114758,
  "initQ_group": [
    [9.69928917801008],
    [9.49078679271042]
  ],
  "mu_R_group": [
    [5],
    [5]
  ],
  "sigma_R_group": 2,
  "LR": [0.578, 0.2489, 0.4483, 0.9287, 0.5373, 0.5591, 0.4909, 0.5613, 0.3517, 0.4332, 0.6974, 0.2649, 0.8047, 0.5803, 0.4522, 0.3237, 0.3227, 0.3985, 0.4298, 0.4034, 0.4351, 0.8004, 0.5466, 0.4167, 0.3797, 0.4203, 0.6701, 0.4554, 0.1831, 0.445, 0.8874, 0.0872, 0.4257, 0.1976, 0.4711, 0.5413, 0.3775, 0.6019, 0.591, 0.6066, 0.1735, 0.4337, 0.5186, 0.7171, 0.4688, 0.3905, 0.213, 0.3312, 0.4466, 0.629],
  "inv_temp": [4.9182, 4.5967, 3.7553, 4.7072, 4.1749, 4.5446, 4.7774, 4.472, 4.3013, 4.3708, 4.7599, 4.4526, 4.1618, 3.8708, 4.4157, 4.431, 4.397, 4.5466, 4.7013, 4.3775, 4.416, 4.0486, 4.9524, 4.7322, 4.1831, 4.2953, 3.7759, 4.4685, 4.2196, 4.438, 4.352, 4.5102, 4.2362, 4.2571, 4.8839, 4.1942, 4.5654, 4.6851, 4.2173, 4.3094, 4.3705, 4.3875, 3.8046, 4.5692, 4.8279, 4.3874, 4.5788, 4.4027, 4.9125, 4.357],
  "initQF": [6.4948, 3.5953, 7.8222, 2.2929, 3.2433, 4.8283, 5.8935, 8.1454, 5.4574, 3.2254, 4.8778, 4.9336, 5.2143, 7.4669, 4.6069, 4.4444, 1.5114, 2.9185, 6.1783, 2.6845, 3.2497, 3.9717, 7.5539, 5.6145, 3.8277, 2.4417, 3.7532, 3.6819, 6.7188, 2.9355, 4.7899, 5.4406, 3.237, 2.8624, 6.0596, 3.0112, 4.5103, 5.4256, 2.9075, 4.3703, 4.8609, 4.739, 3.8776, 5.3366, 3.3004, 5.5204, 2.4977, 8.3541, 5.3418, 7.6229],
  "initQU": [4.1866, 3.1419, 5.2396, 5.7752, 3.4188, 2.3688, 3.6591, 5.218, 7.0949, 4.2912, 5.3942, 2.8628, 6.1483, 3.0535, 4.3038, 2.6234, 1.2162, 1.6728, 5.3393, 3.8731, 2.6058, 4.029, 4.5669, 3.9718, 1.0213, 5.5902, 5.9848, 6.6012, 2.7887, 6.5236, 6.7205, 3.3718, 1.6613, 1.1241, 6.3104, 3.3113, 3.9464, 2.7409, 4.5081, 4.9336, 1.478, 3.1436, 5.2396, 4.3673, 1.5904, 4.9766, 5.1331, 7.1558, 3.2453, 6.9727]
}
