{
  "n_part": 50,
  "n_trials": 30,
  "LR_group": 0.287192087853327,
  "inv_temp_group": 3.66555533721112,
  "initQF_group": 2.8220103722997,
  "initQU_group": 6.98036439088173,
  "mu_R_group": [
    [5],
    [5]
  ],
  "sigma_R_group": 2,
  "LR": [0.3412, 0.3134, 0.2465, 0.7814, 0.435, 0.253, 0.2044, 0.4584, 0.5052, 0.1102, 0.267, 0.2026, 0.0182, 0.1892, 0.4015, 0.1052, 0.369, 0.2045, 0.3747, 0.246, 0.2768, 0.289, 0.2122, 0.5147, 0.2356, 0.1439, 0.3347, 0.6262, 0.6094, 0.4911, 0.6308, 0.6024, 0.1243, 0.563, 0.2234, 0.0551, 0.1154, 0.0045, 0.2732, 0.0291, 0.5119, 0.4388, 0.5733, 0.1375, 0.4005, 0.3575, 0.513, 0.4477, 0.6107, 0.2045],
  "inv_temp": [3.4714, 3.9549, 4.1158, 3.0372, 4.1102, 4.0186, 3.7075, 3.3544, 3.6268, 3.7764, 3.4831, 3.638, 3.6066, 3.9942, 3.9223, 3.8079, 3.6177, 4.6997, 3.7254, 3.8697, 3.21, 3.7086, 4.241, 3.6244, 3.6976, 3.5421, 3.6316, 3.7464, 3.9438, 4.0471, 3.4176, 3.9606, 3.361, 3.5234, 3.9205, 4.0753, 3.7076, 3.4448, 3.0681, 3.4468, 3.8776, 4.1824, 3.7253, 3.7262, 3.1877, 3.3698, 3.3274, 3.0731, 3.3282, 3.8062],
  "initQF": [3.6515, 2.1576, 2.7598, 1.1406, 3.4812, 5.167, 3.7845, 2.2615, 5.1185, 4.3295, 3.633, 3.4192, 5.1396, 1.6405, 1.354, 3.5594, 1.3277, 4.4124, 2.1525, 1.5647, 4.4914, 1.71, 3.4931, 2.1145, 1.1254, 3.73, 4.5328, 2.2552, 2.8611, 3.7955, 3.8136, 2.5762, 4.5694, 5.0903, 3.8309, 3.7602, 2.0158, 4.1751, 5.5988, 4.6329, 3.5454, 1.3524, 2.6299, 3.1382, 1.2921, 1.7209, 5.609, 1.7034, 3.5464, 1.4625],
  "initQU": [4.5139, 5.5935, 8.0714, 8.1774, 7.1637, 9.1428, 5.6041, 8.4864, 4.1437, 6.7243, 9.0491, 7.4253, 4.0203, 7.0783, 7.634, 8.2943, 9.37, 5.7508, 5.0215, 7.0392, 6.7065, 8.1654, 4.1324, 5.2923, 7.6952, 8.6294, 8.2485, 5.6439, 3.8388, 4.8209, 6.5659, 8.4762, 7.3988, 7.7236, 7.4572, 7.6295, 6.5626, 6.8263, 6.3592, 8.6765, 4.2738, 4.1689, 7.6431, 9.5755, 5.1719, 7.0081, 8.4791, 4.4774, 9.2529, 5.9526]
}
