{
  "n_part": 50,
  "n_trials": 30,
  "LR_group": 0.377147318562493,
  "inv_temp_group": 0.44087722664699,
  "initQ_group": [
    [5.64384220913053],
    [2.50127796432935]
  ],
  "mu_R_group": [
    [5],
    [5]
  ],
  "sigma_R_group": 2,
  "LR": [0.3394, 0.4702, 0.3835, 0.5364, 0.6514, 0.3318, 0.0744, 0.2087, 0.3667, 0.6398, 0.5322, 0.5927, 0.3585, 0.4001, 0.2512, 0.4414, 0.5468, 0.327, 0.2486, 0.0604, 0.4995, 0.734, 0.5227, 0.2409, 0.2889, 0.3814, 0.5802, 0.4824, 0.0109, 0.5965, 0.2077, 0.0039, 0.7984, 0.4325, 0.7025, 0.5959, 0.6177, 0.2288, 0.8211, 0.1363, 0.6211, 0.4232, 0.2912, 0.8239, 0.9987, 0.5016, 0.2923, 0.5779, 0.5679, 0.9272],
  "inv_temp": [4.4288, 4.4361, 4.8665, 4.5335, 4.7057, 4.7943, 4.5593, 4.4549, 4.9808, 4.3096, 4.3236, 4.8469, 4.0232, 4.37, 4.7717, 4.5571, 4.9838, 4.361, 4.6612, 4.1757, 4.3892, 4.6321, 3.8766, 3.9083, 4.0743, 4.5825, 4.5213, 4.3529, 4.8546, 4.4929, 4.6727, 4.2026, 4.7165, 4.6687, 4.3634, 4.607, 4.2784, 4.6271, 4.1598, 4.0276, 4.3467, 4.4975, 3.7852, 4.5252, 4.5431, 4.7227, 4.1509, 4.717, 4.0855, 4.434],
  "initQF": [1.9698, 6.4897, 5.1797, 3.9645, 6.7183, 3.9445, 5.6504, 4.2127, 4.4975, 6.8755, 6.0587, 4.578, 3.7772, 2.0344, 6.4604, 2.6176, 4.5318, 3.9342, 2.3502, 4.5676, 2.2561, 4.6429, 5.564, 1.1411, 2.9313, 2.2069, 3.9021, 1.6539, 1.8274, 2.0506, 3.1018, 5.8574, 5.4107, 3.725, 3.388, 4.0644, 4.3571, 2.3721, 1.6559, 5.2211, 2.8076, 3.8072, 5.6639, 1.9132, 5.3349, 4.4732, 5.9456, 1.9037, 3.1815, 3.457],
  "initQU": [5.4136, 2.7526, 5.1896, 3.232, 4.7987, 1.7899, 1.6655, 4.9962, 5.6078, 1.8932, 4.7272, 3.3339, 3.8381, 4.539, 6.2777, 4.3059, 2.671, 2.2524, 7.1634, 3.7695, 1.655, 4.0541, 1.6437, 1.492, 2.7127, 1.7878, 2.2743, 1.4212, 6.4148, 3.0051, 2.0671, 3.4197, 2.2615, 6.076, 4.5278, 1.9432, 3.9197, 3.9075, 1.86, 5.9546, 5.589, 1.7492, 1.8845, 1.9561, 6.3764, 4.0841, 8.1634, 3.5801, 1.2255, 2.5861]
}
