{
  "n_part": 50,
  "n_trials": 30,
  "LR_group": 0.436518907081336,
  "inv_temp_group": 3.7292905698996,
  "initQ_group": [
    [9.7373082167469],
    [9.3030796723906]
  ],
  "mu_R_group": [
    [5],
    [5]
  ],
  "sigma_R_group": 2,
  "LR": [0.6212, 0.379, 0.7147, 0.6797, 0.2031, 0.112, 0.3279, 0.4792, 0.507, 0.5182, 0.5261, 0.4649, 0.307, 0.2532, 0.3496, 0.7823, 0.4965, 0.3721, 0.5928, 0.1739, 0.5831, 0.2316, 0.605, 0.3384, 0.3936, 0.4231, 0.4473, 0.2505, 0.3311, 0.4061, 0.2651, 0.5594, 0.4624, 0.4285, 0.3992, 0.7495, 0.4584, 0.7614, 0.3589, 0.1981, 0.3802, 0.8928, 0.3498, 0.4589, 0.4675, 0.6168, 0.3718, 0.4246, 0.633, 0.7215],
  "inv_temp": [4.1306, 4.5527, 4.3707, 4.1658, 4.4686, 4.9841, 4.3782, 4.7855, 4.2401, 4.8194, 4.6596, 4.4745, 4.7662, 4.6372, 4.7848, 4.4491, 4.907, 4.193, 4.273, 4.6615, 4.1406, 4.5346, 4.5312, 4.2506, 4.3696, 4.3347, 4.1966, 4.6994, 4.9953, 4.9249, 4.4979, 4.2571, 4.6989, 4.2547, 4.9222, 4.5014, 4.3168, 4.6731, 4.9107, 4.0655, 4.5552, 4.5693, 4.1531, 4.3888, 4.3156, 3.8281, 4.2204, 4.8498, 4.4103, 4.2295],
  "initQF": [4.3047, 1.6545, 5.15, 5.4688, 5.9473, 1.9746, 4.3307, 4.5489, 4.6105, 2.4485, 2.4201, 5.8293, 5.836, 5.938, 4.085, 5.7775, 5.781, 6.336, 4.0399, 6.5497, 4.8316, 3.98, 2.8334, 4.1712, 3.8189, 5.8438, 2.3742, 6.797, 3.1527, 3.2697, 3.4742, 2.3187, 2.0858, 4.5429, 5.0101, 2.4749, 3.4141, 5.8327, 3.2441, 2.0381, 1.56, 5.0864, 3.0531, 4.2713, 2.6541, 8.6984, 4.9178, 3.9318, 3.1181, 6.7934],
  "initQU": [2.9706, 6.7804, 2.4359, 4.3532, 5.2003, 5.3291, 1.5379, 2.6902, 4.7583, 8.4404, 3.5057, 2.4452, 4.964, 1.3001, 7.4346, 2.8077, 5.0525, 7.2425, 3.4741, 3.5413, 3.7643, 1.4757, 4.0727, 1.6484, 7.838, 7.5465, 4.531, 3.4251, 3.4161, 6.9192, 4.6089, 4.9391, 2.8308, 3.3911, 5.2188, 2.7666, 3.0154, 6.4081, 5.8812, 2.6798, 4.196, 3.3925, 3.0763, 2.7436, 6.3632, 3.4548, 2.5442, 1.8048, 1.7749, 3.2474]
}
