{
  "n_part": 50,
  "n_trials": 30,
  "LR_group": 0.740614255424589,
  "inv_temp_group": 0.904141550417989,
  "initQ_group": [
    [3.51874056481756],
    [7.69732568762265]
  ],
  "mu_R_group": [
    [5],
    [5]
  ],
  "sigma_R_group": 2,
  "LR": [0.2911, 0.2384, 0.6793, 0.6063, 0.3688, 0.5798, 0.5844, 0.456, 0.4701, 0.6542, 0.4909, 0.4793, 0.3967, 0.1352, 0.3161, 0.597, 0.9137, 0.4735, 0.2569, 0.8384, 0.806, 0.3969, 0.6491, 0.2749, 0.6248, 0.701, 0.5751, 0.5546, 0.1556, 0.4418, 0.6783, 0.3631, 0.3453, 0.4448, 0.4044, 0.1996, 0.6871, 0.3453, 0.4988, 0.5504, 0.5306, 0.484, 0.748, 0.4021, 0.62, 0.9655, 0.6126, 0.7718, 0.5629, 0.2591],
  "inv_temp": [4.5005, 4.5552, 4.6242, 4.4081, 3.8946, 4.5107, 4.7524, 4.8257, 4.5978, 4.4063, 4.4187, 4.8067, 3.7974, 4.6745, 4.6269, 4.5768, 4.3955, 4.7112, 4.5483, 4.2395, 4.8439, 4.3569, 4.7964, 4.2498, 4.4443, 4.3055, 4.3109, 4.2934, 4.3333, 4.7828, 4.819, 4.3449, 4.5337, 4.5036, 4.244, 4.5334, 4.5078, 4.2882, 4.9129, 4.726, 4.5468, 4.139, 4.5616, 4.3545, 4.6499, 4.594, 4.6169, 4.1567, 4.5749, 4.9032],
  "initQF": [2.9981, 2.8702, 5.0633, 2.5185, 4.2397, 4.5997, 2.0634, 3.4829, 5.9157, 3.6848, 3.5367, 4.8463, 3.1624, 4.8457, 2.9857, 5.9582, 1.8548, 5.0865, 5.0052, 3.9797, 3.0464, 3.3074, 1.6678, 5.7574, 1.0087, 3.2175, 6.1381, 4.3658, 3.1214, 2.9471, 8.0833, 2.5045, 4.2888, 4.9512, 4.2622, 7.6684, 5.7994, 5.8598, 4.4476, 4.5961, 3.0884, 5.244, 4.8553, 4.957, 5.0091, 3.5875, 3.7909, 4.5237, 4.6062, 5.3195],
  "initQU": [3.3612, 1.4713, 3.4686, 3.5893, 4.5846, 2.3007, 2.5437, 1.706, 3.485, 1.8857, 3.1613, 4.7902, 1.8958, 6.8703, 3.9536, 1.9735, 5.1876, 1.494, 3.4797, 3.9643, 7.3341, 4.7326, 1.5427, 4.4515, 2.7277, 1.4449, 6.1362, 2.5778, 6.0769, 4.7742, 1.0226, 2.0526, 1.0393, 6.6712, 1.624, 4.2803, 6.318, 2.4355, 3.8956, 1.8142, 5.1678, 3.1208, 5.4468, 3.7474, 4.0513, 3.9023, 2.9393, 1.959, 2.5408, 4.0993]
}
