{
  "n_part": 50,
  "n_trials": 30,
  "LR_group": 0.783547524828464,
  "inv_temp_group": 1.11616326146759,
  "initQF_group": 3.15585642284714,
  "initQU_group": 6.35262915119529,
  "mu_R_group": [
    [5],
    [5]
  ],
  "sigma_R_group": 2,
  "LR": [0.3297, 0.9167, 0.7102, 0.715, 0.7357, 0.9012, 0.8344, 0.6921, 0.543, 0.8795, 0.7072, 0.8871, 0.9209, 0.6048, 0.5123, 0.9727, 0.8098, 0.828, 0.8302, 0.8009, 0.966, 0.8663, 0.7533, 0.9169, 0.9676, 0.4707, 0.6686, 0.6032, 0.6829, 0.6468, 0.2799, 0.7845, 0.77, 0.8466, 0.6823, 0.7272, 0.6778, 0.8273, 0.3278, 0.7415, 0.8524, 0.5748, 0.8591, 0.7505, 0.5915, 0.9491, 0.9195, 0.879, 0.6207, 0.639],
  "inv_temp": [1.5527, 1.239, 1.0282, 0.8623, 0.8607, 1.5117, 0.9257, 1.0528, 1.2585, 1.1117, 0.4674, 1.2667, 0.3639, 1.6518, 0.8613, 1.3315, 1.0177, 1.1499, 1.2665, 1.0586, 1.4084, 1.3761, 1.5624, 1.5538, 1.2277, 0.9087, 1.3284, 1.3955, 1.1378, 1.31, 1.2937, 1.2553, 0.7649, 0.8628, 1.1052, 1.3443, 0.6738, 1.2476, 1.8362, 1.2271, 0.9511, 1.1907, 1.1697, 0.6429, 1.0251, 1.2158, 1.4079, 0.9756, 1.3018, 0.9017],
  "initQF": [2.0066, 4.4672, 1.8159, 2.1001, 6.2758, 2.7671, 1.7346, 7.7691, 2.9818, 1.9128, 1.8718, 2.081, 2.3412, 3.5655, 3.0398, 2.795, 6.9284, 4.9882, 2.4968, 5.2667, 3.1532, 1.1329, 4.1404, 3.5665, 4.8945, 5.3494, 5.7534, 1.4533, 3.2541, 4.5386, 8.1084, 2.7839, 2.6982, 1.8871, 1.7659, 4.2137, 2.9851, 3.1956, 6.4749, 6.4216, 3.2942, 3.1451, 1.4429, 2.9567, 4.7757, 4.573, 2.9984, 3.1697, 1.9224, 3.7163],
  "initQU": [8.9454, 6.4182, 4.0584, 5.2405, 6.0221, 6.857, 1.3865, 7.3968, 6.7259, 7.8763, 4.5145, 2.8389, 9.1108, 7.8621, 4.0532, 4.7281, 5.1556, 7.2641, 4.7942, 5.5889, 5.6792, 6.171, 5.65, 5.2703, 8.5021, 4.7269, 9.5931, 6.0333, 5.5975, 8.5697, 6.7636, 2.3462, 3.5723, 5.3672, 8.4223, 7.8342, 3.6491, 5.2014, 2.484, 9.0441, 9.3176, 6.0823, 5.7413, 8.5126, 6.588, 8.4661, 4.6214, 6.0201, 4.7518, 3.6945]
}
