{
  "n_part": 50,
  "n_trials": 30,
  "LR_group": 0.267449358478189,
  "inv_temp_group": 3.60340780345723,
  "initQ_group": [
    [5.52908760332502],
    [8.07598983100615]
  ],
  "mu_R_group": [
    [5],
    [5]
  ],
  "sigma_R_group": 2,
  "LR": [0.3297, 0.3778, 0.3734, 0.3061, 0.3688, 0.7516, 0.5439, 0.5471, 0.3953, 0.28, 0.4398, 0.5082, 0.2127, 0.7692, 0.729, 0.1854, 0.6046, 0.4411, 0.7241, 0.5314, 0.4406, 0.2511, 0.2497, 0.3694, 0.3408, 0.4545, 0.7005, 0.3314, 0.5707, 0.6154, 0.4106, 0.744, 0.365, 0.214, 0.6254, 0.3805, 0.4125, 0.7714, 0.3715, 0.2871, 0.8124, 0.2061, 0.5194, 0.4134, 0.6951, 0.6787, 0.7363, 0.555, 0.3497, 0.605],
  "inv_temp": [4.0499, 4.5716, 4.5574, 4.2253, 4.9496, 4.2411, 4.2511, 4.2141, 4.6446, 4.4442, 4.1489, 4.3302, 3.9823, 4.8902, 4.4826, 3.9609, 4.431, 4.1649, 4.872, 4.2627, 4.333, 4.667, 4.8862, 3.9273, 3.9514, 4.8312, 4.8936, 4.6034, 4.0157, 4.619, 4.8052, 4.9567, 4.2517, 4.2969, 4.602, 4.3064, 4.819, 4.4872, 4.1219, 4.3584, 4.8046, 4.3874, 4.5065, 3.8692, 4.4803, 4.4916, 4.4715, 4.9205, 3.8997, 4.825],
  "initQF": [5.4332, 1.7105, 2.8699, 2.4904, 3.6943, 3.7012, 8.0236, 4.8677, 3.7277, 6.7948, 5.8055, 6.0977, 6.1477, 3.2813, 4.1436, 3.7565, 5.6142, 3.8425, 3.1109, 3.6216, 2.9101, 2.4454, 2.0141, 4.6875, 6.3574, 4.9741, 5.0406, 2.4233, 4.712, 3.6984, 3.0425, 3.4725, 3.6386, 6.7266, 3.8744, 4.2945, 4.5648, 5.5149, 3.6299, 2.9822, 3.1974, 1.367, 4.5501, 1.9482, 3.2907, 2.3487, 3.6704, 3.3701, 6.4384, 2.1168],
  "initQU": [6.2533, 4.2352, 9.7171, 1.5214, 3.5315, 5.0726, 4.3018, 3.1685, 2.872, 5.7295, 3.9522, 3.027, 4.9475, 4.715, 1.1191, 2.5509, 3.2384, 3.8089, 3.3766, 4.9328, 3.9651, 3.0693, 6.5817, 1.782, 1.5258, 8.2477, 4.7783, 4.94, 2.3939, 4.7758, 3.0996, 2.6527, 1.783, 3.2295, 3.3431, 2.8369, 7.8286, 2.4089, 4.4654, 2.8897, 5.6567, 5.6503, 1.557, 4.2998, 1.1485, 3.6569, 2.8477, 3.6147, 1.3477, 7.5653]
}
