{
  "n_part": 50,
  "n_trials": 30,
  "LR_group": 0.16870892373845,
  "inv_temp_group": 1.22762201470323,
  "initQ_group": [
    [5.07047550752759],
    [8.77766992291436]
  ],
  "mu_R_group": [
    [5],
    [5]
  ],
  "sigma_R_group": 2,
  "LR": [0.5224, 0.1995, 0.4382, 0.6486, 0.5023, 0.3971, 0.8224, 0.2696, 0.5735, 0.3179, 0.5894, 0.6141, 0.9184, 0.3555, 0.4084, 0.0979, 0.8294, 0.3763, 0.5433, 0.7079, 0.8359, 0.6039, 0.5806, 0.6816, 0.3159, 0.256, 0.5643, 0.691, 0.484, 0.438, 0.5177, 0.3031, 0.7268, 0.8292, 0.2665, 0.1623, 0.6387, 0.5309, 0.642, 0.2347, 0.5235, 0.4345, 0.5871, 0.5705, 0.4819, 0.2536, 0.6226, 0.3323, 0.9896, 0.4462],
  "inv_temp": [4.6246, 3.9942, 4.3578, 4.3455, 4.436, 4.5141, 4.5142, 4.1568, 4.7278, 4.1893, 4.745, 4.3238, 4.4289, 4.2194, 4.064, 4.5873, 4.3054, 4.5618, 4.4878, 4.3361, 4.7719, 4.4736, 4.0952, 4.4569, 4.4343, 4.5078, 4.8032, 4.8964, 4.5423, 4.6573, 4.2364, 4.4073, 4.8907, 4.68, 4.3308, 4.2128, 4.5766, 4.5676, 4.2791, 4.705, 4.9011, 4.6125, 4.2288, 4.471, 4.4375, 4.2292, 4.5332, 4.9391, 4.6531, 4.6454],
  "initQF": [2.5777, 4.9128, 4.061, 6.602, 2.202, 2.3454, 5.3256, 2.5046, 2.6009, 6.7746, 5.8031, 3.8575, 3.168, 3.9272, 1.46, 6.3849, 1.5403, 4.0729, 5.0496, 4.8417, 6.7963, 4.6067, 1.8643, 3.2948, 3.1888, 3.0182, 4.0709, 3.1847, 3.0258, 1.8613, 1.9815, 1.8791, 7.6359, 2.2522, 1.2815, 4.6387, 2.8052, 5.2869, 5.1373, 5.0585, 4.6492, 3.4784, 1.4437, 4.4719, 7.1326, 3.8459, 1.9915, 4.0538, 2.2382, 3.3416],
  "initQU": [2.3346, 3.3796, 1.6445, 4.6843, 1.0449, 5.0039, 2.5166, 6.9326, 4.596, 3.595, 3.8608, 1.1991, 4.6374, 4.974, 5.9231, 8.9836, 4.4308, 4.5713, 5.742, 2.5134, 4.0459, 4.6225, 3.2859, 5.3241, 4.8185, 2.824, 4.9901, 3.9243, 3.8029, 6.42, 5.0317, 4.7195, 6.3363, 5.6225, 6.5649, 4.1813, 5.9624, 2.6762, 5.1406, 4.4903, 5.0251, 4.8824, 4.4351, 5.3025, 7.7077, 2.4829, 1.5939, 4.071, 3.1852, 2.084]
}
