{
  "n_part": 50,
  "n_trials": 30,
  "LR_group": 0.816583611536771,
  "inv_temp_group": 3.83593764621764,
  "initQ_group": [
    [2.20148864667863],
    [7.11608513514511]
  ],
  "mu_R_group": [
    [5],
    [5]
  ],
  "sigma_R_group": 2,
  "LR": [0.4824, 0.5725, 0.5825, 0.6339, 0.4044, 0.3482, 0.3831, 0.3863, 0.3708, 0.6654, 0.3544, 0.5554, 0.3315, 0.6148, 0.3585, 0.4845, 0.35, 0.4116, 0.3322, 0.7702, 0.6497, 0.5024, 0.6729, 0.4249, 0.5668, 0.4801, 0.2921, 0.2594, 0.5602, 0.8365, 0.1682, 0.8, 0.4319, 0.1202, 0.2884, 0.5361, 0.3686, 0.5417, 0.6631, 0.2257, 0.7355, 0.7128, 0.3279, 0.4268, 0.468, 0.8989, 0.5739, 0.757, 0.4297, 0.3999],
  "inv_temp": [4.0506, 4.4363, 4.1202, 4.4102, 4.1303, 4.7669, 4.8175, 4.1605, 4.3824, 4.2258, 3.9493, 4.6423, 4.494, 4.5693, 4.5741, 4.5385, 4.4619, 4.5283, 4.4639, 4.3027, 4.823, 4.6756, 4.5109, 4.3492, 4.4134, 4.5821, 4.6154, 4.163, 4.6629, 3.9806, 4.7363, 4.4204, 4.0716, 4.3453, 4.696, 4.8406, 4.9418, 4.5304, 4.7889, 4.343, 4.0431, 4.8103, 4.3592, 4.3395, 4.324, 4.0555, 3.9061, 4.8133, 4.1443, 4.4495],
  "initQF": [1.8053, 7.8452, 3.6623, 1.2874, 3.5976, 2.0142, 1.8922, 2.5718, 2.9522, 5.1078, 8.4788, 5.164, 1.0722, 4.6864, 5.5796, 2.8218, 6.9983, 1.2664, 7.3188, 2.1297, 7.7374, 4.7521, 4.729, 4.3425, 4.4348, 6.2909, 3.9131, 4.3757, 1.1235, 6.1618, 2.1507, 3.2602, 4.9207, 4.0463, 4.6667, 1.3282, 1.5691, 5.6485, 2.6352, 4.7535, 2.1116, 3.3706, 1.1116, 2.878, 4.8189, 1.2538, 4.1898, 4.3042, 3.8827, 4.1841],
  "initQU": [3.0405, 1.8871, 1.5394, 3.4333, 5.5009, 7.1149, 6.3729, 1.9536, 3.5044, 5.5244, 4.183, 2.3416, 5.9177, 2.206, 2.7864, 3.0785, 1.2082, 4.3317, 1.2964, 1.4702, 3.9698, 6.1358, 5.9634, 5.367, 3.4053, 3.3885, 4.1914, 2.8436, 3.1994, 5.4995, 5.6296, 3.8929, 2.0423, 3.8224, 4.3253, 1.3666, 3.8814, 5.3579, 3.1913, 6.1407, 1.9936, 4.7793, 4.8671, 4.1822, 3.8172, 8.968, 2.8772, 3.7257, 2.8233, 3.9041]
}
