{
  "n_part": 50,
  "n_trials": 30,
  "LR_group": 0.863794608274475,
  "inv_temp_group": 3.65723869646899,
  "initQF_group": 8.30443135998212,
  "initQU_group": 8.598663052544,
  "mu_R_group": [
    [5],
    [5]
  ],
  "sigma_R_group": 2,
  "LR": [0.8489, 0.4971, 0.7052, 0.756, 0.5791, 0.9128, 0.8656, 0.6382, 0.6638, 0.8573, 0.7796, 0.7892, 0.5221, 0.8601, 0.9734, 0.7304, 0.6239, 0.5007, 0.8416, 0.5586, 0.8026, 0.9235, 0.5026, 0.7446, 0.9795, 0.7946, 0.7424, 0.9499, 0.6147, 0.7041, 0.5708, 0.7935, 0.9762, 0.8273, 0.7309, 0.6829, 0.9305, 0.9736, 0.6906, 0.7493, 0.8343, 0.9092, 0.9757, 0.9374, 0.9663, 0.9392, 0.5536, 0.8743, 0.5398, 0.6225],
  "inv_temp": [3.6749, 3.7751, 4.1857, 4.0148, 4.0097, 3.1496, 3.9628, 3.3678, 3.4682, 3.6165, 3.5967, 3.5994, 3.4001, 3.7075, 3.848, 3.4015, 3.3302, 3.6364, 3.5523, 3.5029, 3.303, 3.1845, 3.9247, 3.8892, 3.9981, 3.4372, 3.7367, 3.4572, 3.4632, 3.1382, 3.8522, 4.1065, 4.067, 3.693, 3.6543, 3.3829, 3.6975, 3.735, 3.7568, 4.1286, 3.9875, 4.1382, 3.0718, 3.6965, 3.7807, 3.5251, 3.6284, 3.731, 3.8839, 3.3926],
  "initQF": [7.6103, 9.6599, 8.8631, 7.3558, 8.1003, 9.0043, 7.4441, 7.3796, 4.1699, 9.6079, 7.2701, 9.3021, 9.2515, 5.603, 9.815, 9.0565, 4.5264, 3.5502, 9.0348, 6.438, 9.5535, 7.8552, 8.1841, 9.0088, 5.8358, 9.009, 7.4898, 8.5848, 9.2263, 7.946, 9.5455, 6.7596, 8.5807, 6.6621, 9.1806, 9.139, 9.5891, 9.59, 4.6442, 9.1164, 2.519, 7.4879, 8.9264, 5.4902, 8.1126, 8.6273, 5.9736, 8.8284, 4.6353, 5.2244],
  "initQU": [8.4411, 5.9031, 9.9515, 5.9969, 4.5624, 7.9527, 7.9317, 5.8244, 9.9437, 7.2765, 9.1485, 3.3078, 8.7571, 9.1625, 7.8645, 7.3597, 7.3641, 7.0065, 6.4104, 6.4689, 6.868, 8.5501, 8.9102, 8.1366, 8.5804, 7.4365, 9.2266, 6.415, 7.6843, 5.7284, 9.479, 8.0741, 8.8147, 6.1937, 9.9877, 9.6215, 8.6767, 7.4961, 6.3646, 7.9226, 7.5166, 5.6916, 8.0117, 9.1484, 8.2758, 7.1679, 6.1643, 9.4556, 4.6531, 9.6537]
}
