{
  "n_part": 50,
  "n_trials": 30,
  "LR_group": 0.577895443653688,
  "inv_temp_group": 4.85989528940991,
  "initQF_group": 2.33181750541553,
  "initQU_group": 9.94127191882581,
  "mu_R_group": [
    [5],
    [5]
  ],
  "sigma_R_group": 2,
  "LR": [0.5865, 0.6888, 0.6416, 0.4189, 0.5958, 0.8259, 0.6018, 0.7174, 0.6114, 0.4968, 0.421, 0.3649, 0.6978, 0.7995, 0.3861, 0.7801, 0.8549, 0.5112, 0.5315, 0.7757, 0.8863, 0.5836, 0.7806, 0.6159, 0.6791, 0.6052, 0.5246, 0.6848, 0.7395, 0.966, 0.9856, 0.6225, 0.6156, 0.2532, 0.6623, 0.6926, 0.4454, 0.3491, 0.8276, 0.7158, 0.9229, 0.5996, 0.6689, 0.5372, 0.6571, 0.8754, 0.4118, 0.4684, 0.5578, 0.8038],
  "inv_temp": [4.7621, 4.68, 4.4367, 4.3509, 4.843, 4.8903, 4.8229, 4.4999, 4.893, 4.7642, 4.8395, 4.6474, 4.8876, 4.7086, 4.4429, 4.9139, 4.8598, 4.6129, 4.8667, 4.942, 4.8962, 4.7921, 4.9751, 4.7642, 4.9591, 4.7468, 4.2022, 4.956, 4.9252, 4.5094, 4.9235, 4.8498, 4.5293, 4.2459, 4.8896, 4.7624, 3.7356, 4.9628, 4.8701, 4.4278, 4.809, 4.4362, 4.3886, 4.867, 4.7751, 4.7692, 4.8688, 4.678, 4.6451, 4.6993],
  "initQF": [4.2235, 1.5268, 6.8149, 4.5368, 1.3742, 5.3542, 3.9955, 1.463, 4.3727, 4.085, 4.3254, 6.0671, 1.1934, 4.4065, 1.62, 6.0155, 1.2061, 5.6725, 2.8698, 2.6701, 1.1925, 1.5364, 2.0951, 4.9482, 4.5556, 4.9297, 2.1019, 1.8121, 1.0037, 3.964, 1.642, 8.3279, 1.8498, 2.2553, 8.3194, 3.0534, 2.9554, 2.0147, 2.1881, 7.3214, 3.2757, 2.6927, 2.9745, 4.0708, 4.1153, 2.4773, 1.587, 2.7026, 3.3958, 3.7674],
  "initQU": [7.7321, 8.405, 8.5999, 7.7556, 9.7505, 5.7481, 9.6116, 9.5453, 8.701, 9.3346, 9.109, 7.7466, 7.9023, 9.4798, 6.3203, 8.0639, 9.9313, 9.9234, 7.1819, 9.288, 6.7654, 8.3345, 8.1769, 6.9449, 8.8093, 9.5651, 8.4144, 8.0856, 8.8736, 6.7451, 8.2131, 9.937, 9.1694, 8.2033, 8.5704, 9.6953, 8.6875, 7.3853, 6.7961, 9.6298, 6.5931, 8.3688, 6.6764, 9.051, 9.786, 8.7325, 9.988, 9.9526, 9.6938, 9.1661]
}
