{
  "n_part": 50,
  "n_trials": 30,
  "LR_group": 0.619182605063543,
  "inv_temp_group": 2.13038621237502,
  "initQ_group": [
    [9.86948943836614],
    [1.73510853201151]
  ],
  "mu_R_group": [
    [5],
    [5]
  ],
  "sigma_R_group": 2,
  "LR": [0.2039, 0.2592, 0.8176, 0.0906, 0.5043, 0.7261, 0.3175, 0.2881, 0.4148, 0.5011, 0.4374, 0.2328, 0.5928, 0.2696, 0.1961, 0.4418, 0.033, 0.5677, 0.3991, 0.419, 0.5844, 0.4137, 0.5407, 0.1186, 0.5481, 0.4675, 0.3393, 0.457, 0.2717, 0.2141, 0.5504, 0.8225, 0.3202, 0.3084, 0.1751, 0.5394, 0.3179, 0.1662, 0.5154, 0.661, 0.0704, 0.8035, 0.1155, 0.5367, 0.2607, 0.3788, 0.349, 0.5279, 0.4099, 0.5722],
  "inv_temp": [4.4546, 4.9076, 4.4396, 4.4404, 4.9008, 4.7333, 4.6339, 4.6568, 4.1189, 4.9598, 4.2434, 3.8992, 4.618, 4.6728, 4.3699, 4.3091, 4.5601, 4.4283, 4.6787, 4.4691, 4.3397, 4.392, 4.9289, 4.4263, 4.2916, 4.367, 4.7249, 4.3781, 3.9286, 4.7175, 4.7083, 4.361, 4.4604, 4.1533, 4.0528, 4.1017, 4.6133, 4.6798, 4.1596, 4.4035, 4.2863, 4.3643, 4.8942, 4.6628, 4.6957, 4.3859, 4.155, 4.5102, 4.2912, 3.8382],
  "initQF": [2.7857, 5.178, 4.5265, 5.2403, 2.563, 6.7894, 1.3039, 1.7607, 2.9336, 5.8167, 3.4055, 5.1408, 3.0398, 4.0169, 6.7487, 4.3789, 2.7218, 1.835, 1.3233, 5.2128, 5.1464, 4.356, 7.1983, 3.3223, 6.84, 4.3218, 2.1297, 5.2833, 2.8292, 1.9436, 4.8952, 2.711, 4.0027, 3.3115, 5.6599, 6.0922, 7.5777, 7.0044, 2.5312, 3.9647, 8.2189, 6.2955, 4.8976, 2.7934, 5.3189, 1.0303, 5.9363, 3.9725, 6.7466, 4.6736],
  "initQU": [2.828, 7.2458, 5.9478, 3.1376, 2.8785, 2.2129, 2.0794, 5.6571, 6.6354, 4.3791, 1.0717, 4.917, 3.1659, 7.1902, 1.4638, 5.533, 3.2804, 2.2161, 5.1654, 6.6607, 4.9834, 2.1676, 3.0016, 4.805, 1.4464, 2.5051, 4.4324, 2.0959, 4.4724, 3.3742, 4.7082, 6.2625, 3.7189, 2.1161, 2.5211, 1.2167, 3.839, 1.8114, 4.4674, 6.8507, 1.7583, 3.0674, 1.4475, 2.0019, 3.0879, 4.5238, 4.7245, 2.9993, 3.4856, 2.0228]
}
