{
  "n_part": 50,
  "n_trials": 30,
  "LR_group": 0.34787110844627,
  "inv_temp_group": 1.31192479748279,
  "initQ_group": [
    [6.26967251673341],
    [3.09488273132592]
  ],
  "mu_R_group": [
    [5],
    [5]
  ],
  "sigma_R_group": 2,
  "LR": [0.4773, 0.8252, 0.5344, 0.3433, 0.5394, 0.5577, 0.5053, 0.716, 0.5507, 0.8649, 0.4166, 0.454, 0.6078, 0.3306, 0.4236, 0.1551, 0.3127, 0.4585, 0.4227, 0.6481, 0.3245, 0.1992, 0.1554, 0.3373, 0.8631, 0.5017, 0.5621, 0.2026, 0.4675, 0.155, 0.6555, 0.239, 0.3036, 0.1198, 0.5601, 0.4788, 0.1147, 0.3388, 0.6311, 0.2622, 0.5262, 0.4398, 0.2164, 0.4849, 0.2104, 0.2898, 0.414, 0.1197, 0.8368, 0.8711],
  "inv_temp": [4.8851, 4.1753, 4.4881, 4.9861, 4.7392, 4.4114, 4.3263, 4.5302, 4.802, 4.8858, 4.4999, 4.294, 4.5175, 4.8067, 4.8821, 4.3794, 4.361, 4.3641, 4.5754, 4.5695, 3.5949, 4.3419, 4.1299, 4.2992, 3.9685, 4.7194, 4.733, 4.161, 4.5854, 4.7775, 4.4723, 4.4674, 4.8188, 4.2357, 4.2417, 4.442, 4.8892, 4.7028, 4.4941, 4.4231, 4.2228, 3.793, 4.182, 4.8135, 4.2184, 4.3882, 4.5088, 3.9158, 4.3936, 4.5246],
  "initQF": [6.6861, 2.2433, 2.4132, 3.0754, 6.367, 2.6133, 4.9239, 6.2061, 5.0784, 2.8891, 3.6417, 2.7749, 1.8715, 8.7118, 5.9592, 4.3767, 4.2998, 4.4308, 3.9025, 3.2644, 5.0268, 3.9184, 5.1495, 3.9918, 3.5548, 3.2526, 1.768, 3.124, 5.3582, 2.7779, 7.3739, 3.6345, 5.3641, 2.3531, 2.1638, 5.545, 1.6145, 2.3671, 3.9837, 2.0384, 3.6754, 3.2945, 1.9105, 2.9893, 3.668, 5.4949, 2.5581, 2.9102, 5.9795, 6.2093],
  "initQU": [1.3728, 5.0572, 3.7866, 8.0844, 8.024, 2.5532, 5.9693, 6.005, 2.3779, 4.234, 4.6123, 2.9383, 6.5262, 5.5428, 1.6336, 1.7728, 2.9044, 1.9209, 4.7639, 3.309, 4.2758, 5.6674, 2.947, 1.8115, 1.5693, 6.651, 5.5402, 4.2248, 2.4747, 2.8601, 4.2241, 4.4765, 5.1244, 2.1601, 2.6121, 3.4599, 2.9195, 4.448, 2.4186, 4.3122, 3.8306, 4.6098, 3.3272, 4.8347, 5.0156, 4.3473, 3.5934, 5.432, 3.8036, 1.3422]
}
