{
  "n_part": 50,
  "n_trials": 30,
  "LR_group": 0.962013460230082,
  "inv_temp_group": 1.41780316596851,
  "initQ_group": [
    [1.76724960817955],
    [7.89747108914889]
  ],
  "mu_R_group": [
    [5],
    [5]
  ],
  "sigma_R_group": 2,
  "LR": [0.3137, 0.3365, 0.3395, 0.433, 0.5748, 0.559, 0.3926, 0.6952, 0.4083, 0.2007, 0.674, 0.6855, 0.5066, 0.5934, 0.558, 0.7537, 0.6613, 0.3883, 0.4053, 0.5715, 0.4297, 0.6776, 0.1791, 0.5123, 0.3118, 0.2271, 0.8348, 0.283, 0.487, 0.415, 0.6456, 0.4261, 0.3646, 0.7656, 0.273, 0.4367, 0.2821, 0.5346, 0.6025, 0.3332, 0.0501, 0.5506, 0.7096, 0.3422, 0.1049, 0.6055, 0.7849, 0.5502, 0.6868, 0.6171],
  "inv_temp": [4.0562, 4.0146, 4.3505, 3.6188, 4.0942, 4.2618, 4.9906, 4.6665, 4.2095, 4.3455, 4.3337, 4.3756, 4.4204, 4.4863, 4.5511, 4.6092, 4.7252, 4.3982, 4.1885, 4.405, 4.6075, 4.5147, 4.4666, 4.4578, 4.5119, 4.4858, 4.7681, 4.2389, 4.7846, 4.5575, 4.5658, 4.3636, 4.7523, 4.4062, 4.3895, 4.1804, 4.3354, 4.1461, 4.6345, 4.2377, 4.3406, 4.5406, 4.4808, 4.6121, 4.2063, 3.8678, 4.6033, 4.6006, 4.1339, 4.4392],
  "initQF": [4.4009, 1.407, 2.9479, 3.9157, 4.5478, 5.0782, 2.2137, 1.911, 3.9375, 4.2636, 2.46, 2.7947, 6.106, 3.9975, 4.7975, 4.928, 2.1532, 5.9225, 5.0681, 4.0858, 2.7388, 2.1126, 3.6085, 5.4802, 5.8582, 3.6522, 1.8135, 4.3691, 1.626, 4.3434, 2.3865, 6.2233, 2.7567, 2.0345, 1.8311, 3.2423, 5.126, 5.3855, 3.9696, 3.6502, 3.5241, 5.538, 1.3842, 5.5154, 1.8377, 5.7132, 4.078, 2.4415, 2.6367, 3.0257],
  "initQU": [4.6074, 4.8762, 5.5965, 4.446, 2.635, 3.4263, 3.1168, 3.7907, 2.451, 3.7553, 2.4095, 2.8379, 6.593, 3.0095, 1.7496, 2.2087, 4.1463, 2.2265, 4.0576, 4.3756, 6.4709, 5.0357, 9.2725, 4.6664, 3.5669, 4.1653, 5.4271, 1.2634, 5.9528, 3.8073, 4.4934, 5.8094, 3.5235, 4.7316, 2.1537, 2.3206, 6.8056, 2.4674, 1.2231, 2.0068, 1.9738, 4.1028, 2.5721, 1.8333, 1.6458, 4.2473, 5.0836, 1.5581, 6.3537, 5.6903]
}
