{
  "n_part": 50,
  "n_trials": 30,
  "LR_group": 0.35264106024988,
  "inv_temp_group": 2.97262188396417,
  "initQF_group": 8.49241204676218,
  "initQU_group": 9.96308626816608,
  "mu_R_group": [
    [5],
    [5]
  ],
  "sigma_R_group": 2,
  "LR": [0.0732, 0.2285, 0.2213, 0.6435, 0.5584, 0.337, 0.6306, 0.415, 0.623, 0.5672, 0.0762, 0.1096, 0.347, 0.0117, 0.4658, 0.0622, 0.2564, 0.1555, 0.1997, 0.0731, 0.4177, 0.1004, 0.2161, 0.6451, 0.1516, 0.265, 0.5455, 0.0935, 0.2081, 0.4353, 0.2279, 0.5012, 0.4467, 0.3808, 0.5028, 0.4186, 0.1805, 0.2467, 0.2331, 0.0977, 0.458, 0.4758, 0.2944, 0.4763, 0.3141, 0.3749, 0.0106, 0.1593, 0.3736, 0.475],
  "inv_temp": [2.7963, 2.5607, 3.2336, 3.3264, 2.4351, 3.0594, 2.899, 2.9086, 2.224, 3.4261, 3.0363, 2.8435, 2.5626, 2.9598, 3.0786, 3.2129, 2.9735, 2.561, 2.8285, 3.4714, 3.1758, 2.9485, 2.6102, 3.2386, 2.692, 3.0201, 2.9237, 2.501, 2.8225, 2.8061, 2.7402, 2.6788, 3.1426, 3.3165, 2.507, 3.553, 2.7302, 3.5814, 2.8713, 3.2377, 2.8964, 3.6021, 2.7572, 3.4198, 2.6313, 3.1334, 3.373, 2.6177, 3.0887, 2.4805],
  "initQF": [7.3242, 7.1136, 7.0735, 9.5145, 8.8414, 9.0562, 8.4885, 9.0612, 8.9026, 8.4457, 9.1905, 9.112, 9.1403, 6.5575, 6.9185, 6.1289, 4.7165, 9.2023, 6.0903, 5.8071, 7.0241, 6.6763, 7.3671, 6.9742, 5.8047, 8.2949, 8.4924, 8.3663, 5.6356, 7.2481, 3.7897, 7.7378, 6.2924, 8.6455, 6.4105, 6.6454, 9.0207, 6.3353, 5.8445, 8.6459, 4.8035, 6.2243, 8.7323, 8.194, 6.3215, 7.6397, 6.1117, 9.0955, 6.1912, 7.9434],
  "initQU": [8.2895, 9.8666, 3.4135, 7.6956, 6.8354, 6.9209, 9.76, 7.8755, 8.7114, 9.0472, 8.0513, 8.6288, 6.0239, 9.1375, 9.8317, 8.9175, 9.5998, 8.4118, 6.2529, 8.129, 8.5288, 9.5615, 6.716, 9.9768, 9.5697, 8.1193, 7.4634, 8.4142, 6.6091, 7.694, 9.7396, 9.8754, 7.5611, 9.3439, 8.2845, 6.8059, 7.5496, 8.2684, 6.8039, 8.6417, 7.755, 5.7828, 8.7199, 8.973, 7.3703, 7.4486, 8.968, 9.4668, 9.9542, 9.7428]
}
