{
  "n_part": 50,
  "n_trials": 30,
  "LR_group": 0.472971232607961,
  "inv_temp_group": 3.99387796758674,
  "initQF_group": 4.4016132990364,
  "initQU_group": 1.18942429148592,
  "mu_R_group": [
    [5],
    [5]
  ],
  "sigma_R_group": 2,
  "LR": [0.0766, 0.5305, 0.4818, 0.3728, 0.3115, 0.4106, 0.1534, 0.508, 0.462, 0.3046, 0.6785, 0.4956, 0.4546, 0.6707, 0.4405, 0.4019, 0.4609, 0.9982, 0.6562, 0.4707, 0.8239, 0.6277, 0.4868, 0.7163, 0.4696, 0.8567, 0.3256, 0.3872, 0.2737, 0.2017, 0.4227, 0.3788, 0.2996, 0.7322, 0.2196, 0.3949, 0.4997, 0.062, 0.5871, 0.6891, 0.4579, 0.3974, 0.4976, 0.3776, 0.6503, 0.5672, 0.5338, 0.4709, 0.4805, 0.5783],
  "inv_temp": [3.738, 4.1921, 3.4715, 4.2531, 4.4973, 3.1984, 4.1376, 3.8928, 3.7454, 4.1173, 4.2605, 3.9276, 3.9018, 3.3812, 3.7882, 3.9273, 3.7939, 3.7465, 3.8533, 4.1016, 3.5591, 4.3151, 3.9693, 4.0845, 4.0657, 4.1419, 4.1399, 3.5328, 4.1112, 4.1873, 4.0752, 3.5043, 3.603, 4.0008, 4.0444, 3.7443, 4.223, 4.058, 4.3153, 3.5475, 3.7147, 3.8431, 3.5192, 4.2018, 4.0352, 4.1245, 3.827, 3.8253, 4.0665, 3.811],
  "initQF": [4.1857, 7.8743, 2.0994, 5.7487, 4.0068, 2.4466, 3.6394, 3.6775, 5.0836, 1.3503, 2.3001, 5.0501, 2.2622, 8.5906, 3.8434, 5.9491, 3.343, 2.8178, 5.6901, 7.3843, 4.419, 5.2684, 5.8109, 5.7643, 2.7141, 5.3069, 3.6761, 1.3323, 4.8835, 4.1829, 4.8768, 6.2351, 5.2889, 7.4794, 3.7186, 5.8857, 6.7351, 5.9185, 5.3382, 2.94, 1.9144, 4.4416, 1.1564, 4.4342, 7.2602, 2.0867, 5.489, 5.8097, 5.0971, 5.0541],
  "initQU": [2.3716, 4.4121, 2.6038, 1.7984, 1.1082, 2.1814, 1.1741, 5.3786, 1.79, 4.883, 1.0451, 2.974, 2.5824, 1.5272, 1.6586, 2.8949, 6.2775, 2.3089, 1.131, 1.5051, 1.6645, 2.6584, 2.4134, 5.3249, 3.2161, 2.1728, 3.0445, 1.7908, 3.6052, 1.6355, 1.7535, 4.1873, 1.8909, 4.0434, 1.3873, 2.714, 2.7744, 2.0366, 1.6292, 2.5236, 1.0986, 1.106, 2.2708, 1.892, 1.1696, 3.9494, 1.3314, 4.689, 3.2717, 2.5053]
}
