{
  "n_part": 50,
  "n_trials": 30,
  "LR_group": 0.098962230142206,
  "inv_temp_group": 2.25151846068911,
  "initQF_group": 8.8408640937414,
  "initQU_group": 4.79038043529727,
  "mu_R_group": [
    [5],
    [5]
  ],
  "sigma_R_group": 2,
  "LR": [0.3175, 0.3573, 0.297, 0.3303, 0.106, 0.1754, 0.1161, 0.1155, 0.1409, 0.0483, 0.3571, 0.268, 0.2871, 0.1337, 0.101, 0.1097, 0.0107, 0.0411, 0.1906, 0.2004, 0.3936, 0.3162, 0.1704, 0.2471, 0.3465, 0.0699, 0.0339, 0.2936, 0.2543, 0.4067, 0.1719, 0.0371, 0.0954, 0.0347, 0.3379, 0.0501, 0.2439, 0.1799, 0.256, 0.0802, 0.039, 0.1775, 0.0045, 0.2035, 0.3183, 0.0132, 0.5, 0.243, 0.2653, 0.1027],
  "inv_temp": [2.2976, 2.1937, 2.075, 2.3947, 2.2594, 1.8375, 2.7518, 2.2705, 1.9842, 1.7977, 2.4725, 1.7792, 2.395, 1.8595, 2.4391, 2.7462, 2.4751, 2.3766, 2.4292, 2.1084, 2.1489, 2.274, 2.0591, 2.4344, 2.774, 1.8338, 2.4349, 2.3974, 1.679, 1.9329, 2.1719, 2.1457, 2.333, 1.9557, 2.3658, 2.3937, 2.063, 2.625, 2.3435, 2.226, 1.727, 1.8958, 2.0472, 2.7517, 1.8801, 1.9786, 2.0348, 2.7095, 2.5192, 2.0153],
  "initQF": [8.5989, 9.7358, 7.8194, 6.8762, 8.7057, 9.8754, 5.1484, 7.2762, 8.0086, 7.5318, 8.6461, 7.6903, 5.6625, 8.2931, 8.5375, 7.7341, 8.0166, 5.9448, 5.7619, 7.0033, 7.0591, 8.5903, 5.6686, 6.7641, 8.4625, 6.1949, 5.9803, 8.391, 9.8326, 8.8316, 7.4204, 3.5999, 3.9689, 7.1498, 8.5305, 9.598, 7.3217, 7.9014, 8.576, 8.2646, 4.1655, 7.7319, 9.9425, 6.2975, 8.2204, 7.0192, 8.8079, 8.8107, 7.2051, 6.9279],
  "initQU": [8.4216, 5.5158, 2.1095, 9.1129, 5.5911, 4.4783, 8.2581, 2.5866, 6.5972, 4.4033, 3.2507, 3.7976, 8.3461, 8.2301, 5.4124, 6.1728, 4.3857, 4.1598, 5.6617, 3.6215, 5.9945, 7.8814, 5.5063, 4.9576, 6.6372, 4.3808, 4.4054, 5.6056, 2.1135, 4.6097, 7.2024, 3.3296, 4.5149, 3.2759, 6.1459, 6.5363, 6.0692, 6.8378, 5.2539, 2.3806, 4.1524, 2.6591, 4.5707, 2.929, 2.6536, 6.6251, 6.0196, 6.9544, 2.1602, 3.4545]
}
