{
  "n_part": 50,
  "n_trials": 30,
  "LR_group": 0.179358406690881,
  "inv_temp_group": 1.84906635433435,
  "initQ_group": [
    [2.98784339497797],
    [6.13144713407382]
  ],
  "mu_R_group": [
    [5],
    [5]
  ],
  "sigma_R_group": 2,
  "LR": [0.3045, 0.5971, 0.7124, 0.7815, 0.1611, 0.7888, 0.4684, 0.4077, 0.4741, 0.5826, 0.6037, 0.5184, 0.4356, 0.463, 0.5133, 0.418, 0.3693, 0.7863, 0.3906, 0.7494, 0.2474, 0.3995, 0.6358, 0.3865, 0.8833, 0.0387, 0.3013, 0.692, 0.7826, 0.0946, 0.4208, 0.5532, 0.5225, 0.3364, 0.247, 0.134, 0.2785, 0.7666, 0.441, 0.4778, 0.5389, 0.3696, 0.7899, 0.3176, 0.5745, 0.4208, 0.2651, 0.9415, 0.427, 0.3645],
  "inv_temp": [4.6229, 4.3397, 4.8514, 4.5321, 4.3488, 4.4882, 4.8262, 4.7266, 4.2709, 4.8553, 4.6748, 4.3995, 4.387, 4.6868, 4.1744, 4.4646, 4.5456, 4.7515, 4.0538, 4.3405, 4.5588, 3.9432, 4.5376, 4.4479, 4.8876, 4.5685, 4.4697, 3.9825, 4.4312, 4.6338, 4.1995, 4.6231, 4.2968, 4.6337, 4.325, 4.3255, 4.5882, 4.389, 4.2968, 4.9228, 4.3886, 4.2304, 4.6234, 4.773, 4.4383, 4.2236, 4.774, 4.0521, 3.8688, 4.5197],
  "initQF": [2.34, 1.6684, 4.3408, 7.2956, 1.6561, 5.5833, 2.8951, 3.7108, 4.9448, 4.6423, 9.1003, 5.3805, 2.8887, 1.4521, 4.5039, 4.4835, 3.5656, 4.9115, 3.7389, 3.3006, 4.4771, 4.8333, 1.9886, 3.4049, 3.524, 6.4685, 2.944, 1.4973, 3.3637, 5.065, 2.9477, 3.9302, 3.7594, 3.8682, 5.7373, 5.2775, 4.45, 5.4791, 4.9369, 6.2812, 2.9269, 1.563, 2.1425, 4.881, 2.4963, 5.2103, 3.5141, 3.7413, 4.2649, 1.3975],
  "initQU": [4.9565, 8.14, 2.2894, 3.4724, 5.8725, 3.4473, 5.5175, 6.3918, 1.8085, 2.9624, 3.7325, 2.8339, 3.9127, 3.773, 3.9163, 3.4754, 4.7778, 6.0352, 3.233, 1.6536, 3.7295, 3.9187, 5.4851, 3.8731, 4.6038, 1.4464, 5.0565, 3.6082, 2.8091, 3.2293, 2.0091, 4.4506, 2.8286, 5.8836, 6.0523, 1.6357, 1.6905, 1.76, 3.5437, 2.8901, 3.016, 3.5877, 5.9611, 3.9381, 1.6754, 6.7488, 5.8582, 2.5455, 6.4606, 4.6611]
}
