{
  "n_part": 50,
  "n_trials": 30,
  "LR_group": 0.602621837286279,
  "inv_temp_group": 4.52522472944111,
  "initQ_group": [
    [5.46756803197786],
    [1.45138540538028]
  ],
  "mu_R_group": [
    [5],
    [5]
  ],
  "sigma_R_group": 2,
  "LR": [0.2883, 0.3636, 0.2111, 0.1931, 0.5484, 0.355, 0.4369, 0.3628, 0.2214, 0.6378, 0.4583, 0.4822, 0.3767, 0.4531, 0.4276, 0.1752, 0.4346, 0.5419, 0.5702, 0.8413, 0.5174, 0.4228, 0.5581, 0.5934, 0.4337, 0.2236, 0.5988, 0.3783, 0.573, 0.2276, 0.2881, 0.3566, 0.5406, 0.6021, 0.5867, 0.8175, 0.5608, 0.4184, 0.593, 0.1624, 0.4701, 0.6299, 0.1777, 0.4324, 0.6647, 0.1527, 0.4701, 0.5325, 0.9779, 0.6072],
  "inv_temp": [4.4623, 4.1767, 4.2088, 4.7441, 4.5737, 4.0595, 4.5074, 4.6344, 4.5066, 4.2268, 4.6498, 4.478, 4.5881, 4.4802, 4.3969, 4.7293, 4.3486, 4.8351, 4.4656, 3.993, 4.7356, 4.4888, 4.3877, 4.2621, 4.444, 4.6184, 4.8403, 4.3063, 4.7574, 4.365, 4.219, 4.8618, 4.4259, 4.7319, 4.3606, 4.1501, 4.8343, 4.1355, 4.674, 4.9592, 4.5556, 4.4388, 4.416, 4.0669, 4.9713, 4.1795, 4.1965, 4.4344, 4.1984, 4.2253],
  "initQF": [3.6666, 3.1214, 3.5986, 6.8336, 4.787, 3.624, 3.2309, 9.7518, 4.4938, 4.8819, 3.8741, 1.6316, 2.8177, 5.0516, 4.0744, 3.6821, 4.7238, 6.8386, 2.541, 6.2222, 2.8289, 2.9175, 3.9383, 2.8668, 2.1218, 2.3828, 5.7964, 3.642, 4.7195, 4.8356, 2.6649, 5.0721, 6.1685, 5.0365, 2.5031, 6.0517, 3.9956, 1.2767, 3.4936, 1.4623, 1.9453, 4.7108, 3.557, 3.7692, 4.8758, 3.8165, 4.5952, 1.7438, 6.6079, 1.765],
  "initQU": [3.7441, 4.6074, 7.9225, 3.2752, 4.7724, 2.968, 2.5421, 7.2697, 4.4638, 4.8461, 2.4668, 1.9195, 4.9196, 2.5255, 5.3579, 7.1249, 3.4336, 2.6532, 6.3049, 2.6758, 3.6194, 1.3231, 3.4664, 6.7992, 1.7075, 3.7824, 2.779, 2.6591, 6.8874, 1.2526, 1.5607, 2.5041, 2.5242, 5.0087, 7.6355, 6.7612, 3.4538, 4.7398, 3.8897, 1.0146, 5.4306, 2.2758, 3.604, 3.1549, 2.8672, 2.5716, 1.8231, 4.2257, 6.7489, 2.8975]
}
