{
  "n_part": 50,
  "n_trials": 30,
  "LR_group": 0.35621763439849,
  "inv_temp_group": 4.56211744807661,
  "initQ_group": [
    [9.56806177506223],
    [7.59185358067043]
  ],
  "mu_R_group": [
    [5],
    [5]
  ],
  "sigma_R_group": 2,
  "LR": [0.8565, 0.24, 0.5614, 0.3775, 0.5229, 0.371, 0.3215, 0.7757, 0.7175, 0.5457, 0.7267, 0.5185, 0.3259, 0.6232, 0.5407, 0.5089, 0.5044, 0.4125, 0.6295, 0.8753, 0.3741, 0.5921, 0.2512, 0.1526, 0.4057, 0.4323, 0.4001, 0.2839, 0.5351, 0.8902, 0.3638, 0.4987, 0.7393, 0.206, 0.3453, 0.5733, 0.8647, 0.5163, 0.2626, 0.4393, 0.3908, 0.5813, 0.4358, 0.1025, 0.5592, 0.2569, 0.5364, 0.418, 0.1917, 0.8276],
  "inv_temp": [4.561, 4.0387, 4.1095, 4.671, 4.5473, 3.9275, 4.3593, 4.4003, 4.4579, 4.1434, 4.9267, 4.0199, 4.5531, 4.1291, 4.426, 4.3083, 4.6784, 4.065, 4.5591, 4.6865, 4.3352, 4.5809, 4.8037, 4.4918, 4.0897, 4.4008, 4.3314, 4.58, 4.4513, 4.4854, 4.1122, 4.5316, 4.43, 4.3456, 4.5013, 4.7533, 4.2349, 4.5879, 4.5341, 4.5356, 4.2219, 3.9652, 4.3188, 4.1836, 4.7259, 4.2886, 4.5988, 4.3353, 4.6538, 4.7272],
  "initQF": [1.4386, 3.3836, 3.5784, 1.497, 3.4635, 6.8718, 2.9272, 4.4709, 5.177, 2.7633, 2.898, 1.1763, 4.1259, 2.8444, 2.956, 6.2142, 1.3651, 2.4781, 1.8649, 4.1973, 6.8684, 4.4817, 7.3356, 4.2863, 6.9158, 1.1864, 2.1903, 8.2911, 3.1595, 5.3151, 2.0494, 2.1606, 1.6564, 1.626, 3.1498, 3.2562, 1.3937, 5.5856, 3.4032, 1.6903, 2.6165, 6.1198, 4.7842, 2.9746, 2.6597, 7.0025, 6.1854, 2.3611, 1.5232, 2.9389],
  "initQU": [4.358, 1.8485, 2.7908, 4.5309, 3.311, 2.474, 2.2336, 2.6085, 4.6912, 8.5942, 6.6046, 3.0486, 2.18, 4.2686, 4.962, 3.2178, 3.2923, 5.2761, 7.3454, 3.398, 5.121, 4.7319, 1.7147, 3.3005, 3.7425, 2.5077, 6.8949, 5.1485, 1.9129, 3.2319, 4.2551, 2.8674, 4.4192, 3.4224, 3.3037, 3.0015, 5.4026, 5.3733, 5.9503, 6.8553, 6.3149, 7.7512, 6.3618, 3.4105, 3.1168, 1.254, 3.9237, 3.2295, 4.1015, 5.7334]
}
