{
  "n_part": 50,
  "n_trials": 30,
  "LR_group": 0.112586248898879,
  "inv_temp_group": 0.325924968346953,
  "initQ_group": [
    [2.21854861709289],
    [8.81941782310605]
  ],
  "mu_R_group": [
    [5],
    [5]
  ],
  "sigma_R_group": 2,
  "LR": [0.5064, 0.3216, 0.4504, 0.7863, 0.4472, 0.4868, 0.362, 0.5823, 0.5741, 0.5838, 0.7161, 0.3699, 0.462, 0.2141, 0.252, 0.229, 0.5742, 0.7451, 0.4168, 0.5528, 0.3052, 0.2052, 0.3969, 0.5445, 0.4223, 0.5072, 0.3969, 0.3892, 0.5972, 0.5979, 0.5772, 0.6945, 0.5124, 0.6323, 0.6123, 0.1849, 0.3287, 0.3064, 0.685, 0.3088, 0.3461, 0.5733, 0.4062, 0.8142, 0.6899, 0.191, 0.3759, 0.3325, 0.0343, 0.3035],
  "inv_temp": [4.8739, 4.5133, 4.5943, 4.6082, 4.2151, 4.6865, 4.6809, 4.5552, 4.3049, 3.9859, 4.3611, 4.4748, 4.7733, 4.7392, 4.8724, 4.7639, 4.8652, 4.5965, 4.4873, 4.7142, 4.3325, 4.6547, 4.7083, 4.6557, 4.0374, 4.2436, 4.6085, 4.0653, 4.0531, 4.9566, 4.0262, 4.6967, 4.7964, 4.5935, 4.9801, 4.1838, 4.2586, 4.7418, 4.3548, 4.4035, 4.5886, 4.3963, 4.1133, 4.0148, 4.5032, 4.6469, 4.4411, 4.4354, 4.9555, 4.4255],
  "initQF": [2.5417, 4.0073, 4.8558, 4.9817, 7.2504, 7.4042, 3.2019, 5.5354, 2.6076, 2.3992, 2.3034, 1.6758, 4.6594, 3.0733, 4.3029, 2.35, 4.8254, 5.807, 4.0348, 1.6545, 2.9703, 2.643, 2.9695, 3.385, 4.2641, 3.6459, 3.2132, 5.5211, 4.83, 4.2864, 4.2162, 2.7555, 5.2039, 2.1699, 9.43, 3.1377, 4.6637, 2.6873, 4.7464, 7.0823, 6.2514, 5.0809, 3.8199, 5.3941, 1.5576, 5.4981, 3.0609, 1.6405, 4.6976, 3.543],
  "initQU": [3.2878, 1.5959, 5.9854, 2.5047, 2.1025, 2.3306, 3.1876, 2.4271, 4.0839, 2.7749, 1.1467, 3.1126, 2.0506, 3.4887, 4.0734, 4.8621, 1.6615, 3.1876, 5.1329, 2.4217, 1.7053, 1.0011, 6.8401, 2.3932, 2.7225, 3.8387, 4.0357, 2.7847, 5.3305, 1.6577, 6.1267, 5.924, 3.6032, 4.7527, 2.5877, 6.1479, 2.2405, 2.6003, 3.217, 6.0172, 3.2344, 2.2039, 4.1567, 2.1629, 1.4916, 2.3579, 2.6418, 1.4229, 3.1557, 2.8238]
}
