{
  "n_part": 50,
  "n_trials": 30,
  "LR_group": 0.397885685088113,
  "inv_temp_group": 4.60840687039308,
  "initQ_group": [
    [5.48784166597761],
    [2.76945312786847]
  ],
  "mu_R_group": [
    [5],
    [5]
  ],
  "sigma_R_group": 2,
  "LR": [0.5227, 0.1979, 0.7633, 0.57, 0.3184, 0.5943, 0.2113, 0.6244, 0.3987, 0.4269, 0.4801, 0.4492, 0.772, 0.7414, 0.174, 0.3618, 0.6385, 0.8779, 0.404, 0.5617, 0.2449, 0.5596, 0.5873, 0.4986, 0.4358, 0.3387, 0.6905, 0.2433, 0.7984, 0.2387, 0.6104, 0.7141, 0.4187, 0.6276, 0.5811, 0.4257, 0.3592, 0.9425, 0.6445, 0.3826, 0.5302, 0.3605, 0.6121, 0.2374, 0.7346, 0.7972, 0.5181, 0.1386, 0.3793, 0.3982],
  "inv_temp": [4.6508, 4.3855, 4.669, 4.2412, 4.5742, 4.5521, 4.7164, 4.6338, 4.7349, 4.288, 4.7504, 4.6791, 4.6556, 4.0497, 4.7288, 4.1602, 4.9117, 4.942, 4.4205, 4.2359, 4.6445, 4.3603, 4.3426, 4.682, 4.792, 4.3449, 4.7639, 3.7917, 4.5773, 4.4039, 4.4186, 3.8687, 4.5366, 4.3421, 4.4449, 3.9828, 4.7716, 4.5846, 4.2584, 4.1891, 4.5103, 4.2109, 4.8054, 4.9104, 4.4684, 4.3742, 4.7867, 4.292, 4.5023, 4.8084],
  "initQF": [3.0042, 1.215, 5.3343, 3.4625, 4.9329, 2.4105, 7.2721, 1.7361, 5.5311, 3.5487, 6.5646, 4.8467, 3.2703, 1.1098, 2.3904, 5.3782, 3.0834, 3.4782, 2.6842, 6.0995, 3.7008, 2.2453, 1.6708, 5.0424, 5.7863, 2.8211, 1.6823, 7.3711, 1.2035, 5.645, 4.6011, 3.5158, 5.8203, 5.939, 2.9817, 4.266, 4.0891, 4.9005, 2.3829, 2.3634, 1.024, 4.6131, 5.1443, 3.7941, 3.9937, 3.5439, 4.7518, 3.6382, 4.7966, 3.1845],
  "initQU": [6.6911, 1.572, 3.9375, 1.7356, 4.1259, 5.1402, 3.3702, 1.9642, 4.9497, 1.3383, 2.949, 9.4259, 3.4934, 2.1372, 2.1842, 3.8512, 1.0353, 2.9387, 2.8964, 4.1944, 1.8938, 6.1411, 3.2042, 6.5767, 6.7481, 4.9126, 2.9267, 3.7157, 4.2496, 2.3161, 5.1626, 3.0035, 3.0996, 5.7517, 3.0564, 3.1853, 3.1798, 9.2133, 4.748, 3.7836, 3.803, 2.7236, 6.4837, 4.8802, 5.2862, 3.3748, 5.5094, 1.7542, 1.3094, 3.4499]
}
