{
  "n_part": 50,
  "n_trials": 30,
  "LR_group": 0.641053285449743,
  "inv_temp_group": 0.781656438484788,
  "initQ_group": [
    [2.79895601258613],
    [2.09153091395274]
  ],
  "mu_R_group": [
    [5],
    [5]
  ],
  "sigma_R_group": 2,
  "LR": [0.4898, 0.4187, 0.408, 0.4369, 0.3847, 0.1195, 0.6762, 0.7547, 0.4482, 0.2843, 0.4618, 0.5103, 0.5116, 0.162, 0.3417, 0.1058, 0.2736, 0.618, 0.3523, 0.5313, 0.6044, 0.6532, 0.778, 0.4836, 0.6514, 0.4539, 0.2293, 0.6482, 0.7113, 0.6765, 0.4049, 0.4405, 0.7725, 0.4155, 0.627, 0.6055, 0.5073, 0.4749, 0.6791, 0.0701, 0.3128, 0.2783, 0.6498, 0.3274, 0.338, 0.7066, 0.806, 0.7749, 0.3028, 0.2839],
  "inv_temp": [4.3894, 4.7795, 4.9016, 4.9393, 4.6536, 4.2333, 4.7242, 4.3426, 4.7351, 4.6372, 4.6298, 4.3983, 4.4937, 4.117, 4.4101, 4.813, 4.4916, 4.4496, 4.6907, 4.773, 4.604, 4.1751, 4.2565, 4.1348, 4.846, 4.6595, 4.4284, 4.1685, 4.5379, 4.881, 4.6535, 4.5142, 4.664, 4.7516, 4.6349, 4.3104, 4.4006, 4.3971, 4.5567, 4.0015, 4.4946, 4.7761, 4.7936, 4.502, 4.4263, 4.3259, 4.846, 4.6978, 4.6034, 4.8568],
  "initQF": [1.0619, 4.8465, 3.6084, 2.9984, 2.9144, 2.0995, 4.2777, 2.5357, 2.3194, 5.147, 2.1377, 3.4803, 3.5922, 5.3656, 6.9279, 1.8215, 4.4907, 3.8289, 1.8497, 5.2095, 4.5348, 4.6586, 2.9121, 4.3074, 4.6849, 4.1833, 3.7291, 3.3518, 4.1177, 3.3239, 3.8662, 4.0972, 2.347, 1.2704, 6.867, 3.7588, 4.1678, 4.1149, 3.0534, 2.1156, 2.6408, 3.5456, 4.9924, 5.9894, 1.9148, 4.2814, 4.3025, 4.94, 8.0049, 4.0851],
  "initQU": [4.4607, 5.2278, 1.6326, 6.8298, 5.9557, 3.2739, 6.3444, 3.0856, 4.3837, 4.2641, 3.6564, 1.5799, 3.6472, 3.0195, 4.5196, 4.8167, 2.4441, 1.2552, 2.924, 4.244, 3.3367, 4.4832, 8.086, 4.3607, 5.6714, 4.1757, 3.2882, 4.1119, 1.8796, 3.7805, 6.1844, 4.3597, 3.6839, 4.9331, 5.3599, 5.7272, 3.6524, 7.3674, 5.5806, 4.1077, 2.0951, 2.107, 9.0703, 5.834, 7.1353, 5.1167, 4.4664, 6.2964, 5.6557, 4.3828]
}
